model_type,lag_key,params_key,folds,MAE_mean,MAE_std,RMSE_mean,RMSE_std,sMAPE_mean,sMAPE_std,MASE_mean,MASE_std,lag_set,params
RandomForest_cuML,"[1, 12, 24]","{""bootstrap"": true, ""max_depth"": 10, ""max_features"": ""sqrt"", ""min_samples_leaf"": 1, ""min_samples_split"": 2, ""n_estimators"": 250}",5,11729.9427734375,3214.123418372434,19908.316015625,4620.711440596482,4.156052112579346,1.3834271068665391,0.8833562135696411,0.23800524292262162,"[1, 12, 24]","{'bootstrap': True, 'max_depth': 10, 'max_features': 'sqrt', 'min_samples_leaf': 1, 'min_samples_split': 2, 'n_estimators': 250}"
RandomForest_cuML,"[1, 12, 24]","{""bootstrap"": true, ""max_depth"": null, ""max_features"": ""sqrt"", ""min_samples_leaf"": 1, ""min_samples_split"": 2, ""n_estimators"": 250}",5,12150.0564453125,3101.3008942607757,19921.4095703125,4298.530103287955,4.343367385864258,1.486294479452951,0.9155758023262024,0.23137785727079385,"[1, 12, 24]","{'bootstrap': True, 'max_depth': None, 'max_features': 'sqrt', 'min_samples_leaf': 1, 'min_samples_split': 2, 'n_estimators': 250}"
RandomForest_cuML,"[1, 12, 24]","{""bootstrap"": true, ""max_depth"": 20, ""max_features"": ""sqrt"", ""min_samples_leaf"": 1, ""min_samples_split"": 2, ""n_estimators"": 250}",5,12256.360546875,3131.0886911630814,20001.2693359375,4300.12632570032,4.392416095733642,1.5189783850391108,0.923558259010315,0.23350295018050551,"[1, 12, 24]","{'bootstrap': True, 'max_depth': 20, 'max_features': 'sqrt', 'min_samples_leaf': 1, 'min_samples_split': 2, 'n_estimators': 250}"
RandomForest_cuML,"[1, 12, 24]","{""bootstrap"": true, ""max_depth"": null, ""max_features"": ""sqrt"", ""min_samples_leaf"": 1, ""min_samples_split"": 5, ""n_estimators"": 250}",5,12140.3400390625,3080.600489155053,20040.021484375,4255.465774052257,4.307187032699585,1.487417133320599,0.9149589776992798,0.23037967025551398,"[1, 12, 24]","{'bootstrap': True, 'max_depth': None, 'max_features': 'sqrt', 'min_samples_leaf': 1, 'min_samples_split': 5, 'n_estimators': 250}"
RandomForest_cuML,"[1, 12, 24]","{""bootstrap"": true, ""max_depth"": 10, ""max_features"": ""sqrt"", ""min_samples_leaf"": 1, ""min_samples_split"": 5, ""n_estimators"": 250}",5,11744.53046875,3092.4608747749908,20049.5650390625,4584.746055488568,4.14679970741272,1.3408076166920777,0.8845619916915893,0.22920857792737645,"[1, 12, 24]","{'bootstrap': True, 'max_depth': 10, 'max_features': 'sqrt', 'min_samples_leaf': 1, 'min_samples_split': 5, 'n_estimators': 250}"
RandomForest_cuML,"[1, 12, 24]","{""bootstrap"": true, ""max_depth"": 10, ""max_features"": ""sqrt"", ""min_samples_leaf"": 1, ""min_samples_split"": 5, ""n_estimators"": 500}",5,11767.3271484375,3083.1506110683686,20057.8890625,4623.836952616288,4.1535398960113525,1.3397034841704112,0.8863667368888855,0.2287526202957107,"[1, 12, 24]","{'bootstrap': True, 'max_depth': 10, 'max_features': 'sqrt', 'min_samples_leaf': 1, 'min_samples_split': 5, 'n_estimators': 500}"
RandomForest_cuML,"[1, 12, 24]","{""bootstrap"": true, ""max_depth"": 10, ""max_features"": ""sqrt"", ""min_samples_leaf"": 1, ""min_samples_split"": 2, ""n_estimators"": 500}",5,11763.0375,3150.6293859677626,20072.574609375,4673.98193262156,4.159553098678589,1.3735430620696536,0.885980749130249,0.23362878707752732,"[1, 12, 24]","{'bootstrap': True, 'max_depth': 10, 'max_features': 'sqrt', 'min_samples_leaf': 1, 'min_samples_split': 2, 'n_estimators': 500}"
RandomForest_cuML,"[1, 12, 24]","{""bootstrap"": true, ""max_depth"": 20, ""max_features"": ""sqrt"", ""min_samples_leaf"": 1, ""min_samples_split"": 5, ""n_estimators"": 250}",5,12259.271875,3121.7759475428975,20125.6896484375,4268.28548380799,4.3631288528442385,1.519539177848178,0.9238795638084412,0.23328609103930517,"[1, 12, 24]","{'bootstrap': True, 'max_depth': 20, 'max_features': 'sqrt', 'min_samples_leaf': 1, 'min_samples_split': 5, 'n_estimators': 250}"
RandomForest_cuML,"[1, 12, 24]","{""bootstrap"": true, ""max_depth"": null, ""max_features"": ""sqrt"", ""min_samples_leaf"": 2, ""min_samples_split"": 5, ""n_estimators"": 250}",5,12064.89921875,3065.925773575193,20128.889453125,4331.242870190101,4.296273565292358,1.4750877664036761,0.9091987013816833,0.22891881337524833,"[1, 12, 24]","{'bootstrap': True, 'max_depth': None, 'max_features': 'sqrt', 'min_samples_leaf': 2, 'min_samples_split': 5, 'n_estimators': 250}"
RandomForest_cuML,"[1, 12, 24]","{""bootstrap"": true, ""max_depth"": null, ""max_features"": ""sqrt"", ""min_samples_leaf"": 2, ""min_samples_split"": 2, ""n_estimators"": 250}",5,12087.2376953125,3125.9167627540533,20133.5072265625,4339.805851835951,4.310249757766724,1.5031150411601406,0.9108193755149842,0.23315489799408992,"[1, 12, 24]","{'bootstrap': True, 'max_depth': None, 'max_features': 'sqrt', 'min_samples_leaf': 2, 'min_samples_split': 2, 'n_estimators': 250}"
RandomForest_cuML,"[1, 12, 24]","{""bootstrap"": true, ""max_depth"": null, ""max_features"": ""sqrt"", ""min_samples_leaf"": 1, ""min_samples_split"": 2, ""n_estimators"": 500}",5,12237.1349609375,3101.2875356518643,20142.1150390625,4462.826890038393,4.353113889694214,1.4896698490510902,0.9222341656684876,0.2317713535064139,"[1, 12, 24]","{'bootstrap': True, 'max_depth': None, 'max_features': 'sqrt', 'min_samples_leaf': 1, 'min_samples_split': 2, 'n_estimators': 500}"
RandomForest_cuML,"[1, 12, 24]","{""bootstrap"": true, ""max_depth"": null, ""max_features"": ""sqrt"", ""min_samples_leaf"": 1, ""min_samples_split"": 5, ""n_estimators"": 500}",5,12212.619140625,3073.3237342127995,20162.4435546875,4392.969305054218,4.33276743888855,1.4819319614762414,0.9204765081405639,0.2301040682798894,"[1, 12, 24]","{'bootstrap': True, 'max_depth': None, 'max_features': 'sqrt', 'min_samples_leaf': 1, 'min_samples_split': 5, 'n_estimators': 500}"
RandomForest_cuML,"[1, 12, 24]","{""bootstrap"": true, ""max_depth"": 10, ""max_features"": ""sqrt"", ""min_samples_leaf"": 2, ""min_samples_split"": 2, ""n_estimators"": 250}",5,11747.0943359375,3187.1950514535233,20175.6244140625,4635.394427850649,4.143200206756592,1.3747590197704618,0.8846773982048035,0.23606376832702025,"[1, 12, 24]","{'bootstrap': True, 'max_depth': 10, 'max_features': 'sqrt', 'min_samples_leaf': 2, 'min_samples_split': 2, 'n_estimators': 250}"
RandomForest_cuML,"[1, 12, 24]","{""bootstrap"": true, ""max_depth"": 10, ""max_features"": ""sqrt"", ""min_samples_leaf"": 2, ""min_samples_split"": 5, ""n_estimators"": 250}",5,11782.6603515625,3074.420129053254,20189.4017578125,4669.662479995433,4.154698610305786,1.330338186954726,0.88754802942276,0.22824384985709653,"[1, 12, 24]","{'bootstrap': True, 'max_depth': 10, 'max_features': 'sqrt', 'min_samples_leaf': 2, 'min_samples_split': 5, 'n_estimators': 250}"
RandomForest_cuML,"[1, 12, 24]","{""bootstrap"": true, ""max_depth"": 20, ""max_features"": ""sqrt"", ""min_samples_leaf"": 2, ""min_samples_split"": 5, ""n_estimators"": 250}",5,12178.7416015625,3091.5411888084886,20209.3990234375,4345.882417589367,4.347066640853882,1.5022909323088374,0.9177471041679383,0.23069703327319677,"[1, 12, 24]","{'bootstrap': True, 'max_depth': 20, 'max_features': 'sqrt', 'min_samples_leaf': 2, 'min_samples_split': 5, 'n_estimators': 250}"
RandomForest_cuML,"[1, 12, 24]","{""bootstrap"": true, ""max_depth"": 20, ""max_features"": ""sqrt"", ""min_samples_leaf"": 2, ""min_samples_split"": 2, ""n_estimators"": 250}",5,12201.3353515625,3145.993143657857,20219.1681640625,4344.918145191878,4.361891222000122,1.5267410516575073,0.9194120168685913,0.23462083794556096,"[1, 12, 24]","{'bootstrap': True, 'max_depth': 20, 'max_features': 'sqrt', 'min_samples_leaf': 2, 'min_samples_split': 2, 'n_estimators': 250}"
RandomForest_cuML,"[1, 12, 24]","{""bootstrap"": true, ""max_depth"": 20, ""max_features"": ""sqrt"", ""min_samples_leaf"": 1, ""min_samples_split"": 2, ""n_estimators"": 500}",5,12346.7052734375,3135.033494002033,20223.064453125,4468.333201140506,4.4043989181518555,1.5237246333453893,0.9304606080055237,0.2342002865279876,"[1, 12, 24]","{'bootstrap': True, 'max_depth': 20, 'max_features': 'sqrt', 'min_samples_leaf': 1, 'min_samples_split': 2, 'n_estimators': 500}"
RandomForest_cuML,"[1, 12, 24]","{""bootstrap"": true, ""max_depth"": 10, ""max_features"": ""sqrt"", ""min_samples_leaf"": 2, ""min_samples_split"": 2, ""n_estimators"": 500}",5,11738.5052734375,3173.624896433995,20230.1623046875,4630.345236124544,4.139785575866699,1.3830366628958317,0.8841965317726135,0.23566105674319163,"[1, 12, 24]","{'bootstrap': True, 'max_depth': 10, 'max_features': 'sqrt', 'min_samples_leaf': 2, 'min_samples_split': 2, 'n_estimators': 500}"
RandomForest_cuML,"[1, 12, 24]","{""bootstrap"": true, ""max_depth"": 20, ""max_features"": ""sqrt"", ""min_samples_leaf"": 1, ""min_samples_split"": 5, ""n_estimators"": 500}",5,12324.4857421875,3121.339790411511,20242.8884765625,4411.822173951005,4.385022497177124,1.5185098906875951,0.9288679361343384,0.23355097322896443,"[1, 12, 24]","{'bootstrap': True, 'max_depth': 20, 'max_features': 'sqrt', 'min_samples_leaf': 1, 'min_samples_split': 5, 'n_estimators': 500}"
RandomForest_cuML,"[1, 12, 24]","{""bootstrap"": true, ""max_depth"": 10, ""max_features"": ""sqrt"", ""min_samples_leaf"": 2, ""min_samples_split"": 5, ""n_estimators"": 500}",5,11794.8658203125,3102.628699879727,20264.0677734375,4725.012471731448,4.157676553726196,1.3498366147602243,0.888502037525177,0.23049013464061172,"[1, 12, 24]","{'bootstrap': True, 'max_depth': 10, 'max_features': 'sqrt', 'min_samples_leaf': 2, 'min_samples_split': 5, 'n_estimators': 500}"
RandomForest_cuML,"[1, 12, 24]","{""bootstrap"": true, ""max_depth"": null, ""max_features"": ""sqrt"", ""min_samples_leaf"": 2, ""min_samples_split"": 2, ""n_estimators"": 500}",5,12185.0541015625,3116.7183387581745,20320.7107421875,4422.2933166440425,4.329162502288819,1.5030376328633066,0.9183571457862854,0.2331825432250111,"[1, 12, 24]","{'bootstrap': True, 'max_depth': None, 'max_features': 'sqrt', 'min_samples_leaf': 2, 'min_samples_split': 2, 'n_estimators': 500}"
RandomForest_cuML,"[1, 12, 24]","{""bootstrap"": true, ""max_depth"": null, ""max_features"": ""sqrt"", ""min_samples_leaf"": 2, ""min_samples_split"": 5, ""n_estimators"": 500}",5,12183.1068359375,3053.7109594880844,20337.607421875,4447.027808618847,4.326043796539307,1.4734685314455722,0.9182027697563171,0.22841220161781167,"[1, 12, 24]","{'bootstrap': True, 'max_depth': None, 'max_features': 'sqrt', 'min_samples_leaf': 2, 'min_samples_split': 5, 'n_estimators': 500}"
RandomForest_cuML,"[1, 12, 24]","{""bootstrap"": true, ""max_depth"": 20, ""max_features"": ""sqrt"", ""min_samples_leaf"": 2, ""min_samples_split"": 2, ""n_estimators"": 500}",5,12292.9947265625,3148.480365300955,20402.1759765625,4437.371276604193,4.378041124343872,1.5311050092090317,0.9264735698699951,0.23549340197432014,"[1, 12, 24]","{'bootstrap': True, 'max_depth': 20, 'max_features': 'sqrt', 'min_samples_leaf': 2, 'min_samples_split': 2, 'n_estimators': 500}"
RandomForest_cuML,"[1, 12, 24]","{""bootstrap"": true, ""max_depth"": 20, ""max_features"": ""sqrt"", ""min_samples_leaf"": 2, ""min_samples_split"": 5, ""n_estimators"": 500}",5,12287.4607421875,3090.6017553290726,20413.1359375,4468.710783025197,4.373913288116455,1.5039879530722833,0.9260570168495178,0.23114753695147447,"[1, 12, 24]","{'bootstrap': True, 'max_depth': 20, 'max_features': 'sqrt', 'min_samples_leaf': 2, 'min_samples_split': 5, 'n_estimators': 500}"
RandomForest_cuML,"[1, 12, 24]","{""bootstrap"": true, ""max_depth"": 10, ""max_features"": ""sqrt"", ""min_samples_leaf"": 4, ""min_samples_split"": 5, ""n_estimators"": 250}",5,11750.869921875,3174.050125656006,20526.1224609375,4621.11770359947,4.145595264434815,1.3765555551880264,0.8850823760032653,0.235636044516437,"[1, 12, 24]","{'bootstrap': True, 'max_depth': 10, 'max_features': 'sqrt', 'min_samples_leaf': 4, 'min_samples_split': 5, 'n_estimators': 250}"
RandomForest_cuML,"[1, 12, 24]","{""bootstrap"": true, ""max_depth"": 10, ""max_features"": ""sqrt"", ""min_samples_leaf"": 4, ""min_samples_split"": 2, ""n_estimators"": 250}",5,11750.869921875,3174.050125656006,20526.1224609375,4621.11770359947,4.145595264434815,1.3765555551880264,0.8850823760032653,0.235636044516437,"[1, 12, 24]","{'bootstrap': True, 'max_depth': 10, 'max_features': 'sqrt', 'min_samples_leaf': 4, 'min_samples_split': 2, 'n_estimators': 250}"
RandomForest_cuML,"[1, 12, 24]","{""bootstrap"": true, ""max_depth"": null, ""max_features"": ""sqrt"", ""min_samples_leaf"": 4, ""min_samples_split"": 2, ""n_estimators"": 250}",5,12104.3529296875,3094.954546162753,20598.9427734375,4334.253522759474,4.292055749893189,1.4794922885095432,0.9121007204055787,0.23083601404839704,"[1, 12, 24]","{'bootstrap': True, 'max_depth': None, 'max_features': 'sqrt', 'min_samples_leaf': 4, 'min_samples_split': 2, 'n_estimators': 250}"
RandomForest_cuML,"[1, 12, 24]","{""bootstrap"": true, ""max_depth"": null, ""max_features"": ""sqrt"", ""min_samples_leaf"": 4, ""min_samples_split"": 5, ""n_estimators"": 250}",5,12104.3529296875,3094.954546162753,20598.9427734375,4334.253522759474,4.292055749893189,1.4794922885095432,0.9121007204055787,0.23083601404839704,"[1, 12, 24]","{'bootstrap': True, 'max_depth': None, 'max_features': 'sqrt', 'min_samples_leaf': 4, 'min_samples_split': 5, 'n_estimators': 250}"
RandomForest_cuML,"[1, 12, 24]","{""bootstrap"": true, ""max_depth"": 10, ""max_features"": ""sqrt"", ""min_samples_leaf"": 4, ""min_samples_split"": 5, ""n_estimators"": 500}",5,11780.0439453125,3187.4634637489708,20636.2291015625,4729.416132901679,4.146764659881592,1.3779219210214393,0.8873764753341675,0.23697291811516663,"[1, 12, 24]","{'bootstrap': True, 'max_depth': 10, 'max_features': 'sqrt', 'min_samples_leaf': 4, 'min_samples_split': 5, 'n_estimators': 500}"
RandomForest_cuML,"[1, 12, 24]","{""bootstrap"": true, ""max_depth"": 10, ""max_features"": ""sqrt"", ""min_samples_leaf"": 4, ""min_samples_split"": 2, ""n_estimators"": 500}",5,11780.0439453125,3187.4634637489708,20636.2291015625,4729.416132901679,4.146764659881592,1.3779219210214393,0.8873764753341675,0.23697291811516663,"[1, 12, 24]","{'bootstrap': True, 'max_depth': 10, 'max_features': 'sqrt', 'min_samples_leaf': 4, 'min_samples_split': 2, 'n_estimators': 500}"
RandomForest_cuML,"[1, 12, 24]","{""bootstrap"": true, ""max_depth"": 20, ""max_features"": ""sqrt"", ""min_samples_leaf"": 4, ""min_samples_split"": 2, ""n_estimators"": 250}",5,12184.0904296875,3120.0628975418176,20655.7759765625,4343.109403212699,4.329058074951172,1.5034758161008,0.9180767416954041,0.23255351811053396,"[1, 12, 24]","{'bootstrap': True, 'max_depth': 20, 'max_features': 'sqrt', 'min_samples_leaf': 4, 'min_samples_split': 2, 'n_estimators': 250}"
RandomForest_cuML,"[1, 12, 24]","{""bootstrap"": true, ""max_depth"": 20, ""max_features"": ""sqrt"", ""min_samples_leaf"": 4, ""min_samples_split"": 5, ""n_estimators"": 250}",5,12184.0904296875,3120.0628975418176,20655.7759765625,4343.109403212699,4.329058074951172,1.5034758161008,0.9180767416954041,0.23255351811053396,"[1, 12, 24]","{'bootstrap': True, 'max_depth': 20, 'max_features': 'sqrt', 'min_samples_leaf': 4, 'min_samples_split': 5, 'n_estimators': 250}"
RandomForest_cuML,"[1, 12, 24]","{""bootstrap"": true, ""max_depth"": null, ""max_features"": ""sqrt"", ""min_samples_leaf"": 4, ""min_samples_split"": 5, ""n_estimators"": 500}",5,12186.37265625,3109.6282069322842,20784.425390625,4513.804108528559,4.304328393936157,1.4839463124882624,0.918403160572052,0.23245319144837678,"[1, 12, 24]","{'bootstrap': True, 'max_depth': None, 'max_features': 'sqrt', 'min_samples_leaf': 4, 'min_samples_split': 5, 'n_estimators': 500}"
RandomForest_cuML,"[1, 12, 24]","{""bootstrap"": true, ""max_depth"": null, ""max_features"": ""sqrt"", ""min_samples_leaf"": 4, ""min_samples_split"": 2, ""n_estimators"": 500}",5,12186.37265625,3109.6282069322842,20784.425390625,4513.804108528559,4.304328393936157,1.4839463124882624,0.918403160572052,0.23245319144837678,"[1, 12, 24]","{'bootstrap': True, 'max_depth': None, 'max_features': 'sqrt', 'min_samples_leaf': 4, 'min_samples_split': 2, 'n_estimators': 500}"
RandomForest_cuML,"[1, 12, 24]","{""bootstrap"": true, ""max_depth"": 20, ""max_features"": ""sqrt"", ""min_samples_leaf"": 4, ""min_samples_split"": 2, ""n_estimators"": 500}",5,12266.273828125,3135.553392337826,20840.6265625,4523.562046843521,4.341437292098999,1.5092000791436306,0.9243911623954773,0.234251430335441,"[1, 12, 24]","{'bootstrap': True, 'max_depth': 20, 'max_features': 'sqrt', 'min_samples_leaf': 4, 'min_samples_split': 2, 'n_estimators': 500}"
RandomForest_cuML,"[1, 12, 24]","{""bootstrap"": true, ""max_depth"": 20, ""max_features"": ""sqrt"", ""min_samples_leaf"": 4, ""min_samples_split"": 5, ""n_estimators"": 500}",5,12266.273828125,3135.553392337826,20840.6265625,4523.562046843521,4.341437292098999,1.5092000791436306,0.9243911623954773,0.234251430335441,"[1, 12, 24]","{'bootstrap': True, 'max_depth': 20, 'max_features': 'sqrt', 'min_samples_leaf': 4, 'min_samples_split': 5, 'n_estimators': 500}"
RandomForest_cuML,"[1, 2, 12, 24]","{""bootstrap"": true, ""max_depth"": 10, ""max_features"": ""sqrt"", ""min_samples_leaf"": 1, ""min_samples_split"": 2, ""n_estimators"": 500}",5,13725.66640625,3618.7342125384275,22227.4921875,4962.740269106282,4.819815826416016,1.7614768302309889,1.0347078323364258,0.2719711732136984,"[1, 2, 12, 24]","{'bootstrap': True, 'max_depth': 10, 'max_features': 'sqrt', 'min_samples_leaf': 1, 'min_samples_split': 2, 'n_estimators': 500}"
RandomForest_cuML,"[1, 2, 12, 24]","{""bootstrap"": true, ""max_depth"": 10, ""max_features"": ""sqrt"", ""min_samples_leaf"": 1, ""min_samples_split"": 5, ""n_estimators"": 500}",5,13753.322265625,3661.8929032230726,22379.0970703125,5105.986340544073,4.822394990921021,1.7666051958412519,1.0368482947349549,0.2754454494023016,"[1, 2, 12, 24]","{'bootstrap': True, 'max_depth': 10, 'max_features': 'sqrt', 'min_samples_leaf': 1, 'min_samples_split': 5, 'n_estimators': 500}"
RandomForest_cuML,"[1, 2, 12, 24]","{""bootstrap"": true, ""max_depth"": 10, ""max_features"": ""sqrt"", ""min_samples_leaf"": 1, ""min_samples_split"": 2, ""n_estimators"": 250}",5,13740.9880859375,3627.198560523139,22408.0685546875,5074.877559562298,4.809385204315186,1.7560325838556894,1.03584543466568,0.2725523939961721,"[1, 2, 12, 24]","{'bootstrap': True, 'max_depth': 10, 'max_features': 'sqrt', 'min_samples_leaf': 1, 'min_samples_split': 2, 'n_estimators': 250}"
RandomForest_cuML,"[1, 2, 12, 24]","{""bootstrap"": true, ""max_depth"": 10, ""max_features"": ""sqrt"", ""min_samples_leaf"": 2, ""min_samples_split"": 5, ""n_estimators"": 500}",5,13764.64140625,3640.1057452407463,22417.42734375,5039.804098177812,4.825506353378296,1.7611416031259373,1.0376802325248717,0.27371513612106363,"[1, 2, 12, 24]","{'bootstrap': True, 'max_depth': 10, 'max_features': 'sqrt', 'min_samples_leaf': 2, 'min_samples_split': 5, 'n_estimators': 500}"
RandomForest_cuML,"[1, 2, 12, 24]","{""bootstrap"": true, ""max_depth"": 10, ""max_features"": ""sqrt"", ""min_samples_leaf"": 2, ""min_samples_split"": 2, ""n_estimators"": 500}",5,13782.7201171875,3642.729040294924,22476.4296875,5085.732345087801,4.831595134735108,1.7632981987797203,1.0390605688095094,0.2740272147886263,"[1, 2, 12, 24]","{'bootstrap': True, 'max_depth': 10, 'max_features': 'sqrt', 'min_samples_leaf': 2, 'min_samples_split': 2, 'n_estimators': 500}"
RandomForest_cuML,"[1, 2, 12, 24]","{""bootstrap"": true, ""max_depth"": 10, ""max_features"": ""sqrt"", ""min_samples_leaf"": 1, ""min_samples_split"": 5, ""n_estimators"": 250}",5,13759.696875,3718.596654207388,22586.2119140625,5290.395690047116,4.81201057434082,1.7780878025202078,1.0373885035514832,0.27997681012112335,"[1, 2, 12, 24]","{'bootstrap': True, 'max_depth': 10, 'max_features': 'sqrt', 'min_samples_leaf': 1, 'min_samples_split': 5, 'n_estimators': 250}"
RandomForest_cuML,"[1, 2, 12, 24]","{""bootstrap"": true, ""max_depth"": 10, ""max_features"": ""sqrt"", ""min_samples_leaf"": 2, ""min_samples_split"": 5, ""n_estimators"": 250}",5,13795.4837890625,3648.8590332584135,22616.7916015625,5177.648528710443,4.822418260574341,1.7569947400131636,1.0400577306747436,0.2746170064208904,"[1, 2, 12, 24]","{'bootstrap': True, 'max_depth': 10, 'max_features': 'sqrt', 'min_samples_leaf': 2, 'min_samples_split': 5, 'n_estimators': 250}"
RandomForest_cuML,"[1, 2, 12, 24]","{""bootstrap"": true, ""max_depth"": 10, ""max_features"": ""sqrt"", ""min_samples_leaf"": 4, ""min_samples_split"": 2, ""n_estimators"": 500}",5,13793.88671875,3595.2945744540666,22620.0578125,5043.842828278148,4.829015254974365,1.7425225874704129,1.0399106860160827,0.2704832546338937,"[1, 2, 12, 24]","{'bootstrap': True, 'max_depth': 10, 'max_features': 'sqrt', 'min_samples_leaf': 4, 'min_samples_split': 2, 'n_estimators': 500}"
RandomForest_cuML,"[1, 2, 12, 24]","{""bootstrap"": true, ""max_depth"": 10, ""max_features"": ""sqrt"", ""min_samples_leaf"": 4, ""min_samples_split"": 5, ""n_estimators"": 500}",5,13793.88671875,3595.2945744540666,22620.0578125,5043.842828278148,4.829015254974365,1.7425225874704129,1.0399106860160827,0.2704832546338937,"[1, 2, 12, 24]","{'bootstrap': True, 'max_depth': 10, 'max_features': 'sqrt', 'min_samples_leaf': 4, 'min_samples_split': 5, 'n_estimators': 500}"
RandomForest_cuML,"[1, 2, 12, 24]","{""bootstrap"": true, ""max_depth"": 10, ""max_features"": ""sqrt"", ""min_samples_leaf"": 2, ""min_samples_split"": 2, ""n_estimators"": 250}",5,13773.098828125,3659.626159938763,22649.3263671875,5174.5885142938,4.820466184616089,1.765695366877547,1.0382298231124878,0.27490173113102645,"[1, 2, 12, 24]","{'bootstrap': True, 'max_depth': 10, 'max_features': 'sqrt', 'min_samples_leaf': 2, 'min_samples_split': 2, 'n_estimators': 250}"
RandomForest_cuML,"[1, 2, 12, 24]","{""bootstrap"": true, ""max_depth"": 10, ""max_features"": ""sqrt"", ""min_samples_leaf"": 4, ""min_samples_split"": 5, ""n_estimators"": 250}",5,13804.5146484375,3645.5665356928725,22821.7216796875,5175.722571490232,4.818510580062866,1.7616771710493797,1.040699291229248,0.27422259024468815,"[1, 2, 12, 24]","{'bootstrap': True, 'max_depth': 10, 'max_features': 'sqrt', 'min_samples_leaf': 4, 'min_samples_split': 5, 'n_estimators': 250}"
RandomForest_cuML,"[1, 2, 12, 24]","{""bootstrap"": true, ""max_depth"": 10, ""max_features"": ""sqrt"", ""min_samples_leaf"": 4, ""min_samples_split"": 2, ""n_estimators"": 250}",5,13804.5146484375,3645.5665356928725,22821.7216796875,5175.722571490232,4.818510580062866,1.7616771710493797,1.040699291229248,0.27422259024468815,"[1, 2, 12, 24]","{'bootstrap': True, 'max_depth': 10, 'max_features': 'sqrt', 'min_samples_leaf': 4, 'min_samples_split': 2, 'n_estimators': 250}"
RandomForest_cuML,"[1, 2, 12, 24]","{""bootstrap"": true, ""max_depth"": null, ""max_features"": ""sqrt"", ""min_samples_leaf"": 1, ""min_samples_split"": 2, ""n_estimators"": 500}",5,14577.915234375,3765.192442367456,22911.729296875,5012.515674083795,5.172697925567627,1.9379101866082704,1.0990895867347716,0.2837039544216203,"[1, 2, 12, 24]","{'bootstrap': True, 'max_depth': None, 'max_features': 'sqrt', 'min_samples_leaf': 1, 'min_samples_split': 2, 'n_estimators': 500}"
RandomForest_cuML,"[1, 2, 12, 24]","{""bootstrap"": true, ""max_depth"": 20, ""max_features"": ""sqrt"", ""min_samples_leaf"": 1, ""min_samples_split"": 2, ""n_estimators"": 500}",5,14665.2921875,3794.181248198202,22978.7474609375,5017.727805431161,5.217180156707764,1.964414487943866,1.1056225895881653,0.2856966692576596,"[1, 2, 12, 24]","{'bootstrap': True, 'max_depth': 20, 'max_features': 'sqrt', 'min_samples_leaf': 1, 'min_samples_split': 2, 'n_estimators': 500}"
RandomForest_cuML,"[1, 2, 12, 24]","{""bootstrap"": true, ""max_depth"": null, ""max_features"": ""sqrt"", ""min_samples_leaf"": 1, ""min_samples_split"": 5, ""n_estimators"": 500}",5,14589.550390625,3804.436946306193,23030.678515625,5164.82548461502,5.173926734924317,1.9441809533080987,1.099935281276703,0.2865043136865485,"[1, 2, 12, 24]","{'bootstrap': True, 'max_depth': None, 'max_features': 'sqrt', 'min_samples_leaf': 1, 'min_samples_split': 5, 'n_estimators': 500}"
RandomForest_cuML,"[1, 2, 12, 24]","{""bootstrap"": true, ""max_depth"": null, ""max_features"": ""sqrt"", ""min_samples_leaf"": 1, ""min_samples_split"": 2, ""n_estimators"": 250}",5,14569.4765625,3731.1116188069054,23058.4083984375,5078.404450808482,5.162338352203369,1.9197214792091604,1.0984422445297242,0.2811070125368303,"[1, 2, 12, 24]","{'bootstrap': True, 'max_depth': None, 'max_features': 'sqrt', 'min_samples_leaf': 1, 'min_samples_split': 2, 'n_estimators': 250}"
RandomForest_cuML,"[1, 2, 12, 24]","{""bootstrap"": true, ""max_depth"": null, ""max_features"": ""sqrt"", ""min_samples_leaf"": 2, ""min_samples_split"": 2, ""n_estimators"": 500}",5,14566.420703125,3750.8727907546445,23077.0412109375,5114.741026633006,5.162443828582764,1.9243601215647352,1.0982139110565186,0.28260667213551377,"[1, 2, 12, 24]","{'bootstrap': True, 'max_depth': None, 'max_features': 'sqrt', 'min_samples_leaf': 2, 'min_samples_split': 2, 'n_estimators': 500}"
RandomForest_cuML,"[1, 2, 12, 24]","{""bootstrap"": true, ""max_depth"": null, ""max_features"": ""sqrt"", ""min_samples_leaf"": 2, ""min_samples_split"": 5, ""n_estimators"": 500}",5,14582.2373046875,3775.0139421515023,23083.3537109375,5111.876040441872,5.161294603347779,1.9341939642060122,1.0994600057601929,0.2845996515073655,"[1, 2, 12, 24]","{'bootstrap': True, 'max_depth': None, 'max_features': 'sqrt', 'min_samples_leaf': 2, 'min_samples_split': 5, 'n_estimators': 500}"
RandomForest_cuML,"[1, 2, 12, 24]","{""bootstrap"": true, ""max_depth"": 20, ""max_features"": ""sqrt"", ""min_samples_leaf"": 1, ""min_samples_split"": 5, ""n_estimators"": 500}",5,14678.2775390625,3841.0490401753827,23099.1345703125,5176.641006956779,5.217610120773315,1.974943320056061,1.1065836310386659,0.28912335204287665,"[1, 2, 12, 24]","{'bootstrap': True, 'max_depth': 20, 'max_features': 'sqrt', 'min_samples_leaf': 1, 'min_samples_split': 5, 'n_estimators': 500}"
RandomForest_cuML,"[1, 2, 12, 24]","{""bootstrap"": true, ""max_depth"": 20, ""max_features"": ""sqrt"", ""min_samples_leaf"": 1, ""min_samples_split"": 2, ""n_estimators"": 250}",5,14658.558203125,3760.531865503834,23124.2279296875,5083.477771675992,5.208358860015869,1.9468592875095645,1.1050998449325562,0.2831181713736372,"[1, 2, 12, 24]","{'bootstrap': True, 'max_depth': 20, 'max_features': 'sqrt', 'min_samples_leaf': 1, 'min_samples_split': 2, 'n_estimators': 250}"
RandomForest_cuML,"[1, 2, 12, 24]","{""bootstrap"": true, ""max_depth"": 20, ""max_features"": ""sqrt"", ""min_samples_leaf"": 2, ""min_samples_split"": 2, ""n_estimators"": 500}",5,14642.1892578125,3785.9552101032373,23139.3771484375,5131.281433154086,5.199320888519287,1.9506828269126073,1.1038905143737794,0.2851195483168252,"[1, 2, 12, 24]","{'bootstrap': True, 'max_depth': 20, 'max_features': 'sqrt', 'min_samples_leaf': 2, 'min_samples_split': 2, 'n_estimators': 500}"
RandomForest_cuML,"[1, 2, 12, 24]","{""bootstrap"": true, ""max_depth"": 20, ""max_features"": ""sqrt"", ""min_samples_leaf"": 2, ""min_samples_split"": 5, ""n_estimators"": 500}",5,14662.4255859375,3800.5673941428054,23143.6814453125,5115.709037689489,5.201633453369141,1.9588260883804887,1.1054412007331849,0.286281858475065,"[1, 2, 12, 24]","{'bootstrap': True, 'max_depth': 20, 'max_features': 'sqrt', 'min_samples_leaf': 2, 'min_samples_split': 5, 'n_estimators': 500}"
RandomForest_cuML,"[1, 2, 12, 24]","{""bootstrap"": true, ""max_depth"": null, ""max_features"": ""sqrt"", ""min_samples_leaf"": 4, ""min_samples_split"": 2, ""n_estimators"": 500}",5,14556.6810546875,3717.2970208177517,23210.8654296875,5124.984739720694,5.143385219573974,1.8980287060114942,1.0975297331809997,0.2803052705342567,"[1, 2, 12, 24]","{'bootstrap': True, 'max_depth': None, 'max_features': 'sqrt', 'min_samples_leaf': 4, 'min_samples_split': 2, 'n_estimators': 500}"
RandomForest_cuML,"[1, 2, 12, 24]","{""bootstrap"": true, ""max_depth"": null, ""max_features"": ""sqrt"", ""min_samples_leaf"": 4, ""min_samples_split"": 5, ""n_estimators"": 500}",5,14556.6810546875,3717.2970208177517,23210.8654296875,5124.984739720694,5.143385219573974,1.8980287060114942,1.0975297331809997,0.2803052705342567,"[1, 2, 12, 24]","{'bootstrap': True, 'max_depth': None, 'max_features': 'sqrt', 'min_samples_leaf': 4, 'min_samples_split': 5, 'n_estimators': 500}"
RandomForest_cuML,"[1, 2, 12, 24]","{""bootstrap"": true, ""max_depth"": null, ""max_features"": ""sqrt"", ""min_samples_leaf"": 2, ""min_samples_split"": 5, ""n_estimators"": 250}",5,14576.921484375,3759.0975778390643,23250.5712890625,5240.906335124097,5.152443075180054,1.9181274700095348,1.0990339398384092,0.2832970603700494,"[1, 2, 12, 24]","{'bootstrap': True, 'max_depth': None, 'max_features': 'sqrt', 'min_samples_leaf': 2, 'min_samples_split': 5, 'n_estimators': 250}"
RandomForest_cuML,"[1, 2, 12, 24]","{""bootstrap"": true, ""max_depth"": null, ""max_features"": ""sqrt"", ""min_samples_leaf"": 1, ""min_samples_split"": 5, ""n_estimators"": 250}",5,14599.61796875,3831.5490435145903,23255.971484375,5352.837060743271,5.170510244369507,1.9446933339829937,1.1006723046302795,0.2884314145285713,"[1, 2, 12, 24]","{'bootstrap': True, 'max_depth': None, 'max_features': 'sqrt', 'min_samples_leaf': 1, 'min_samples_split': 5, 'n_estimators': 250}"
RandomForest_cuML,"[1, 2, 12, 24]","{""bootstrap"": true, ""max_depth"": 20, ""max_features"": ""sqrt"", ""min_samples_leaf"": 4, ""min_samples_split"": 5, ""n_estimators"": 500}",5,14621.1810546875,3747.989623866749,23257.73671875,5137.587540305037,5.17618145942688,1.9204199356431924,1.1023510694503784,0.2824521610585585,"[1, 2, 12, 24]","{'bootstrap': True, 'max_depth': 20, 'max_features': 'sqrt', 'min_samples_leaf': 4, 'min_samples_split': 5, 'n_estimators': 500}"
RandomForest_cuML,"[1, 2, 12, 24]","{""bootstrap"": true, ""max_depth"": 20, ""max_features"": ""sqrt"", ""min_samples_leaf"": 4, ""min_samples_split"": 2, ""n_estimators"": 500}",5,14621.1810546875,3747.989623866749,23257.73671875,5137.587540305037,5.17618145942688,1.9204199356431924,1.1023510694503784,0.2824521610585585,"[1, 2, 12, 24]","{'bootstrap': True, 'max_depth': 20, 'max_features': 'sqrt', 'min_samples_leaf': 4, 'min_samples_split': 2, 'n_estimators': 500}"
RandomForest_cuML,"[1, 2, 12, 24]","{""bootstrap"": true, ""max_depth"": null, ""max_features"": ""sqrt"", ""min_samples_leaf"": 2, ""min_samples_split"": 2, ""n_estimators"": 250}",5,14569.442578125,3747.47949502038,23282.2349609375,5200.975803363406,5.156811094284057,1.922648079026976,1.098339354991913,0.28189233133561903,"[1, 2, 12, 24]","{'bootstrap': True, 'max_depth': None, 'max_features': 'sqrt', 'min_samples_leaf': 2, 'min_samples_split': 2, 'n_estimators': 250}"
RandomForest_cuML,"[1, 2, 12, 24]","{""bootstrap"": true, ""max_depth"": 20, ""max_features"": ""sqrt"", ""min_samples_leaf"": 2, ""min_samples_split"": 5, ""n_estimators"": 250}",5,14659.6455078125,3789.478681747158,23312.4240234375,5245.088886297773,5.194550275802612,1.9466015341521015,1.1051900029182433,0.2852716636770779,"[1, 2, 12, 24]","{'bootstrap': True, 'max_depth': 20, 'max_features': 'sqrt', 'min_samples_leaf': 2, 'min_samples_split': 5, 'n_estimators': 250}"
RandomForest_cuML,"[1, 2, 12, 24]","{""bootstrap"": true, ""max_depth"": 20, ""max_features"": ""sqrt"", ""min_samples_leaf"": 1, ""min_samples_split"": 5, ""n_estimators"": 250}",5,14697.2998046875,3858.513000061345,23331.034375,5356.3289240035765,5.217414665222168,1.9729821624570603,1.107984220981598,0.29028129691128207,"[1, 2, 12, 24]","{'bootstrap': True, 'max_depth': 20, 'max_features': 'sqrt', 'min_samples_leaf': 1, 'min_samples_split': 5, 'n_estimators': 250}"
RandomForest_cuML,"[1, 2, 12, 24]","{""bootstrap"": true, ""max_depth"": 20, ""max_features"": ""sqrt"", ""min_samples_leaf"": 2, ""min_samples_split"": 2, ""n_estimators"": 250}",5,14645.3638671875,3778.0385820907177,23341.6337890625,5217.183015885713,5.194377517700195,1.946248453716336,1.1040280699729919,0.2840678977516215,"[1, 2, 12, 24]","{'bootstrap': True, 'max_depth': 20, 'max_features': 'sqrt', 'min_samples_leaf': 2, 'min_samples_split': 2, 'n_estimators': 250}"
RandomForest_cuML,"[1, 2, 12, 24]","{""bootstrap"": true, ""max_depth"": null, ""max_features"": ""sqrt"", ""min_samples_leaf"": 4, ""min_samples_split"": 2, ""n_estimators"": 250}",5,14604.3234375,3752.2416987924516,23427.6833984375,5250.15139640426,5.150875854492187,1.9097864334737389,1.1010693788528443,0.28272155493765283,"[1, 2, 12, 24]","{'bootstrap': True, 'max_depth': None, 'max_features': 'sqrt', 'min_samples_leaf': 4, 'min_samples_split': 2, 'n_estimators': 250}"
RandomForest_cuML,"[1, 2, 12, 24]","{""bootstrap"": true, ""max_depth"": null, ""max_features"": ""sqrt"", ""min_samples_leaf"": 4, ""min_samples_split"": 5, ""n_estimators"": 250}",5,14604.3234375,3752.2416987924516,23427.6833984375,5250.15139640426,5.150875854492187,1.9097864334737389,1.1010693788528443,0.28272155493765283,"[1, 2, 12, 24]","{'bootstrap': True, 'max_depth': None, 'max_features': 'sqrt', 'min_samples_leaf': 4, 'min_samples_split': 5, 'n_estimators': 250}"
RandomForest_cuML,"[1, 2, 12, 24]","{""bootstrap"": true, ""max_depth"": 20, ""max_features"": ""sqrt"", ""min_samples_leaf"": 4, ""min_samples_split"": 2, ""n_estimators"": 250}",5,14675.2361328125,3784.2722429806017,23476.050390625,5263.327387197642,5.187445831298828,1.9335144680656504,1.1063673615455627,0.2849478174910805,"[1, 2, 12, 24]","{'bootstrap': True, 'max_depth': 20, 'max_features': 'sqrt', 'min_samples_leaf': 4, 'min_samples_split': 2, 'n_estimators': 250}"
RandomForest_cuML,"[1, 2, 12, 24]","{""bootstrap"": true, ""max_depth"": 20, ""max_features"": ""sqrt"", ""min_samples_leaf"": 4, ""min_samples_split"": 5, ""n_estimators"": 250}",5,14675.2361328125,3784.2722429806017,23476.050390625,5263.327387197642,5.187445831298828,1.9335144680656504,1.1063673615455627,0.2849478174910805,"[1, 2, 12, 24]","{'bootstrap': True, 'max_depth': 20, 'max_features': 'sqrt', 'min_samples_leaf': 4, 'min_samples_split': 5, 'n_estimators': 250}"
RandomForest_cuML,"[1, 2, 12]","{""bootstrap"": true, ""max_depth"": 10, ""max_features"": ""sqrt"", ""min_samples_leaf"": 1, ""min_samples_split"": 5, ""n_estimators"": 250}",5,14360.7916015625,4715.6313591337,23498.20859375,5057.380819534404,5.1459146499633786,2.1180981525674936,1.1087190866470338,0.3644887527021118,"[1, 2, 12]","{'bootstrap': True, 'max_depth': 10, 'max_features': 'sqrt', 'min_samples_leaf': 1, 'min_samples_split': 5, 'n_estimators': 250}"
RandomForest_cuML,"[1, 2, 12]","{""bootstrap"": true, ""max_depth"": 10, ""max_features"": ""sqrt"", ""min_samples_leaf"": 2, ""min_samples_split"": 5, ""n_estimators"": 250}",5,14443.3494140625,4699.595746187881,23591.716796875,5101.465569699916,5.17211537361145,2.094496296660835,1.1151719093322754,0.3634333791784315,"[1, 2, 12]","{'bootstrap': True, 'max_depth': 10, 'max_features': 'sqrt', 'min_samples_leaf': 2, 'min_samples_split': 5, 'n_estimators': 250}"
RandomForest_cuML,"[1, 2, 12]","{""bootstrap"": true, ""max_depth"": 10, ""max_features"": ""sqrt"", ""min_samples_leaf"": 1, ""min_samples_split"": 5, ""n_estimators"": 500}",5,14535.9720703125,4602.243899705159,23653.037109375,5110.098186542853,5.195217227935791,2.0868300119597327,1.1225991606712342,0.35666272446338126,"[1, 2, 12]","{'bootstrap': True, 'max_depth': 10, 'max_features': 'sqrt', 'min_samples_leaf': 1, 'min_samples_split': 5, 'n_estimators': 500}"
RandomForest_cuML,"[1, 2, 12]","{""bootstrap"": true, ""max_depth"": 10, ""max_features"": ""sqrt"", ""min_samples_leaf"": 1, ""min_samples_split"": 2, ""n_estimators"": 250}",5,14497.6212890625,4690.392706829014,23657.67265625,5004.0315269975035,5.189580965042114,2.1039820156459688,1.1193001747131348,0.36252855145091156,"[1, 2, 12]","{'bootstrap': True, 'max_depth': 10, 'max_features': 'sqrt', 'min_samples_leaf': 1, 'min_samples_split': 2, 'n_estimators': 250}"
RandomForest_cuML,"[1, 2, 12]","{""bootstrap"": true, ""max_depth"": 10, ""max_features"": ""sqrt"", ""min_samples_leaf"": 1, ""min_samples_split"": 2, ""n_estimators"": 500}",5,14593.3580078125,4611.650523427834,23705.162890625,5123.40779901849,5.209729814529419,2.0852511476531617,1.1270794510841369,0.35750194858550555,"[1, 2, 12]","{'bootstrap': True, 'max_depth': 10, 'max_features': 'sqrt', 'min_samples_leaf': 1, 'min_samples_split': 2, 'n_estimators': 500}"
RandomForest_cuML,"[1, 2, 12]","{""bootstrap"": true, ""max_depth"": 10, ""max_features"": ""sqrt"", ""min_samples_leaf"": 2, ""min_samples_split"": 2, ""n_estimators"": 250}",5,14444.6955078125,4711.436766366168,23737.515234375,5085.443919285713,5.1577976703643795,2.112701893254023,1.1152294039726258,0.36419418802809245,"[1, 2, 12]","{'bootstrap': True, 'max_depth': 10, 'max_features': 'sqrt', 'min_samples_leaf': 2, 'min_samples_split': 2, 'n_estimators': 250}"
RandomForest_cuML,"[1, 2, 12]","{""bootstrap"": true, ""max_depth"": 10, ""max_features"": ""sqrt"", ""min_samples_leaf"": 2, ""min_samples_split"": 5, ""n_estimators"": 500}",5,14590.017578125,4612.335789988316,23737.567578125,5132.251421937472,5.211767196655273,2.0740598716222047,1.1267857670783996,0.3574641361072985,"[1, 2, 12]","{'bootstrap': True, 'max_depth': 10, 'max_features': 'sqrt', 'min_samples_leaf': 2, 'min_samples_split': 5, 'n_estimators': 500}"
RandomForest_cuML,"[1, 2, 12]","{""bootstrap"": true, ""max_depth"": null, ""max_features"": ""sqrt"", ""min_samples_leaf"": 1, ""min_samples_split"": 2, ""n_estimators"": 250}",5,15044.4955078125,4349.947055705502,23769.7109375,4551.850520702631,5.427760314941406,2.1975192737877403,1.1617249846458435,0.3362920271688283,"[1, 2, 12]","{'bootstrap': True, 'max_depth': None, 'max_features': 'sqrt', 'min_samples_leaf': 1, 'min_samples_split': 2, 'n_estimators': 250}"
RandomForest_cuML,"[1, 2, 12]","{""bootstrap"": true, ""max_depth"": null, ""max_features"": ""sqrt"", ""min_samples_leaf"": 1, ""min_samples_split"": 5, ""n_estimators"": 250}",5,14992.7017578125,4349.1309275042295,23783.7328125,4691.2036902974805,5.404624271392822,2.182927633215683,1.157646107673645,0.33587948495515335,"[1, 2, 12]","{'bootstrap': True, 'max_depth': None, 'max_features': 'sqrt', 'min_samples_leaf': 1, 'min_samples_split': 5, 'n_estimators': 250}"
RandomForest_cuML,"[1, 2, 12]","{""bootstrap"": true, ""max_depth"": 10, ""max_features"": ""sqrt"", ""min_samples_leaf"": 4, ""min_samples_split"": 2, ""n_estimators"": 250}",5,14450.148828125,4743.492134551215,23787.765625,5220.644266351428,5.1650348663330075,2.1027847322439106,1.11553715467453,0.3663484591799916,"[1, 2, 12]","{'bootstrap': True, 'max_depth': 10, 'max_features': 'sqrt', 'min_samples_leaf': 4, 'min_samples_split': 2, 'n_estimators': 250}"
RandomForest_cuML,"[1, 2, 12]","{""bootstrap"": true, ""max_depth"": 10, ""max_features"": ""sqrt"", ""min_samples_leaf"": 4, ""min_samples_split"": 5, ""n_estimators"": 250}",5,14450.148828125,4743.492134551215,23787.765625,5220.644266351428,5.1650348663330075,2.1027847322439106,1.11553715467453,0.3663484591799916,"[1, 2, 12]","{'bootstrap': True, 'max_depth': 10, 'max_features': 'sqrt', 'min_samples_leaf': 4, 'min_samples_split': 5, 'n_estimators': 250}"
RandomForest_cuML,"[1, 2, 12]","{""bootstrap"": true, ""max_depth"": 10, ""max_features"": ""sqrt"", ""min_samples_leaf"": 2, ""min_samples_split"": 2, ""n_estimators"": 500}",5,14598.29453125,4636.708636473278,23809.3109375,5180.3383131173805,5.208950185775757,2.087588983846667,1.1274414300918578,0.35938108373894334,"[1, 2, 12]","{'bootstrap': True, 'max_depth': 10, 'max_features': 'sqrt', 'min_samples_leaf': 2, 'min_samples_split': 2, 'n_estimators': 500}"
RandomForest_cuML,"[1, 2, 12]","{""bootstrap"": true, ""max_depth"": null, ""max_features"": ""sqrt"", ""min_samples_leaf"": 2, ""min_samples_split"": 5, ""n_estimators"": 250}",5,14988.4728515625,4334.86523752219,23834.33671875,4590.835668651983,5.40264253616333,2.170202583405531,1.157297432422638,0.3347152840646849,"[1, 2, 12]","{'bootstrap': True, 'max_depth': None, 'max_features': 'sqrt', 'min_samples_leaf': 2, 'min_samples_split': 5, 'n_estimators': 250}"
RandomForest_cuML,"[1, 2, 12]","{""bootstrap"": true, ""max_depth"": 20, ""max_features"": ""sqrt"", ""min_samples_leaf"": 1, ""min_samples_split"": 2, ""n_estimators"": 250}",5,15157.020703125,4354.681144317018,23861.8375,4554.948377123981,5.475005197525024,2.220014626074408,1.1703825354576112,0.3364979372275539,"[1, 2, 12]","{'bootstrap': True, 'max_depth': 20, 'max_features': 'sqrt', 'min_samples_leaf': 1, 'min_samples_split': 2, 'n_estimators': 250}"
RandomForest_cuML,"[1, 2, 12]","{""bootstrap"": true, ""max_depth"": 20, ""max_features"": ""sqrt"", ""min_samples_leaf"": 1, ""min_samples_split"": 5, ""n_estimators"": 250}",5,15112.624609375,4349.338372855752,23870.0015625,4701.033870809799,5.454363632202148,2.203231090341385,1.1669471979141235,0.3359880469261119,"[1, 2, 12]","{'bootstrap': True, 'max_depth': 20, 'max_features': 'sqrt', 'min_samples_leaf': 1, 'min_samples_split': 5, 'n_estimators': 250}"
RandomForest_cuML,"[1, 2, 12]","{""bootstrap"": true, ""max_depth"": 20, ""max_features"": ""sqrt"", ""min_samples_leaf"": 2, ""min_samples_split"": 5, ""n_estimators"": 250}",5,15079.6736328125,4324.277651914876,23893.078515625,4592.242459503052,5.442891311645508,2.1831524863227023,1.1643648982048034,0.3339465397870886,"[1, 2, 12]","{'bootstrap': True, 'max_depth': 20, 'max_features': 'sqrt', 'min_samples_leaf': 2, 'min_samples_split': 5, 'n_estimators': 250}"
RandomForest_cuML,"[1, 2, 12]","{""bootstrap"": true, ""max_depth"": null, ""max_features"": ""sqrt"", ""min_samples_leaf"": 2, ""min_samples_split"": 2, ""n_estimators"": 250}",5,15026.848828125,4351.165601426855,23918.577734375,4648.641513699715,5.412226390838623,2.1863813254371185,1.1603797793388366,0.3363719255366498,"[1, 2, 12]","{'bootstrap': True, 'max_depth': None, 'max_features': 'sqrt', 'min_samples_leaf': 2, 'min_samples_split': 2, 'n_estimators': 250}"
RandomForest_cuML,"[1, 2, 3, 12, 24]","{""bootstrap"": true, ""max_depth"": 10, ""max_features"": ""sqrt"", ""min_samples_leaf"": 1, ""min_samples_split"": 2, ""n_estimators"": 250}",5,15041.341015625,3939.456956192712,23932.912109375,5300.686317326321,5.277281284332275,1.988011820392024,1.134175419807434,0.29727105373165363,"[1, 2, 3, 12, 24]","{'bootstrap': True, 'max_depth': 10, 'max_features': 'sqrt', 'min_samples_leaf': 1, 'min_samples_split': 2, 'n_estimators': 250}"
RandomForest_cuML,"[1, 2, 12]","{""bootstrap"": true, ""max_depth"": null, ""max_features"": ""sqrt"", ""min_samples_leaf"": 1, ""min_samples_split"": 5, ""n_estimators"": 500}",5,15161.52578125,4284.261372146755,23954.010546875,4814.738464711177,5.449679708480835,2.1710809700530005,1.170981776714325,0.33189307221707975,"[1, 2, 12]","{'bootstrap': True, 'max_depth': None, 'max_features': 'sqrt', 'min_samples_leaf': 1, 'min_samples_split': 5, 'n_estimators': 500}"
RandomForest_cuML,"[1, 2, 3, 12, 24]","{""bootstrap"": true, ""max_depth"": 10, ""max_features"": ""sqrt"", ""min_samples_leaf"": 1, ""min_samples_split"": 2, ""n_estimators"": 500}",5,14999.219140625,3960.5157675425985,23958.6314453125,5326.740596833642,5.262074089050293,2.0012684091435555,1.1309916615486144,0.2988313318069571,"[1, 2, 3, 12, 24]","{'bootstrap': True, 'max_depth': 10, 'max_features': 'sqrt', 'min_samples_leaf': 1, 'min_samples_split': 2, 'n_estimators': 500}"
RandomForest_cuML,"[1, 2, 3, 12, 24]","{""bootstrap"": true, ""max_depth"": 10, ""max_features"": ""sqrt"", ""min_samples_leaf"": 1, ""min_samples_split"": 5, ""n_estimators"": 250}",5,15065.794921875,3911.895852919371,23970.4978515625,5263.857345629101,5.280197811126709,1.9725897550239102,1.1360025763511659,0.2951347882521851,"[1, 2, 3, 12, 24]","{'bootstrap': True, 'max_depth': 10, 'max_features': 'sqrt', 'min_samples_leaf': 1, 'min_samples_split': 5, 'n_estimators': 250}"
RandomForest_cuML,"[1, 2, 12]","{""bootstrap"": true, ""max_depth"": null, ""max_features"": ""sqrt"", ""min_samples_leaf"": 1, ""min_samples_split"": 2, ""n_estimators"": 500}",5,15238.5533203125,4268.164081891634,23977.04921875,4784.683241719122,5.473745965957642,2.1721908066047955,1.1772655844688416,0.3319340223327468,"[1, 2, 12]","{'bootstrap': True, 'max_depth': None, 'max_features': 'sqrt', 'min_samples_leaf': 1, 'min_samples_split': 2, 'n_estimators': 500}"
RandomForest_cuML,"[1, 2, 12]","{""bootstrap"": true, ""max_depth"": 20, ""max_features"": ""sqrt"", ""min_samples_leaf"": 2, ""min_samples_split"": 2, ""n_estimators"": 250}",5,15113.5490234375,4344.174248411818,23983.441015625,4649.0039348301325,5.44993839263916,2.199948721271124,1.1670899987220764,0.33584887897217447,"[1, 2, 12]","{'bootstrap': True, 'max_depth': 20, 'max_features': 'sqrt', 'min_samples_leaf': 2, 'min_samples_split': 2, 'n_estimators': 250}"
RandomForest_cuML,"[1, 2, 3, 12, 24]","{""bootstrap"": true, ""max_depth"": 10, ""max_features"": ""sqrt"", ""min_samples_leaf"": 1, ""min_samples_split"": 5, ""n_estimators"": 500}",5,15019.0888671875,3957.956769227598,24013.06171875,5405.245996739466,5.261763858795166,1.9941874632145289,1.1325129985809326,0.29873118968306034,"[1, 2, 3, 12, 24]","{'bootstrap': True, 'max_depth': 10, 'max_features': 'sqrt', 'min_samples_leaf': 1, 'min_samples_split': 5, 'n_estimators': 500}"
RandomForest_cuML,"[1, 2, 12]","{""bootstrap"": true, ""max_depth"": 10, ""max_features"": ""sqrt"", ""min_samples_leaf"": 4, ""min_samples_split"": 5, ""n_estimators"": 500}",5,14579.60390625,4643.006006195602,24016.698828125,5249.24547852904,5.194962644577027,2.0777615200562525,1.1258175849914551,0.3593223439925498,"[1, 2, 12]","{'bootstrap': True, 'max_depth': 10, 'max_features': 'sqrt', 'min_samples_leaf': 4, 'min_samples_split': 5, 'n_estimators': 500}"
RandomForest_cuML,"[1, 2, 12]","{""bootstrap"": true, ""max_depth"": 10, ""max_features"": ""sqrt"", ""min_samples_leaf"": 4, ""min_samples_split"": 2, ""n_estimators"": 500}",5,14579.60390625,4643.006006195602,24016.698828125,5249.24547852904,5.194962644577027,2.0777615200562525,1.1258175849914551,0.3593223439925498,"[1, 2, 12]","{'bootstrap': True, 'max_depth': 10, 'max_features': 'sqrt', 'min_samples_leaf': 4, 'min_samples_split': 2, 'n_estimators': 500}"
RandomForest_cuML,"[1, 2, 12]","{""bootstrap"": true, ""max_depth"": 20, ""max_features"": ""sqrt"", ""min_samples_leaf"": 1, ""min_samples_split"": 5, ""n_estimators"": 500}",5,15266.4951171875,4291.819229983089,24031.863671875,4830.003460026602,5.494469499588012,2.192443789243905,1.1791049599647523,0.332513712913742,"[1, 2, 12]","{'bootstrap': True, 'max_depth': 20, 'max_features': 'sqrt', 'min_samples_leaf': 1, 'min_samples_split': 5, 'n_estimators': 500}"
RandomForest_cuML,"[1, 2, 12]","{""bootstrap"": true, ""max_depth"": null, ""max_features"": ""sqrt"", ""min_samples_leaf"": 2, ""min_samples_split"": 5, ""n_estimators"": 500}",5,15169.2052734375,4288.461088990624,24034.769140625,4742.18350546019,5.445245599746704,2.1647720083618687,1.1716023445129395,0.33233079916681507,"[1, 2, 12]","{'bootstrap': True, 'max_depth': None, 'max_features': 'sqrt', 'min_samples_leaf': 2, 'min_samples_split': 5, 'n_estimators': 500}"
RandomForest_cuML,"[1, 2, 12]","{""bootstrap"": true, ""max_depth"": null, ""max_features"": ""sqrt"", ""min_samples_leaf"": 2, ""min_samples_split"": 2, ""n_estimators"": 500}",5,15180.9189453125,4304.359011007252,24041.040625,4797.475553638021,5.451568078994751,2.176606523390337,1.1726167440414428,0.333983739157218,"[1, 2, 12]","{'bootstrap': True, 'max_depth': None, 'max_features': 'sqrt', 'min_samples_leaf': 2, 'min_samples_split': 2, 'n_estimators': 500}"
RandomForest_cuML,"[1, 2, 12]","{""bootstrap"": true, ""max_depth"": null, ""max_features"": ""sqrt"", ""min_samples_leaf"": 4, ""min_samples_split"": 5, ""n_estimators"": 250}",5,14997.06171875,4381.559643172172,24045.873046875,4784.166177714901,5.3873903274536135,2.1678701628276578,1.1580501437187194,0.33864037653713075,"[1, 2, 12]","{'bootstrap': True, 'max_depth': None, 'max_features': 'sqrt', 'min_samples_leaf': 4, 'min_samples_split': 5, 'n_estimators': 250}"
RandomForest_cuML,"[1, 2, 12]","{""bootstrap"": true, ""max_depth"": null, ""max_features"": ""sqrt"", ""min_samples_leaf"": 4, ""min_samples_split"": 2, ""n_estimators"": 250}",5,14997.06171875,4381.559643172172,24045.873046875,4784.166177714901,5.3873903274536135,2.1678701628276578,1.1580501437187194,0.33864037653713075,"[1, 2, 12]","{'bootstrap': True, 'max_depth': None, 'max_features': 'sqrt', 'min_samples_leaf': 4, 'min_samples_split': 2, 'n_estimators': 250}"
RandomForest_cuML,"[1, 2, 3, 12, 24]","{""bootstrap"": true, ""max_depth"": 10, ""max_features"": ""sqrt"", ""min_samples_leaf"": 2, ""min_samples_split"": 2, ""n_estimators"": 250}",5,15089.1326171875,3859.888271767873,24053.0037109375,5391.12681679897,5.283713006973267,1.9467258467725483,1.1378482341766358,0.2916618241656581,"[1, 2, 3, 12, 24]","{'bootstrap': True, 'max_depth': 10, 'max_features': 'sqrt', 'min_samples_leaf': 2, 'min_samples_split': 2, 'n_estimators': 250}"
RandomForest_cuML,"[1, 2, 12]","{""bootstrap"": true, ""max_depth"": 20, ""max_features"": ""sqrt"", ""min_samples_leaf"": 1, ""min_samples_split"": 2, ""n_estimators"": 500}",5,15336.8490234375,4269.9059416805085,24057.889453125,4785.87402245413,5.516417121887207,2.1917542200111155,1.184838104248047,0.3319941833324938,"[1, 2, 12]","{'bootstrap': True, 'max_depth': 20, 'max_features': 'sqrt', 'min_samples_leaf': 1, 'min_samples_split': 2, 'n_estimators': 500}"
RandomForest_cuML,"[1, 2, 3, 12, 24]","{""bootstrap"": true, ""max_depth"": 10, ""max_features"": ""sqrt"", ""min_samples_leaf"": 2, ""min_samples_split"": 5, ""n_estimators"": 250}",5,15081.81328125,3869.0139466948694,24060.1529296875,5247.135091923974,5.2811195850372314,1.9630383842495334,1.1372649550437928,0.2922171202107396,"[1, 2, 3, 12, 24]","{'bootstrap': True, 'max_depth': 10, 'max_features': 'sqrt', 'min_samples_leaf': 2, 'min_samples_split': 5, 'n_estimators': 250}"
RandomForest_cuML,"[1, 2, 12]","{""bootstrap"": true, ""max_depth"": 20, ""max_features"": ""sqrt"", ""min_samples_leaf"": 2, ""min_samples_split"": 5, ""n_estimators"": 500}",5,15243.8259765625,4278.699137371187,24092.775390625,4733.543722248562,5.478527450561524,2.1785640856554176,1.1773667573928832,0.33156753572327985,"[1, 2, 12]","{'bootstrap': True, 'max_depth': 20, 'max_features': 'sqrt', 'min_samples_leaf': 2, 'min_samples_split': 5, 'n_estimators': 500}"
RandomForest_cuML,"[1, 2, 12]","{""bootstrap"": true, ""max_depth"": 20, ""max_features"": ""sqrt"", ""min_samples_leaf"": 4, ""min_samples_split"": 5, ""n_estimators"": 250}",5,15059.2388671875,4384.335079996489,24093.884765625,4779.115815872988,5.4159478664398195,2.1863383579938733,1.1628214359283446,0.33871554142036087,"[1, 2, 12]","{'bootstrap': True, 'max_depth': 20, 'max_features': 'sqrt', 'min_samples_leaf': 4, 'min_samples_split': 5, 'n_estimators': 250}"
RandomForest_cuML,"[1, 2, 12]","{""bootstrap"": true, ""max_depth"": 20, ""max_features"": ""sqrt"", ""min_samples_leaf"": 4, ""min_samples_split"": 2, ""n_estimators"": 250}",5,15059.2388671875,4384.335079996489,24093.884765625,4779.115815872988,5.4159478664398195,2.1863383579938733,1.1628214359283446,0.33871554142036087,"[1, 2, 12]","{'bootstrap': True, 'max_depth': 20, 'max_features': 'sqrt', 'min_samples_leaf': 4, 'min_samples_split': 2, 'n_estimators': 250}"
RandomForest_cuML,"[1, 2, 12]","{""bootstrap"": true, ""max_depth"": 20, ""max_features"": ""sqrt"", ""min_samples_leaf"": 2, ""min_samples_split"": 2, ""n_estimators"": 500}",5,15262.8671875,4307.327752692428,24101.812109375,4805.42607613755,5.488273811340332,2.194007250522852,1.1789404273033142,0.33417875180464673,"[1, 2, 12]","{'bootstrap': True, 'max_depth': 20, 'max_features': 'sqrt', 'min_samples_leaf': 2, 'min_samples_split': 2, 'n_estimators': 500}"
RandomForest_cuML,"[1, 2, 3, 12, 24]","{""bootstrap"": true, ""max_depth"": 10, ""max_features"": ""sqrt"", ""min_samples_leaf"": 2, ""min_samples_split"": 5, ""n_estimators"": 500}",5,15049.4228515625,3929.1915545696506,24114.4185546875,5397.487800114349,5.264936065673828,1.9820914675491936,1.1348796010017395,0.29692767206573745,"[1, 2, 3, 12, 24]","{'bootstrap': True, 'max_depth': 10, 'max_features': 'sqrt', 'min_samples_leaf': 2, 'min_samples_split': 5, 'n_estimators': 500}"
RandomForest_cuML,"[1, 2, 3, 12, 24]","{""bootstrap"": true, ""max_depth"": 10, ""max_features"": ""sqrt"", ""min_samples_leaf"": 2, ""min_samples_split"": 2, ""n_estimators"": 500}",5,15049.2775390625,3934.109512138042,24123.71875,5455.079834751581,5.265454721450806,1.9810366888490742,1.134864604473114,0.29727814397723257,"[1, 2, 3, 12, 24]","{'bootstrap': True, 'max_depth': 10, 'max_features': 'sqrt', 'min_samples_leaf': 2, 'min_samples_split': 2, 'n_estimators': 500}"
RandomForest_cuML,"[1, 2, 3, 12, 24]","{""bootstrap"": true, ""max_depth"": 10, ""max_features"": ""sqrt"", ""min_samples_leaf"": 4, ""min_samples_split"": 2, ""n_estimators"": 250}",5,15102.3017578125,3919.2191761535673,24285.3806640625,5338.311511858144,5.282124948501587,1.98174621621739,1.138723373413086,0.29559646736625234,"[1, 2, 3, 12, 24]","{'bootstrap': True, 'max_depth': 10, 'max_features': 'sqrt', 'min_samples_leaf': 4, 'min_samples_split': 2, 'n_estimators': 250}"
RandomForest_cuML,"[1, 2, 3, 12, 24]","{""bootstrap"": true, ""max_depth"": 10, ""max_features"": ""sqrt"", ""min_samples_leaf"": 4, ""min_samples_split"": 5, ""n_estimators"": 250}",5,15102.3017578125,3919.2191761535673,24285.3806640625,5338.311511858144,5.282124948501587,1.98174621621739,1.138723373413086,0.29559646736625234,"[1, 2, 3, 12, 24]","{'bootstrap': True, 'max_depth': 10, 'max_features': 'sqrt', 'min_samples_leaf': 4, 'min_samples_split': 5, 'n_estimators': 250}"
RandomForest_cuML,"[1, 2, 12]","{""bootstrap"": true, ""max_depth"": null, ""max_features"": ""sqrt"", ""min_samples_leaf"": 4, ""min_samples_split"": 2, ""n_estimators"": 500}",5,15150.7830078125,4322.882146946586,24306.546484375,4900.842335226692,5.419993114471436,2.158677795116031,1.1701538801193236,0.33485597690589014,"[1, 2, 12]","{'bootstrap': True, 'max_depth': None, 'max_features': 'sqrt', 'min_samples_leaf': 4, 'min_samples_split': 2, 'n_estimators': 500}"
RandomForest_cuML,"[1, 2, 12]","{""bootstrap"": true, ""max_depth"": null, ""max_features"": ""sqrt"", ""min_samples_leaf"": 4, ""min_samples_split"": 5, ""n_estimators"": 500}",5,15150.7830078125,4322.882146946586,24306.546484375,4900.842335226692,5.419993114471436,2.158677795116031,1.1701538801193236,0.33485597690589014,"[1, 2, 12]","{'bootstrap': True, 'max_depth': None, 'max_features': 'sqrt', 'min_samples_leaf': 4, 'min_samples_split': 5, 'n_estimators': 500}"
RandomForest_cuML,"[1, 2, 3, 12, 24]","{""bootstrap"": true, ""max_depth"": 10, ""max_features"": ""sqrt"", ""min_samples_leaf"": 4, ""min_samples_split"": 2, ""n_estimators"": 500}",5,15060.894921875,3951.688165358914,24323.94453125,5452.4131145908805,5.2650511264801025,1.9893485241372313,1.1356415510177613,0.2981961412902799,"[1, 2, 3, 12, 24]","{'bootstrap': True, 'max_depth': 10, 'max_features': 'sqrt', 'min_samples_leaf': 4, 'min_samples_split': 2, 'n_estimators': 500}"
RandomForest_cuML,"[1, 2, 3, 12, 24]","{""bootstrap"": true, ""max_depth"": 10, ""max_features"": ""sqrt"", ""min_samples_leaf"": 4, ""min_samples_split"": 5, ""n_estimators"": 500}",5,15060.894921875,3951.688165358914,24323.94453125,5452.4131145908805,5.2650511264801025,1.9893485241372313,1.1356415510177613,0.2981961412902799,"[1, 2, 3, 12, 24]","{'bootstrap': True, 'max_depth': 10, 'max_features': 'sqrt', 'min_samples_leaf': 4, 'min_samples_split': 5, 'n_estimators': 500}"
RandomForest_cuML,"[1, 2, 12]","{""bootstrap"": true, ""max_depth"": 20, ""max_features"": ""sqrt"", ""min_samples_leaf"": 4, ""min_samples_split"": 2, ""n_estimators"": 500}",5,15214.2759765625,4326.828089975851,24355.069921875,4902.112289403167,5.448082780838012,2.1753842093158227,1.1750502705574035,0.33511126650043627,"[1, 2, 12]","{'bootstrap': True, 'max_depth': 20, 'max_features': 'sqrt', 'min_samples_leaf': 4, 'min_samples_split': 2, 'n_estimators': 500}"
RandomForest_cuML,"[1, 2, 12]","{""bootstrap"": true, ""max_depth"": 20, ""max_features"": ""sqrt"", ""min_samples_leaf"": 4, ""min_samples_split"": 5, ""n_estimators"": 500}",5,15214.2759765625,4326.828089975851,24355.069921875,4902.112289403167,5.448082780838012,2.1753842093158227,1.1750502705574035,0.33511126650043627,"[1, 2, 12]","{'bootstrap': True, 'max_depth': 20, 'max_features': 'sqrt', 'min_samples_leaf': 4, 'min_samples_split': 5, 'n_estimators': 500}"
RandomForest_cuML,"[1, 2, 3, 12, 24]","{""bootstrap"": true, ""max_depth"": null, ""max_features"": ""sqrt"", ""min_samples_leaf"": 1, ""min_samples_split"": 2, ""n_estimators"": 250}",5,15676.569140625,4081.785149672899,24411.4583984375,5385.049233455103,5.5578179359436035,2.1428333484603455,1.1819781184196472,0.30791921040429954,"[1, 2, 3, 12, 24]","{'bootstrap': True, 'max_depth': None, 'max_features': 'sqrt', 'min_samples_leaf': 1, 'min_samples_split': 2, 'n_estimators': 250}"
RandomForest_cuML,"[1, 2, 3, 12, 24]","{""bootstrap"": true, ""max_depth"": 20, ""max_features"": ""sqrt"", ""min_samples_leaf"": 1, ""min_samples_split"": 2, ""n_estimators"": 250}",5,15717.0904296875,4104.514421662857,24439.6544921875,5383.070654005823,5.581726121902466,2.1612343858419,1.1849858164787292,0.3094591000275002,"[1, 2, 3, 12, 24]","{'bootstrap': True, 'max_depth': 20, 'max_features': 'sqrt', 'min_samples_leaf': 1, 'min_samples_split': 2, 'n_estimators': 250}"
RandomForest_cuML,"[1, 2, 3, 12, 24]","{""bootstrap"": true, ""max_depth"": null, ""max_features"": ""sqrt"", ""min_samples_leaf"": 1, ""min_samples_split"": 2, ""n_estimators"": 500}",5,15665.7177734375,4122.283048977443,24445.915234375,5447.879880602984,5.554010629653931,2.1578365705579152,1.1811478734016418,0.31088209218260365,"[1, 2, 3, 12, 24]","{'bootstrap': True, 'max_depth': None, 'max_features': 'sqrt', 'min_samples_leaf': 1, 'min_samples_split': 2, 'n_estimators': 500}"
RandomForest_cuML,"[1, 2, 3, 12, 24]","{""bootstrap"": true, ""max_depth"": 20, ""max_features"": ""sqrt"", ""min_samples_leaf"": 1, ""min_samples_split"": 2, ""n_estimators"": 500}",5,15713.7375,4142.9660777079525,24480.158203125,5450.401548338592,5.580125236511231,2.174719517517696,1.1847333192825318,0.312322027346591,"[1, 2, 3, 12, 24]","{'bootstrap': True, 'max_depth': 20, 'max_features': 'sqrt', 'min_samples_leaf': 1, 'min_samples_split': 2, 'n_estimators': 500}"
RandomForest_cuML,"[1, 2, 3, 12, 24]","{""bootstrap"": true, ""max_depth"": null, ""max_features"": ""sqrt"", ""min_samples_leaf"": 2, ""min_samples_split"": 5, ""n_estimators"": 250}",5,15665.5310546875,4038.705239214004,24482.4244140625,5328.456158494136,5.541132926940918,2.122870076030842,1.1810890316963196,0.3043900436977076,"[1, 2, 3, 12, 24]","{'bootstrap': True, 'max_depth': None, 'max_features': 'sqrt', 'min_samples_leaf': 2, 'min_samples_split': 5, 'n_estimators': 250}"
RandomForest_cuML,"[1, 2, 3, 12, 24]","{""bootstrap"": true, ""max_depth"": null, ""max_features"": ""sqrt"", ""min_samples_leaf"": 1, ""min_samples_split"": 5, ""n_estimators"": 250}",5,15713.446875,4074.623294198645,24492.6998046875,5345.979304902233,5.560429859161377,2.1347941797343313,1.1847772598266602,0.30739082986409283,"[1, 2, 3, 12, 24]","{'bootstrap': True, 'max_depth': None, 'max_features': 'sqrt', 'min_samples_leaf': 1, 'min_samples_split': 5, 'n_estimators': 250}"
RandomForest_cuML,"[1, 2, 3, 12, 24]","{""bootstrap"": true, ""max_depth"": null, ""max_features"": ""sqrt"", ""min_samples_leaf"": 2, ""min_samples_split"": 2, ""n_estimators"": 250}",5,15691.8298828125,4075.5785745267312,24513.760546875,5462.225923631473,5.550525093078614,2.130334680340111,1.1831403851509095,0.3074480211651938,"[1, 2, 3, 12, 24]","{'bootstrap': True, 'max_depth': None, 'max_features': 'sqrt', 'min_samples_leaf': 2, 'min_samples_split': 2, 'n_estimators': 250}"
RandomForest_cuML,"[1, 2, 3, 12, 24]","{""bootstrap"": true, ""max_depth"": 20, ""max_features"": ""sqrt"", ""min_samples_leaf"": 2, ""min_samples_split"": 5, ""n_estimators"": 250}",5,15708.0138671875,4050.653601926848,24516.4767578125,5326.71969746112,5.562922477722168,2.135124718412557,1.184258770942688,0.305175438536879,"[1, 2, 3, 12, 24]","{'bootstrap': True, 'max_depth': 20, 'max_features': 'sqrt', 'min_samples_leaf': 2, 'min_samples_split': 5, 'n_estimators': 250}"
RandomForest_cuML,"[1, 2, 3, 12, 24]","{""bootstrap"": true, ""max_depth"": 20, ""max_features"": ""sqrt"", ""min_samples_leaf"": 1, ""min_samples_split"": 5, ""n_estimators"": 250}",5,15755.4298828125,4093.8008063059838,24524.248046875,5343.282839922303,5.583523559570313,2.151147806533425,1.1879129648208617,0.3087343410518595,"[1, 2, 3, 12, 24]","{'bootstrap': True, 'max_depth': 20, 'max_features': 'sqrt', 'min_samples_leaf': 1, 'min_samples_split': 5, 'n_estimators': 250}"
RandomForest_cuML,"[1, 2, 3, 12, 24]","{""bootstrap"": true, ""max_depth"": null, ""max_features"": ""sqrt"", ""min_samples_leaf"": 1, ""min_samples_split"": 5, ""n_estimators"": 500}",5,15704.7517578125,4135.836580361913,24532.18046875,5481.481467707542,5.55969729423523,2.1550751773620225,1.1841393947601317,0.3120896046698777,"[1, 2, 3, 12, 24]","{'bootstrap': True, 'max_depth': None, 'max_features': 'sqrt', 'min_samples_leaf': 1, 'min_samples_split': 5, 'n_estimators': 500}"
RandomForest_cuML,"[1, 2, 3, 12, 24]","{""bootstrap"": true, ""max_depth"": 20, ""max_features"": ""sqrt"", ""min_samples_leaf"": 2, ""min_samples_split"": 2, ""n_estimators"": 250}",5,15728.6505859375,4092.6959235854906,24540.880078125,5465.812207065824,5.572095966339111,2.1439617368166246,1.1858869791030884,0.3086345579536089,"[1, 2, 3, 12, 24]","{'bootstrap': True, 'max_depth': 20, 'max_features': 'sqrt', 'min_samples_leaf': 2, 'min_samples_split': 2, 'n_estimators': 250}"
RandomForest_cuML,"[1, 2, 3, 12, 24]","{""bootstrap"": true, ""max_depth"": null, ""max_features"": ""sqrt"", ""min_samples_leaf"": 2, ""min_samples_split"": 5, ""n_estimators"": 500}",5,15672.3560546875,4102.95417477622,24555.9138671875,5485.2471215506,5.544218730926514,2.138981461108519,1.181669533252716,0.30950559627508295,"[1, 2, 3, 12, 24]","{'bootstrap': True, 'max_depth': None, 'max_features': 'sqrt', 'min_samples_leaf': 2, 'min_samples_split': 5, 'n_estimators': 500}"
RandomForest_cuML,"[1, 2, 3, 12, 24]","{""bootstrap"": true, ""max_depth"": 20, ""max_features"": ""sqrt"", ""min_samples_leaf"": 1, ""min_samples_split"": 5, ""n_estimators"": 500}",5,15750.4701171875,4153.284230048966,24565.7146484375,5481.4685433945115,5.583870983123779,2.169775366391963,1.1875550270080566,0.3132997215586506,"[1, 2, 3, 12, 24]","{'bootstrap': True, 'max_depth': 20, 'max_features': 'sqrt', 'min_samples_leaf': 1, 'min_samples_split': 5, 'n_estimators': 500}"
RandomForest_cuML,"[1, 2, 3, 12, 24]","{""bootstrap"": true, ""max_depth"": null, ""max_features"": ""sqrt"", ""min_samples_leaf"": 2, ""min_samples_split"": 2, ""n_estimators"": 500}",5,15680.7802734375,4113.457127808184,24568.509375,5546.2452982993545,5.548083925247193,2.1428734807792034,1.1823428273200989,0.31046373543658556,"[1, 2, 3, 12, 24]","{'bootstrap': True, 'max_depth': None, 'max_features': 'sqrt', 'min_samples_leaf': 2, 'min_samples_split': 2, 'n_estimators': 500}"
RandomForest_cuML,"[1, 2, 3, 12, 24]","{""bootstrap"": true, ""max_depth"": 20, ""max_features"": ""sqrt"", ""min_samples_leaf"": 2, ""min_samples_split"": 5, ""n_estimators"": 500}",5,15714.3072265625,4117.143076054489,24588.747265625,5484.912190411248,5.565914964675903,2.1519551151100966,1.1848013520240783,0.310470462566188,"[1, 2, 3, 12, 24]","{'bootstrap': True, 'max_depth': 20, 'max_features': 'sqrt', 'min_samples_leaf': 2, 'min_samples_split': 5, 'n_estimators': 500}"
RandomForest_cuML,"[1, 2, 3, 12, 24]","{""bootstrap"": true, ""max_depth"": 20, ""max_features"": ""sqrt"", ""min_samples_leaf"": 2, ""min_samples_split"": 2, ""n_estimators"": 500}",5,15723.93671875,4129.307105904229,24602.1552734375,5548.205965888815,5.5713746547698975,2.1561375207174787,1.1855703711509704,0.3115726271421307,"[1, 2, 3, 12, 24]","{'bootstrap': True, 'max_depth': 20, 'max_features': 'sqrt', 'min_samples_leaf': 2, 'min_samples_split': 2, 'n_estimators': 500}"
RandomForest_cuML,"[1, 12]","{""bootstrap"": true, ""max_depth"": 20, ""max_features"": ""sqrt"", ""min_samples_leaf"": 1, ""min_samples_split"": 2, ""n_estimators"": 500}",5,14127.7744140625,4189.347629103554,24629.606640625,5609.266351211354,5.046059894561767,1.7266698137177932,1.0916455864906311,0.3273585850438722,"[1, 12]","{'bootstrap': True, 'max_depth': 20, 'max_features': 'sqrt', 'min_samples_leaf': 1, 'min_samples_split': 2, 'n_estimators': 500}"
RandomForest_cuML,"[1, 2, 3, 12, 24]","{""bootstrap"": true, ""max_depth"": null, ""max_features"": ""sqrt"", ""min_samples_leaf"": 4, ""min_samples_split"": 5, ""n_estimators"": 250}",5,15683.46796875,4082.3963934195763,24720.621484375,5442.479453870921,5.537981939315796,2.138655517537844,1.1824415922164917,0.30763527855316053,"[1, 2, 3, 12, 24]","{'bootstrap': True, 'max_depth': None, 'max_features': 'sqrt', 'min_samples_leaf': 4, 'min_samples_split': 5, 'n_estimators': 250}"
RandomForest_cuML,"[1, 2, 3, 12, 24]","{""bootstrap"": true, ""max_depth"": null, ""max_features"": ""sqrt"", ""min_samples_leaf"": 4, ""min_samples_split"": 2, ""n_estimators"": 250}",5,15683.46796875,4082.3963934195763,24720.621484375,5442.479453870921,5.537981939315796,2.138655517537844,1.1824415922164917,0.30763527855316053,"[1, 2, 3, 12, 24]","{'bootstrap': True, 'max_depth': None, 'max_features': 'sqrt', 'min_samples_leaf': 4, 'min_samples_split': 2, 'n_estimators': 250}"
RandomForest_cuML,"[1, 12]","{""bootstrap"": true, ""max_depth"": 20, ""max_features"": ""sqrt"", ""min_samples_leaf"": 1, ""min_samples_split"": 5, ""n_estimators"": 500}",5,14135.744921875,4169.481084289763,24743.161328125,5714.584552675839,5.022557592391967,1.7076699880210249,1.092435884475708,0.3264712518032999,"[1, 12]","{'bootstrap': True, 'max_depth': 20, 'max_features': 'sqrt', 'min_samples_leaf': 1, 'min_samples_split': 5, 'n_estimators': 500}"
RandomForest_cuML,"[1, 2, 3, 12, 24]","{""bootstrap"": true, ""max_depth"": null, ""max_features"": ""sqrt"", ""min_samples_leaf"": 4, ""min_samples_split"": 2, ""n_estimators"": 500}",5,15651.1439453125,4101.822756751592,24745.483203125,5542.401394148288,5.5279535293579105,2.1393475544562675,1.1799912571907043,0.30905774764090493,"[1, 2, 3, 12, 24]","{'bootstrap': True, 'max_depth': None, 'max_features': 'sqrt', 'min_samples_leaf': 4, 'min_samples_split': 2, 'n_estimators': 500}"
RandomForest_cuML,"[1, 2, 3, 12, 24]","{""bootstrap"": true, ""max_depth"": null, ""max_features"": ""sqrt"", ""min_samples_leaf"": 4, ""min_samples_split"": 5, ""n_estimators"": 500}",5,15651.1439453125,4101.822756751592,24745.483203125,5542.401394148288,5.5279535293579105,2.1393475544562675,1.1799912571907043,0.30905774764090493,"[1, 2, 3, 12, 24]","{'bootstrap': True, 'max_depth': None, 'max_features': 'sqrt', 'min_samples_leaf': 4, 'min_samples_split': 5, 'n_estimators': 500}"
RandomForest_cuML,"[1, 2, 3, 12, 24]","{""bootstrap"": true, ""max_depth"": 20, ""max_features"": ""sqrt"", ""min_samples_leaf"": 4, ""min_samples_split"": 2, ""n_estimators"": 250}",5,15721.8783203125,4093.5076812310967,24748.02890625,5444.621178046908,5.557295322418213,2.147707546560214,1.1853253960609436,0.30844502430043813,"[1, 2, 3, 12, 24]","{'bootstrap': True, 'max_depth': 20, 'max_features': 'sqrt', 'min_samples_leaf': 4, 'min_samples_split': 2, 'n_estimators': 250}"
RandomForest_cuML,"[1, 2, 3, 12, 24]","{""bootstrap"": true, ""max_depth"": 20, ""max_features"": ""sqrt"", ""min_samples_leaf"": 4, ""min_samples_split"": 5, ""n_estimators"": 250}",5,15721.8783203125,4093.5076812310967,24748.02890625,5444.621178046908,5.557295322418213,2.147707546560214,1.1853253960609436,0.30844502430043813,"[1, 2, 3, 12, 24]","{'bootstrap': True, 'max_depth': 20, 'max_features': 'sqrt', 'min_samples_leaf': 4, 'min_samples_split': 5, 'n_estimators': 250}"
RandomForest_cuML,"[1, 2, 3, 12, 24]","{""bootstrap"": true, ""max_depth"": 20, ""max_features"": ""sqrt"", ""min_samples_leaf"": 4, ""min_samples_split"": 2, ""n_estimators"": 500}",5,15686.2880859375,4113.100008787089,24770.2951171875,5544.1804284287755,5.54594931602478,2.1493773593932586,1.1826253890991212,0.30986706573782197,"[1, 2, 3, 12, 24]","{'bootstrap': True, 'max_depth': 20, 'max_features': 'sqrt', 'min_samples_leaf': 4, 'min_samples_split': 2, 'n_estimators': 500}"
RandomForest_cuML,"[1, 2, 3, 12, 24]","{""bootstrap"": true, ""max_depth"": 20, ""max_features"": ""sqrt"", ""min_samples_leaf"": 4, ""min_samples_split"": 5, ""n_estimators"": 500}",5,15686.2880859375,4113.100008787089,24770.2951171875,5544.1804284287755,5.54594931602478,2.1493773593932586,1.1826253890991212,0.30986706573782197,"[1, 2, 3, 12, 24]","{'bootstrap': True, 'max_depth': 20, 'max_features': 'sqrt', 'min_samples_leaf': 4, 'min_samples_split': 5, 'n_estimators': 500}"
RandomForest_cuML,"[1, 2, 3, 12]","{""bootstrap"": true, ""max_depth"": 10, ""max_features"": ""sqrt"", ""min_samples_leaf"": 2, ""min_samples_split"": 2, ""n_estimators"": 250}",5,15566.8509765625,4373.877796625537,24886.21640625,5147.353988695992,5.51650915145874,2.1467959985952545,1.2030291438102723,0.34155605240039116,"[1, 2, 3, 12]","{'bootstrap': True, 'max_depth': 10, 'max_features': 'sqrt', 'min_samples_leaf': 2, 'min_samples_split': 2, 'n_estimators': 250}"
RandomForest_cuML,"[1, 2, 3, 12]","{""bootstrap"": true, ""max_depth"": 10, ""max_features"": ""sqrt"", ""min_samples_leaf"": 1, ""min_samples_split"": 2, ""n_estimators"": 250}",5,15551.7029296875,4371.330859816388,24896.8578125,5182.756949181268,5.5098470687866214,2.158208575800202,1.201721203327179,0.34081956251465173,"[1, 2, 3, 12]","{'bootstrap': True, 'max_depth': 10, 'max_features': 'sqrt', 'min_samples_leaf': 1, 'min_samples_split': 2, 'n_estimators': 250}"
RandomForest_cuML,"[1, 2, 3, 12]","{""bootstrap"": true, ""max_depth"": 10, ""max_features"": ""sqrt"", ""min_samples_leaf"": 1, ""min_samples_split"": 2, ""n_estimators"": 500}",5,15642.484375,4302.94003543294,24897.23828125,5131.605804646266,5.528973484039307,2.142309375497794,1.208834719657898,0.3359050917816756,"[1, 2, 3, 12]","{'bootstrap': True, 'max_depth': 10, 'max_features': 'sqrt', 'min_samples_leaf': 1, 'min_samples_split': 2, 'n_estimators': 500}"
RandomForest_cuML,"[1, 2, 3, 12]","{""bootstrap"": true, ""max_depth"": 10, ""max_features"": ""sqrt"", ""min_samples_leaf"": 1, ""min_samples_split"": 5, ""n_estimators"": 500}",5,15635.2958984375,4349.818655690191,24908.590625,5230.227939294177,5.527917909622192,2.160202911469983,1.2083990335464478,0.3400328611351413,"[1, 2, 3, 12]","{'bootstrap': True, 'max_depth': 10, 'max_features': 'sqrt', 'min_samples_leaf': 1, 'min_samples_split': 5, 'n_estimators': 500}"
RandomForest_cuML,"[1, 12]","{""bootstrap"": true, ""max_depth"": 20, ""max_features"": ""sqrt"", ""min_samples_leaf"": 1, ""min_samples_split"": 2, ""n_estimators"": 250}",5,14380.365234375,4105.415914379382,24911.8015625,5917.464874946351,5.122046279907226,1.686607942064387,1.111339282989502,0.3219218603244424,"[1, 12]","{'bootstrap': True, 'max_depth': 20, 'max_features': 'sqrt', 'min_samples_leaf': 1, 'min_samples_split': 2, 'n_estimators': 250}"
RandomForest_cuML,"[1, 2, 3, 12]","{""bootstrap"": true, ""max_depth"": 10, ""max_features"": ""sqrt"", ""min_samples_leaf"": 2, ""min_samples_split"": 5, ""n_estimators"": 500}",5,15624.001171875,4347.492506045408,24932.69296875,5179.979565313419,5.52219524383545,2.1521574813355895,1.207470965385437,0.3396261365772894,"[1, 2, 3, 12]","{'bootstrap': True, 'max_depth': 10, 'max_features': 'sqrt', 'min_samples_leaf': 2, 'min_samples_split': 5, 'n_estimators': 500}"
RandomForest_cuML,"[1, 12]","{""bootstrap"": true, ""max_depth"": null, ""max_features"": ""sqrt"", ""min_samples_leaf"": 1, ""min_samples_split"": 2, ""n_estimators"": 500}",5,14483.9416015625,4234.618976884905,24965.0515625,5753.891385149446,5.177200651168823,1.6892038601320742,1.1195219993591308,0.33263703928805166,"[1, 12]","{'bootstrap': True, 'max_depth': None, 'max_features': 'sqrt', 'min_samples_leaf': 1, 'min_samples_split': 2, 'n_estimators': 500}"
RandomForest_cuML,"[1, 2, 3, 12]","{""bootstrap"": true, ""max_depth"": 10, ""max_features"": ""sqrt"", ""min_samples_leaf"": 2, ""min_samples_split"": 5, ""n_estimators"": 250}",5,15606.3779296875,4366.175486591397,24991.858203125,5092.203122369372,5.522214794158936,2.1504986919140343,1.2061154961585998,0.34114238307802686,"[1, 2, 3, 12]","{'bootstrap': True, 'max_depth': 10, 'max_features': 'sqrt', 'min_samples_leaf': 2, 'min_samples_split': 5, 'n_estimators': 250}"
RandomForest_cuML,"[1, 2, 3, 12]","{""bootstrap"": true, ""max_depth"": 10, ""max_features"": ""sqrt"", ""min_samples_leaf"": 1, ""min_samples_split"": 5, ""n_estimators"": 250}",5,15632.916015625,4354.244248120288,25001.37578125,5142.290396997906,5.527542924880981,2.1584222963705475,1.2082030773162842,0.3403807982099599,"[1, 2, 3, 12]","{'bootstrap': True, 'max_depth': 10, 'max_features': 'sqrt', 'min_samples_leaf': 1, 'min_samples_split': 5, 'n_estimators': 250}"
RandomForest_cuML,"[1, 2, 3, 12]","{""bootstrap"": true, ""max_depth"": 10, ""max_features"": ""sqrt"", ""min_samples_leaf"": 2, ""min_samples_split"": 2, ""n_estimators"": 500}",5,15678.2078125,4364.964099200318,25002.962890625,5267.029251021029,5.5343608379364015,2.145913818563227,1.2117903113365174,0.3414669903997841,"[1, 2, 3, 12]","{'bootstrap': True, 'max_depth': 10, 'max_features': 'sqrt', 'min_samples_leaf': 2, 'min_samples_split': 2, 'n_estimators': 500}"
RandomForest_cuML,"[1, 12]","{""bootstrap"": true, ""max_depth"": null, ""max_features"": ""sqrt"", ""min_samples_leaf"": 1, ""min_samples_split"": 5, ""n_estimators"": 500}",5,14452.3689453125,4215.077887792237,25043.500390625,5828.996480301556,5.144170761108398,1.6783190384887139,1.1171790480613708,0.33143768375475485,"[1, 12]","{'bootstrap': True, 'max_depth': None, 'max_features': 'sqrt', 'min_samples_leaf': 1, 'min_samples_split': 5, 'n_estimators': 500}"
RandomForest_cuML,"[1, 12]","{""bootstrap"": true, ""max_depth"": 20, ""max_features"": ""sqrt"", ""min_samples_leaf"": 2, ""min_samples_split"": 2, ""n_estimators"": 500}",5,14122.354296875,4179.358457091051,25055.87734375,5684.11326666253,5.003646564483643,1.6936650011497978,1.091201949119568,0.32643717867710415,"[1, 12]","{'bootstrap': True, 'max_depth': 20, 'max_features': 'sqrt', 'min_samples_leaf': 2, 'min_samples_split': 2, 'n_estimators': 500}"
RandomForest_cuML,"[1, 12]","{""bootstrap"": true, ""max_depth"": 20, ""max_features"": ""sqrt"", ""min_samples_leaf"": 2, ""min_samples_split"": 5, ""n_estimators"": 500}",5,14179.9421875,4234.8141171756415,25137.387109375,5814.740562900932,5.027151298522949,1.7113767257569525,1.0960410356521606,0.33230178715175773,"[1, 12]","{'bootstrap': True, 'max_depth': 20, 'max_features': 'sqrt', 'min_samples_leaf': 2, 'min_samples_split': 5, 'n_estimators': 500}"
RandomForest_cuML,"[1, 12]","{""bootstrap"": true, ""max_depth"": 20, ""max_features"": ""sqrt"", ""min_samples_leaf"": 1, ""min_samples_split"": 5, ""n_estimators"": 250}",5,14330.637109375,4147.684880598814,25183.637109375,5971.7221988348165,5.066869068145752,1.6894685738164597,1.1075783371925354,0.3253669939801737,"[1, 12]","{'bootstrap': True, 'max_depth': 20, 'max_features': 'sqrt', 'min_samples_leaf': 1, 'min_samples_split': 5, 'n_estimators': 250}"
RandomForest_cuML,"[1, 2, 3, 12]","{""bootstrap"": true, ""max_depth"": 10, ""max_features"": ""sqrt"", ""min_samples_leaf"": 4, ""min_samples_split"": 2, ""n_estimators"": 250}",5,15569.3712890625,4367.101444581108,25188.695703125,5145.241542111811,5.50306658744812,2.1474270859653988,1.2031530022621155,0.34079591780996843,"[1, 2, 3, 12]","{'bootstrap': True, 'max_depth': 10, 'max_features': 'sqrt', 'min_samples_leaf': 4, 'min_samples_split': 2, 'n_estimators': 250}"
RandomForest_cuML,"[1, 2, 3, 12]","{""bootstrap"": true, ""max_depth"": 10, ""max_features"": ""sqrt"", ""min_samples_leaf"": 4, ""min_samples_split"": 5, ""n_estimators"": 250}",5,15569.3712890625,4367.101444581108,25188.695703125,5145.241542111811,5.50306658744812,2.1474270859653988,1.2031530022621155,0.34079591780996843,"[1, 2, 3, 12]","{'bootstrap': True, 'max_depth': 10, 'max_features': 'sqrt', 'min_samples_leaf': 4, 'min_samples_split': 5, 'n_estimators': 250}"
RandomForest_cuML,"[1, 2, 3, 12]","{""bootstrap"": true, ""max_depth"": 10, ""max_features"": ""sqrt"", ""min_samples_leaf"": 4, ""min_samples_split"": 2, ""n_estimators"": 500}",5,15632.495703125,4343.674345983024,25207.340625,5229.026760837801,5.514164543151855,2.1489771704424006,1.2080528736114502,0.3390168276252466,"[1, 2, 3, 12]","{'bootstrap': True, 'max_depth': 10, 'max_features': 'sqrt', 'min_samples_leaf': 4, 'min_samples_split': 2, 'n_estimators': 500}"
RandomForest_cuML,"[1, 2, 3, 12]","{""bootstrap"": true, ""max_depth"": 10, ""max_features"": ""sqrt"", ""min_samples_leaf"": 4, ""min_samples_split"": 5, ""n_estimators"": 500}",5,15632.495703125,4343.674345983024,25207.340625,5229.026760837801,5.514164543151855,2.1489771704424006,1.2080528736114502,0.3390168276252466,"[1, 2, 3, 12]","{'bootstrap': True, 'max_depth': 10, 'max_features': 'sqrt', 'min_samples_leaf': 4, 'min_samples_split': 5, 'n_estimators': 500}"
RandomForest_cuML,"[1, 12]","{""bootstrap"": true, ""max_depth"": null, ""max_features"": ""sqrt"", ""min_samples_leaf"": 1, ""min_samples_split"": 2, ""n_estimators"": 250}",5,14755.811328125,4198.587629639164,25267.953125,6069.518113081217,5.2637348651885985,1.6670304806064788,1.1407371401786803,0.3312577051952355,"[1, 12]","{'bootstrap': True, 'max_depth': None, 'max_features': 'sqrt', 'min_samples_leaf': 1, 'min_samples_split': 2, 'n_estimators': 250}"
RandomForest_cuML,"[1, 12]","{""bootstrap"": true, ""max_depth"": null, ""max_features"": ""sqrt"", ""min_samples_leaf"": 2, ""min_samples_split"": 2, ""n_estimators"": 500}",5,14443.994140625,4220.746706741565,25333.43359375,5804.628962818413,5.129673814773559,1.6603826618299284,1.1162081360816956,0.3305823730698328,"[1, 12]","{'bootstrap': True, 'max_depth': None, 'max_features': 'sqrt', 'min_samples_leaf': 2, 'min_samples_split': 2, 'n_estimators': 500}"
RandomForest_cuML,"[1, 12]","{""bootstrap"": true, ""max_depth"": 20, ""max_features"": ""sqrt"", ""min_samples_leaf"": 2, ""min_samples_split"": 2, ""n_estimators"": 250}",5,14271.62421875,4174.93045697898,25338.4859375,5740.826781331243,5.0309065818786625,1.6889231486104006,1.1026642799377442,0.3258667977989892,"[1, 12]","{'bootstrap': True, 'max_depth': 20, 'max_features': 'sqrt', 'min_samples_leaf': 2, 'min_samples_split': 2, 'n_estimators': 250}"
RandomForest_cuML,"[1, 2, 3, 12]","{""bootstrap"": true, ""max_depth"": null, ""max_features"": ""sqrt"", ""min_samples_leaf"": 2, ""min_samples_split"": 2, ""n_estimators"": 250}",5,16151.52421875,4219.462303532417,25343.57421875,5081.932143614063,5.756174802780151,2.2341414150717434,1.2483784317970277,0.33063109416829406,"[1, 2, 3, 12]","{'bootstrap': True, 'max_depth': None, 'max_features': 'sqrt', 'min_samples_leaf': 2, 'min_samples_split': 2, 'n_estimators': 250}"
RandomForest_cuML,"[1, 2, 3, 12]","{""bootstrap"": true, ""max_depth"": null, ""max_features"": ""sqrt"", ""min_samples_leaf"": 1, ""min_samples_split"": 2, ""n_estimators"": 500}",5,16216.6056640625,4217.97275254869,25347.151953125,5133.128710948124,5.771482610702515,2.249870413997093,1.2534539341926574,0.3307066109037022,"[1, 2, 3, 12]","{'bootstrap': True, 'max_depth': None, 'max_features': 'sqrt', 'min_samples_leaf': 1, 'min_samples_split': 2, 'n_estimators': 500}"
RandomForest_cuML,"[1, 2, 3, 12]","{""bootstrap"": true, ""max_depth"": null, ""max_features"": ""sqrt"", ""min_samples_leaf"": 2, ""min_samples_split"": 5, ""n_estimators"": 500}",5,16177.02265625,4223.249069202157,25358.79296875,5156.157619208802,5.760251235961914,2.2423625051669744,1.2503992676734925,0.33111371835516706,"[1, 2, 3, 12]","{'bootstrap': True, 'max_depth': None, 'max_features': 'sqrt', 'min_samples_leaf': 2, 'min_samples_split': 5, 'n_estimators': 500}"
RandomForest_cuML,"[1, 2, 3, 12]","{""bootstrap"": true, ""max_depth"": 20, ""max_features"": ""sqrt"", ""min_samples_leaf"": 2, ""min_samples_split"": 2, ""n_estimators"": 250}",5,16188.7619140625,4228.972671117425,25369.402734375,5087.232473932591,5.77437686920166,2.245618859629524,1.2512295126914978,0.33128571491485814,"[1, 2, 3, 12]","{'bootstrap': True, 'max_depth': 20, 'max_features': 'sqrt', 'min_samples_leaf': 2, 'min_samples_split': 2, 'n_estimators': 250}"
RandomForest_cuML,"[1, 2, 3, 12]","{""bootstrap"": true, ""max_depth"": 20, ""max_features"": ""sqrt"", ""min_samples_leaf"": 1, ""min_samples_split"": 2, ""n_estimators"": 500}",5,16254.1484375,4233.807628639039,25375.278515625,5131.4860216799125,5.791832733154297,2.2661200746140473,1.2563388347625732,0.3318821660033706,"[1, 2, 3, 12]","{'bootstrap': True, 'max_depth': 20, 'max_features': 'sqrt', 'min_samples_leaf': 1, 'min_samples_split': 2, 'n_estimators': 500}"
RandomForest_cuML,"[1, 2, 3, 12]","{""bootstrap"": true, ""max_depth"": null, ""max_features"": ""sqrt"", ""min_samples_leaf"": 1, ""min_samples_split"": 5, ""n_estimators"": 500}",5,16234.3896484375,4219.330450593311,25377.105859375,5198.82501960634,5.776804780960083,2.241087509748924,1.2549850225448609,0.3315209254235911,"[1, 2, 3, 12]","{'bootstrap': True, 'max_depth': None, 'max_features': 'sqrt', 'min_samples_leaf': 1, 'min_samples_split': 5, 'n_estimators': 500}"
RandomForest_cuML,"[1, 2, 3, 12]","{""bootstrap"": true, ""max_depth"": null, ""max_features"": ""sqrt"", ""min_samples_leaf"": 1, ""min_samples_split"": 2, ""n_estimators"": 250}",5,16149.22578125,4259.543573285911,25378.735546875,5098.442026602473,5.75847864151001,2.2623333933295156,1.2481126666069031,0.3333511317913155,"[1, 2, 3, 12]","{'bootstrap': True, 'max_depth': None, 'max_features': 'sqrt', 'min_samples_leaf': 1, 'min_samples_split': 2, 'n_estimators': 250}"
RandomForest_cuML,"[1, 2, 3, 12]","{""bootstrap"": true, ""max_depth"": 20, ""max_features"": ""sqrt"", ""min_samples_leaf"": 2, ""min_samples_split"": 5, ""n_estimators"": 500}",5,16214.9126953125,4235.2393504843985,25391.296875,5167.887503991177,5.778877449035645,2.2542033765908114,1.2533353447914124,0.33210147266940876,"[1, 2, 3, 12]","{'bootstrap': True, 'max_depth': 20, 'max_features': 'sqrt', 'min_samples_leaf': 2, 'min_samples_split': 5, 'n_estimators': 500}"
RandomForest_cuML,"[1, 12]","{""bootstrap"": true, ""max_depth"": null, ""max_features"": ""sqrt"", ""min_samples_leaf"": 2, ""min_samples_split"": 5, ""n_estimators"": 500}",5,14456.7009765625,4290.157692444281,25400.0421875,5934.7118503343745,5.129706764221192,1.6905734076790448,1.117561137676239,0.3374155583300682,"[1, 12]","{'bootstrap': True, 'max_depth': None, 'max_features': 'sqrt', 'min_samples_leaf': 2, 'min_samples_split': 5, 'n_estimators': 500}"
RandomForest_cuML,"[1, 2, 3, 12]","{""bootstrap"": true, ""max_depth"": 20, ""max_features"": ""sqrt"", ""min_samples_leaf"": 1, ""min_samples_split"": 5, ""n_estimators"": 500}",5,16273.7935546875,4234.500420805624,25406.77109375,5206.738476553594,5.797273397445679,2.2556032885203083,1.258034062385559,0.3327328376775072,"[1, 2, 3, 12]","{'bootstrap': True, 'max_depth': 20, 'max_features': 'sqrt', 'min_samples_leaf': 1, 'min_samples_split': 5, 'n_estimators': 500}"
RandomForest_cuML,"[1, 2, 3, 12]","{""bootstrap"": true, ""max_depth"": 20, ""max_features"": ""sqrt"", ""min_samples_leaf"": 1, ""min_samples_split"": 2, ""n_estimators"": 250}",5,16189.36171875,4274.5446476907955,25410.73203125,5091.508715629966,5.780051183700562,2.278066964549317,1.2511932730674744,0.33444020437209704,"[1, 2, 3, 12]","{'bootstrap': True, 'max_depth': 20, 'max_features': 'sqrt', 'min_samples_leaf': 1, 'min_samples_split': 2, 'n_estimators': 250}"
RandomForest_cuML,"[1, 2, 3, 12]","{""bootstrap"": true, ""max_depth"": null, ""max_features"": ""sqrt"", ""min_samples_leaf"": 2, ""min_samples_split"": 5, ""n_estimators"": 250}",5,16156.3041015625,4233.5342174730395,25416.362890625,5006.359525974016,5.760182237625122,2.2476792761438076,1.2487090706825257,0.33158760401649406,"[1, 2, 3, 12]","{'bootstrap': True, 'max_depth': None, 'max_features': 'sqrt', 'min_samples_leaf': 2, 'min_samples_split': 5, 'n_estimators': 250}"
RandomForest_cuML,"[1, 2, 3, 12]","{""bootstrap"": true, ""max_depth"": null, ""max_features"": ""sqrt"", ""min_samples_leaf"": 2, ""min_samples_split"": 2, ""n_estimators"": 500}",5,16231.2705078125,4237.277091828551,25422.069921875,5222.2518949174055,5.769860696792603,2.2378578065258603,1.254695963859558,0.3326315883888062,"[1, 2, 3, 12]","{'bootstrap': True, 'max_depth': None, 'max_features': 'sqrt', 'min_samples_leaf': 2, 'min_samples_split': 2, 'n_estimators': 500}"
RandomForest_cuML,"[1, 2, 3, 12]","{""bootstrap"": true, ""max_depth"": 20, ""max_features"": ""sqrt"", ""min_samples_leaf"": 2, ""min_samples_split"": 2, ""n_estimators"": 500}",5,16265.2908203125,4247.246477245204,25445.455859375,5224.110290344455,5.787266635894776,2.2505445831265916,1.2573092818260192,0.33336581143498817,"[1, 2, 3, 12]","{'bootstrap': True, 'max_depth': 20, 'max_features': 'sqrt', 'min_samples_leaf': 2, 'min_samples_split': 2, 'n_estimators': 500}"
RandomForest_cuML,"[1, 2, 3, 12]","{""bootstrap"": true, ""max_depth"": 20, ""max_features"": ""sqrt"", ""min_samples_leaf"": 2, ""min_samples_split"": 5, ""n_estimators"": 250}",5,16201.4306640625,4239.727993582666,25460.08984375,5021.815464495138,5.780805778503418,2.2562537314205158,1.2522149085998535,0.33217646105899423,"[1, 2, 3, 12]","{'bootstrap': True, 'max_depth': 20, 'max_features': 'sqrt', 'min_samples_leaf': 2, 'min_samples_split': 5, 'n_estimators': 250}"
RandomForest_cuML,"[1, 2, 3, 12]","{""bootstrap"": true, ""max_depth"": null, ""max_features"": ""sqrt"", ""min_samples_leaf"": 1, ""min_samples_split"": 5, ""n_estimators"": 250}",5,16234.5107421875,4219.31993343757,25479.271484375,5104.234566823038,5.778169727325439,2.2431469118319862,1.2548875570297242,0.3311418147150137,"[1, 2, 3, 12]","{'bootstrap': True, 'max_depth': None, 'max_features': 'sqrt', 'min_samples_leaf': 1, 'min_samples_split': 5, 'n_estimators': 250}"
RandomForest_cuML,"[1, 2, 3, 12]","{""bootstrap"": true, ""max_depth"": 20, ""max_features"": ""sqrt"", ""min_samples_leaf"": 1, ""min_samples_split"": 5, ""n_estimators"": 250}",5,16275.8302734375,4236.675954640186,25508.28125,5119.257001140755,5.799408388137818,2.2578947755272383,1.2580968737602234,0.3325689727020377,"[1, 2, 3, 12]","{'bootstrap': True, 'max_depth': 20, 'max_features': 'sqrt', 'min_samples_leaf': 1, 'min_samples_split': 5, 'n_estimators': 250}"
RandomForest_cuML,"[1, 12]","{""bootstrap"": true, ""max_depth"": null, ""max_features"": ""sqrt"", ""min_samples_leaf"": 1, ""min_samples_split"": 5, ""n_estimators"": 250}",5,14686.41484375,4219.199287119128,25510.22734375,6087.181139689176,5.201076889038086,1.6685211542030445,1.1353142261505127,0.3323424279125629,"[1, 12]","{'bootstrap': True, 'max_depth': None, 'max_features': 'sqrt', 'min_samples_leaf': 1, 'min_samples_split': 5, 'n_estimators': 250}"
RandomForest_cuML,"[1, 2, 3, 12]","{""bootstrap"": true, ""max_depth"": null, ""max_features"": ""sqrt"", ""min_samples_leaf"": 4, ""min_samples_split"": 2, ""n_estimators"": 500}",5,16174.5322265625,4210.434546098977,25606.380859375,5156.241962265316,5.742984485626221,2.228526922456928,1.2500847458839417,0.32956828928690735,"[1, 2, 3, 12]","{'bootstrap': True, 'max_depth': None, 'max_features': 'sqrt', 'min_samples_leaf': 4, 'min_samples_split': 2, 'n_estimators': 500}"
RandomForest_cuML,"[1, 2, 3, 12]","{""bootstrap"": true, ""max_depth"": null, ""max_features"": ""sqrt"", ""min_samples_leaf"": 4, ""min_samples_split"": 5, ""n_estimators"": 500}",5,16174.5322265625,4210.434546098977,25606.380859375,5156.241962265316,5.742984485626221,2.228526922456928,1.2500847458839417,0.32956828928690735,"[1, 2, 3, 12]","{'bootstrap': True, 'max_depth': None, 'max_features': 'sqrt', 'min_samples_leaf': 4, 'min_samples_split': 5, 'n_estimators': 500}"
RandomForest_cuML,"[1, 12]","{""bootstrap"": true, ""max_depth"": null, ""max_features"": ""sqrt"", ""min_samples_leaf"": 2, ""min_samples_split"": 2, ""n_estimators"": 250}",5,14590.534765625,4226.633818895642,25614.5078125,5861.063224798049,5.159441900253296,1.6579112054613827,1.1274940729141236,0.33096901491001407,"[1, 12]","{'bootstrap': True, 'max_depth': None, 'max_features': 'sqrt', 'min_samples_leaf': 2, 'min_samples_split': 2, 'n_estimators': 250}"
RandomForest_cuML,"[1, 12]","{""bootstrap"": true, ""max_depth"": 20, ""max_features"": ""sqrt"", ""min_samples_leaf"": 2, ""min_samples_split"": 5, ""n_estimators"": 250}",5,14414.419921875,4209.323997768627,25620.813671875,6048.4428621501565,5.084650182723999,1.6930903087119635,1.1143913745880127,0.3314904316316629,"[1, 12]","{'bootstrap': True, 'max_depth': 20, 'max_features': 'sqrt', 'min_samples_leaf': 2, 'min_samples_split': 5, 'n_estimators': 250}"
RandomForest_cuML,"[1, 2, 3, 12]","{""bootstrap"": true, ""max_depth"": null, ""max_features"": ""sqrt"", ""min_samples_leaf"": 4, ""min_samples_split"": 5, ""n_estimators"": 250}",5,16145.040625,4231.884214781561,25625.89140625,5079.903913837358,5.737818050384521,2.235140556119451,1.2477442622184753,0.3310298453954865,"[1, 2, 3, 12]","{'bootstrap': True, 'max_depth': None, 'max_features': 'sqrt', 'min_samples_leaf': 4, 'min_samples_split': 5, 'n_estimators': 250}"
RandomForest_cuML,"[1, 2, 3, 12]","{""bootstrap"": true, ""max_depth"": null, ""max_features"": ""sqrt"", ""min_samples_leaf"": 4, ""min_samples_split"": 2, ""n_estimators"": 250}",5,16145.040625,4231.884214781561,25625.89140625,5079.903913837358,5.737818050384521,2.235140556119451,1.2477442622184753,0.3310298453954865,"[1, 2, 3, 12]","{'bootstrap': True, 'max_depth': None, 'max_features': 'sqrt', 'min_samples_leaf': 4, 'min_samples_split': 2, 'n_estimators': 250}"
RandomForest_cuML,"[1, 2, 3, 12]","{""bootstrap"": true, ""max_depth"": 20, ""max_features"": ""sqrt"", ""min_samples_leaf"": 4, ""min_samples_split"": 5, ""n_estimators"": 500}",5,16208.2669921875,4217.059663625148,25630.762109375,5161.437499758211,5.758584213256836,2.2378912033327665,1.2527042150497436,0.33015426312252644,"[1, 2, 3, 12]","{'bootstrap': True, 'max_depth': 20, 'max_features': 'sqrt', 'min_samples_leaf': 4, 'min_samples_split': 5, 'n_estimators': 500}"
RandomForest_cuML,"[1, 2, 3, 12]","{""bootstrap"": true, ""max_depth"": 20, ""max_features"": ""sqrt"", ""min_samples_leaf"": 4, ""min_samples_split"": 2, ""n_estimators"": 500}",5,16208.2669921875,4217.059663625148,25630.762109375,5161.437499758211,5.758584213256836,2.2378912033327665,1.2527042150497436,0.33015426312252644,"[1, 2, 3, 12]","{'bootstrap': True, 'max_depth': 20, 'max_features': 'sqrt', 'min_samples_leaf': 4, 'min_samples_split': 2, 'n_estimators': 500}"
RandomForest_cuML,"[1, 2, 3, 12]","{""bootstrap"": true, ""max_depth"": 20, ""max_features"": ""sqrt"", ""min_samples_leaf"": 4, ""min_samples_split"": 2, ""n_estimators"": 250}",5,16180.176171875,4237.4659086095335,25652.7796875,5088.3034564353975,5.753598594665528,2.2434994686907412,1.250486922264099,0.33160076661674204,"[1, 2, 3, 12]","{'bootstrap': True, 'max_depth': 20, 'max_features': 'sqrt', 'min_samples_leaf': 4, 'min_samples_split': 2, 'n_estimators': 250}"
RandomForest_cuML,"[1, 2, 3, 12]","{""bootstrap"": true, ""max_depth"": 20, ""max_features"": ""sqrt"", ""min_samples_leaf"": 4, ""min_samples_split"": 5, ""n_estimators"": 250}",5,16180.176171875,4237.4659086095335,25652.7796875,5088.3034564353975,5.753598594665528,2.2434994686907412,1.250486922264099,0.33160076661674204,"[1, 2, 3, 12]","{'bootstrap': True, 'max_depth': 20, 'max_features': 'sqrt', 'min_samples_leaf': 4, 'min_samples_split': 5, 'n_estimators': 250}"
RandomForest_cuML,"[1, 12]","{""bootstrap"": true, ""max_depth"": null, ""max_features"": ""sqrt"", ""min_samples_leaf"": 2, ""min_samples_split"": 5, ""n_estimators"": 250}",5,14715.6150390625,4294.050436404432,25922.361328125,6195.476676675511,5.196405935287475,1.6799016723416111,1.1379302382469176,0.3395310462229654,"[1, 12]","{'bootstrap': True, 'max_depth': None, 'max_features': 'sqrt', 'min_samples_leaf': 2, 'min_samples_split': 5, 'n_estimators': 250}"
RandomForest_cuML,"[1, 2, 3, 4, 5, 6, 12, 24]","{""bootstrap"": true, ""max_depth"": null, ""max_features"": ""sqrt"", ""min_samples_leaf"": 1, ""min_samples_split"": 5, ""n_estimators"": 500}",5,16764.601953125,4343.076480486841,26303.293359375,5947.851530910017,5.896545696258545,2.3015077210077313,1.2643626570701598,0.32934819154749656,"[1, 2, 3, 4, 5, 6, 12, 24]","{'bootstrap': True, 'max_depth': None, 'max_features': 'sqrt', 'min_samples_leaf': 1, 'min_samples_split': 5, 'n_estimators': 500}"
RandomForest_cuML,"[1, 2, 3, 4, 5, 6, 12, 24]","{""bootstrap"": true, ""max_depth"": 20, ""max_features"": ""sqrt"", ""min_samples_leaf"": 1, ""min_samples_split"": 5, ""n_estimators"": 500}",5,16772.62734375,4345.509572343299,26306.1796875,5947.632742456571,5.9014966011047365,2.3031108208425857,1.2649658560752868,0.3295356881385586,"[1, 2, 3, 4, 5, 6, 12, 24]","{'bootstrap': True, 'max_depth': 20, 'max_features': 'sqrt', 'min_samples_leaf': 1, 'min_samples_split': 5, 'n_estimators': 500}"
RandomForest_cuML,"[1, 12]","{""bootstrap"": true, ""max_depth"": 20, ""max_features"": ""sqrt"", ""min_samples_leaf"": 4, ""min_samples_split"": 2, ""n_estimators"": 500}",5,14354.9578125,4251.0561001893175,26312.574609375,6004.872742599666,5.04621319770813,1.6738645334109492,1.1094781041145325,0.3332159175893121,"[1, 12]","{'bootstrap': True, 'max_depth': 20, 'max_features': 'sqrt', 'min_samples_leaf': 4, 'min_samples_split': 2, 'n_estimators': 500}"
RandomForest_cuML,"[1, 12]","{""bootstrap"": true, ""max_depth"": 20, ""max_features"": ""sqrt"", ""min_samples_leaf"": 4, ""min_samples_split"": 5, ""n_estimators"": 500}",5,14354.9578125,4251.0561001893175,26312.574609375,6004.872742599666,5.04621319770813,1.6738645334109492,1.1094781041145325,0.3332159175893121,"[1, 12]","{'bootstrap': True, 'max_depth': 20, 'max_features': 'sqrt', 'min_samples_leaf': 4, 'min_samples_split': 5, 'n_estimators': 500}"
RandomForest_cuML,"[1, 2, 3, 4, 5, 6, 12, 24]","{""bootstrap"": true, ""max_depth"": 10, ""max_features"": ""sqrt"", ""min_samples_leaf"": 1, ""min_samples_split"": 5, ""n_estimators"": 500}",5,16602.4052734375,4242.623104984394,26313.209765625,5912.530075253633,5.798510551452637,2.231239580289335,1.252270805835724,0.32223454862916434,"[1, 2, 3, 4, 5, 6, 12, 24]","{'bootstrap': True, 'max_depth': 10, 'max_features': 'sqrt', 'min_samples_leaf': 1, 'min_samples_split': 5, 'n_estimators': 500}"
RandomForest_cuML,"[1, 2, 3, 4, 5, 6, 12, 24]","{""bootstrap"": true, ""max_depth"": 10, ""max_features"": ""sqrt"", ""min_samples_leaf"": 1, ""min_samples_split"": 2, ""n_estimators"": 500}",5,16604.0806640625,4245.3563432280225,26330.775390625,5996.231480633906,5.7990375518798825,2.226118483965676,1.2523584604263305,0.32225822410789606,"[1, 2, 3, 4, 5, 6, 12, 24]","{'bootstrap': True, 'max_depth': 10, 'max_features': 'sqrt', 'min_samples_leaf': 1, 'min_samples_split': 2, 'n_estimators': 500}"
RandomForest_cuML,"[1, 2, 3, 4, 5, 6, 12, 24]","{""bootstrap"": true, ""max_depth"": 10, ""max_features"": ""sqrt"", ""min_samples_leaf"": 2, ""min_samples_split"": 5, ""n_estimators"": 500}",5,16601.5416015625,4230.821318212423,26331.02890625,5937.841792434369,5.7963454246521,2.2248094642121243,1.2522090673446655,0.32137078982553474,"[1, 2, 3, 4, 5, 6, 12, 24]","{'bootstrap': True, 'max_depth': 10, 'max_features': 'sqrt', 'min_samples_leaf': 2, 'min_samples_split': 5, 'n_estimators': 500}"
RandomForest_cuML,"[1, 2, 3, 4, 5, 6, 12, 24]","{""bootstrap"": true, ""max_depth"": null, ""max_features"": ""sqrt"", ""min_samples_leaf"": 1, ""min_samples_split"": 2, ""n_estimators"": 500}",5,16773.8611328125,4362.708314035139,26341.303515625,6041.011023344596,5.898800373077393,2.303355521247691,1.2650245308876038,0.33064728856606146,"[1, 2, 3, 4, 5, 6, 12, 24]","{'bootstrap': True, 'max_depth': None, 'max_features': 'sqrt', 'min_samples_leaf': 1, 'min_samples_split': 2, 'n_estimators': 500}"
RandomForest_cuML,"[1, 2, 3, 4, 5, 6, 12, 24]","{""bootstrap"": true, ""max_depth"": 20, ""max_features"": ""sqrt"", ""min_samples_leaf"": 1, ""min_samples_split"": 2, ""n_estimators"": 500}",5,16784.187109375,4364.01862358715,26348.56796875,6040.395470831921,5.904334259033203,2.305099734597758,1.2657968163490296,0.3307334493408079,"[1, 2, 3, 4, 5, 6, 12, 24]","{'bootstrap': True, 'max_depth': 20, 'max_features': 'sqrt', 'min_samples_leaf': 1, 'min_samples_split': 2, 'n_estimators': 500}"
RandomForest_cuML,"[1, 2, 3, 4, 5, 6, 12, 24]","{""bootstrap"": true, ""max_depth"": null, ""max_features"": ""sqrt"", ""min_samples_leaf"": 2, ""min_samples_split"": 5, ""n_estimators"": 500}",5,16771.9044921875,4337.331018873375,26349.969921875,5989.222627946337,5.895417308807373,2.2971784586138346,1.264902448654175,0.3288766319656377,"[1, 2, 3, 4, 5, 6, 12, 24]","{'bootstrap': True, 'max_depth': None, 'max_features': 'sqrt', 'min_samples_leaf': 2, 'min_samples_split': 5, 'n_estimators': 500}"
RandomForest_cuML,"[1, 2, 3, 4, 5, 6, 12, 24]","{""bootstrap"": true, ""max_depth"": 20, ""max_features"": ""sqrt"", ""min_samples_leaf"": 2, ""min_samples_split"": 5, ""n_estimators"": 500}",5,16778.7994140625,4340.373926636888,26353.53359375,5991.834374175558,5.899624538421631,2.298706332066133,1.2654201149940492,0.3291048785253132,"[1, 2, 3, 4, 5, 6, 12, 24]","{'bootstrap': True, 'max_depth': 20, 'max_features': 'sqrt', 'min_samples_leaf': 2, 'min_samples_split': 5, 'n_estimators': 500}"
RandomForest_cuML,"[1, 2, 3, 4, 5, 6, 12, 24]","{""bootstrap"": true, ""max_depth"": 10, ""max_features"": ""sqrt"", ""min_samples_leaf"": 2, ""min_samples_split"": 2, ""n_estimators"": 500}",5,16622.426171875,4242.305051097644,26404.701953125,6012.073047789431,5.801117706298828,2.225108298012239,1.2538133621215821,0.32234495914173716,"[1, 2, 3, 4, 5, 6, 12, 24]","{'bootstrap': True, 'max_depth': 10, 'max_features': 'sqrt', 'min_samples_leaf': 2, 'min_samples_split': 2, 'n_estimators': 500}"
RandomForest_cuML,"[1, 2, 3, 4, 5, 6, 12, 24]","{""bootstrap"": true, ""max_depth"": null, ""max_features"": ""sqrt"", ""min_samples_leaf"": 2, ""min_samples_split"": 2, ""n_estimators"": 500}",5,16787.975,4345.9510451940705,26418.537109375,6064.068934550009,5.897692108154297,2.296981243274546,1.2661365389823913,0.3295971185062509,"[1, 2, 3, 4, 5, 6, 12, 24]","{'bootstrap': True, 'max_depth': None, 'max_features': 'sqrt', 'min_samples_leaf': 2, 'min_samples_split': 2, 'n_estimators': 500}"
RandomForest_cuML,"[1, 2, 3, 4, 5, 6, 12, 24]","{""bootstrap"": true, ""max_depth"": 20, ""max_features"": ""sqrt"", ""min_samples_leaf"": 2, ""min_samples_split"": 2, ""n_estimators"": 500}",5,16796.14453125,4347.566257670357,26424.464453125,6065.391416546986,5.902147102355957,2.2984643891848924,1.2667454719543456,0.3297023559431593,"[1, 2, 3, 4, 5, 6, 12, 24]","{'bootstrap': True, 'max_depth': 20, 'max_features': 'sqrt', 'min_samples_leaf': 2, 'min_samples_split': 2, 'n_estimators': 500}"
RandomForest_cuML,"[1, 2, 3, 4, 5, 6, 12, 24]","{""bootstrap"": true, ""max_depth"": 10, ""max_features"": ""sqrt"", ""min_samples_leaf"": 4, ""min_samples_split"": 2, ""n_estimators"": 500}",5,16627.852734375,4274.9303928333065,26479.733203125,6080.793705489091,5.79849910736084,2.2313214768837133,1.2542179107666016,0.3247417181620508,"[1, 2, 3, 4, 5, 6, 12, 24]","{'bootstrap': True, 'max_depth': 10, 'max_features': 'sqrt', 'min_samples_leaf': 4, 'min_samples_split': 2, 'n_estimators': 500}"
RandomForest_cuML,"[1, 2, 3, 4, 5, 6, 12, 24]","{""bootstrap"": true, ""max_depth"": 10, ""max_features"": ""sqrt"", ""min_samples_leaf"": 4, ""min_samples_split"": 5, ""n_estimators"": 500}",5,16627.852734375,4274.9303928333065,26479.733203125,6080.793705489091,5.79849910736084,2.2313214768837133,1.2542179107666016,0.3247417181620508,"[1, 2, 3, 4, 5, 6, 12, 24]","{'bootstrap': True, 'max_depth': 10, 'max_features': 'sqrt', 'min_samples_leaf': 4, 'min_samples_split': 5, 'n_estimators': 500}"
RandomForest_cuML,"[1, 2, 3, 4, 5, 6, 12, 24]","{""bootstrap"": true, ""max_depth"": null, ""max_features"": ""sqrt"", ""min_samples_leaf"": 4, ""min_samples_split"": 5, ""n_estimators"": 500}",5,16783.23828125,4374.022271516651,26503.799609375,6163.578655785861,5.888780975341797,2.2936293571358655,1.2658143162727356,0.3318150196606607,"[1, 2, 3, 4, 5, 6, 12, 24]","{'bootstrap': True, 'max_depth': None, 'max_features': 'sqrt', 'min_samples_leaf': 4, 'min_samples_split': 5, 'n_estimators': 500}"
RandomForest_cuML,"[1, 2, 3, 4, 5, 6, 12, 24]","{""bootstrap"": true, ""max_depth"": null, ""max_features"": ""sqrt"", ""min_samples_leaf"": 4, ""min_samples_split"": 2, ""n_estimators"": 500}",5,16783.23828125,4374.022271516651,26503.799609375,6163.578655785861,5.888780975341797,2.2936293571358655,1.2658143162727356,0.3318150196606607,"[1, 2, 3, 4, 5, 6, 12, 24]","{'bootstrap': True, 'max_depth': None, 'max_features': 'sqrt', 'min_samples_leaf': 4, 'min_samples_split': 2, 'n_estimators': 500}"
RandomForest_cuML,"[1, 2, 3, 4, 5, 6, 12, 24]","{""bootstrap"": true, ""max_depth"": 20, ""max_features"": ""sqrt"", ""min_samples_leaf"": 4, ""min_samples_split"": 5, ""n_estimators"": 500}",5,16789.9099609375,4375.701483946905,26508.7375,6164.020620560301,5.892502117156982,2.2952105430023204,1.266315770149231,0.3319423254133048,"[1, 2, 3, 4, 5, 6, 12, 24]","{'bootstrap': True, 'max_depth': 20, 'max_features': 'sqrt', 'min_samples_leaf': 4, 'min_samples_split': 5, 'n_estimators': 500}"
RandomForest_cuML,"[1, 2, 3, 4, 5, 6, 12, 24]","{""bootstrap"": true, ""max_depth"": 20, ""max_features"": ""sqrt"", ""min_samples_leaf"": 4, ""min_samples_split"": 2, ""n_estimators"": 500}",5,16789.9099609375,4375.701483946905,26508.7375,6164.020620560301,5.892502117156982,2.2952105430023204,1.266315770149231,0.3319423254133048,"[1, 2, 3, 4, 5, 6, 12, 24]","{'bootstrap': True, 'max_depth': 20, 'max_features': 'sqrt', 'min_samples_leaf': 4, 'min_samples_split': 2, 'n_estimators': 500}"
RandomForest_cuML,"[1, 12]","{""bootstrap"": true, ""max_depth"": null, ""max_features"": ""sqrt"", ""min_samples_leaf"": 4, ""min_samples_split"": 2, ""n_estimators"": 500}",5,14673.3986328125,4284.634062792216,26578.343359375,6099.741692518243,5.169043064117432,1.645816206981764,1.1342498183250427,0.3367828599565653,"[1, 12]","{'bootstrap': True, 'max_depth': None, 'max_features': 'sqrt', 'min_samples_leaf': 4, 'min_samples_split': 2, 'n_estimators': 500}"
RandomForest_cuML,"[1, 12]","{""bootstrap"": true, ""max_depth"": null, ""max_features"": ""sqrt"", ""min_samples_leaf"": 4, ""min_samples_split"": 5, ""n_estimators"": 500}",5,14673.3986328125,4284.634062792216,26578.343359375,6099.741692518243,5.169043064117432,1.645816206981764,1.1342498183250427,0.3367828599565653,"[1, 12]","{'bootstrap': True, 'max_depth': None, 'max_features': 'sqrt', 'min_samples_leaf': 4, 'min_samples_split': 5, 'n_estimators': 500}"
RandomForest_cuML,"[1, 12]","{""bootstrap"": true, ""max_depth"": 20, ""max_features"": ""sqrt"", ""min_samples_leaf"": 4, ""min_samples_split"": 2, ""n_estimators"": 250}",5,14504.6296875,4222.1385827315935,26583.260546875,6061.874930450915,5.079852676391601,1.6544606989029356,1.1212778210639953,0.33210600184163963,"[1, 12]","{'bootstrap': True, 'max_depth': 20, 'max_features': 'sqrt', 'min_samples_leaf': 4, 'min_samples_split': 2, 'n_estimators': 250}"
RandomForest_cuML,"[1, 12]","{""bootstrap"": true, ""max_depth"": 20, ""max_features"": ""sqrt"", ""min_samples_leaf"": 4, ""min_samples_split"": 5, ""n_estimators"": 250}",5,14504.6296875,4222.1385827315935,26583.260546875,6061.874930450915,5.079852676391601,1.6544606989029356,1.1212778210639953,0.33210600184163963,"[1, 12]","{'bootstrap': True, 'max_depth': 20, 'max_features': 'sqrt', 'min_samples_leaf': 4, 'min_samples_split': 5, 'n_estimators': 250}"
RandomForest_cuML,"[1, 2, 3, 4, 5, 6, 12, 24]","{""bootstrap"": true, ""max_depth"": null, ""max_features"": ""sqrt"", ""min_samples_leaf"": 1, ""min_samples_split"": 5, ""n_estimators"": 250}",5,16812.5984375,4338.277889953576,26635.153125,6136.968890505301,5.896267414093018,2.2971841865411196,1.268095564842224,0.329480712340234,"[1, 2, 3, 4, 5, 6, 12, 24]","{'bootstrap': True, 'max_depth': None, 'max_features': 'sqrt', 'min_samples_leaf': 1, 'min_samples_split': 5, 'n_estimators': 250}"
RandomForest_cuML,"[1, 2, 3, 4, 5, 6, 12, 24]","{""bootstrap"": true, ""max_depth"": 20, ""max_features"": ""sqrt"", ""min_samples_leaf"": 1, ""min_samples_split"": 5, ""n_estimators"": 250}",5,16822.69140625,4340.383687543506,26639.278125,6135.832725525156,5.902464103698731,2.298810342934337,1.2688554525375366,0.3296462718207659,"[1, 2, 3, 4, 5, 6, 12, 24]","{'bootstrap': True, 'max_depth': 20, 'max_features': 'sqrt', 'min_samples_leaf': 1, 'min_samples_split': 5, 'n_estimators': 250}"
RandomForest_cuML,"[1, 2, 3, 4, 5, 6, 12, 24]","{""bootstrap"": true, ""max_depth"": 10, ""max_features"": ""sqrt"", ""min_samples_leaf"": 1, ""min_samples_split"": 2, ""n_estimators"": 250}",5,16630.9396484375,4212.773011942848,26641.3375,6124.847851686999,5.792649173736573,2.2157060826032686,1.254479217529297,0.320249140600782,"[1, 2, 3, 4, 5, 6, 12, 24]","{'bootstrap': True, 'max_depth': 10, 'max_features': 'sqrt', 'min_samples_leaf': 1, 'min_samples_split': 2, 'n_estimators': 250}"
RandomForest_cuML,"[1, 2, 3, 4, 5, 6, 12, 24]","{""bootstrap"": true, ""max_depth"": 10, ""max_features"": ""sqrt"", ""min_samples_leaf"": 2, ""min_samples_split"": 5, ""n_estimators"": 250}",5,16640.957421875,4219.409114430577,26661.841796875,6092.2932446065915,5.792463397979736,2.2198117361673573,1.2552539110183716,0.3208369954692594,"[1, 2, 3, 4, 5, 6, 12, 24]","{'bootstrap': True, 'max_depth': 10, 'max_features': 'sqrt', 'min_samples_leaf': 2, 'min_samples_split': 5, 'n_estimators': 250}"
RandomForest_cuML,"[1, 2, 3, 4, 5, 6, 12, 24]","{""bootstrap"": true, ""max_depth"": null, ""max_features"": ""sqrt"", ""min_samples_leaf"": 2, ""min_samples_split"": 5, ""n_estimators"": 250}",5,16820.26484375,4335.196259633102,26662.40859375,6175.014240822127,5.896454334259033,2.294531369467547,1.2686335563659668,0.32906879022961016,"[1, 2, 3, 4, 5, 6, 12, 24]","{'bootstrap': True, 'max_depth': None, 'max_features': 'sqrt', 'min_samples_leaf': 2, 'min_samples_split': 5, 'n_estimators': 250}"
RandomForest_cuML,"[1, 2, 3, 4, 5, 6, 12, 24]","{""bootstrap"": true, ""max_depth"": 20, ""max_features"": ""sqrt"", ""min_samples_leaf"": 2, ""min_samples_split"": 5, ""n_estimators"": 250}",5,16827.2767578125,4337.264932900587,26666.56171875,6177.180485502911,5.901069068908692,2.2957727774037457,1.2691599011421204,0.3292261121750677,"[1, 2, 3, 4, 5, 6, 12, 24]","{'bootstrap': True, 'max_depth': 20, 'max_features': 'sqrt', 'min_samples_leaf': 2, 'min_samples_split': 5, 'n_estimators': 250}"
RandomForest_cuML,"[1, 2, 3, 4, 5, 6, 12, 24]","{""bootstrap"": true, ""max_depth"": null, ""max_features"": ""sqrt"", ""min_samples_leaf"": 1, ""min_samples_split"": 2, ""n_estimators"": 250}",5,16818.395703125,4337.931176803361,26668.22421875,6191.226163606436,5.90006742477417,2.2964810374243307,1.2685167789459229,0.3293519653833179,"[1, 2, 3, 4, 5, 6, 12, 24]","{'bootstrap': True, 'max_depth': None, 'max_features': 'sqrt', 'min_samples_leaf': 1, 'min_samples_split': 2, 'n_estimators': 250}"
RandomForest_cuML,"[1, 2, 3, 4, 5, 6, 12, 24]","{""bootstrap"": true, ""max_depth"": 10, ""max_features"": ""sqrt"", ""min_samples_leaf"": 1, ""min_samples_split"": 5, ""n_estimators"": 250}",5,16637.0314453125,4224.8444718337405,26668.825,6056.831857519729,5.792724514007569,2.2236684821509494,1.2549685835838318,0.32129072448582396,"[1, 2, 3, 4, 5, 6, 12, 24]","{'bootstrap': True, 'max_depth': 10, 'max_features': 'sqrt', 'min_samples_leaf': 1, 'min_samples_split': 5, 'n_estimators': 250}"
RandomForest_cuML,"[1, 2, 3, 4, 5, 6, 12, 24]","{""bootstrap"": true, ""max_depth"": 20, ""max_features"": ""sqrt"", ""min_samples_leaf"": 1, ""min_samples_split"": 2, ""n_estimators"": 250}",5,16829.45546875,4339.642111627122,26675.0640625,6190.695364051691,5.906335163116455,2.2988448400564883,1.2693434834480286,0.3294659266937944,"[1, 2, 3, 4, 5, 6, 12, 24]","{'bootstrap': True, 'max_depth': 20, 'max_features': 'sqrt', 'min_samples_leaf': 1, 'min_samples_split': 2, 'n_estimators': 250}"
RandomForest_cuML,"[1, 12, 24]","{""bootstrap"": true, ""max_depth"": 10, ""max_features"": 0.5, ""min_samples_leaf"": 1, ""min_samples_split"": 2, ""n_estimators"": 250}",5,17067.3515625,4121.084370450567,26686.035546875,6443.933914734916,5.97596549987793,2.2600657413144294,1.2877399682998658,0.316026612423157,"[1, 12, 24]","{'bootstrap': True, 'max_depth': 10, 'max_features': 0.5, 'min_samples_leaf': 1, 'min_samples_split': 2, 'n_estimators': 250}"
RandomForest_cuML,"[1, 12, 24]","{""bootstrap"": true, ""max_depth"": 10, ""max_features"": 0.5, ""min_samples_leaf"": 1, ""min_samples_split"": 5, ""n_estimators"": 250}",5,17066.9736328125,4131.471940132274,26692.16015625,6473.383682036104,5.977275276184082,2.261526482160181,1.2877146244049071,0.31682009113084186,"[1, 12, 24]","{'bootstrap': True, 'max_depth': 10, 'max_features': 0.5, 'min_samples_leaf': 1, 'min_samples_split': 5, 'n_estimators': 250}"
RandomForest_cuML,"[1, 2, 3, 4, 5, 6, 12, 24]","{""bootstrap"": true, ""max_depth"": 10, ""max_features"": ""sqrt"", ""min_samples_leaf"": 2, ""min_samples_split"": 2, ""n_estimators"": 250}",5,16648.923046875,4220.912260074628,26712.528125,6129.903241763984,5.794808483123779,2.2182577732073834,1.255850601196289,0.32091596217781115,"[1, 2, 3, 4, 5, 6, 12, 24]","{'bootstrap': True, 'max_depth': 10, 'max_features': 'sqrt', 'min_samples_leaf': 2, 'min_samples_split': 2, 'n_estimators': 250}"
RandomForest_cuML,"[1, 12, 24]","{""bootstrap"": true, ""max_depth"": 10, ""max_features"": 0.5, ""min_samples_leaf"": 2, ""min_samples_split"": 2, ""n_estimators"": 250}",5,17079.204296875,4139.35921133138,26724.505859375,6493.129770224267,5.97767744064331,2.2583966136531552,1.2886500835418702,0.31748658095865234,"[1, 12, 24]","{'bootstrap': True, 'max_depth': 10, 'max_features': 0.5, 'min_samples_leaf': 2, 'min_samples_split': 2, 'n_estimators': 250}"
RandomForest_cuML,"[1, 2, 3, 4, 5, 6, 12, 24]","{""bootstrap"": true, ""max_depth"": null, ""max_features"": ""sqrt"", ""min_samples_leaf"": 2, ""min_samples_split"": 2, ""n_estimators"": 250}",5,16836.276953125,4349.481274775616,26728.4140625,6209.544496462987,5.899080276489258,2.295913391448239,1.2698273181915283,0.33006326031120553,"[1, 2, 3, 4, 5, 6, 12, 24]","{'bootstrap': True, 'max_depth': None, 'max_features': 'sqrt', 'min_samples_leaf': 2, 'min_samples_split': 2, 'n_estimators': 250}"
RandomForest_cuML,"[1, 12, 24]","{""bootstrap"": true, ""max_depth"": 10, ""max_features"": 0.5, ""min_samples_leaf"": 4, ""min_samples_split"": 5, ""n_estimators"": 250}",5,17071.1748046875,4114.9861534238535,26730.40078125,6330.015431910411,5.973682594299317,2.256290785205704,1.2879946947097778,0.3153867687496275,"[1, 12, 24]","{'bootstrap': True, 'max_depth': 10, 'max_features': 0.5, 'min_samples_leaf': 4, 'min_samples_split': 5, 'n_estimators': 250}"
RandomForest_cuML,"[1, 12, 24]","{""bootstrap"": true, ""max_depth"": 10, ""max_features"": 0.5, ""min_samples_leaf"": 4, ""min_samples_split"": 2, ""n_estimators"": 250}",5,17071.1748046875,4114.9861534238535,26730.40078125,6330.015431910411,5.973682594299317,2.256290785205704,1.2879946947097778,0.3153867687496275,"[1, 12, 24]","{'bootstrap': True, 'max_depth': 10, 'max_features': 0.5, 'min_samples_leaf': 4, 'min_samples_split': 2, 'n_estimators': 250}"
RandomForest_cuML,"[1, 2, 3, 4, 5, 6, 12, 24]","{""bootstrap"": true, ""max_depth"": 20, ""max_features"": ""sqrt"", ""min_samples_leaf"": 2, ""min_samples_split"": 2, ""n_estimators"": 250}",5,16843.9154296875,4351.165764926578,26733.571875,6211.027547696198,5.903184413909912,2.297401574848742,1.2703941226005555,0.33016546655957413,"[1, 2, 3, 4, 5, 6, 12, 24]","{'bootstrap': True, 'max_depth': 20, 'max_features': 'sqrt', 'min_samples_leaf': 2, 'min_samples_split': 2, 'n_estimators': 250}"
RandomForest_cuML,"[1, 12, 24]","{""bootstrap"": true, ""max_depth"": 10, ""max_features"": 0.5, ""min_samples_leaf"": 1, ""min_samples_split"": 2, ""n_estimators"": 500}",5,17062.53984375,4131.61183561113,26743.1890625,6432.659062955151,5.974683856964111,2.2599413380646043,1.2873634099960327,0.3167455429087597,"[1, 12, 24]","{'bootstrap': True, 'max_depth': 10, 'max_features': 0.5, 'min_samples_leaf': 1, 'min_samples_split': 2, 'n_estimators': 500}"
RandomForest_cuML,"[1, 12, 24]","{""bootstrap"": true, ""max_depth"": 10, ""max_features"": 0.5, ""min_samples_leaf"": 2, ""min_samples_split"": 5, ""n_estimators"": 250}",5,17076.2916015625,4142.057414161104,26750.426953125,6516.955607720733,5.976788330078126,2.2600421896271294,1.2884254932403565,0.31766490054975516,"[1, 12, 24]","{'bootstrap': True, 'max_depth': 10, 'max_features': 0.5, 'min_samples_leaf': 2, 'min_samples_split': 5, 'n_estimators': 250}"
RandomForest_cuML,"[1, 12, 24]","{""bootstrap"": true, ""max_depth"": 10, ""max_features"": 0.5, ""min_samples_leaf"": 2, ""min_samples_split"": 2, ""n_estimators"": 500}",5,17072.311328125,4133.152544245846,26770.0515625,6430.066663317386,5.976321506500244,2.256967772282241,1.2880977511405944,0.316882951050099,"[1, 12, 24]","{'bootstrap': True, 'max_depth': 10, 'max_features': 0.5, 'min_samples_leaf': 2, 'min_samples_split': 2, 'n_estimators': 500}"
RandomForest_cuML,"[1, 12, 24]","{""bootstrap"": true, ""max_depth"": 10, ""max_features"": 0.5, ""min_samples_leaf"": 1, ""min_samples_split"": 5, ""n_estimators"": 500}",5,17076.8150390625,4134.897368390141,26775.39921875,6432.988634586094,5.97872953414917,2.2607108869021575,1.2884408473968505,0.3170130112493485,"[1, 12, 24]","{'bootstrap': True, 'max_depth': 10, 'max_features': 0.5, 'min_samples_leaf': 1, 'min_samples_split': 5, 'n_estimators': 500}"
RandomForest_cuML,"[1, 12, 24]","{""bootstrap"": true, ""max_depth"": null, ""max_features"": 0.5, ""min_samples_leaf"": 1, ""min_samples_split"": 2, ""n_estimators"": 250}",5,17213.4041015625,4167.321890475637,26786.957421875,6407.684537160699,6.0656005859375,2.3010624092234213,1.2986006498336793,0.31895579220125964,"[1, 12, 24]","{'bootstrap': True, 'max_depth': None, 'max_features': 0.5, 'min_samples_leaf': 1, 'min_samples_split': 2, 'n_estimators': 250}"
RandomForest_cuML,"[1, 12, 24]","{""bootstrap"": true, ""max_depth"": 20, ""max_features"": 0.5, ""min_samples_leaf"": 1, ""min_samples_split"": 2, ""n_estimators"": 250}",5,17211.6046875,4165.303561645426,26787.8765625,6410.243403072019,6.065616607666016,2.2994168703206914,1.2984644770622253,0.3188086552978568,"[1, 12, 24]","{'bootstrap': True, 'max_depth': 20, 'max_features': 0.5, 'min_samples_leaf': 1, 'min_samples_split': 2, 'n_estimators': 250}"
RandomForest_cuML,"[1, 12, 24]","{""bootstrap"": true, ""max_depth"": null, ""max_features"": 0.5, ""min_samples_leaf"": 1, ""min_samples_split"": 5, ""n_estimators"": 250}",5,17203.681640625,4182.211481163308,26788.634765625,6443.7633586898255,6.062671756744384,2.303274396465405,1.297877049446106,0.3201033025890748,"[1, 12, 24]","{'bootstrap': True, 'max_depth': None, 'max_features': 0.5, 'min_samples_leaf': 1, 'min_samples_split': 5, 'n_estimators': 250}"
RandomForest_cuML,"[1, 12, 24]","{""bootstrap"": true, ""max_depth"": 20, ""max_features"": 0.5, ""min_samples_leaf"": 1, ""min_samples_split"": 5, ""n_estimators"": 250}",5,17202.5814453125,4179.63146745339,26793.02890625,6446.485688828578,6.062177085876465,2.3015125981530677,1.2977969169616699,0.31993153036732436,"[1, 12, 24]","{'bootstrap': True, 'max_depth': 20, 'max_features': 0.5, 'min_samples_leaf': 1, 'min_samples_split': 5, 'n_estimators': 250}"
RandomForest_cuML,"[1, 12, 24]","{""bootstrap"": true, ""max_depth"": 10, ""max_features"": 0.5, ""min_samples_leaf"": 4, ""min_samples_split"": 5, ""n_estimators"": 500}",5,17081.1716796875,4133.79042505203,26797.675,6387.5176585830295,5.979026985168457,2.260313636056995,1.2887551426887511,0.3168457107415134,"[1, 12, 24]","{'bootstrap': True, 'max_depth': 10, 'max_features': 0.5, 'min_samples_leaf': 4, 'min_samples_split': 5, 'n_estimators': 500}"
RandomForest_cuML,"[1, 12, 24]","{""bootstrap"": true, ""max_depth"": 10, ""max_features"": 0.5, ""min_samples_leaf"": 4, ""min_samples_split"": 2, ""n_estimators"": 500}",5,17081.1716796875,4133.79042505203,26797.675,6387.5176585830295,5.979026985168457,2.260313636056995,1.2887551426887511,0.3168457107415134,"[1, 12, 24]","{'bootstrap': True, 'max_depth': 10, 'max_features': 0.5, 'min_samples_leaf': 4, 'min_samples_split': 2, 'n_estimators': 500}"
RandomForest_cuML,"[1, 12, 24]","{""bootstrap"": true, ""max_depth"": 10, ""max_features"": 0.5, ""min_samples_leaf"": 2, ""min_samples_split"": 5, ""n_estimators"": 500}",5,17080.161328125,4144.869361896465,26797.796484375,6448.361473976549,5.978420925140381,2.261089140906022,1.2886877655982971,0.3177405737540369,"[1, 12, 24]","{'bootstrap': True, 'max_depth': 10, 'max_features': 0.5, 'min_samples_leaf': 2, 'min_samples_split': 5, 'n_estimators': 500}"
RandomForest_cuML,"[1, 2, 3, 4, 5, 6, 12, 24]","{""bootstrap"": true, ""max_depth"": 10, ""max_features"": ""sqrt"", ""min_samples_leaf"": 4, ""min_samples_split"": 5, ""n_estimators"": 250}",5,16667.1001953125,4270.059710085344,26817.041796875,6279.554663791099,5.797356414794922,2.227822333264135,1.2572153568267823,0.32454395309462847,"[1, 2, 3, 4, 5, 6, 12, 24]","{'bootstrap': True, 'max_depth': 10, 'max_features': 'sqrt', 'min_samples_leaf': 4, 'min_samples_split': 5, 'n_estimators': 250}"
RandomForest_cuML,"[1, 2, 3, 4, 5, 6, 12, 24]","{""bootstrap"": true, ""max_depth"": 10, ""max_features"": ""sqrt"", ""min_samples_leaf"": 4, ""min_samples_split"": 2, ""n_estimators"": 250}",5,16667.1001953125,4270.059710085344,26817.041796875,6279.554663791099,5.797356414794922,2.227822333264135,1.2572153568267823,0.32454395309462847,"[1, 2, 3, 4, 5, 6, 12, 24]","{'bootstrap': True, 'max_depth': 10, 'max_features': 'sqrt', 'min_samples_leaf': 4, 'min_samples_split': 2, 'n_estimators': 250}"
RandomForest_cuML,"[1, 12, 24]","{""bootstrap"": true, ""max_depth"": 20, ""max_features"": 0.5, ""min_samples_leaf"": 2, ""min_samples_split"": 2, ""n_estimators"": 250}",5,17216.9544921875,4188.519403006253,26817.9296875,6458.375833169492,6.064125347137451,2.3000310830473185,1.2988958477973938,0.3206656504820389,"[1, 12, 24]","{'bootstrap': True, 'max_depth': 20, 'max_features': 0.5, 'min_samples_leaf': 2, 'min_samples_split': 2, 'n_estimators': 250}"
RandomForest_cuML,"[1, 12, 24]","{""bootstrap"": true, ""max_depth"": null, ""max_features"": 0.5, ""min_samples_leaf"": 2, ""min_samples_split"": 2, ""n_estimators"": 250}",5,17218.421875,4190.445137370004,26819.119921875,6459.086770367624,6.063898181915283,2.3005710034042974,1.299006426334381,0.3208057910404268,"[1, 12, 24]","{'bootstrap': True, 'max_depth': None, 'max_features': 0.5, 'min_samples_leaf': 2, 'min_samples_split': 2, 'n_estimators': 250}"
RandomForest_cuML,"[1, 12, 24]","{""bootstrap"": true, ""max_depth"": null, ""max_features"": 0.5, ""min_samples_leaf"": 4, ""min_samples_split"": 5, ""n_estimators"": 250}",5,17209.528515625,4176.603554064805,26831.19375,6315.341260607161,6.057912158966064,2.3004361227904315,1.2983024001121521,0.31954010199794186,"[1, 12, 24]","{'bootstrap': True, 'max_depth': None, 'max_features': 0.5, 'min_samples_leaf': 4, 'min_samples_split': 5, 'n_estimators': 250}"
RandomForest_cuML,"[1, 12, 24]","{""bootstrap"": true, ""max_depth"": null, ""max_features"": 0.5, ""min_samples_leaf"": 4, ""min_samples_split"": 2, ""n_estimators"": 250}",5,17209.528515625,4176.603554064805,26831.19375,6315.341260607161,6.057912158966064,2.3004361227904315,1.2983024001121521,0.31954010199794186,"[1, 12, 24]","{'bootstrap': True, 'max_depth': None, 'max_features': 0.5, 'min_samples_leaf': 4, 'min_samples_split': 2, 'n_estimators': 250}"
RandomForest_cuML,"[1, 12, 24]","{""bootstrap"": true, ""max_depth"": 20, ""max_features"": 0.5, ""min_samples_leaf"": 4, ""min_samples_split"": 2, ""n_estimators"": 250}",5,17210.196484375,4174.652045356048,26831.8203125,6313.925092786888,6.058655738830566,2.299420833120449,1.2983559370040894,0.3194132395268101,"[1, 12, 24]","{'bootstrap': True, 'max_depth': 20, 'max_features': 0.5, 'min_samples_leaf': 4, 'min_samples_split': 2, 'n_estimators': 250}"
RandomForest_cuML,"[1, 12, 24]","{""bootstrap"": true, ""max_depth"": 20, ""max_features"": 0.5, ""min_samples_leaf"": 4, ""min_samples_split"": 5, ""n_estimators"": 250}",5,17210.196484375,4174.652045356048,26831.8203125,6313.925092786888,6.058655738830566,2.299420833120449,1.2983559370040894,0.3194132395268101,"[1, 12, 24]","{'bootstrap': True, 'max_depth': 20, 'max_features': 0.5, 'min_samples_leaf': 4, 'min_samples_split': 5, 'n_estimators': 250}"
RandomForest_cuML,"[1, 2, 3, 4, 5, 6, 12, 24]","{""bootstrap"": true, ""max_depth"": null, ""max_features"": ""sqrt"", ""min_samples_leaf"": 4, ""min_samples_split"": 2, ""n_estimators"": 250}",5,16834.1814453125,4379.811019101381,26842.780078125,6372.832174747662,5.891502761840821,2.2933775848491242,1.2696954250335692,0.3324239354206869,"[1, 2, 3, 4, 5, 6, 12, 24]","{'bootstrap': True, 'max_depth': None, 'max_features': 'sqrt', 'min_samples_leaf': 4, 'min_samples_split': 2, 'n_estimators': 250}"
RandomForest_cuML,"[1, 2, 3, 4, 5, 6, 12, 24]","{""bootstrap"": true, ""max_depth"": null, ""max_features"": ""sqrt"", ""min_samples_leaf"": 4, ""min_samples_split"": 5, ""n_estimators"": 250}",5,16834.1814453125,4379.811019101381,26842.780078125,6372.832174747662,5.891502761840821,2.2933775848491242,1.2696954250335692,0.3324239354206869,"[1, 2, 3, 4, 5, 6, 12, 24]","{'bootstrap': True, 'max_depth': None, 'max_features': 'sqrt', 'min_samples_leaf': 4, 'min_samples_split': 5, 'n_estimators': 250}"
RandomForest_cuML,"[1, 2, 3, 4, 5, 6, 12, 24]","{""bootstrap"": true, ""max_depth"": 20, ""max_features"": ""sqrt"", ""min_samples_leaf"": 4, ""min_samples_split"": 5, ""n_estimators"": 250}",5,16841.566796875,4382.0104989123765,26847.353125,6373.867018904611,5.8958080291748045,2.2951691125341513,1.2702499389648438,0.3325864806251702,"[1, 2, 3, 4, 5, 6, 12, 24]","{'bootstrap': True, 'max_depth': 20, 'max_features': 'sqrt', 'min_samples_leaf': 4, 'min_samples_split': 5, 'n_estimators': 250}"
RandomForest_cuML,"[1, 2, 3, 4, 5, 6, 12, 24]","{""bootstrap"": true, ""max_depth"": 20, ""max_features"": ""sqrt"", ""min_samples_leaf"": 4, ""min_samples_split"": 2, ""n_estimators"": 250}",5,16841.566796875,4382.0104989123765,26847.353125,6373.867018904611,5.8958080291748045,2.2951691125341513,1.2702499389648438,0.3325864806251702,"[1, 2, 3, 4, 5, 6, 12, 24]","{'bootstrap': True, 'max_depth': 20, 'max_features': 'sqrt', 'min_samples_leaf': 4, 'min_samples_split': 2, 'n_estimators': 250}"
RandomForest_cuML,"[1, 12, 24]","{""bootstrap"": true, ""max_depth"": 20, ""max_features"": 0.5, ""min_samples_leaf"": 2, ""min_samples_split"": 5, ""n_estimators"": 250}",5,17214.2603515625,4176.147774917824,26856.74375,6471.837269792991,6.061000633239746,2.296124953264278,1.2986849308013917,0.31969956495467944,"[1, 12, 24]","{'bootstrap': True, 'max_depth': 20, 'max_features': 0.5, 'min_samples_leaf': 2, 'min_samples_split': 5, 'n_estimators': 250}"
RandomForest_cuML,"[1, 12, 24]","{""bootstrap"": true, ""max_depth"": null, ""max_features"": 0.5, ""min_samples_leaf"": 2, ""min_samples_split"": 5, ""n_estimators"": 250}",5,17215.1236328125,4176.479249822734,26857.875390625,6471.097441280577,6.060562610626221,2.2967999150027785,1.298748004436493,0.3197126805908803,"[1, 12, 24]","{'bootstrap': True, 'max_depth': None, 'max_features': 0.5, 'min_samples_leaf': 2, 'min_samples_split': 5, 'n_estimators': 250}"
RandomForest_cuML,"[1, 12]","{""bootstrap"": true, ""max_depth"": null, ""max_features"": ""sqrt"", ""min_samples_leaf"": 4, ""min_samples_split"": 5, ""n_estimators"": 250}",5,14821.0154296875,4243.828077996906,26862.746484375,6123.596153960739,5.202973222732544,1.6234718550651903,1.1459088563919066,0.33490663720047176,"[1, 12]","{'bootstrap': True, 'max_depth': None, 'max_features': 'sqrt', 'min_samples_leaf': 4, 'min_samples_split': 5, 'n_estimators': 250}"
RandomForest_cuML,"[1, 12]","{""bootstrap"": true, ""max_depth"": null, ""max_features"": ""sqrt"", ""min_samples_leaf"": 4, ""min_samples_split"": 2, ""n_estimators"": 250}",5,14821.0154296875,4243.828077996906,26862.746484375,6123.596153960739,5.202973222732544,1.6234718550651903,1.1459088563919066,0.33490663720047176,"[1, 12]","{'bootstrap': True, 'max_depth': None, 'max_features': 'sqrt', 'min_samples_leaf': 4, 'min_samples_split': 2, 'n_estimators': 250}"
RandomForest_cuML,"[1, 12, 24]","{""bootstrap"": true, ""max_depth"": null, ""max_features"": 0.5, ""min_samples_leaf"": 1, ""min_samples_split"": 2, ""n_estimators"": 500}",5,17221.2205078125,4191.173452587459,26867.7296875,6399.1885015681955,6.066958808898926,2.30602482901234,1.299173939228058,0.32064647001679353,"[1, 12, 24]","{'bootstrap': True, 'max_depth': None, 'max_features': 0.5, 'min_samples_leaf': 1, 'min_samples_split': 2, 'n_estimators': 500}"
RandomForest_cuML,"[1, 12, 24]","{""bootstrap"": true, ""max_depth"": 20, ""max_features"": 0.5, ""min_samples_leaf"": 1, ""min_samples_split"": 2, ""n_estimators"": 500}",5,17220.2494140625,4188.915742714174,26868.762109375,6400.51152399866,6.0670247077941895,2.3043498093279973,1.2990999460220336,0.320481169600049,"[1, 12, 24]","{'bootstrap': True, 'max_depth': 20, 'max_features': 0.5, 'min_samples_leaf': 1, 'min_samples_split': 2, 'n_estimators': 500}"
RandomForest_cuML,"[1, 12, 24]","{""bootstrap"": true, ""max_depth"": 20, ""max_features"": 0.5, ""min_samples_leaf"": 2, ""min_samples_split"": 2, ""n_estimators"": 500}",5,17217.7447265625,4189.088994591529,26878.022265625,6396.355932685651,6.064652061462402,2.3010707575040206,1.2989261865615844,0.3205742552503982,"[1, 12, 24]","{'bootstrap': True, 'max_depth': 20, 'max_features': 0.5, 'min_samples_leaf': 2, 'min_samples_split': 2, 'n_estimators': 500}"
RandomForest_cuML,"[1, 12, 24]","{""bootstrap"": true, ""max_depth"": null, ""max_features"": 0.5, ""min_samples_leaf"": 2, ""min_samples_split"": 2, ""n_estimators"": 500}",5,17218.727734375,4191.410795932343,26878.588671875,6396.121099994481,6.064484024047852,2.302362906569306,1.2989978671073914,0.320732768226257,"[1, 12, 24]","{'bootstrap': True, 'max_depth': None, 'max_features': 0.5, 'min_samples_leaf': 2, 'min_samples_split': 2, 'n_estimators': 500}"
RandomForest_cuML,"[1, 12, 24]","{""bootstrap"": true, ""max_depth"": null, ""max_features"": 0.5, ""min_samples_leaf"": 1, ""min_samples_split"": 5, ""n_estimators"": 500}",5,17219.0935546875,4178.953546011542,26881.0671875,6384.3260893634715,6.065053558349609,2.303044687009362,1.2989997863769531,0.319685390943121,"[1, 12, 24]","{'bootstrap': True, 'max_depth': None, 'max_features': 0.5, 'min_samples_leaf': 1, 'min_samples_split': 5, 'n_estimators': 500}"
RandomForest_cuML,"[1, 12, 24]","{""bootstrap"": true, ""max_depth"": 20, ""max_features"": 0.5, ""min_samples_leaf"": 1, ""min_samples_split"": 5, ""n_estimators"": 500}",5,17219.6771484375,4176.303560841172,26885.38203125,6385.059188978222,6.065255260467529,2.3011914734964107,1.2990463614463805,0.3195079501062257,"[1, 12, 24]","{'bootstrap': True, 'max_depth': 20, 'max_features': 0.5, 'min_samples_leaf': 1, 'min_samples_split': 5, 'n_estimators': 500}"
RandomForest_cuML,"[1, 12, 24]","{""bootstrap"": true, ""max_depth"": null, ""max_features"": 0.5, ""min_samples_leaf"": 4, ""min_samples_split"": 5, ""n_estimators"": 500}",5,17218.96171875,4193.717898649411,26905.3015625,6363.86921858687,6.06212272644043,2.3051550888984735,1.2990169405937195,0.320858560095217,"[1, 12, 24]","{'bootstrap': True, 'max_depth': None, 'max_features': 0.5, 'min_samples_leaf': 4, 'min_samples_split': 5, 'n_estimators': 500}"
RandomForest_cuML,"[1, 12, 24]","{""bootstrap"": true, ""max_depth"": null, ""max_features"": 0.5, ""min_samples_leaf"": 4, ""min_samples_split"": 2, ""n_estimators"": 500}",5,17218.96171875,4193.717898649411,26905.3015625,6363.86921858687,6.06212272644043,2.3051550888984735,1.2990169405937195,0.320858560095217,"[1, 12, 24]","{'bootstrap': True, 'max_depth': None, 'max_features': 0.5, 'min_samples_leaf': 4, 'min_samples_split': 2, 'n_estimators': 500}"
RandomForest_cuML,"[1, 12, 24]","{""bootstrap"": true, ""max_depth"": 20, ""max_features"": 0.5, ""min_samples_leaf"": 4, ""min_samples_split"": 5, ""n_estimators"": 500}",5,17219.1025390625,4191.563841853464,26905.467578125,6362.540714358423,6.062753200531006,2.3040481138487636,1.299029791355133,0.32071225769277445,"[1, 12, 24]","{'bootstrap': True, 'max_depth': 20, 'max_features': 0.5, 'min_samples_leaf': 4, 'min_samples_split': 5, 'n_estimators': 500}"
RandomForest_cuML,"[1, 12, 24]","{""bootstrap"": true, ""max_depth"": 20, ""max_features"": 0.5, ""min_samples_leaf"": 4, ""min_samples_split"": 2, ""n_estimators"": 500}",5,17219.1025390625,4191.563841853464,26905.467578125,6362.540714358423,6.062753200531006,2.3040481138487636,1.299029791355133,0.32071225769277445,"[1, 12, 24]","{'bootstrap': True, 'max_depth': 20, 'max_features': 0.5, 'min_samples_leaf': 4, 'min_samples_split': 2, 'n_estimators': 500}"
RandomForest_cuML,"[1, 12, 24]","{""bootstrap"": true, ""max_depth"": 20, ""max_features"": 0.5, ""min_samples_leaf"": 2, ""min_samples_split"": 5, ""n_estimators"": 500}",5,17222.5482421875,4182.068603038822,26910.906640625,6402.112918079658,6.0637859344482425,2.2982869022517844,1.2992806792259217,0.3200232681653054,"[1, 12, 24]","{'bootstrap': True, 'max_depth': 20, 'max_features': 0.5, 'min_samples_leaf': 2, 'min_samples_split': 5, 'n_estimators': 500}"
RandomForest_cuML,"[1, 12, 24]","{""bootstrap"": true, ""max_depth"": null, ""max_features"": 0.5, ""min_samples_leaf"": 2, ""min_samples_split"": 5, ""n_estimators"": 500}",5,17223.352734375,4182.864772706119,26911.531640625,6401.763869744159,6.06336612701416,2.29893413592954,1.2993376016616822,0.32006229535012665,"[1, 12, 24]","{'bootstrap': True, 'max_depth': None, 'max_features': 0.5, 'min_samples_leaf': 2, 'min_samples_split': 5, 'n_estimators': 500}"
RandomForest_cuML,"[1, 2, 3, 4, 5, 6, 12]","{""bootstrap"": true, ""max_depth"": 20, ""max_features"": ""sqrt"", ""min_samples_leaf"": 2, ""min_samples_split"": 5, ""n_estimators"": 500}",5,17018.46953125,4112.412197192969,26968.03125,5689.954248028696,6.003883934020996,2.2758180674091917,1.3160868167877198,0.3261403995306646,"[1, 2, 3, 4, 5, 6, 12]","{'bootstrap': True, 'max_depth': 20, 'max_features': 'sqrt', 'min_samples_leaf': 2, 'min_samples_split': 5, 'n_estimators': 500}"
RandomForest_cuML,"[1, 2, 3, 4, 5, 6, 12]","{""bootstrap"": true, ""max_depth"": null, ""max_features"": ""sqrt"", ""min_samples_leaf"": 2, ""min_samples_split"": 5, ""n_estimators"": 500}",5,17014.4103515625,4110.541998881155,26968.0453125,5689.985765153312,6.00101318359375,2.274306927471644,1.315769410133362,0.3259673171315313,"[1, 2, 3, 4, 5, 6, 12]","{'bootstrap': True, 'max_depth': None, 'max_features': 'sqrt', 'min_samples_leaf': 2, 'min_samples_split': 5, 'n_estimators': 500}"
RandomForest_cuML,"[1, 2, 3, 4, 5, 6, 12]","{""bootstrap"": true, ""max_depth"": null, ""max_features"": ""sqrt"", ""min_samples_leaf"": 1, ""min_samples_split"": 2, ""n_estimators"": 500}",5,17010.3482421875,4114.766397717336,26970.904296875,5669.7064543906745,6.0009387016296385,2.2802120934729393,1.3154513120651248,0.326284954528562,"[1, 2, 3, 4, 5, 6, 12]","{'bootstrap': True, 'max_depth': None, 'max_features': 'sqrt', 'min_samples_leaf': 1, 'min_samples_split': 2, 'n_estimators': 500}"
RandomForest_cuML,"[1, 2, 3, 4, 5, 6, 12]","{""bootstrap"": true, ""max_depth"": 20, ""max_features"": ""sqrt"", ""min_samples_leaf"": 1, ""min_samples_split"": 2, ""n_estimators"": 500}",5,17019.41796875,4119.11870089202,26975.8546875,5673.44193683298,6.005248928070069,2.2824181876270435,1.3161540508270264,0.3266449481778648,"[1, 2, 3, 4, 5, 6, 12]","{'bootstrap': True, 'max_depth': 20, 'max_features': 'sqrt', 'min_samples_leaf': 1, 'min_samples_split': 2, 'n_estimators': 500}"
RandomForest_cuML,"[1, 2, 3, 4, 5, 6, 12]","{""bootstrap"": true, ""max_depth"": 10, ""max_features"": ""sqrt"", ""min_samples_leaf"": 2, ""min_samples_split"": 5, ""n_estimators"": 500}",5,16885.815625,4056.3010830003673,26979.02734375,5678.867399187059,5.923956775665284,2.218007909365991,1.3058515906333923,0.3216596973267813,"[1, 2, 3, 4, 5, 6, 12]","{'bootstrap': True, 'max_depth': 10, 'max_features': 'sqrt', 'min_samples_leaf': 2, 'min_samples_split': 5, 'n_estimators': 500}"
RandomForest_cuML,"[1, 2, 3, 4, 5, 6, 12]","{""bootstrap"": true, ""max_depth"": null, ""max_features"": ""sqrt"", ""min_samples_leaf"": 2, ""min_samples_split"": 2, ""n_estimators"": 500}",5,17013.0556640625,4108.445307985394,26981.466015625,5710.60398019742,6.000112152099609,2.275342393503232,1.3156755685806274,0.32586915492285035,"[1, 2, 3, 4, 5, 6, 12]","{'bootstrap': True, 'max_depth': None, 'max_features': 'sqrt', 'min_samples_leaf': 2, 'min_samples_split': 2, 'n_estimators': 500}"
RandomForest_cuML,"[1, 2, 3, 4, 5, 6, 12]","{""bootstrap"": true, ""max_depth"": 10, ""max_features"": ""sqrt"", ""min_samples_leaf"": 1, ""min_samples_split"": 2, ""n_estimators"": 500}",5,16874.9720703125,4052.3270549048043,26983.356640625,5659.544347327381,5.919283199310303,2.2196171061940078,1.3050113677978517,0.32134487662310274,"[1, 2, 3, 4, 5, 6, 12]","{'bootstrap': True, 'max_depth': 10, 'max_features': 'sqrt', 'min_samples_leaf': 1, 'min_samples_split': 2, 'n_estimators': 500}"
RandomForest_cuML,"[1, 2, 3, 4, 5, 6, 12]","{""bootstrap"": true, ""max_depth"": 20, ""max_features"": ""sqrt"", ""min_samples_leaf"": 2, ""min_samples_split"": 2, ""n_estimators"": 500}",5,17018.53984375,4108.357652013831,26984.25,5712.561828417083,6.003250217437744,2.2758021206137067,1.3161003828048705,0.3258826894825702,"[1, 2, 3, 4, 5, 6, 12]","{'bootstrap': True, 'max_depth': 20, 'max_features': 'sqrt', 'min_samples_leaf': 2, 'min_samples_split': 2, 'n_estimators': 500}"
RandomForest_cuML,"[1, 2, 3, 4, 5, 6, 12]","{""bootstrap"": true, ""max_depth"": null, ""max_features"": ""sqrt"", ""min_samples_leaf"": 1, ""min_samples_split"": 5, ""n_estimators"": 500}",5,17023.0626953125,4117.053684798223,26988.4984375,5700.514079090249,6.004358196258545,2.278653110184213,1.3164587497711182,0.3265737280043068,"[1, 2, 3, 4, 5, 6, 12]","{'bootstrap': True, 'max_depth': None, 'max_features': 'sqrt', 'min_samples_leaf': 1, 'min_samples_split': 5, 'n_estimators': 500}"
RandomForest_cuML,"[1, 2, 3, 4, 5, 6, 12]","{""bootstrap"": true, ""max_depth"": 20, ""max_features"": ""sqrt"", ""min_samples_leaf"": 1, ""min_samples_split"": 5, ""n_estimators"": 500}",5,17029.48984375,4118.568836437426,26991.972265625,5701.60205792833,6.007646369934082,2.2798578555973963,1.3169559955596923,0.3267138800816198,"[1, 2, 3, 4, 5, 6, 12]","{'bootstrap': True, 'max_depth': 20, 'max_features': 'sqrt', 'min_samples_leaf': 1, 'min_samples_split': 5, 'n_estimators': 500}"
RandomForest_cuML,"[1, 2, 3, 4, 5, 6, 12]","{""bootstrap"": true, ""max_depth"": 10, ""max_features"": ""sqrt"", ""min_samples_leaf"": 1, ""min_samples_split"": 5, ""n_estimators"": 500}",5,16884.15078125,4057.680619083487,27016.37265625,5673.779165702936,5.921738243103027,2.218937840614599,1.305742347240448,0.321833066897244,"[1, 2, 3, 4, 5, 6, 12]","{'bootstrap': True, 'max_depth': 10, 'max_features': 'sqrt', 'min_samples_leaf': 1, 'min_samples_split': 5, 'n_estimators': 500}"
RandomForest_cuML,"[1, 2, 3, 4, 5, 6, 12]","{""bootstrap"": true, ""max_depth"": 10, ""max_features"": ""sqrt"", ""min_samples_leaf"": 2, ""min_samples_split"": 2, ""n_estimators"": 500}",5,16892.8755859375,4056.4635080571743,27029.98203125,5692.845663821161,5.925058269500733,2.2206623674874337,1.3064237833023071,0.32179602765106474,"[1, 2, 3, 4, 5, 6, 12]","{'bootstrap': True, 'max_depth': 10, 'max_features': 'sqrt', 'min_samples_leaf': 2, 'min_samples_split': 2, 'n_estimators': 500}"
RandomForest_cuML,"[1, 2, 3, 4, 5, 6, 12]","{""bootstrap"": true, ""max_depth"": null, ""max_features"": ""sqrt"", ""min_samples_leaf"": 1, ""min_samples_split"": 2, ""n_estimators"": 250}",5,16972.2619140625,4119.722466782049,27030.25234375,5705.311285160627,5.9939374923706055,2.28321606428892,1.3124635219573975,0.3263673463454272,"[1, 2, 3, 4, 5, 6, 12]","{'bootstrap': True, 'max_depth': None, 'max_features': 'sqrt', 'min_samples_leaf': 1, 'min_samples_split': 2, 'n_estimators': 250}"
RandomForest_cuML,"[1, 2, 3, 4, 5, 6, 12]","{""bootstrap"": true, ""max_depth"": 20, ""max_features"": ""sqrt"", ""min_samples_leaf"": 1, ""min_samples_split"": 2, ""n_estimators"": 250}",5,16983.1826171875,4125.852371002018,27036.199609375,5708.93250888896,5.999199962615966,2.2862772755251677,1.3133103132247925,0.3268682287800324,"[1, 2, 3, 4, 5, 6, 12]","{'bootstrap': True, 'max_depth': 20, 'max_features': 'sqrt', 'min_samples_leaf': 1, 'min_samples_split': 2, 'n_estimators': 250}"
RandomForest_cuML,"[1, 2, 3, 4, 5, 6, 12]","{""bootstrap"": true, ""max_depth"": 10, ""max_features"": ""sqrt"", ""min_samples_leaf"": 4, ""min_samples_split"": 2, ""n_estimators"": 500}",5,16898.162109375,4062.4277368059447,27052.884375,5749.982937624851,5.923309707641602,2.218205365528961,1.3068222165107728,0.32219746894169643,"[1, 2, 3, 4, 5, 6, 12]","{'bootstrap': True, 'max_depth': 10, 'max_features': 'sqrt', 'min_samples_leaf': 4, 'min_samples_split': 2, 'n_estimators': 500}"
RandomForest_cuML,"[1, 2, 3, 4, 5, 6, 12]","{""bootstrap"": true, ""max_depth"": 10, ""max_features"": ""sqrt"", ""min_samples_leaf"": 4, ""min_samples_split"": 5, ""n_estimators"": 500}",5,16898.162109375,4062.4277368059447,27052.884375,5749.982937624851,5.923309707641602,2.218205365528961,1.3068222165107728,0.32219746894169643,"[1, 2, 3, 4, 5, 6, 12]","{'bootstrap': True, 'max_depth': 10, 'max_features': 'sqrt', 'min_samples_leaf': 4, 'min_samples_split': 5, 'n_estimators': 500}"
RandomForest_cuML,"[1, 2, 3, 4, 5, 6, 12]","{""bootstrap"": true, ""max_depth"": 20, ""max_features"": ""sqrt"", ""min_samples_leaf"": 4, ""min_samples_split"": 2, ""n_estimators"": 500}",5,17029.3462890625,4115.476553351035,27053.846484375,5760.965296807741,6.000158309936523,2.2704696759388536,1.3169689178466797,0.3265556291114262,"[1, 2, 3, 4, 5, 6, 12]","{'bootstrap': True, 'max_depth': 20, 'max_features': 'sqrt', 'min_samples_leaf': 4, 'min_samples_split': 2, 'n_estimators': 500}"
RandomForest_cuML,"[1, 2, 3, 4, 5, 6, 12]","{""bootstrap"": true, ""max_depth"": 20, ""max_features"": ""sqrt"", ""min_samples_leaf"": 4, ""min_samples_split"": 5, ""n_estimators"": 500}",5,17029.3462890625,4115.476553351035,27053.846484375,5760.965296807741,6.000158309936523,2.2704696759388536,1.3169689178466797,0.3265556291114262,"[1, 2, 3, 4, 5, 6, 12]","{'bootstrap': True, 'max_depth': 20, 'max_features': 'sqrt', 'min_samples_leaf': 4, 'min_samples_split': 5, 'n_estimators': 500}"
RandomForest_cuML,"[1, 2, 3, 4, 5, 6, 12]","{""bootstrap"": true, ""max_depth"": null, ""max_features"": ""sqrt"", ""min_samples_leaf"": 4, ""min_samples_split"": 2, ""n_estimators"": 500}",5,17028.0048828125,4113.006542428708,27054.259765625,5762.101254549882,5.998421573638916,2.2687532132286123,1.3168598890304566,0.326333221172893,"[1, 2, 3, 4, 5, 6, 12]","{'bootstrap': True, 'max_depth': None, 'max_features': 'sqrt', 'min_samples_leaf': 4, 'min_samples_split': 2, 'n_estimators': 500}"
RandomForest_cuML,"[1, 2, 3, 4, 5, 6, 12]","{""bootstrap"": true, ""max_depth"": null, ""max_features"": ""sqrt"", ""min_samples_leaf"": 4, ""min_samples_split"": 5, ""n_estimators"": 500}",5,17028.0048828125,4113.006542428708,27054.259765625,5762.101254549882,5.998421573638916,2.2687532132286123,1.3168598890304566,0.326333221172893,"[1, 2, 3, 4, 5, 6, 12]","{'bootstrap': True, 'max_depth': None, 'max_features': 'sqrt', 'min_samples_leaf': 4, 'min_samples_split': 5, 'n_estimators': 500}"
RandomForest_cuML,"[1, 2, 3, 4, 5, 6, 12]","{""bootstrap"": true, ""max_depth"": 20, ""max_features"": ""sqrt"", ""min_samples_leaf"": 2, ""min_samples_split"": 5, ""n_estimators"": 250}",5,17010.6078125,4113.846745709803,27059.425,5734.042815774001,5.999616909027099,2.2765580837115698,1.3154696226119995,0.326137055043679,"[1, 2, 3, 4, 5, 6, 12]","{'bootstrap': True, 'max_depth': 20, 'max_features': 'sqrt', 'min_samples_leaf': 2, 'min_samples_split': 5, 'n_estimators': 250}"
RandomForest_cuML,"[1, 2, 3, 4, 5, 6, 12]","{""bootstrap"": true, ""max_depth"": null, ""max_features"": ""sqrt"", ""min_samples_leaf"": 2, ""min_samples_split"": 5, ""n_estimators"": 250}",5,17006.2517578125,4113.318476020441,27059.9265625,5735.287139515353,5.99657039642334,2.274956500214994,1.3151291131973266,0.32606589203374436,"[1, 2, 3, 4, 5, 6, 12]","{'bootstrap': True, 'max_depth': None, 'max_features': 'sqrt', 'min_samples_leaf': 2, 'min_samples_split': 5, 'n_estimators': 250}"
RandomForest_cuML,"[1, 2, 3, 4, 5, 6, 12]","{""bootstrap"": true, ""max_depth"": 10, ""max_features"": ""sqrt"", ""min_samples_leaf"": 1, ""min_samples_split"": 2, ""n_estimators"": 250}",5,16841.21328125,4066.531322707615,27063.943359375,5708.767661820553,5.9108179092407225,2.2242211141697608,1.3023619055747986,0.32215567301497344,"[1, 2, 3, 4, 5, 6, 12]","{'bootstrap': True, 'max_depth': 10, 'max_features': 'sqrt', 'min_samples_leaf': 1, 'min_samples_split': 2, 'n_estimators': 250}"
RandomForest_cuML,"[1, 2, 3, 4, 5, 6, 12]","{""bootstrap"": true, ""max_depth"": null, ""max_features"": ""sqrt"", ""min_samples_leaf"": 2, ""min_samples_split"": 2, ""n_estimators"": 250}",5,17001.039453125,4116.364120976722,27068.13984375,5719.467990011926,5.997382736206054,2.281027234075147,1.314727234840393,0.32633012808619255,"[1, 2, 3, 4, 5, 6, 12]","{'bootstrap': True, 'max_depth': None, 'max_features': 'sqrt', 'min_samples_leaf': 2, 'min_samples_split': 2, 'n_estimators': 250}"
RandomForest_cuML,"[1, 2, 3, 4, 5, 6, 12]","{""bootstrap"": true, ""max_depth"": 20, ""max_features"": ""sqrt"", ""min_samples_leaf"": 2, ""min_samples_split"": 2, ""n_estimators"": 250}",5,17005.6765625,4113.797500915117,27068.927734375,5717.999829530129,6.0003375053405765,2.280829495734706,1.3150851726531982,0.3261489602539301,"[1, 2, 3, 4, 5, 6, 12]","{'bootstrap': True, 'max_depth': 20, 'max_features': 'sqrt', 'min_samples_leaf': 2, 'min_samples_split': 2, 'n_estimators': 250}"
RandomForest_cuML,"[1, 2, 3, 4, 5, 6, 12]","{""bootstrap"": true, ""max_depth"": null, ""max_features"": ""sqrt"", ""min_samples_leaf"": 1, ""min_samples_split"": 5, ""n_estimators"": 250}",5,17011.2650390625,4124.924420435883,27097.361328125,5702.425705250407,6.000521564483643,2.2824082651298485,1.3154993534088137,0.3268804238462058,"[1, 2, 3, 4, 5, 6, 12]","{'bootstrap': True, 'max_depth': None, 'max_features': 'sqrt', 'min_samples_leaf': 1, 'min_samples_split': 5, 'n_estimators': 250}"
RandomForest_cuML,"[1, 2, 3, 4, 5, 6, 12]","{""bootstrap"": true, ""max_depth"": 20, ""max_features"": ""sqrt"", ""min_samples_leaf"": 1, ""min_samples_split"": 5, ""n_estimators"": 250}",5,17018.44140625,4127.198949799491,27101.326171875,5702.4453217083765,6.0040594100952145,2.2839360497055448,1.3160563945770263,0.3270838325492375,"[1, 2, 3, 4, 5, 6, 12]","{'bootstrap': True, 'max_depth': 20, 'max_features': 'sqrt', 'min_samples_leaf': 1, 'min_samples_split': 5, 'n_estimators': 250}"
RandomForest_cuML,"[1, 2, 3, 4, 5, 6, 12]","{""bootstrap"": true, ""max_depth"": 10, ""max_features"": ""sqrt"", ""min_samples_leaf"": 2, ""min_samples_split"": 5, ""n_estimators"": 250}",5,16887.4943359375,4058.2533470852986,27102.188671875,5707.245521225096,5.921809101104737,2.219614924755114,1.30597243309021,0.3217140446829875,"[1, 2, 3, 4, 5, 6, 12]","{'bootstrap': True, 'max_depth': 10, 'max_features': 'sqrt', 'min_samples_leaf': 2, 'min_samples_split': 5, 'n_estimators': 250}"
RandomForest_cuML,"[1, 2, 3, 4, 5, 6, 12]","{""bootstrap"": true, ""max_depth"": 10, ""max_features"": ""sqrt"", ""min_samples_leaf"": 2, ""min_samples_split"": 2, ""n_estimators"": 250}",5,16872.3419921875,4071.8438855872887,27112.13671875,5708.843446208404,5.918992042541504,2.22611526589659,1.3048374891281127,0.32288276743758393,"[1, 2, 3, 4, 5, 6, 12]","{'bootstrap': True, 'max_depth': 10, 'max_features': 'sqrt', 'min_samples_leaf': 2, 'min_samples_split': 2, 'n_estimators': 250}"
RandomForest_cuML,"[1, 2, 3, 4, 5, 6, 12]","{""bootstrap"": true, ""max_depth"": 10, ""max_features"": ""sqrt"", ""min_samples_leaf"": 1, ""min_samples_split"": 5, ""n_estimators"": 250}",5,16879.9072265625,4063.9501614470255,27135.08828125,5686.714934613608,5.918862819671631,2.2188632557146053,1.3054056286811828,0.3222115000608563,"[1, 2, 3, 4, 5, 6, 12]","{'bootstrap': True, 'max_depth': 10, 'max_features': 'sqrt', 'min_samples_leaf': 1, 'min_samples_split': 5, 'n_estimators': 250}"
RandomForest_cuML,"[1, 12]","{""bootstrap"": true, ""max_depth"": 10, ""max_features"": 0.5, ""min_samples_leaf"": 4, ""min_samples_split"": 2, ""n_estimators"": 500}",5,17145.0607421875,3917.959105250126,27175.55234375,5892.8516375067475,5.993390941619873,2.2038846710840825,1.3263086318969726,0.3139917447814661,"[1, 12]","{'bootstrap': True, 'max_depth': 10, 'max_features': 0.5, 'min_samples_leaf': 4, 'min_samples_split': 2, 'n_estimators': 500}"
RandomForest_cuML,"[1, 12]","{""bootstrap"": true, ""max_depth"": 10, ""max_features"": 0.5, ""min_samples_leaf"": 4, ""min_samples_split"": 5, ""n_estimators"": 500}",5,17145.0607421875,3917.959105250126,27175.55234375,5892.8516375067475,5.993390941619873,2.2038846710840825,1.3263086318969726,0.3139917447814661,"[1, 12]","{'bootstrap': True, 'max_depth': 10, 'max_features': 0.5, 'min_samples_leaf': 4, 'min_samples_split': 5, 'n_estimators': 500}"
RandomForest_cuML,"[1, 2, 3, 4, 5, 6, 12]","{""bootstrap"": true, ""max_depth"": 20, ""max_features"": ""sqrt"", ""min_samples_leaf"": 4, ""min_samples_split"": 5, ""n_estimators"": 250}",5,17027.0078125,4121.3205395481855,27250.971484375,5731.782957945987,5.995225524902343,2.273781365680003,1.3167625665664673,0.326821984489926,"[1, 2, 3, 4, 5, 6, 12]","{'bootstrap': True, 'max_depth': 20, 'max_features': 'sqrt', 'min_samples_leaf': 4, 'min_samples_split': 5, 'n_estimators': 250}"
RandomForest_cuML,"[1, 2, 3, 4, 5, 6, 12]","{""bootstrap"": true, ""max_depth"": 20, ""max_features"": ""sqrt"", ""min_samples_leaf"": 4, ""min_samples_split"": 2, ""n_estimators"": 250}",5,17027.0078125,4121.3205395481855,27250.971484375,5731.782957945987,5.995225524902343,2.273781365680003,1.3167625665664673,0.326821984489926,"[1, 2, 3, 4, 5, 6, 12]","{'bootstrap': True, 'max_depth': 20, 'max_features': 'sqrt', 'min_samples_leaf': 4, 'min_samples_split': 2, 'n_estimators': 250}"
RandomForest_cuML,"[1, 2, 3, 4, 5, 6, 12]","{""bootstrap"": true, ""max_depth"": null, ""max_features"": ""sqrt"", ""min_samples_leaf"": 4, ""min_samples_split"": 2, ""n_estimators"": 250}",5,17025.2064453125,4120.6972970619745,27252.657421875,5735.003451276071,5.9931258201599125,2.2728347283676933,1.3166199445724487,0.326747533401512,"[1, 2, 3, 4, 5, 6, 12]","{'bootstrap': True, 'max_depth': None, 'max_features': 'sqrt', 'min_samples_leaf': 4, 'min_samples_split': 2, 'n_estimators': 250}"
RandomForest_cuML,"[1, 2, 3, 4, 5, 6, 12]","{""bootstrap"": true, ""max_depth"": null, ""max_features"": ""sqrt"", ""min_samples_leaf"": 4, ""min_samples_split"": 5, ""n_estimators"": 250}",5,17025.2064453125,4120.6972970619745,27252.657421875,5735.003451276071,5.9931258201599125,2.2728347283676933,1.3166199445724487,0.326747533401512,"[1, 2, 3, 4, 5, 6, 12]","{'bootstrap': True, 'max_depth': None, 'max_features': 'sqrt', 'min_samples_leaf': 4, 'min_samples_split': 5, 'n_estimators': 250}"
RandomForest_cuML,"[1, 2, 3, 4, 5, 6, 12]","{""bootstrap"": true, ""max_depth"": 10, ""max_features"": ""sqrt"", ""min_samples_leaf"": 4, ""min_samples_split"": 5, ""n_estimators"": 250}",5,16892.014453125,4070.4909817588104,27266.035546875,5717.832935847331,5.917125797271728,2.2237473898542346,1.3063262104988098,0.3226448066607509,"[1, 2, 3, 4, 5, 6, 12]","{'bootstrap': True, 'max_depth': 10, 'max_features': 'sqrt', 'min_samples_leaf': 4, 'min_samples_split': 5, 'n_estimators': 250}"
RandomForest_cuML,"[1, 2, 3, 4, 5, 6, 12]","{""bootstrap"": true, ""max_depth"": 10, ""max_features"": ""sqrt"", ""min_samples_leaf"": 4, ""min_samples_split"": 2, ""n_estimators"": 250}",5,16892.014453125,4070.4909817588104,27266.035546875,5717.832935847331,5.917125797271728,2.2237473898542346,1.3063262104988098,0.3226448066607509,"[1, 2, 3, 4, 5, 6, 12]","{'bootstrap': True, 'max_depth': 10, 'max_features': 'sqrt', 'min_samples_leaf': 4, 'min_samples_split': 2, 'n_estimators': 250}"
RandomForest_cuML,"[1, 12]","{""bootstrap"": true, ""max_depth"": 10, ""max_features"": 0.5, ""min_samples_leaf"": 2, ""min_samples_split"": 2, ""n_estimators"": 500}",5,17160.86015625,3880.8386942951734,27273.16328125,6032.320333716957,5.997904586791992,2.198170352350731,1.3275631427764893,0.31147666293191006,"[1, 12]","{'bootstrap': True, 'max_depth': 10, 'max_features': 0.5, 'min_samples_leaf': 2, 'min_samples_split': 2, 'n_estimators': 500}"
RandomForest_cuML,"[1, 12]","{""bootstrap"": true, ""max_depth"": 10, ""max_features"": 0.5, ""min_samples_leaf"": 2, ""min_samples_split"": 5, ""n_estimators"": 500}",5,17162.93125,3883.5766545367856,27273.53359375,6015.584821434442,5.9996074676513675,2.199251904157729,1.3277564525604248,0.31184431128245627,"[1, 12]","{'bootstrap': True, 'max_depth': 10, 'max_features': 0.5, 'min_samples_leaf': 2, 'min_samples_split': 5, 'n_estimators': 500}"
RandomForest_cuML,"[1, 12]","{""bootstrap"": true, ""max_depth"": 10, ""max_features"": 0.5, ""min_samples_leaf"": 1, ""min_samples_split"": 2, ""n_estimators"": 500}",5,17171.026953125,3890.6823838220853,27291.3015625,6085.5256727121705,5.9997120857238775,2.1931571954571267,1.3284422874450683,0.3127009962203507,"[1, 12]","{'bootstrap': True, 'max_depth': 10, 'max_features': 0.5, 'min_samples_leaf': 1, 'min_samples_split': 2, 'n_estimators': 500}"
RandomForest_cuML,"[1, 12]","{""bootstrap"": true, ""max_depth"": 10, ""max_features"": 0.5, ""min_samples_leaf"": 1, ""min_samples_split"": 5, ""n_estimators"": 500}",5,17174.6095703125,3887.8303099287814,27293.79375,6067.059519343863,6.002247524261475,2.196388054034323,1.3286700010299684,0.31223554319268454,"[1, 12]","{'bootstrap': True, 'max_depth': 10, 'max_features': 0.5, 'min_samples_leaf': 1, 'min_samples_split': 5, 'n_estimators': 500}"
RandomForest_cuML,"[1, 12]","{""bootstrap"": true, ""max_depth"": 10, ""max_features"": 0.5, ""min_samples_leaf"": 4, ""min_samples_split"": 2, ""n_estimators"": 250}",5,17209.6150390625,3933.1928285010467,27300.093359375,5991.283824965152,5.999639701843262,2.194154511446909,1.3314038515090942,0.3157811366270298,"[1, 12]","{'bootstrap': True, 'max_depth': 10, 'max_features': 0.5, 'min_samples_leaf': 4, 'min_samples_split': 2, 'n_estimators': 250}"
RandomForest_cuML,"[1, 12]","{""bootstrap"": true, ""max_depth"": 10, ""max_features"": 0.5, ""min_samples_leaf"": 4, ""min_samples_split"": 5, ""n_estimators"": 250}",5,17209.6150390625,3933.1928285010467,27300.093359375,5991.283824965152,5.999639701843262,2.194154511446909,1.3314038515090942,0.3157811366270298,"[1, 12]","{'bootstrap': True, 'max_depth': 10, 'max_features': 0.5, 'min_samples_leaf': 4, 'min_samples_split': 5, 'n_estimators': 250}"
RandomForest_cuML,"[1, 12]","{""bootstrap"": true, ""max_depth"": null, ""max_features"": 0.5, ""min_samples_leaf"": 4, ""min_samples_split"": 2, ""n_estimators"": 500}",5,17394.6587890625,4022.236145040931,27354.642578125,5888.212103873217,6.119586753845215,2.2758160151982803,1.3455136299133301,0.3217895647809162,"[1, 12]","{'bootstrap': True, 'max_depth': None, 'max_features': 0.5, 'min_samples_leaf': 4, 'min_samples_split': 2, 'n_estimators': 500}"
RandomForest_cuML,"[1, 12]","{""bootstrap"": true, ""max_depth"": null, ""max_features"": 0.5, ""min_samples_leaf"": 4, ""min_samples_split"": 5, ""n_estimators"": 500}",5,17394.6587890625,4022.236145040931,27354.642578125,5888.212103873217,6.119586753845215,2.2758160151982803,1.3455136299133301,0.3217895647809162,"[1, 12]","{'bootstrap': True, 'max_depth': None, 'max_features': 0.5, 'min_samples_leaf': 4, 'min_samples_split': 5, 'n_estimators': 500}"
RandomForest_cuML,"[1, 12]","{""bootstrap"": true, ""max_depth"": 20, ""max_features"": 0.5, ""min_samples_leaf"": 4, ""min_samples_split"": 5, ""n_estimators"": 500}",5,17397.6955078125,4022.72542552522,27356.646484375,5885.590185007708,6.122089195251465,2.276614730163215,1.3457464456558228,0.3218243309404507,"[1, 12]","{'bootstrap': True, 'max_depth': 20, 'max_features': 0.5, 'min_samples_leaf': 4, 'min_samples_split': 5, 'n_estimators': 500}"
RandomForest_cuML,"[1, 12]","{""bootstrap"": true, ""max_depth"": 20, ""max_features"": 0.5, ""min_samples_leaf"": 4, ""min_samples_split"": 2, ""n_estimators"": 500}",5,17397.6955078125,4022.72542552522,27356.646484375,5885.590185007708,6.122089195251465,2.276614730163215,1.3457464456558228,0.3218243309404507,"[1, 12]","{'bootstrap': True, 'max_depth': 20, 'max_features': 0.5, 'min_samples_leaf': 4, 'min_samples_split': 2, 'n_estimators': 500}"
RandomForest_cuML,"[1, 12]","{""bootstrap"": true, ""max_depth"": null, ""max_features"": 0.5, ""min_samples_leaf"": 2, ""min_samples_split"": 5, ""n_estimators"": 500}",5,17418.6115234375,3995.250257838199,27458.153515625,5988.226251911677,6.129052066802979,2.277536315890388,1.3473975658416748,0.320023789693838,"[1, 12]","{'bootstrap': True, 'max_depth': None, 'max_features': 0.5, 'min_samples_leaf': 2, 'min_samples_split': 5, 'n_estimators': 500}"
RandomForest_cuML,"[1, 12]","{""bootstrap"": true, ""max_depth"": null, ""max_features"": 0.5, ""min_samples_leaf"": 2, ""min_samples_split"": 2, ""n_estimators"": 500}",5,17410.74140625,4009.56780479137,27458.46015625,6048.770160804728,6.1260723114013675,2.27958375858445,1.3467997074127198,0.321143189541214,"[1, 12]","{'bootstrap': True, 'max_depth': None, 'max_features': 0.5, 'min_samples_leaf': 2, 'min_samples_split': 2, 'n_estimators': 500}"
RandomForest_cuML,"[1, 12]","{""bootstrap"": true, ""max_depth"": 10, ""max_features"": 0.5, ""min_samples_leaf"": 1, ""min_samples_split"": 2, ""n_estimators"": 250}",5,17246.4875,3915.4367189035524,27458.566015625,6247.1579081506925,6.006139755249023,2.1819942330880573,1.3344170570373535,0.3154110878259663,"[1, 12]","{'bootstrap': True, 'max_depth': 10, 'max_features': 0.5, 'min_samples_leaf': 1, 'min_samples_split': 2, 'n_estimators': 250}"
RandomForest_cuML,"[1, 12]","{""bootstrap"": true, ""max_depth"": 20, ""max_features"": 0.5, ""min_samples_leaf"": 2, ""min_samples_split"": 5, ""n_estimators"": 500}",5,17421.275,3997.4136237281673,27458.87265625,5986.5821680202025,6.131953334808349,2.2788863667303754,1.3475988626480102,0.3201719073718533,"[1, 12]","{'bootstrap': True, 'max_depth': 20, 'max_features': 0.5, 'min_samples_leaf': 2, 'min_samples_split': 5, 'n_estimators': 500}"
RandomForest_cuML,"[1, 12]","{""bootstrap"": true, ""max_depth"": null, ""max_features"": 0.5, ""min_samples_leaf"": 4, ""min_samples_split"": 2, ""n_estimators"": 250}",5,17445.3953125,4035.9192325745685,27459.4125,5993.946568132771,6.123930740356445,2.2622868436715247,1.3495455265045166,0.3234856312965591,"[1, 12]","{'bootstrap': True, 'max_depth': None, 'max_features': 0.5, 'min_samples_leaf': 4, 'min_samples_split': 2, 'n_estimators': 250}"
RandomForest_cuML,"[1, 12]","{""bootstrap"": true, ""max_depth"": null, ""max_features"": 0.5, ""min_samples_leaf"": 4, ""min_samples_split"": 5, ""n_estimators"": 250}",5,17445.3953125,4035.9192325745685,27459.4125,5993.946568132771,6.123930740356445,2.2622868436715247,1.3495455265045166,0.3234856312965591,"[1, 12]","{'bootstrap': True, 'max_depth': None, 'max_features': 0.5, 'min_samples_leaf': 4, 'min_samples_split': 5, 'n_estimators': 250}"
RandomForest_cuML,"[1, 12]","{""bootstrap"": true, ""max_depth"": 20, ""max_features"": 0.5, ""min_samples_leaf"": 2, ""min_samples_split"": 2, ""n_estimators"": 500}",5,17415.33984375,4012.1386257410545,27460.696875,6048.18274508289,6.129737663269043,2.2811370183864095,1.3471564531326294,0.3213494314189928,"[1, 12]","{'bootstrap': True, 'max_depth': 20, 'max_features': 0.5, 'min_samples_leaf': 2, 'min_samples_split': 2, 'n_estimators': 500}"
RandomForest_cuML,"[1, 12]","{""bootstrap"": true, ""max_depth"": 20, ""max_features"": 0.5, ""min_samples_leaf"": 4, ""min_samples_split"": 2, ""n_estimators"": 250}",5,17448.510546875,4035.961518760947,27461.310546875,5990.243778646465,6.126389884948731,2.263000703544417,1.3497838258743287,0.32348358022370743,"[1, 12]","{'bootstrap': True, 'max_depth': 20, 'max_features': 0.5, 'min_samples_leaf': 4, 'min_samples_split': 2, 'n_estimators': 250}"
RandomForest_cuML,"[1, 12]","{""bootstrap"": true, ""max_depth"": 20, ""max_features"": 0.5, ""min_samples_leaf"": 4, ""min_samples_split"": 5, ""n_estimators"": 250}",5,17448.510546875,4035.961518760947,27461.310546875,5990.243778646465,6.126389884948731,2.263000703544417,1.3497838258743287,0.32348358022370743,"[1, 12]","{'bootstrap': True, 'max_depth': 20, 'max_features': 0.5, 'min_samples_leaf': 4, 'min_samples_split': 5, 'n_estimators': 250}"
RandomForest_cuML,"[1, 12]","{""bootstrap"": true, ""max_depth"": 10, ""max_features"": 0.5, ""min_samples_leaf"": 2, ""min_samples_split"": 2, ""n_estimators"": 250}",5,17239.1736328125,3901.7876859935463,27464.22421875,6177.265322662324,6.004909706115723,2.189481323349524,1.333774733543396,0.3139992235147893,"[1, 12]","{'bootstrap': True, 'max_depth': 10, 'max_features': 0.5, 'min_samples_leaf': 2, 'min_samples_split': 2, 'n_estimators': 250}"
RandomForest_cuML,"[1, 12]","{""bootstrap"": true, ""max_depth"": 10, ""max_features"": 0.5, ""min_samples_leaf"": 1, ""min_samples_split"": 5, ""n_estimators"": 250}",5,17260.2294921875,3913.22596717953,27472.162109375,6200.215120983817,6.012436485290527,2.1903854199353145,1.335421657562256,0.31495456976535696,"[1, 12]","{'bootstrap': True, 'max_depth': 10, 'max_features': 0.5, 'min_samples_leaf': 1, 'min_samples_split': 5, 'n_estimators': 250}"
RandomForest_cuML,"[1, 12]","{""bootstrap"": true, ""max_depth"": 10, ""max_features"": 0.5, ""min_samples_leaf"": 2, ""min_samples_split"": 5, ""n_estimators"": 250}",5,17252.391796875,3902.4589988801295,27478.140625,6156.270881884794,6.009914207458496,2.1899059193089543,1.3348057746887207,0.31410201226280987,"[1, 12]","{'bootstrap': True, 'max_depth': 10, 'max_features': 0.5, 'min_samples_leaf': 2, 'min_samples_split': 5, 'n_estimators': 250}"
RandomForest_cuML,"[1, 12]","{""bootstrap"": true, ""max_depth"": null, ""max_features"": 0.5, ""min_samples_leaf"": 1, ""min_samples_split"": 5, ""n_estimators"": 500}",5,17435.9310546875,4002.0073046614975,27491.134765625,6053.059934193797,6.133865547180176,2.276469338515442,1.34877450466156,0.3207453200490138,"[1, 12]","{'bootstrap': True, 'max_depth': None, 'max_features': 0.5, 'min_samples_leaf': 1, 'min_samples_split': 5, 'n_estimators': 500}"
RandomForest_cuML,"[1, 12]","{""bootstrap"": true, ""max_depth"": 20, ""max_features"": 0.5, ""min_samples_leaf"": 1, ""min_samples_split"": 5, ""n_estimators"": 500}",5,17440.0359375,4004.0427602311524,27494.104296875,6049.194108840567,6.1375655174255375,2.278395095460719,1.3490909814834595,0.3209046466881699,"[1, 12]","{'bootstrap': True, 'max_depth': 20, 'max_features': 0.5, 'min_samples_leaf': 1, 'min_samples_split': 5, 'n_estimators': 500}"
RandomForest_cuML,"[1, 12]","{""bootstrap"": true, ""max_depth"": null, ""max_features"": 0.5, ""min_samples_leaf"": 1, ""min_samples_split"": 2, ""n_estimators"": 500}",5,17443.6638671875,4010.4353705371987,27502.580859375,6063.360971427476,6.136715984344482,2.2790663302574874,1.3494117736816407,0.3216063269002784,"[1, 12]","{'bootstrap': True, 'max_depth': None, 'max_features': 0.5, 'min_samples_leaf': 1, 'min_samples_split': 2, 'n_estimators': 500}"
RandomForest_cuML,"[1, 12]","{""bootstrap"": true, ""max_depth"": 20, ""max_features"": 0.5, ""min_samples_leaf"": 1, ""min_samples_split"": 2, ""n_estimators"": 500}",5,17447.020703125,4010.5547305256528,27505.245703125,6059.896977165549,6.139884948730469,2.2798020333833438,1.3496661186218262,0.32160164117112694,"[1, 12]","{'bootstrap': True, 'max_depth': 20, 'max_features': 0.5, 'min_samples_leaf': 1, 'min_samples_split': 2, 'n_estimators': 500}"
RandomForest_cuML,"[1, 12]","{""bootstrap"": true, ""max_depth"": null, ""max_features"": 0.5, ""min_samples_leaf"": 2, ""min_samples_split"": 2, ""n_estimators"": 250}",5,17492.171875,4022.1035710372203,27640.036328125,6201.700736631869,6.137408828735352,2.2683933275586763,1.353243088722229,0.32302523147251844,"[1, 12]","{'bootstrap': True, 'max_depth': None, 'max_features': 0.5, 'min_samples_leaf': 2, 'min_samples_split': 2, 'n_estimators': 250}"
RandomForest_cuML,"[1, 12]","{""bootstrap"": true, ""max_depth"": 20, ""max_features"": 0.5, ""min_samples_leaf"": 2, ""min_samples_split"": 2, ""n_estimators"": 250}",5,17496.252734375,4024.0112584810713,27641.24296875,6202.034336035267,6.141005516052246,2.269655198651032,1.3535601615905761,0.3231821820917346,"[1, 12]","{'bootstrap': True, 'max_depth': 20, 'max_features': 0.5, 'min_samples_leaf': 2, 'min_samples_split': 2, 'n_estimators': 250}"
RandomForest_cuML,"[1, 12]","{""bootstrap"": true, ""max_depth"": null, ""max_features"": 0.5, ""min_samples_leaf"": 2, ""min_samples_split"": 5, ""n_estimators"": 250}",5,17512.4107421875,4014.39132965532,27649.668359375,6139.992279291331,6.144334030151367,2.2671732522323493,1.3548028707504272,0.32244136364897236,"[1, 12]","{'bootstrap': True, 'max_depth': None, 'max_features': 0.5, 'min_samples_leaf': 2, 'min_samples_split': 5, 'n_estimators': 250}"
RandomForest_cuML,"[1, 12]","{""bootstrap"": true, ""max_depth"": 20, ""max_features"": 0.5, ""min_samples_leaf"": 2, ""min_samples_split"": 5, ""n_estimators"": 250}",5,17515.6228515625,4015.458708576852,27650.377734375,6138.0798336068365,6.147447204589843,2.2679506352432455,1.3550460577011108,0.3225052965010785,"[1, 12]","{'bootstrap': True, 'max_depth': 20, 'max_features': 0.5, 'min_samples_leaf': 2, 'min_samples_split': 5, 'n_estimators': 250}"
RandomForest_cuML,"[1, 12]","{""bootstrap"": true, ""max_depth"": null, ""max_features"": 0.5, ""min_samples_leaf"": 1, ""min_samples_split"": 2, ""n_estimators"": 250}",5,17528.5619140625,4033.40773918807,27664.435546875,6219.614533813835,6.150683116912842,2.265148528131166,1.356116533279419,0.3242126203473198,"[1, 12]","{'bootstrap': True, 'max_depth': None, 'max_features': 0.5, 'min_samples_leaf': 1, 'min_samples_split': 2, 'n_estimators': 250}"
RandomForest_cuML,"[1, 12]","{""bootstrap"": true, ""max_depth"": 20, ""max_features"": 0.5, ""min_samples_leaf"": 1, ""min_samples_split"": 2, ""n_estimators"": 250}",5,17531.2251953125,4033.016858720883,27664.7890625,6216.247281488576,6.153736877441406,2.265987741969539,1.3563151836395264,0.32416024620338424,"[1, 12]","{'bootstrap': True, 'max_depth': 20, 'max_features': 0.5, 'min_samples_leaf': 1, 'min_samples_split': 2, 'n_estimators': 250}"
RandomForest_cuML,"[1, 12]","{""bootstrap"": true, ""max_depth"": null, ""max_features"": 0.5, ""min_samples_leaf"": 1, ""min_samples_split"": 5, ""n_estimators"": 250}",5,17528.8517578125,4022.9446618731963,27671.37109375,6180.745052296629,6.148530578613281,2.268686318658486,1.3560890913009644,0.3231589339770093,"[1, 12]","{'bootstrap': True, 'max_depth': None, 'max_features': 0.5, 'min_samples_leaf': 1, 'min_samples_split': 5, 'n_estimators': 250}"
RandomForest_cuML,"[1, 12]","{""bootstrap"": true, ""max_depth"": 20, ""max_features"": 0.5, ""min_samples_leaf"": 1, ""min_samples_split"": 5, ""n_estimators"": 250}",5,17532.3388671875,4022.9608898267256,27672.76796875,6177.963547888871,6.15195665359497,2.2696444389164983,1.3563588619232179,0.323174597895148,"[1, 12]","{'bootstrap': True, 'max_depth': 20, 'max_features': 0.5, 'min_samples_leaf': 1, 'min_samples_split': 5, 'n_estimators': 250}"
RandomForest_cuML,"[1, 2, 12, 24]","{""bootstrap"": true, ""max_depth"": 20, ""max_features"": 0.5, ""min_samples_leaf"": 1, ""min_samples_split"": 5, ""n_estimators"": 250}",5,17967.63671875,4474.9722513425395,28751.177734375,7658.5051385639745,6.296391773223877,2.4627716711663266,1.3555694222450256,0.34236738310896936,"[1, 2, 12, 24]","{'bootstrap': True, 'max_depth': 20, 'max_features': 0.5, 'min_samples_leaf': 1, 'min_samples_split': 5, 'n_estimators': 250}"
RandomForest_cuML,"[1, 2, 12, 24]","{""bootstrap"": true, ""max_depth"": 10, ""max_features"": 0.5, ""min_samples_leaf"": 1, ""min_samples_split"": 5, ""n_estimators"": 250}",5,17963.1212890625,4425.914185370068,28751.737109375,7649.110413630243,6.275567150115966,2.440548489328877,1.3552708745002746,0.33881886344142276,"[1, 2, 12, 24]","{'bootstrap': True, 'max_depth': 10, 'max_features': 0.5, 'min_samples_leaf': 1, 'min_samples_split': 5, 'n_estimators': 250}"
RandomForest_cuML,"[1, 2, 12, 24]","{""bootstrap"": true, ""max_depth"": null, ""max_features"": 0.5, ""min_samples_leaf"": 1, ""min_samples_split"": 5, ""n_estimators"": 250}",5,17969.9365234375,4477.225435766602,28751.91484375,7657.437942397465,6.296530246734619,2.4639842302676795,1.3557425141334534,0.3425274239941585,"[1, 2, 12, 24]","{'bootstrap': True, 'max_depth': None, 'max_features': 0.5, 'min_samples_leaf': 1, 'min_samples_split': 5, 'n_estimators': 250}"
RandomForest_cuML,"[1, 2, 12, 24]","{""bootstrap"": true, ""max_depth"": 20, ""max_features"": 0.5, ""min_samples_leaf"": 4, ""min_samples_split"": 5, ""n_estimators"": 250}",5,17961.64296875,4463.6965114984805,28754.88984375,7549.987266111764,6.294572544097901,2.458831743157727,1.3550913214683533,0.3414010301519645,"[1, 2, 12, 24]","{'bootstrap': True, 'max_depth': 20, 'max_features': 0.5, 'min_samples_leaf': 4, 'min_samples_split': 5, 'n_estimators': 250}"
RandomForest_cuML,"[1, 2, 12, 24]","{""bootstrap"": true, ""max_depth"": 20, ""max_features"": 0.5, ""min_samples_leaf"": 4, ""min_samples_split"": 2, ""n_estimators"": 250}",5,17961.64296875,4463.6965114984805,28754.88984375,7549.987266111764,6.294572544097901,2.458831743157727,1.3550913214683533,0.3414010301519645,"[1, 2, 12, 24]","{'bootstrap': True, 'max_depth': 20, 'max_features': 0.5, 'min_samples_leaf': 4, 'min_samples_split': 2, 'n_estimators': 250}"
RandomForest_cuML,"[1, 2, 12, 24]","{""bootstrap"": true, ""max_depth"": null, ""max_features"": 0.5, ""min_samples_leaf"": 4, ""min_samples_split"": 2, ""n_estimators"": 250}",5,17961.9564453125,4464.88845029075,28755.539453125,7551.789573849177,6.293980884552002,2.459301021710364,1.3551140666007995,0.34148143165883904,"[1, 2, 12, 24]","{'bootstrap': True, 'max_depth': None, 'max_features': 0.5, 'min_samples_leaf': 4, 'min_samples_split': 2, 'n_estimators': 250}"
RandomForest_cuML,"[1, 2, 12, 24]","{""bootstrap"": true, ""max_depth"": null, ""max_features"": 0.5, ""min_samples_leaf"": 4, ""min_samples_split"": 5, ""n_estimators"": 250}",5,17961.9564453125,4464.88845029075,28755.539453125,7551.789573849177,6.293980884552002,2.459301021710364,1.3551140666007995,0.34148143165883904,"[1, 2, 12, 24]","{'bootstrap': True, 'max_depth': None, 'max_features': 0.5, 'min_samples_leaf': 4, 'min_samples_split': 5, 'n_estimators': 250}"
RandomForest_cuML,"[1, 2, 12, 24]","{""bootstrap"": true, ""max_depth"": 10, ""max_features"": 0.5, ""min_samples_leaf"": 1, ""min_samples_split"": 2, ""n_estimators"": 250}",5,17961.63125,4427.124647331488,28760.409765625,7628.901460915045,6.273789501190185,2.439454974967374,1.3551608562469482,0.33892370516641884,"[1, 2, 12, 24]","{'bootstrap': True, 'max_depth': 10, 'max_features': 0.5, 'min_samples_leaf': 1, 'min_samples_split': 2, 'n_estimators': 250}"
RandomForest_cuML,"[1, 2, 12, 24]","{""bootstrap"": true, ""max_depth"": 10, ""max_features"": 0.5, ""min_samples_leaf"": 2, ""min_samples_split"": 2, ""n_estimators"": 250}",5,17959.477734375,4431.276285223507,28762.674609375,7630.61124074576,6.273708629608154,2.4408135181191075,1.3549878120422363,0.33918274813151456,"[1, 2, 12, 24]","{'bootstrap': True, 'max_depth': 10, 'max_features': 0.5, 'min_samples_leaf': 2, 'min_samples_split': 2, 'n_estimators': 250}"
RandomForest_cuML,"[1, 2, 12, 24]","{""bootstrap"": true, ""max_depth"": null, ""max_features"": 0.5, ""min_samples_leaf"": 2, ""min_samples_split"": 2, ""n_estimators"": 250}",5,17965.7083984375,4483.830954384129,28765.107421875,7643.311012960471,6.295628070831299,2.4655130648090315,1.3554174184799195,0.3429910460171429,"[1, 2, 12, 24]","{'bootstrap': True, 'max_depth': None, 'max_features': 0.5, 'min_samples_leaf': 2, 'min_samples_split': 2, 'n_estimators': 250}"
RandomForest_cuML,"[1, 2, 12, 24]","{""bootstrap"": true, ""max_depth"": 10, ""max_features"": 0.5, ""min_samples_leaf"": 4, ""min_samples_split"": 2, ""n_estimators"": 250}",5,17960.5880859375,4420.241383551672,28765.262890625,7546.9055071146595,6.2738265037536625,2.438920288400885,1.3550436615943908,0.3382477357946845,"[1, 2, 12, 24]","{'bootstrap': True, 'max_depth': 10, 'max_features': 0.5, 'min_samples_leaf': 4, 'min_samples_split': 2, 'n_estimators': 250}"
RandomForest_cuML,"[1, 2, 12, 24]","{""bootstrap"": true, ""max_depth"": 10, ""max_features"": 0.5, ""min_samples_leaf"": 4, ""min_samples_split"": 5, ""n_estimators"": 250}",5,17960.5880859375,4420.241383551672,28765.262890625,7546.9055071146595,6.2738265037536625,2.438920288400885,1.3550436615943908,0.3382477357946845,"[1, 2, 12, 24]","{'bootstrap': True, 'max_depth': 10, 'max_features': 0.5, 'min_samples_leaf': 4, 'min_samples_split': 5, 'n_estimators': 250}"
RandomForest_cuML,"[1, 2, 12, 24]","{""bootstrap"": true, ""max_depth"": 20, ""max_features"": 0.5, ""min_samples_leaf"": 2, ""min_samples_split"": 2, ""n_estimators"": 250}",5,17965.731640625,4480.844860745591,28766.598828125,7642.199731058607,6.295767211914063,2.4639246837410935,1.3554196000099181,0.34278401947539355,"[1, 2, 12, 24]","{'bootstrap': True, 'max_depth': 20, 'max_features': 0.5, 'min_samples_leaf': 2, 'min_samples_split': 2, 'n_estimators': 250}"
RandomForest_cuML,"[1, 2, 12, 24]","{""bootstrap"": true, ""max_depth"": 20, ""max_features"": 0.5, ""min_samples_leaf"": 1, ""min_samples_split"": 2, ""n_estimators"": 250}",5,17975.5126953125,4479.532980725619,28768.502734375,7643.694363004405,6.299429988861084,2.4632386338348637,1.3561708331108093,0.3427587077914871,"[1, 2, 12, 24]","{'bootstrap': True, 'max_depth': 20, 'max_features': 0.5, 'min_samples_leaf': 1, 'min_samples_split': 2, 'n_estimators': 250}"
RandomForest_cuML,"[1, 2, 12, 24]","{""bootstrap"": true, ""max_depth"": null, ""max_features"": 0.5, ""min_samples_leaf"": 1, ""min_samples_split"": 2, ""n_estimators"": 250}",5,17977.16640625,4483.474110840022,28770.258984375,7648.0323643919355,6.299083232879639,2.464821244741382,1.3562944889068604,0.34304038056463637,"[1, 2, 12, 24]","{'bootstrap': True, 'max_depth': None, 'max_features': 0.5, 'min_samples_leaf': 1, 'min_samples_split': 2, 'n_estimators': 250}"
RandomForest_cuML,"[1, 2, 12, 24]","{""bootstrap"": true, ""max_depth"": 10, ""max_features"": 0.5, ""min_samples_leaf"": 2, ""min_samples_split"": 5, ""n_estimators"": 250}",5,17966.0736328125,4428.348720431837,28770.833203125,7631.3624062157005,6.276204395294189,2.441488976851513,1.3554794311523437,0.3389349915121853,"[1, 2, 12, 24]","{'bootstrap': True, 'max_depth': 10, 'max_features': 0.5, 'min_samples_leaf': 2, 'min_samples_split': 5, 'n_estimators': 250}"
RandomForest_cuML,"[1, 2, 12, 24]","{""bootstrap"": true, ""max_depth"": 20, ""max_features"": 0.5, ""min_samples_leaf"": 2, ""min_samples_split"": 5, ""n_estimators"": 250}",5,17981.5236328125,4485.718096870906,28779.770703125,7634.944213058646,6.300123214721681,2.4660049644791324,1.3566141724586487,0.34314726775127746,"[1, 2, 12, 24]","{'bootstrap': True, 'max_depth': 20, 'max_features': 0.5, 'min_samples_leaf': 2, 'min_samples_split': 5, 'n_estimators': 250}"
RandomForest_cuML,"[1, 2, 12, 24]","{""bootstrap"": true, ""max_depth"": null, ""max_features"": 0.5, ""min_samples_leaf"": 2, ""min_samples_split"": 5, ""n_estimators"": 250}",5,17982.8392578125,4487.993735246017,28781.446875,7636.137387354791,6.299717235565185,2.467336338669557,1.3567118883132934,0.3433049286720821,"[1, 2, 12, 24]","{'bootstrap': True, 'max_depth': None, 'max_features': 0.5, 'min_samples_leaf': 2, 'min_samples_split': 5, 'n_estimators': 250}"
RandomForest_cuML,"[1, 2, 12, 24]","{""bootstrap"": true, ""max_depth"": 20, ""max_features"": 0.5, ""min_samples_leaf"": 4, ""min_samples_split"": 2, ""n_estimators"": 500}",5,17968.9357421875,4457.057452969256,28823.838671875,7658.405442362798,6.295601081848145,2.4589284025644966,1.3556401252746582,0.34096838722910194,"[1, 2, 12, 24]","{'bootstrap': True, 'max_depth': 20, 'max_features': 0.5, 'min_samples_leaf': 4, 'min_samples_split': 2, 'n_estimators': 500}"
RandomForest_cuML,"[1, 2, 12, 24]","{""bootstrap"": true, ""max_depth"": 20, ""max_features"": 0.5, ""min_samples_leaf"": 4, ""min_samples_split"": 5, ""n_estimators"": 500}",5,17968.9357421875,4457.057452969256,28823.838671875,7658.405442362798,6.295601081848145,2.4589284025644966,1.3556401252746582,0.34096838722910194,"[1, 2, 12, 24]","{'bootstrap': True, 'max_depth': 20, 'max_features': 0.5, 'min_samples_leaf': 4, 'min_samples_split': 5, 'n_estimators': 500}"
RandomForest_cuML,"[1, 2, 12, 24]","{""bootstrap"": true, ""max_depth"": null, ""max_features"": 0.5, ""min_samples_leaf"": 4, ""min_samples_split"": 2, ""n_estimators"": 500}",5,17970.0052734375,4457.169288085905,28824.65703125,7659.737875733391,6.295410633087158,2.459274363880112,1.3557177543640138,0.3409610447741972,"[1, 2, 12, 24]","{'bootstrap': True, 'max_depth': None, 'max_features': 0.5, 'min_samples_leaf': 4, 'min_samples_split': 2, 'n_estimators': 500}"
RandomForest_cuML,"[1, 2, 12, 24]","{""bootstrap"": true, ""max_depth"": null, ""max_features"": 0.5, ""min_samples_leaf"": 4, ""min_samples_split"": 5, ""n_estimators"": 500}",5,17970.0052734375,4457.169288085905,28824.65703125,7659.737875733391,6.295410633087158,2.459274363880112,1.3557177543640138,0.3409610447741972,"[1, 2, 12, 24]","{'bootstrap': True, 'max_depth': None, 'max_features': 0.5, 'min_samples_leaf': 4, 'min_samples_split': 5, 'n_estimators': 500}"
RandomForest_cuML,"[1, 2, 12, 24]","{""bootstrap"": true, ""max_depth"": 10, ""max_features"": 0.5, ""min_samples_leaf"": 4, ""min_samples_split"": 5, ""n_estimators"": 500}",5,17964.8373046875,4405.001921955971,28827.7046875,7652.409830299215,6.275244903564453,2.438644714648452,1.3553518891334533,0.33712321025670045,"[1, 2, 12, 24]","{'bootstrap': True, 'max_depth': 10, 'max_features': 0.5, 'min_samples_leaf': 4, 'min_samples_split': 5, 'n_estimators': 500}"
RandomForest_cuML,"[1, 2, 12, 24]","{""bootstrap"": true, ""max_depth"": 10, ""max_features"": 0.5, ""min_samples_leaf"": 4, ""min_samples_split"": 2, ""n_estimators"": 500}",5,17964.8373046875,4405.001921955971,28827.7046875,7652.409830299215,6.275244903564453,2.438644714648452,1.3553518891334533,0.33712321025670045,"[1, 2, 12, 24]","{'bootstrap': True, 'max_depth': 10, 'max_features': 0.5, 'min_samples_leaf': 4, 'min_samples_split': 2, 'n_estimators': 500}"
RandomForest_cuML,"[1, 2, 12, 24]","{""bootstrap"": true, ""max_depth"": 10, ""max_features"": 0.5, ""min_samples_leaf"": 1, ""min_samples_split"": 5, ""n_estimators"": 500}",5,17966.9001953125,4405.491641947847,28841.3046875,7769.327260825721,6.276075458526611,2.4381191279329335,1.3555425524711608,0.33732924102814443,"[1, 2, 12, 24]","{'bootstrap': True, 'max_depth': 10, 'max_features': 0.5, 'min_samples_leaf': 1, 'min_samples_split': 5, 'n_estimators': 500}"
RandomForest_cuML,"[1, 2, 12, 24]","{""bootstrap"": true, ""max_depth"": 10, ""max_features"": 0.5, ""min_samples_leaf"": 1, ""min_samples_split"": 2, ""n_estimators"": 500}",5,17969.25234375,4399.860269369616,28851.1765625,7762.184776326942,6.275410556793213,2.435784180379726,1.355733287334442,0.3369850804673364,"[1, 2, 12, 24]","{'bootstrap': True, 'max_depth': 10, 'max_features': 0.5, 'min_samples_leaf': 1, 'min_samples_split': 2, 'n_estimators': 500}"
RandomForest_cuML,"[1, 2, 12, 24]","{""bootstrap"": true, ""max_depth"": 20, ""max_features"": 0.5, ""min_samples_leaf"": 1, ""min_samples_split"": 2, ""n_estimators"": 500}",5,17978.7515625,4456.54884026817,28851.934765625,7785.490075849103,6.299051666259766,2.4584284588604137,1.3564221739768982,0.3411628852248749,"[1, 2, 12, 24]","{'bootstrap': True, 'max_depth': 20, 'max_features': 0.5, 'min_samples_leaf': 1, 'min_samples_split': 2, 'n_estimators': 500}"
RandomForest_cuML,"[1, 2, 12, 24]","{""bootstrap"": true, ""max_depth"": 20, ""max_features"": 0.5, ""min_samples_leaf"": 1, ""min_samples_split"": 5, ""n_estimators"": 500}",5,17975.1431640625,4457.666923349855,28852.977734375,7780.540413996826,6.297367954254151,2.460120019909971,1.356121265888214,0.3411037824442718,"[1, 2, 12, 24]","{'bootstrap': True, 'max_depth': 20, 'max_features': 0.5, 'min_samples_leaf': 1, 'min_samples_split': 5, 'n_estimators': 500}"
RandomForest_cuML,"[1, 2, 12, 24]","{""bootstrap"": true, ""max_depth"": null, ""max_features"": 0.5, ""min_samples_leaf"": 1, ""min_samples_split"": 2, ""n_estimators"": 500}",5,17980.843359375,4458.934967615503,28853.851953125,7786.723989049361,6.298827266693115,2.459885690115246,1.356578254699707,0.3413268983855117,"[1, 2, 12, 24]","{'bootstrap': True, 'max_depth': None, 'max_features': 0.5, 'min_samples_leaf': 1, 'min_samples_split': 2, 'n_estimators': 500}"
RandomForest_cuML,"[1, 2, 12, 24]","{""bootstrap"": true, ""max_depth"": null, ""max_features"": 0.5, ""min_samples_leaf"": 1, ""min_samples_split"": 5, ""n_estimators"": 500}",5,17977.2470703125,4460.460095874057,28853.96953125,7781.019160607881,6.2973353385925295,2.4614252535010603,1.3562816977500916,0.34131106222845153,"[1, 2, 12, 24]","{'bootstrap': True, 'max_depth': None, 'max_features': 0.5, 'min_samples_leaf': 1, 'min_samples_split': 5, 'n_estimators': 500}"
RandomForest_cuML,"[1, 2, 12, 24]","{""bootstrap"": true, ""max_depth"": 10, ""max_features"": 0.5, ""min_samples_leaf"": 2, ""min_samples_split"": 5, ""n_estimators"": 500}",5,17973.49375,4403.9698315659025,28859.55390625,7747.409871094879,6.277071380615235,2.437402321974586,1.3560432195663452,0.33723251305802127,"[1, 2, 12, 24]","{'bootstrap': True, 'max_depth': 10, 'max_features': 0.5, 'min_samples_leaf': 2, 'min_samples_split': 5, 'n_estimators': 500}"
RandomForest_cuML,"[1, 2, 12, 24]","{""bootstrap"": true, ""max_depth"": 10, ""max_features"": 0.5, ""min_samples_leaf"": 2, ""min_samples_split"": 2, ""n_estimators"": 500}",5,17969.713671875,4403.510936949276,28862.7890625,7745.438670512065,6.275732326507568,2.4374237848758438,1.3557610511779785,0.3372113572279317,"[1, 2, 12, 24]","{'bootstrap': True, 'max_depth': 10, 'max_features': 0.5, 'min_samples_leaf': 2, 'min_samples_split': 2, 'n_estimators': 500}"
RandomForest_cuML,"[1, 2, 12, 24]","{""bootstrap"": true, ""max_depth"": 20, ""max_features"": 0.5, ""min_samples_leaf"": 2, ""min_samples_split"": 5, ""n_estimators"": 500}",5,17982.153125,4461.829843966718,28867.176171875,7748.72106341376,6.299010467529297,2.461717388613078,1.3566647529602052,0.3414624586657433,"[1, 2, 12, 24]","{'bootstrap': True, 'max_depth': 20, 'max_features': 0.5, 'min_samples_leaf': 2, 'min_samples_split': 5, 'n_estimators': 500}"
RandomForest_cuML,"[1, 2, 12, 24]","{""bootstrap"": true, ""max_depth"": null, ""max_features"": 0.5, ""min_samples_leaf"": 2, ""min_samples_split"": 2, ""n_estimators"": 500}",5,17975.4189453125,4461.050995802361,28869.079296875,7752.102372478159,6.297104930877685,2.46273184627866,1.3561649799346924,0.3414515366064309,"[1, 2, 12, 24]","{'bootstrap': True, 'max_depth': None, 'max_features': 0.5, 'min_samples_leaf': 2, 'min_samples_split': 2, 'n_estimators': 500}"
RandomForest_cuML,"[1, 2, 12, 24]","{""bootstrap"": true, ""max_depth"": null, ""max_features"": 0.5, ""min_samples_leaf"": 2, ""min_samples_split"": 5, ""n_estimators"": 500}",5,17984.5658203125,4463.274185625471,28869.4828125,7748.464590398916,6.299079418182373,2.4629736294716125,1.3568450808525085,0.3415575432793646,"[1, 2, 12, 24]","{'bootstrap': True, 'max_depth': None, 'max_features': 0.5, 'min_samples_leaf': 2, 'min_samples_split': 5, 'n_estimators': 500}"
RandomForest_cuML,"[1, 2, 12, 24]","{""bootstrap"": true, ""max_depth"": 20, ""max_features"": 0.5, ""min_samples_leaf"": 2, ""min_samples_split"": 2, ""n_estimators"": 500}",5,17974.6845703125,4459.65102034976,28869.742578125,7750.908833894114,6.297380161285401,2.4618598595830736,1.356110394001007,0.34135889540632275,"[1, 2, 12, 24]","{'bootstrap': True, 'max_depth': 20, 'max_features': 0.5, 'min_samples_leaf': 2, 'min_samples_split': 2, 'n_estimators': 500}"
RandomForest_cuML,"[1, 2, 12]","{""bootstrap"": true, ""max_depth"": 10, ""max_features"": 0.5, ""min_samples_leaf"": 4, ""min_samples_split"": 5, ""n_estimators"": 500}",5,18058.665625,4192.357243120016,28905.54609375,6700.844677667961,6.326636123657226,2.418898667632085,1.3969563484191894,0.33541314797553184,"[1, 2, 12]","{'bootstrap': True, 'max_depth': 10, 'max_features': 0.5, 'min_samples_leaf': 4, 'min_samples_split': 5, 'n_estimators': 500}"
RandomForest_cuML,"[1, 2, 12]","{""bootstrap"": true, ""max_depth"": 10, ""max_features"": 0.5, ""min_samples_leaf"": 4, ""min_samples_split"": 2, ""n_estimators"": 500}",5,18058.665625,4192.357243120016,28905.54609375,6700.844677667961,6.326636123657226,2.418898667632085,1.3969563484191894,0.33541314797553184,"[1, 2, 12]","{'bootstrap': True, 'max_depth': 10, 'max_features': 0.5, 'min_samples_leaf': 4, 'min_samples_split': 2, 'n_estimators': 500}"
RandomForest_cuML,"[1, 2, 12]","{""bootstrap"": true, ""max_depth"": null, ""max_features"": 0.5, ""min_samples_leaf"": 4, ""min_samples_split"": 2, ""n_estimators"": 500}",5,18072.3119140625,4253.281252581544,28910.018359375,6695.262287796463,6.350768280029297,2.4484667704990977,1.3980020523071288,0.3400693976885392,"[1, 2, 12]","{'bootstrap': True, 'max_depth': None, 'max_features': 0.5, 'min_samples_leaf': 4, 'min_samples_split': 2, 'n_estimators': 500}"
RandomForest_cuML,"[1, 2, 12]","{""bootstrap"": true, ""max_depth"": null, ""max_features"": 0.5, ""min_samples_leaf"": 4, ""min_samples_split"": 5, ""n_estimators"": 500}",5,18072.3119140625,4253.281252581544,28910.018359375,6695.262287796463,6.350768280029297,2.4484667704990977,1.3980020523071288,0.3400693976885392,"[1, 2, 12]","{'bootstrap': True, 'max_depth': None, 'max_features': 0.5, 'min_samples_leaf': 4, 'min_samples_split': 5, 'n_estimators': 500}"
RandomForest_cuML,"[1, 2, 12]","{""bootstrap"": true, ""max_depth"": 20, ""max_features"": 0.5, ""min_samples_leaf"": 4, ""min_samples_split"": 2, ""n_estimators"": 500}",5,18072.483984375,4255.063392093912,28910.075390625,6694.456335600109,6.351820659637451,2.4490039732422666,1.3980175018310548,0.34021918332492124,"[1, 2, 12]","{'bootstrap': True, 'max_depth': 20, 'max_features': 0.5, 'min_samples_leaf': 4, 'min_samples_split': 2, 'n_estimators': 500}"
RandomForest_cuML,"[1, 2, 12]","{""bootstrap"": true, ""max_depth"": 20, ""max_features"": 0.5, ""min_samples_leaf"": 4, ""min_samples_split"": 5, ""n_estimators"": 500}",5,18072.483984375,4255.063392093912,28910.075390625,6694.456335600109,6.351820659637451,2.4490039732422666,1.3980175018310548,0.34021918332492124,"[1, 2, 12]","{'bootstrap': True, 'max_depth': 20, 'max_features': 0.5, 'min_samples_leaf': 4, 'min_samples_split': 5, 'n_estimators': 500}"
RandomForest_cuML,"[1, 2, 12]","{""bootstrap"": true, ""max_depth"": 10, ""max_features"": 0.5, ""min_samples_leaf"": 1, ""min_samples_split"": 5, ""n_estimators"": 500}",5,18064.6259765625,4182.587598748297,28952.0125,6789.3195979475195,6.327629852294922,2.4175932685208505,1.3974437236785888,0.3348366560008665,"[1, 2, 12]","{'bootstrap': True, 'max_depth': 10, 'max_features': 0.5, 'min_samples_leaf': 1, 'min_samples_split': 5, 'n_estimators': 500}"
RandomForest_cuML,"[1, 2, 12]","{""bootstrap"": true, ""max_depth"": 10, ""max_features"": 0.5, ""min_samples_leaf"": 2, ""min_samples_split"": 5, ""n_estimators"": 500}",5,18060.3703125,4182.816006109752,28952.215625,6787.035406200543,6.326719665527344,2.4170367939803024,1.39711492061615,0.3348511481765381,"[1, 2, 12]","{'bootstrap': True, 'max_depth': 10, 'max_features': 0.5, 'min_samples_leaf': 2, 'min_samples_split': 5, 'n_estimators': 500}"
RandomForest_cuML,"[1, 2, 12]","{""bootstrap"": true, ""max_depth"": 20, ""max_features"": 0.5, ""min_samples_leaf"": 1, ""min_samples_split"": 5, ""n_estimators"": 500}",5,18085.7708984375,4251.4223061324865,28961.96328125,6762.879912030438,6.356502628326416,2.4531927733722116,1.399050521850586,0.3400390977251707,"[1, 2, 12]","{'bootstrap': True, 'max_depth': 20, 'max_features': 0.5, 'min_samples_leaf': 1, 'min_samples_split': 5, 'n_estimators': 500}"
RandomForest_cuML,"[1, 2, 12]","{""bootstrap"": true, ""max_depth"": null, ""max_features"": 0.5, ""min_samples_leaf"": 1, ""min_samples_split"": 5, ""n_estimators"": 500}",5,18086.203515625,4251.534036910915,28962.1,6764.410726141201,6.355241775512695,2.4530970771819622,1.39908447265625,0.34004016193822006,"[1, 2, 12]","{'bootstrap': True, 'max_depth': None, 'max_features': 0.5, 'min_samples_leaf': 1, 'min_samples_split': 5, 'n_estimators': 500}"
RandomForest_cuML,"[1, 2, 12]","{""bootstrap"": true, ""max_depth"": 10, ""max_features"": 0.5, ""min_samples_leaf"": 1, ""min_samples_split"": 2, ""n_estimators"": 500}",5,18070.55546875,4180.41207653553,28962.941015625,6797.345590137583,6.3298258781433105,2.41847325393278,1.3979026079177854,0.3346956621661444,"[1, 2, 12]","{'bootstrap': True, 'max_depth': 10, 'max_features': 0.5, 'min_samples_leaf': 1, 'min_samples_split': 2, 'n_estimators': 500}"
RandomForest_cuML,"[1, 2, 12]","{""bootstrap"": true, ""max_depth"": null, ""max_features"": 0.5, ""min_samples_leaf"": 2, ""min_samples_split"": 5, ""n_estimators"": 500}",5,18082.8517578125,4247.474077341212,28972.612890625,6768.4867403204435,6.3538305282592775,2.449716439401037,1.3988320350646972,0.3397618037249381,"[1, 2, 12]","{'bootstrap': True, 'max_depth': None, 'max_features': 0.5, 'min_samples_leaf': 2, 'min_samples_split': 5, 'n_estimators': 500}"
RandomForest_cuML,"[1, 2, 12]","{""bootstrap"": true, ""max_depth"": 20, ""max_features"": 0.5, ""min_samples_leaf"": 2, ""min_samples_split"": 5, ""n_estimators"": 500}",5,18081.984375,4249.419907583642,28972.61484375,6768.301158729776,6.354587459564209,2.4499569063010185,1.3987663030624389,0.33991880315260886,"[1, 2, 12]","{'bootstrap': True, 'max_depth': 20, 'max_features': 0.5, 'min_samples_leaf': 2, 'min_samples_split': 5, 'n_estimators': 500}"
RandomForest_cuML,"[1, 2, 12]","{""bootstrap"": true, ""max_depth"": 20, ""max_features"": 0.5, ""min_samples_leaf"": 1, ""min_samples_split"": 2, ""n_estimators"": 500}",5,18089.0314453125,4260.243620673941,28972.805859375,6775.476704098161,6.358373165130615,2.4550976435976,1.3993097066879272,0.34075075201706495,"[1, 2, 12]","{'bootstrap': True, 'max_depth': 20, 'max_features': 0.5, 'min_samples_leaf': 1, 'min_samples_split': 2, 'n_estimators': 500}"
RandomForest_cuML,"[1, 2, 12]","{""bootstrap"": true, ""max_depth"": null, ""max_features"": 0.5, ""min_samples_leaf"": 1, ""min_samples_split"": 2, ""n_estimators"": 500}",5,18088.9474609375,4255.4739495142385,28973.580859375,6777.341890198322,6.3569104194641115,2.4538260115173802,1.3993002891540527,0.34037035893275147,"[1, 2, 12]","{'bootstrap': True, 'max_depth': None, 'max_features': 0.5, 'min_samples_leaf': 1, 'min_samples_split': 2, 'n_estimators': 500}"
RandomForest_cuML,"[1, 2, 12]","{""bootstrap"": true, ""max_depth"": 10, ""max_features"": 0.5, ""min_samples_leaf"": 2, ""min_samples_split"": 2, ""n_estimators"": 500}",5,18068.792578125,4179.011796822172,28976.415625,6817.5002847254445,6.329018497467041,2.4175444555969463,1.3977709054946899,0.3346187794764169,"[1, 2, 12]","{'bootstrap': True, 'max_depth': 10, 'max_features': 0.5, 'min_samples_leaf': 2, 'min_samples_split': 2, 'n_estimators': 500}"
RandomForest_cuML,"[1, 2, 12]","{""bootstrap"": true, ""max_depth"": 10, ""max_features"": 0.5, ""min_samples_leaf"": 4, ""min_samples_split"": 2, ""n_estimators"": 250}",5,18074.328125,4174.551230997495,28979.60859375,6830.354737517059,6.3272929191589355,2.4130318661401273,1.3982231378555299,0.33436081292409225,"[1, 2, 12]","{'bootstrap': True, 'max_depth': 10, 'max_features': 0.5, 'min_samples_leaf': 4, 'min_samples_split': 2, 'n_estimators': 250}"
RandomForest_cuML,"[1, 2, 12]","{""bootstrap"": true, ""max_depth"": 10, ""max_features"": 0.5, ""min_samples_leaf"": 4, ""min_samples_split"": 5, ""n_estimators"": 250}",5,18074.328125,4174.551230997495,28979.60859375,6830.354737517059,6.3272929191589355,2.4130318661401273,1.3982231378555299,0.33436081292409225,"[1, 2, 12]","{'bootstrap': True, 'max_depth': 10, 'max_features': 0.5, 'min_samples_leaf': 4, 'min_samples_split': 5, 'n_estimators': 250}"
RandomForest_cuML,"[1, 2, 12]","{""bootstrap"": true, ""max_depth"": null, ""max_features"": 0.5, ""min_samples_leaf"": 4, ""min_samples_split"": 5, ""n_estimators"": 250}",5,18088.1841796875,4239.605718575608,28987.151171875,6817.842263656325,6.351347827911377,2.4437435781596197,1.3993045568466187,0.3394178018259748,"[1, 2, 12]","{'bootstrap': True, 'max_depth': None, 'max_features': 0.5, 'min_samples_leaf': 4, 'min_samples_split': 5, 'n_estimators': 250}"
RandomForest_cuML,"[1, 2, 12]","{""bootstrap"": true, ""max_depth"": null, ""max_features"": 0.5, ""min_samples_leaf"": 4, ""min_samples_split"": 2, ""n_estimators"": 250}",5,18088.1841796875,4239.605718575608,28987.151171875,6817.842263656325,6.351347827911377,2.4437435781596197,1.3993045568466187,0.3394178018259748,"[1, 2, 12]","{'bootstrap': True, 'max_depth': None, 'max_features': 0.5, 'min_samples_leaf': 4, 'min_samples_split': 2, 'n_estimators': 250}"
RandomForest_cuML,"[1, 2, 12]","{""bootstrap"": true, ""max_depth"": 20, ""max_features"": 0.5, ""min_samples_leaf"": 4, ""min_samples_split"": 2, ""n_estimators"": 250}",5,18089.3818359375,4241.144794587577,28988.040234375,6816.959612026076,6.352618408203125,2.4443260651245167,1.3994000911712647,0.33955334101714224,"[1, 2, 12]","{'bootstrap': True, 'max_depth': 20, 'max_features': 0.5, 'min_samples_leaf': 4, 'min_samples_split': 2, 'n_estimators': 250}"
RandomForest_cuML,"[1, 2, 12]","{""bootstrap"": true, ""max_depth"": 20, ""max_features"": 0.5, ""min_samples_leaf"": 4, ""min_samples_split"": 5, ""n_estimators"": 250}",5,18089.3818359375,4241.144794587577,28988.040234375,6816.959612026076,6.352618408203125,2.4443260651245167,1.3994000911712647,0.33955334101714224,"[1, 2, 12]","{'bootstrap': True, 'max_depth': 20, 'max_features': 0.5, 'min_samples_leaf': 4, 'min_samples_split': 5, 'n_estimators': 250}"
RandomForest_cuML,"[1, 2, 12]","{""bootstrap"": true, ""max_depth"": 20, ""max_features"": 0.5, ""min_samples_leaf"": 2, ""min_samples_split"": 2, ""n_estimators"": 500}",5,18090.6005859375,4258.0692598610385,28999.790234375,6789.344256202996,6.357790851593018,2.4545441419526823,1.3994357585906982,0.34060894774729994,"[1, 2, 12]","{'bootstrap': True, 'max_depth': 20, 'max_features': 0.5, 'min_samples_leaf': 2, 'min_samples_split': 2, 'n_estimators': 500}"
RandomForest_cuML,"[1, 2, 12]","{""bootstrap"": true, ""max_depth"": null, ""max_features"": 0.5, ""min_samples_leaf"": 2, ""min_samples_split"": 2, ""n_estimators"": 500}",5,18091.1818359375,4256.180397694389,29000.627734375,6789.735249849113,6.356740188598633,2.4541986982889097,1.3994784832000733,0.3404496478652375,"[1, 2, 12]","{'bootstrap': True, 'max_depth': None, 'max_features': 0.5, 'min_samples_leaf': 2, 'min_samples_split': 2, 'n_estimators': 500}"
RandomForest_cuML,"[1, 2, 12]","{""bootstrap"": true, ""max_depth"": 10, ""max_features"": 0.5, ""min_samples_leaf"": 1, ""min_samples_split"": 5, ""n_estimators"": 250}",5,18075.2857421875,4175.465341451766,29007.1140625,6949.487785322665,6.327820968627931,2.4141080296966533,1.3983452796936036,0.3346984180805922,"[1, 2, 12]","{'bootstrap': True, 'max_depth': 10, 'max_features': 0.5, 'min_samples_leaf': 1, 'min_samples_split': 5, 'n_estimators': 250}"
RandomForest_cuML,"[1, 2, 12]","{""bootstrap"": true, ""max_depth"": 10, ""max_features"": 0.5, ""min_samples_leaf"": 1, ""min_samples_split"": 2, ""n_estimators"": 250}",5,18085.7328125,4165.509626171467,29010.246484375,6943.1071103166805,6.330746746063232,2.4142699134088144,1.3991475105285645,0.33395565087301776,"[1, 2, 12]","{'bootstrap': True, 'max_depth': 10, 'max_features': 0.5, 'min_samples_leaf': 1, 'min_samples_split': 2, 'n_estimators': 250}"
RandomForest_cuML,"[1, 2, 12]","{""bootstrap"": true, ""max_depth"": null, ""max_features"": 0.5, ""min_samples_leaf"": 1, ""min_samples_split"": 5, ""n_estimators"": 250}",5,18093.7494140625,4246.780138845217,29016.143359375,6945.942462979487,6.354231643676758,2.449130336518966,1.399753499031067,0.34011634541601027,"[1, 2, 12]","{'bootstrap': True, 'max_depth': None, 'max_features': 0.5, 'min_samples_leaf': 1, 'min_samples_split': 5, 'n_estimators': 250}"
RandomForest_cuML,"[1, 2, 12]","{""bootstrap"": true, ""max_depth"": 20, ""max_features"": 0.5, ""min_samples_leaf"": 1, ""min_samples_split"": 5, ""n_estimators"": 250}",5,18094.6640625,4246.536887931799,29017.54609375,6943.566846528179,6.3559544563293455,2.4494732164525823,1.399819254875183,0.34008654934227406,"[1, 2, 12]","{'bootstrap': True, 'max_depth': 20, 'max_features': 0.5, 'min_samples_leaf': 1, 'min_samples_split': 5, 'n_estimators': 250}"
RandomForest_cuML,"[1, 2, 12]","{""bootstrap"": true, ""max_depth"": 10, ""max_features"": 0.5, ""min_samples_leaf"": 2, ""min_samples_split"": 5, ""n_estimators"": 250}",5,18071.3939453125,4176.516928130855,29019.741796875,6949.029623258653,6.326494979858398,2.4138460889629108,1.3980435371398925,0.3347732078577452,"[1, 2, 12]","{'bootstrap': True, 'max_depth': 10, 'max_features': 0.5, 'min_samples_leaf': 2, 'min_samples_split': 5, 'n_estimators': 250}"
RandomForest_cuML,"[1, 2, 12]","{""bootstrap"": true, ""max_depth"": 10, ""max_features"": 0.5, ""min_samples_leaf"": 2, ""min_samples_split"": 2, ""n_estimators"": 250}",5,18078.9869140625,4166.796056043937,29021.10234375,6959.454729031293,6.3289519309997555,2.4119660296867713,1.3986228227615356,0.33403308548640825,"[1, 2, 12]","{'bootstrap': True, 'max_depth': 10, 'max_features': 0.5, 'min_samples_leaf': 2, 'min_samples_split': 2, 'n_estimators': 250}"
RandomForest_cuML,"[1, 2, 12]","{""bootstrap"": true, ""max_depth"": 20, ""max_features"": 0.5, ""min_samples_leaf"": 1, ""min_samples_split"": 2, ""n_estimators"": 250}",5,18104.7353515625,4243.885537562554,29034.946875,6921.075006834396,6.358101844787598,2.4497271802595924,1.4006117105484008,0.3399719069237291,"[1, 2, 12]","{'bootstrap': True, 'max_depth': 20, 'max_features': 0.5, 'min_samples_leaf': 1, 'min_samples_split': 2, 'n_estimators': 250}"
RandomForest_cuML,"[1, 2, 12]","{""bootstrap"": true, ""max_depth"": null, ""max_features"": 0.5, ""min_samples_leaf"": 1, ""min_samples_split"": 2, ""n_estimators"": 250}",5,18104.521484375,4240.405477673082,29035.055859375,6922.320826887663,6.356774997711182,2.4490629066587966,1.4005863904953002,0.3396611125249917,"[1, 2, 12]","{'bootstrap': True, 'max_depth': None, 'max_features': 0.5, 'min_samples_leaf': 1, 'min_samples_split': 2, 'n_estimators': 250}"
RandomForest_cuML,"[1, 2, 12]","{""bootstrap"": true, ""max_depth"": 20, ""max_features"": 0.5, ""min_samples_leaf"": 2, ""min_samples_split"": 5, ""n_estimators"": 250}",5,18097.18046875,4244.375739518204,29045.830859375,6947.445330525664,6.354718208312988,2.4455463745319523,1.4000245332717896,0.3399674497917975,"[1, 2, 12]","{'bootstrap': True, 'max_depth': 20, 'max_features': 0.5, 'min_samples_leaf': 2, 'min_samples_split': 5, 'n_estimators': 250}"
RandomForest_cuML,"[1, 2, 12]","{""bootstrap"": true, ""max_depth"": 20, ""max_features"": 0.5, ""min_samples_leaf"": 2, ""min_samples_split"": 2, ""n_estimators"": 250}",5,18102.519140625,4249.221736752111,29046.82734375,6946.368117420481,6.358364486694336,2.450663750478197,1.4004297494888305,0.34031245466812343,"[1, 2, 12]","{'bootstrap': True, 'max_depth': 20, 'max_features': 0.5, 'min_samples_leaf': 2, 'min_samples_split': 2, 'n_estimators': 250}"
RandomForest_cuML,"[1, 2, 12]","{""bootstrap"": true, ""max_depth"": null, ""max_features"": 0.5, ""min_samples_leaf"": 2, ""min_samples_split"": 5, ""n_estimators"": 250}",5,18099.0240234375,4241.7505939628245,29047.7203125,6946.428455957649,6.35424919128418,2.4452169290654693,1.4001683235168456,0.33977353384876163,"[1, 2, 12]","{'bootstrap': True, 'max_depth': None, 'max_features': 0.5, 'min_samples_leaf': 2, 'min_samples_split': 5, 'n_estimators': 250}"
RandomForest_cuML,"[1, 2, 12]","{""bootstrap"": true, ""max_depth"": null, ""max_features"": 0.5, ""min_samples_leaf"": 2, ""min_samples_split"": 2, ""n_estimators"": 250}",5,18103.41640625,4249.464325586822,29047.977734375,6946.9534448226195,6.357618999481201,2.4510919603664703,1.4004974126815797,0.3403181941174456,"[1, 2, 12]","{'bootstrap': True, 'max_depth': None, 'max_features': 0.5, 'min_samples_leaf': 2, 'min_samples_split': 2, 'n_estimators': 250}"
RandomForest_cuML,"[1, 2, 3, 4, 5, 6, 12]","{""bootstrap"": true, ""max_depth"": 10, ""max_features"": 0.5, ""min_samples_leaf"": 4, ""min_samples_split"": 2, ""n_estimators"": 500}",5,18065.9310546875,4252.605497797022,29289.25625,7630.391477672551,6.310819149017334,2.4270524763007657,1.3976864099502564,0.3408795706734987,"[1, 2, 3, 4, 5, 6, 12]","{'bootstrap': True, 'max_depth': 10, 'max_features': 0.5, 'min_samples_leaf': 4, 'min_samples_split': 2, 'n_estimators': 500}"
RandomForest_cuML,"[1, 2, 3, 4, 5, 6, 12]","{""bootstrap"": true, ""max_depth"": 10, ""max_features"": 0.5, ""min_samples_leaf"": 4, ""min_samples_split"": 5, ""n_estimators"": 500}",5,18065.9310546875,4252.605497797022,29289.25625,7630.391477672551,6.310819149017334,2.4270524763007657,1.3976864099502564,0.3408795706734987,"[1, 2, 3, 4, 5, 6, 12]","{'bootstrap': True, 'max_depth': 10, 'max_features': 0.5, 'min_samples_leaf': 4, 'min_samples_split': 5, 'n_estimators': 500}"
RandomForest_cuML,"[1, 2, 3, 4, 5, 6, 12]","{""bootstrap"": true, ""max_depth"": null, ""max_features"": 0.5, ""min_samples_leaf"": 4, ""min_samples_split"": 5, ""n_estimators"": 500}",5,18095.5845703125,4310.0478880946575,29312.177734375,7657.134195345994,6.338250637054443,2.447649383900159,1.4000220775604248,0.34556821769714846,"[1, 2, 3, 4, 5, 6, 12]","{'bootstrap': True, 'max_depth': None, 'max_features': 0.5, 'min_samples_leaf': 4, 'min_samples_split': 5, 'n_estimators': 500}"
RandomForest_cuML,"[1, 2, 3, 4, 5, 6, 12]","{""bootstrap"": true, ""max_depth"": null, ""max_features"": 0.5, ""min_samples_leaf"": 4, ""min_samples_split"": 2, ""n_estimators"": 500}",5,18095.5845703125,4310.0478880946575,29312.177734375,7657.134195345994,6.338250637054443,2.447649383900159,1.4000220775604248,0.34556821769714846,"[1, 2, 3, 4, 5, 6, 12]","{'bootstrap': True, 'max_depth': None, 'max_features': 0.5, 'min_samples_leaf': 4, 'min_samples_split': 2, 'n_estimators': 500}"
RandomForest_cuML,"[1, 2, 3, 4, 5, 6, 12]","{""bootstrap"": true, ""max_depth"": 20, ""max_features"": 0.5, ""min_samples_leaf"": 4, ""min_samples_split"": 5, ""n_estimators"": 500}",5,18094.153125,4309.200545065056,29312.2046875,7658.129501979222,6.337709617614746,2.4469510893130004,1.3999164819717407,0.3455362460722699,"[1, 2, 3, 4, 5, 6, 12]","{'bootstrap': True, 'max_depth': 20, 'max_features': 0.5, 'min_samples_leaf': 4, 'min_samples_split': 5, 'n_estimators': 500}"
RandomForest_cuML,"[1, 2, 3, 4, 5, 6, 12]","{""bootstrap"": true, ""max_depth"": 20, ""max_features"": 0.5, ""min_samples_leaf"": 4, ""min_samples_split"": 2, ""n_estimators"": 500}",5,18094.153125,4309.200545065056,29312.2046875,7658.129501979222,6.337709617614746,2.4469510893130004,1.3999164819717407,0.3455362460722699,"[1, 2, 3, 4, 5, 6, 12]","{'bootstrap': True, 'max_depth': 20, 'max_features': 0.5, 'min_samples_leaf': 4, 'min_samples_split': 2, 'n_estimators': 500}"
RandomForest_cuML,"[1, 2, 3, 12]","{""bootstrap"": true, ""max_depth"": 10, ""max_features"": 0.5, ""min_samples_leaf"": 2, ""min_samples_split"": 2, ""n_estimators"": 500}",5,18125.32734375,4248.586314981401,29322.766796875,7385.652206296877,6.340427303314209,2.439480973930178,1.4021413564682006,0.3399599110215006,"[1, 2, 3, 12]","{'bootstrap': True, 'max_depth': 10, 'max_features': 0.5, 'min_samples_leaf': 2, 'min_samples_split': 2, 'n_estimators': 500}"
RandomForest_cuML,"[1, 2, 3, 12]","{""bootstrap"": true, ""max_depth"": 10, ""max_features"": 0.5, ""min_samples_leaf"": 2, ""min_samples_split"": 5, ""n_estimators"": 500}",5,18128.3736328125,4246.133753252865,29334.235546875,7399.2558968296335,6.341093921661377,2.4383470171703485,1.4023690700531006,0.3397310040781081,"[1, 2, 3, 12]","{'bootstrap': True, 'max_depth': 10, 'max_features': 0.5, 'min_samples_leaf': 2, 'min_samples_split': 5, 'n_estimators': 500}"
RandomForest_cuML,"[1, 2, 3, 12]","{""bootstrap"": true, ""max_depth"": 10, ""max_features"": 0.5, ""min_samples_leaf"": 4, ""min_samples_split"": 2, ""n_estimators"": 250}",5,18136.3822265625,4296.813867515323,29334.949609375,7535.0698949659545,6.342352676391601,2.4416007982249646,1.4030929803848267,0.3440955044271967,"[1, 2, 3, 12]","{'bootstrap': True, 'max_depth': 10, 'max_features': 0.5, 'min_samples_leaf': 4, 'min_samples_split': 2, 'n_estimators': 250}"
RandomForest_cuML,"[1, 2, 3, 12]","{""bootstrap"": true, ""max_depth"": 10, ""max_features"": 0.5, ""min_samples_leaf"": 4, ""min_samples_split"": 5, ""n_estimators"": 250}",5,18136.3822265625,4296.813867515323,29334.949609375,7535.0698949659545,6.342352676391601,2.4416007982249646,1.4030929803848267,0.3440955044271967,"[1, 2, 3, 12]","{'bootstrap': True, 'max_depth': 10, 'max_features': 0.5, 'min_samples_leaf': 4, 'min_samples_split': 5, 'n_estimators': 250}"
RandomForest_cuML,"[1, 2, 3, 4, 5, 6, 12]","{""bootstrap"": true, ""max_depth"": 10, ""max_features"": 0.5, ""min_samples_leaf"": 1, ""min_samples_split"": 5, ""n_estimators"": 500}",5,18081.7416015625,4256.605475020569,29336.03203125,7702.943028970357,6.312791919708252,2.426659011829593,1.3989089727401733,0.3412204461520559,"[1, 2, 3, 4, 5, 6, 12]","{'bootstrap': True, 'max_depth': 10, 'max_features': 0.5, 'min_samples_leaf': 1, 'min_samples_split': 5, 'n_estimators': 500}"
RandomForest_cuML,"[1, 2, 3, 12]","{""bootstrap"": true, ""max_depth"": 10, ""max_features"": 0.5, ""min_samples_leaf"": 4, ""min_samples_split"": 5, ""n_estimators"": 500}",5,18125.2330078125,4255.986707463808,29339.833984375,7361.120787841803,6.34129114151001,2.440513285021954,1.4021273374557495,0.34045496404590553,"[1, 2, 3, 12]","{'bootstrap': True, 'max_depth': 10, 'max_features': 0.5, 'min_samples_leaf': 4, 'min_samples_split': 5, 'n_estimators': 500}"
RandomForest_cuML,"[1, 2, 3, 12]","{""bootstrap"": true, ""max_depth"": 10, ""max_features"": 0.5, ""min_samples_leaf"": 4, ""min_samples_split"": 2, ""n_estimators"": 500}",5,18125.2330078125,4255.986707463808,29339.833984375,7361.120787841803,6.34129114151001,2.440513285021954,1.4021273374557495,0.34045496404590553,"[1, 2, 3, 12]","{'bootstrap': True, 'max_depth': 10, 'max_features': 0.5, 'min_samples_leaf': 4, 'min_samples_split': 2, 'n_estimators': 500}"
RandomForest_cuML,"[1, 2, 3, 12]","{""bootstrap"": true, ""max_depth"": 10, ""max_features"": 0.5, ""min_samples_leaf"": 2, ""min_samples_split"": 2, ""n_estimators"": 250}",5,18139.2841796875,4285.262476342043,29343.435546875,7632.166074688043,6.341393375396729,2.4373469205702305,1.4033508539199828,0.3434280004419356,"[1, 2, 3, 12]","{'bootstrap': True, 'max_depth': 10, 'max_features': 0.5, 'min_samples_leaf': 2, 'min_samples_split': 2, 'n_estimators': 250}"
RandomForest_cuML,"[1, 2, 3, 12]","{""bootstrap"": true, ""max_depth"": 10, ""max_features"": 0.5, ""min_samples_leaf"": 1, ""min_samples_split"": 5, ""n_estimators"": 500}",5,18132.7203125,4240.843406778236,29343.703125,7384.6444558909925,6.342310237884521,2.4383131565485168,1.4027004718780518,0.33932427893991746,"[1, 2, 3, 12]","{'bootstrap': True, 'max_depth': 10, 'max_features': 0.5, 'min_samples_leaf': 1, 'min_samples_split': 5, 'n_estimators': 500}"
RandomForest_cuML,"[1, 2, 3, 12]","{""bootstrap"": true, ""max_depth"": 10, ""max_features"": 0.5, ""min_samples_leaf"": 1, ""min_samples_split"": 2, ""n_estimators"": 500}",5,18130.57109375,4240.322713379576,29348.708203125,7423.631428911111,6.341562747955322,2.437297166223806,1.4025253772735595,0.3392471170923068,"[1, 2, 3, 12]","{'bootstrap': True, 'max_depth': 10, 'max_features': 0.5, 'min_samples_leaf': 1, 'min_samples_split': 2, 'n_estimators': 500}"
RandomForest_cuML,"[1, 2, 3, 4, 5, 6, 12]","{""bootstrap"": true, ""max_depth"": 10, ""max_features"": 0.5, ""min_samples_leaf"": 2, ""min_samples_split"": 5, ""n_estimators"": 500}",5,18083.31015625,4256.874420654959,29350.85703125,7698.623925539691,6.3135730743408205,2.427668300954962,1.39902663230896,0.3412274856488668,"[1, 2, 3, 4, 5, 6, 12]","{'bootstrap': True, 'max_depth': 10, 'max_features': 0.5, 'min_samples_leaf': 2, 'min_samples_split': 5, 'n_estimators': 500}"
RandomForest_cuML,"[1, 2, 3, 4, 5, 6, 12]","{""bootstrap"": true, ""max_depth"": 10, ""max_features"": 0.5, ""min_samples_leaf"": 2, ""min_samples_split"": 2, ""n_estimators"": 500}",5,18078.9736328125,4252.091866610368,29351.62109375,7702.255573487864,6.31221227645874,2.426315448312803,1.3986948728561401,0.3408876368074381,"[1, 2, 3, 4, 5, 6, 12]","{'bootstrap': True, 'max_depth': 10, 'max_features': 0.5, 'min_samples_leaf': 2, 'min_samples_split': 2, 'n_estimators': 500}"
RandomForest_cuML,"[1, 2, 3, 12]","{""bootstrap"": true, ""max_depth"": 10, ""max_features"": 0.5, ""min_samples_leaf"": 2, ""min_samples_split"": 5, ""n_estimators"": 250}",5,18143.8990234375,4282.550708042841,29351.83984375,7607.683690219647,6.342354774475098,2.4378336179459072,1.4036967754364014,0.3431741546194819,"[1, 2, 3, 12]","{'bootstrap': True, 'max_depth': 10, 'max_features': 0.5, 'min_samples_leaf': 2, 'min_samples_split': 5, 'n_estimators': 250}"
RandomForest_cuML,"[1, 2, 3, 12]","{""bootstrap"": true, ""max_depth"": null, ""max_features"": 0.5, ""min_samples_leaf"": 4, ""min_samples_split"": 5, ""n_estimators"": 250}",5,18160.2845703125,4372.753483870919,29356.536328125,7540.416471986671,6.367100238800049,2.472144493915702,1.4049386262893677,0.3499327447517569,"[1, 2, 3, 12]","{'bootstrap': True, 'max_depth': None, 'max_features': 0.5, 'min_samples_leaf': 4, 'min_samples_split': 5, 'n_estimators': 250}"
RandomForest_cuML,"[1, 2, 3, 12]","{""bootstrap"": true, ""max_depth"": null, ""max_features"": 0.5, ""min_samples_leaf"": 4, ""min_samples_split"": 2, ""n_estimators"": 250}",5,18160.2845703125,4372.753483870919,29356.536328125,7540.416471986671,6.367100238800049,2.472144493915702,1.4049386262893677,0.3499327447517569,"[1, 2, 3, 12]","{'bootstrap': True, 'max_depth': None, 'max_features': 0.5, 'min_samples_leaf': 4, 'min_samples_split': 2, 'n_estimators': 250}"
RandomForest_cuML,"[1, 2, 3, 12]","{""bootstrap"": true, ""max_depth"": 20, ""max_features"": 0.5, ""min_samples_leaf"": 4, ""min_samples_split"": 5, ""n_estimators"": 250}",5,18161.068359375,4374.284363892635,29357.79375,7537.984361373309,6.3683687210083,2.4728823365001538,1.4050028800964356,0.3500705391614892,"[1, 2, 3, 12]","{'bootstrap': True, 'max_depth': 20, 'max_features': 0.5, 'min_samples_leaf': 4, 'min_samples_split': 5, 'n_estimators': 250}"
RandomForest_cuML,"[1, 2, 3, 12]","{""bootstrap"": true, ""max_depth"": 20, ""max_features"": 0.5, ""min_samples_leaf"": 4, ""min_samples_split"": 2, ""n_estimators"": 250}",5,18161.068359375,4374.284363892635,29357.79375,7537.984361373309,6.3683687210083,2.4728823365001538,1.4050028800964356,0.3500705391614892,"[1, 2, 3, 12]","{'bootstrap': True, 'max_depth': 20, 'max_features': 0.5, 'min_samples_leaf': 4, 'min_samples_split': 2, 'n_estimators': 250}"
RandomForest_cuML,"[1, 2, 3, 12]","{""bootstrap"": true, ""max_depth"": 20, ""max_features"": 0.5, ""min_samples_leaf"": 2, ""min_samples_split"": 2, ""n_estimators"": 500}",5,18152.9072265625,4324.154868537544,29358.369140625,7382.654438005643,6.3686014175415036,2.471095234764914,1.4042660236358642,0.34578014232665266,"[1, 2, 3, 12]","{'bootstrap': True, 'max_depth': 20, 'max_features': 0.5, 'min_samples_leaf': 2, 'min_samples_split': 2, 'n_estimators': 500}"
RandomForest_cuML,"[1, 2, 3, 12]","{""bootstrap"": true, ""max_depth"": 10, ""max_features"": 0.5, ""min_samples_leaf"": 1, ""min_samples_split"": 5, ""n_estimators"": 250}",5,18148.1111328125,4277.055307106321,29358.755078125,7586.655104400579,6.343538284301758,2.438041008873585,1.4040221214294433,0.34277500076865386,"[1, 2, 3, 12]","{'bootstrap': True, 'max_depth': 10, 'max_features': 0.5, 'min_samples_leaf': 1, 'min_samples_split': 5, 'n_estimators': 250}"
RandomForest_cuML,"[1, 2, 3, 12]","{""bootstrap"": true, ""max_depth"": null, ""max_features"": 0.5, ""min_samples_leaf"": 2, ""min_samples_split"": 2, ""n_estimators"": 500}",5,18154.50078125,4322.552519267656,29358.878125,7383.863198084106,6.3677702903747555,2.470714709523898,1.4043856620788575,0.34563353224209364,"[1, 2, 3, 12]","{'bootstrap': True, 'max_depth': None, 'max_features': 0.5, 'min_samples_leaf': 2, 'min_samples_split': 2, 'n_estimators': 500}"
RandomForest_cuML,"[1, 2, 3, 12]","{""bootstrap"": true, ""max_depth"": null, ""max_features"": 0.5, ""min_samples_leaf"": 4, ""min_samples_split"": 2, ""n_estimators"": 500}",5,18145.65390625,4325.514064969981,29359.46015625,7367.9050485782,6.365271949768067,2.469304057719769,1.4037123918533325,0.34585605031287986,"[1, 2, 3, 12]","{'bootstrap': True, 'max_depth': None, 'max_features': 0.5, 'min_samples_leaf': 4, 'min_samples_split': 2, 'n_estimators': 500}"
RandomForest_cuML,"[1, 2, 3, 12]","{""bootstrap"": true, ""max_depth"": null, ""max_features"": 0.5, ""min_samples_leaf"": 4, ""min_samples_split"": 5, ""n_estimators"": 500}",5,18145.65390625,4325.514064969981,29359.46015625,7367.9050485782,6.365271949768067,2.469304057719769,1.4037123918533325,0.34585605031287986,"[1, 2, 3, 12]","{'bootstrap': True, 'max_depth': None, 'max_features': 0.5, 'min_samples_leaf': 4, 'min_samples_split': 5, 'n_estimators': 500}"
RandomForest_cuML,"[1, 2, 3, 12]","{""bootstrap"": true, ""max_depth"": 20, ""max_features"": 0.5, ""min_samples_leaf"": 2, ""min_samples_split"": 5, ""n_estimators"": 500}",5,18148.6728515625,4317.531332809806,29359.925,7397.431835286918,6.366964817047119,2.468832120622335,1.4039373397827148,0.34525517628359786,"[1, 2, 3, 12]","{'bootstrap': True, 'max_depth': 20, 'max_features': 0.5, 'min_samples_leaf': 2, 'min_samples_split': 5, 'n_estimators': 500}"
RandomForest_cuML,"[1, 2, 3, 12]","{""bootstrap"": true, ""max_depth"": null, ""max_features"": 0.5, ""min_samples_leaf"": 2, ""min_samples_split"": 5, ""n_estimators"": 500}",5,18149.5982421875,4314.258626566583,29360.0265625,7397.854723352759,6.36610164642334,2.4682050163266585,1.4040059089660644,0.3449879285300254,"[1, 2, 3, 12]","{'bootstrap': True, 'max_depth': None, 'max_features': 0.5, 'min_samples_leaf': 2, 'min_samples_split': 5, 'n_estimators': 500}"
RandomForest_cuML,"[1, 2, 3, 12]","{""bootstrap"": true, ""max_depth"": 20, ""max_features"": 0.5, ""min_samples_leaf"": 4, ""min_samples_split"": 2, ""n_estimators"": 500}",5,18146.2736328125,4328.087421638953,29360.614453125,7367.230293995727,6.3663146018981935,2.470043850188871,1.4037642240524293,0.34607429772634873,"[1, 2, 3, 12]","{'bootstrap': True, 'max_depth': 20, 'max_features': 0.5, 'min_samples_leaf': 4, 'min_samples_split': 2, 'n_estimators': 500}"
RandomForest_cuML,"[1, 2, 3, 12]","{""bootstrap"": true, ""max_depth"": 20, ""max_features"": 0.5, ""min_samples_leaf"": 4, ""min_samples_split"": 5, ""n_estimators"": 500}",5,18146.2736328125,4328.087421638953,29360.614453125,7367.230293995727,6.3663146018981935,2.470043850188871,1.4037642240524293,0.34607429772634873,"[1, 2, 3, 12]","{'bootstrap': True, 'max_depth': 20, 'max_features': 0.5, 'min_samples_leaf': 4, 'min_samples_split': 5, 'n_estimators': 500}"
RandomForest_cuML,"[1, 2, 3, 4, 5, 6, 12]","{""bootstrap"": true, ""max_depth"": 10, ""max_features"": 0.5, ""min_samples_leaf"": 1, ""min_samples_split"": 2, ""n_estimators"": 500}",5,18080.8455078125,4254.75535600734,29363.942578125,7709.243151716599,6.3119532585144045,2.4260280566733394,1.3988267183303833,0.34101001155953237,"[1, 2, 3, 4, 5, 6, 12]","{'bootstrap': True, 'max_depth': 10, 'max_features': 0.5, 'min_samples_leaf': 1, 'min_samples_split': 2, 'n_estimators': 500}"
RandomForest_cuML,"[1, 2, 3, 12]","{""bootstrap"": true, ""max_depth"": null, ""max_features"": 0.5, ""min_samples_leaf"": 1, ""min_samples_split"": 5, ""n_estimators"": 500}",5,18155.6484375,4314.347818188487,29369.484765625,7382.526084851287,6.368714427947998,2.471686197263128,1.4044676065444945,0.34497739910443936,"[1, 2, 3, 12]","{'bootstrap': True, 'max_depth': None, 'max_features': 0.5, 'min_samples_leaf': 1, 'min_samples_split': 5, 'n_estimators': 500}"
RandomForest_cuML,"[1, 2, 3, 12]","{""bootstrap"": true, ""max_depth"": 10, ""max_features"": 0.5, ""min_samples_leaf"": 1, ""min_samples_split"": 2, ""n_estimators"": 250}",5,18144.4994140625,4276.177199400275,29370.11640625,7663.284576431298,6.342630672454834,2.4358413199580173,1.4037200689315796,0.3425912267539709,"[1, 2, 3, 12]","{'bootstrap': True, 'max_depth': 10, 'max_features': 0.5, 'min_samples_leaf': 1, 'min_samples_split': 2, 'n_estimators': 250}"
RandomForest_cuML,"[1, 2, 3, 12]","{""bootstrap"": true, ""max_depth"": 20, ""max_features"": 0.5, ""min_samples_leaf"": 2, ""min_samples_split"": 5, ""n_estimators"": 250}",5,18162.1171875,4361.079841411454,29370.681640625,7603.130866347,6.367617797851563,2.470921936273674,1.405092215538025,0.349145880911444,"[1, 2, 3, 12]","{'bootstrap': True, 'max_depth': 20, 'max_features': 0.5, 'min_samples_leaf': 2, 'min_samples_split': 5, 'n_estimators': 250}"
RandomForest_cuML,"[1, 2, 3, 12]","{""bootstrap"": true, ""max_depth"": 20, ""max_features"": 0.5, ""min_samples_leaf"": 1, ""min_samples_split"": 5, ""n_estimators"": 500}",5,18156.51484375,4316.120923061302,29370.944921875,7380.399856507099,6.370272445678711,2.472026914881648,1.4045373678207398,0.3451356375481057,"[1, 2, 3, 12]","{'bootstrap': True, 'max_depth': 20, 'max_features': 0.5, 'min_samples_leaf': 1, 'min_samples_split': 5, 'n_estimators': 500}"
RandomForest_cuML,"[1, 2, 3, 12]","{""bootstrap"": true, ""max_depth"": null, ""max_features"": 0.5, ""min_samples_leaf"": 2, ""min_samples_split"": 5, ""n_estimators"": 250}",5,18164.4376953125,4357.720395910587,29372.49609375,7604.579402385265,6.3671587944030765,2.470321290832523,1.4052700519561767,0.34887960605340335,"[1, 2, 3, 12]","{'bootstrap': True, 'max_depth': None, 'max_features': 0.5, 'min_samples_leaf': 2, 'min_samples_split': 5, 'n_estimators': 250}"
RandomForest_cuML,"[1, 2, 3, 12]","{""bootstrap"": true, ""max_depth"": 20, ""max_features"": 0.5, ""min_samples_leaf"": 2, ""min_samples_split"": 2, ""n_estimators"": 250}",5,18162.20546875,4368.930576849989,29374.087890625,7634.441533983752,6.368961811065674,2.4715303302026355,1.4051074266433716,0.34978660256524435,"[1, 2, 3, 12]","{'bootstrap': True, 'max_depth': 20, 'max_features': 0.5, 'min_samples_leaf': 2, 'min_samples_split': 2, 'n_estimators': 250}"
RandomForest_cuML,"[1, 2, 3, 12]","{""bootstrap"": true, ""max_depth"": null, ""max_features"": 0.5, ""min_samples_leaf"": 2, ""min_samples_split"": 2, ""n_estimators"": 250}",5,18163.8376953125,4367.382813986855,29374.51171875,7635.605766582409,6.368146800994873,2.470567348143005,1.405230212211609,0.34964937215186137,"[1, 2, 3, 12]","{'bootstrap': True, 'max_depth': None, 'max_features': 0.5, 'min_samples_leaf': 2, 'min_samples_split': 2, 'n_estimators': 250}"
RandomForest_cuML,"[1, 2, 3, 12]","{""bootstrap"": true, ""max_depth"": null, ""max_features"": 0.5, ""min_samples_leaf"": 1, ""min_samples_split"": 5, ""n_estimators"": 250}",5,18164.4369140625,4350.078203374814,29376.409765625,7582.365115099181,6.36848783493042,2.4712671627283562,1.4052745819091796,0.3483489650149201,"[1, 2, 3, 12]","{'bootstrap': True, 'max_depth': None, 'max_features': 0.5, 'min_samples_leaf': 1, 'min_samples_split': 5, 'n_estimators': 250}"
RandomForest_cuML,"[1, 2, 3, 12]","{""bootstrap"": true, ""max_depth"": 20, ""max_features"": 0.5, ""min_samples_leaf"": 1, ""min_samples_split"": 5, ""n_estimators"": 250}",5,18166.6763671875,4353.802626588249,29377.859765625,7581.990086651562,6.370985317230224,2.472380355549418,1.4054513216018676,0.3486595278448773,"[1, 2, 3, 12]","{'bootstrap': True, 'max_depth': 20, 'max_features': 0.5, 'min_samples_leaf': 1, 'min_samples_split': 5, 'n_estimators': 250}"
RandomForest_cuML,"[1, 2, 3, 12]","{""bootstrap"": true, ""max_depth"": null, ""max_features"": 0.5, ""min_samples_leaf"": 1, ""min_samples_split"": 2, ""n_estimators"": 500}",5,18156.8916015625,4326.378044703557,29382.49296875,7417.510653992147,6.36865234375,2.474112824016413,1.4045551061630248,0.3458452388893571,"[1, 2, 3, 12]","{'bootstrap': True, 'max_depth': None, 'max_features': 0.5, 'min_samples_leaf': 1, 'min_samples_split': 2, 'n_estimators': 500}"
RandomForest_cuML,"[1, 2, 3, 12]","{""bootstrap"": true, ""max_depth"": 20, ""max_features"": 0.5, ""min_samples_leaf"": 1, ""min_samples_split"": 2, ""n_estimators"": 500}",5,18156.5392578125,4328.874592650235,29383.630078125,7416.485068764371,6.36958589553833,2.4749106650800505,1.404533314704895,0.3460691763073839,"[1, 2, 3, 12]","{'bootstrap': True, 'max_depth': 20, 'max_features': 0.5, 'min_samples_leaf': 1, 'min_samples_split': 2, 'n_estimators': 500}"
RandomForest_cuML,"[1, 2, 3, 4, 5, 6, 12]","{""bootstrap"": true, ""max_depth"": null, ""max_features"": 0.5, ""min_samples_leaf"": 2, ""min_samples_split"": 2, ""n_estimators"": 500}",5,18118.2916015625,4315.196883312969,29388.208984375,7728.332523028136,6.342479038238525,2.45023465315602,1.4017585515975952,0.34592395129100256,"[1, 2, 3, 4, 5, 6, 12]","{'bootstrap': True, 'max_depth': None, 'max_features': 0.5, 'min_samples_leaf': 2, 'min_samples_split': 2, 'n_estimators': 500}"
RandomForest_cuML,"[1, 2, 3, 4, 5, 6, 12]","{""bootstrap"": true, ""max_depth"": 20, ""max_features"": 0.5, ""min_samples_leaf"": 2, ""min_samples_split"": 2, ""n_estimators"": 500}",5,18118.825390625,4316.366017842807,29390.487109375,7730.313367954268,6.342415046691895,2.449717608874888,1.4018064498901368,0.3460541938448674,"[1, 2, 3, 4, 5, 6, 12]","{'bootstrap': True, 'max_depth': 20, 'max_features': 0.5, 'min_samples_leaf': 2, 'min_samples_split': 2, 'n_estimators': 500}"
RandomForest_cuML,"[1, 2, 3, 4, 5, 6, 12]","{""bootstrap"": true, ""max_depth"": null, ""max_features"": 0.5, ""min_samples_leaf"": 1, ""min_samples_split"": 5, ""n_estimators"": 500}",5,18128.7375,4324.964264383937,29390.4984375,7735.157306498497,6.345334720611572,2.4533680082458393,1.4025817155838012,0.34674080053325956,"[1, 2, 3, 4, 5, 6, 12]","{'bootstrap': True, 'max_depth': None, 'max_features': 0.5, 'min_samples_leaf': 1, 'min_samples_split': 5, 'n_estimators': 500}"
RandomForest_cuML,"[1, 2, 3, 4, 5, 6, 12]","{""bootstrap"": true, ""max_depth"": 20, ""max_features"": 0.5, ""min_samples_leaf"": 1, ""min_samples_split"": 5, ""n_estimators"": 500}",5,18127.89140625,4325.396204837518,29390.98203125,7737.288553876092,6.345062160491944,2.452822064574015,1.402526354789734,0.3468324550752297,"[1, 2, 3, 4, 5, 6, 12]","{'bootstrap': True, 'max_depth': 20, 'max_features': 0.5, 'min_samples_leaf': 1, 'min_samples_split': 5, 'n_estimators': 500}"
RandomForest_cuML,"[1, 2, 3, 4, 5, 6, 12]","{""bootstrap"": true, ""max_depth"": 20, ""max_features"": 0.5, ""min_samples_leaf"": 2, ""min_samples_split"": 5, ""n_estimators"": 500}",5,18122.8396484375,4315.725494755951,29397.202734375,7731.343879563729,6.344035911560058,2.450790834026808,1.402127242088318,0.3460618632328634,"[1, 2, 3, 4, 5, 6, 12]","{'bootstrap': True, 'max_depth': 20, 'max_features': 0.5, 'min_samples_leaf': 2, 'min_samples_split': 5, 'n_estimators': 500}"
RandomForest_cuML,"[1, 2, 3, 4, 5, 6, 12]","{""bootstrap"": true, ""max_depth"": null, ""max_features"": 0.5, ""min_samples_leaf"": 2, ""min_samples_split"": 5, ""n_estimators"": 500}",5,18124.77578125,4316.984008791289,29397.626171875,7730.270797959676,6.344479370117187,2.4514736204388075,1.4022708415985108,0.34611749511647205,"[1, 2, 3, 4, 5, 6, 12]","{'bootstrap': True, 'max_depth': None, 'max_features': 0.5, 'min_samples_leaf': 2, 'min_samples_split': 5, 'n_estimators': 500}"
RandomForest_cuML,"[1, 2, 3, 4, 5, 6, 12, 24]","{""bootstrap"": true, ""max_depth"": 10, ""max_features"": 0.5, ""min_samples_leaf"": 4, ""min_samples_split"": 5, ""n_estimators"": 250}",5,17996.1876953125,4419.834137204156,29398.8734375,8068.547957192003,6.2595609664917,2.438174842838764,1.3577604174613953,0.33832554928216807,"[1, 2, 3, 4, 5, 6, 12, 24]","{'bootstrap': True, 'max_depth': 10, 'max_features': 0.5, 'min_samples_leaf': 4, 'min_samples_split': 5, 'n_estimators': 250}"
RandomForest_cuML,"[1, 2, 3, 4, 5, 6, 12, 24]","{""bootstrap"": true, ""max_depth"": 10, ""max_features"": 0.5, ""min_samples_leaf"": 4, ""min_samples_split"": 2, ""n_estimators"": 250}",5,17996.1876953125,4419.834137204156,29398.8734375,8068.547957192003,6.2595609664917,2.438174842838764,1.3577604174613953,0.33832554928216807,"[1, 2, 3, 4, 5, 6, 12, 24]","{'bootstrap': True, 'max_depth': 10, 'max_features': 0.5, 'min_samples_leaf': 4, 'min_samples_split': 2, 'n_estimators': 250}"
RandomForest_cuML,"[1, 2, 3, 4, 5, 6, 12]","{""bootstrap"": true, ""max_depth"": 20, ""max_features"": 0.5, ""min_samples_leaf"": 1, ""min_samples_split"": 2, ""n_estimators"": 500}",5,18119.398828125,4324.255469437375,29402.371875,7743.333159165188,6.341794204711914,2.451585385222829,1.4018503189086915,0.3466212706749721,"[1, 2, 3, 4, 5, 6, 12]","{'bootstrap': True, 'max_depth': 20, 'max_features': 0.5, 'min_samples_leaf': 1, 'min_samples_split': 2, 'n_estimators': 500}"
RandomForest_cuML,"[1, 2, 3, 4, 5, 6, 12]","{""bootstrap"": true, ""max_depth"": null, ""max_features"": 0.5, ""min_samples_leaf"": 1, ""min_samples_split"": 2, ""n_estimators"": 500}",5,18120.8466796875,4324.810076544646,29402.467578125,7742.799916172495,6.3424101829528805,2.4523925461701217,1.4019587755203247,0.3466348265710902,"[1, 2, 3, 4, 5, 6, 12]","{'bootstrap': True, 'max_depth': None, 'max_features': 0.5, 'min_samples_leaf': 1, 'min_samples_split': 2, 'n_estimators': 500}"
RandomForest_cuML,"[1, 2, 3, 12]","{""bootstrap"": true, ""max_depth"": null, ""max_features"": 0.5, ""min_samples_leaf"": 1, ""min_samples_split"": 2, ""n_estimators"": 250}",5,18173.3109375,4363.373501767015,29409.1765625,7651.384174834764,6.3702672004699705,2.474580232480014,1.405920934677124,0.3491613682963401,"[1, 2, 3, 12]","{'bootstrap': True, 'max_depth': None, 'max_features': 0.5, 'min_samples_leaf': 1, 'min_samples_split': 2, 'n_estimators': 250}"
RandomForest_cuML,"[1, 2, 3, 12]","{""bootstrap"": true, ""max_depth"": 20, ""max_features"": 0.5, ""min_samples_leaf"": 1, ""min_samples_split"": 2, ""n_estimators"": 250}",5,18173.1078125,4366.791600596511,29410.110546875,7652.468327127368,6.371251106262207,2.4750458777323843,1.4059144020080567,0.3494714948259552,"[1, 2, 3, 12]","{'bootstrap': True, 'max_depth': 20, 'max_features': 0.5, 'min_samples_leaf': 1, 'min_samples_split': 2, 'n_estimators': 250}"
RandomForest_cuML,"[1, 2, 3, 4, 5, 6, 12, 24]","{""bootstrap"": true, ""max_depth"": 20, ""max_features"": 0.5, ""min_samples_leaf"": 4, ""min_samples_split"": 2, ""n_estimators"": 250}",5,18015.7775390625,4465.288201519768,29412.99140625,8081.194302646216,6.286075019836426,2.4565604588734016,1.3592267632484436,0.3417461662816201,"[1, 2, 3, 4, 5, 6, 12, 24]","{'bootstrap': True, 'max_depth': 20, 'max_features': 0.5, 'min_samples_leaf': 4, 'min_samples_split': 2, 'n_estimators': 250}"
RandomForest_cuML,"[1, 2, 3, 4, 5, 6, 12, 24]","{""bootstrap"": true, ""max_depth"": 20, ""max_features"": 0.5, ""min_samples_leaf"": 4, ""min_samples_split"": 5, ""n_estimators"": 250}",5,18015.7775390625,4465.288201519768,29412.99140625,8081.194302646216,6.286075019836426,2.4565604588734016,1.3592267632484436,0.3417461662816201,"[1, 2, 3, 4, 5, 6, 12, 24]","{'bootstrap': True, 'max_depth': 20, 'max_features': 0.5, 'min_samples_leaf': 4, 'min_samples_split': 5, 'n_estimators': 250}"
RandomForest_cuML,"[1, 2, 3, 4, 5, 6, 12, 24]","{""bootstrap"": true, ""max_depth"": null, ""max_features"": 0.5, ""min_samples_leaf"": 4, ""min_samples_split"": 2, ""n_estimators"": 250}",5,18016.655859375,4465.202792002617,29412.998828125,8080.448600401815,6.28613862991333,2.456999794225266,1.359287643432617,0.3417126018896856,"[1, 2, 3, 4, 5, 6, 12, 24]","{'bootstrap': True, 'max_depth': None, 'max_features': 0.5, 'min_samples_leaf': 4, 'min_samples_split': 2, 'n_estimators': 250}"
RandomForest_cuML,"[1, 2, 3, 4, 5, 6, 12, 24]","{""bootstrap"": true, ""max_depth"": null, ""max_features"": 0.5, ""min_samples_leaf"": 4, ""min_samples_split"": 5, ""n_estimators"": 250}",5,18016.655859375,4465.202792002617,29412.998828125,8080.448600401815,6.28613862991333,2.456999794225266,1.359287643432617,0.3417126018896856,"[1, 2, 3, 4, 5, 6, 12, 24]","{'bootstrap': True, 'max_depth': None, 'max_features': 0.5, 'min_samples_leaf': 4, 'min_samples_split': 5, 'n_estimators': 250}"
RandomForest_cuML,"[1, 2, 3, 4, 5, 6, 12, 24]","{""bootstrap"": true, ""max_depth"": 10, ""max_features"": 0.5, ""min_samples_leaf"": 1, ""min_samples_split"": 5, ""n_estimators"": 250}",5,17998.7759765625,4403.215045857662,29424.183984375,8189.327539049971,6.259130573272705,2.432162800906337,1.3580130338668823,0.3373786591462756,"[1, 2, 3, 4, 5, 6, 12, 24]","{'bootstrap': True, 'max_depth': 10, 'max_features': 0.5, 'min_samples_leaf': 1, 'min_samples_split': 5, 'n_estimators': 250}"
RandomForest_cuML,"[1, 2, 3, 4, 5, 6, 12, 24]","{""bootstrap"": true, ""max_depth"": 10, ""max_features"": 0.5, ""min_samples_leaf"": 2, ""min_samples_split"": 5, ""n_estimators"": 250}",5,18003.137890625,4401.503030729642,29430.19609375,8145.857589187313,6.2593330383300785,2.431980411982604,1.3583384156227112,0.3372424982117269,"[1, 2, 3, 4, 5, 6, 12, 24]","{'bootstrap': True, 'max_depth': 10, 'max_features': 0.5, 'min_samples_leaf': 2, 'min_samples_split': 5, 'n_estimators': 250}"
RandomForest_cuML,"[1, 2, 3, 12, 24]","{""bootstrap"": true, ""max_depth"": 10, ""max_features"": 0.5, ""min_samples_leaf"": 1, ""min_samples_split"": 5, ""n_estimators"": 250}",5,18088.1560546875,4444.078418321491,29454.8765625,8156.31482120715,6.296955108642578,2.4529497619294274,1.3647793769836425,0.34067288340278024,"[1, 2, 3, 12, 24]","{'bootstrap': True, 'max_depth': 10, 'max_features': 0.5, 'min_samples_leaf': 1, 'min_samples_split': 5, 'n_estimators': 250}"
RandomForest_cuML,"[1, 2, 3, 4, 5, 6, 12, 24]","{""bootstrap"": true, ""max_depth"": null, ""max_features"": 0.5, ""min_samples_leaf"": 2, ""min_samples_split"": 5, ""n_estimators"": 250}",5,18032.9654296875,4449.046029872119,29455.378515625,8154.563242703879,6.287932205200195,2.450870206238218,1.3605646967887879,0.3407694242815477,"[1, 2, 3, 4, 5, 6, 12, 24]","{'bootstrap': True, 'max_depth': None, 'max_features': 0.5, 'min_samples_leaf': 2, 'min_samples_split': 5, 'n_estimators': 250}"
RandomForest_cuML,"[1, 2, 3, 4, 5, 6, 12, 24]","{""bootstrap"": true, ""max_depth"": 10, ""max_features"": 0.5, ""min_samples_leaf"": 2, ""min_samples_split"": 2, ""n_estimators"": 250}",5,18004.3044921875,4408.800406424354,29455.6953125,8156.172571864083,6.259869861602783,2.4331427458475767,1.3584036231040955,0.33768503395038413,"[1, 2, 3, 4, 5, 6, 12, 24]","{'bootstrap': True, 'max_depth': 10, 'max_features': 0.5, 'min_samples_leaf': 2, 'min_samples_split': 2, 'n_estimators': 250}"
RandomForest_cuML,"[1, 2, 3, 4, 5, 6, 12, 24]","{""bootstrap"": true, ""max_depth"": 20, ""max_features"": 0.5, ""min_samples_leaf"": 2, ""min_samples_split"": 5, ""n_estimators"": 250}",5,18034.05546875,4445.645036352626,29457.3390625,8156.502195103279,6.288398361206054,2.449163187835116,1.3606497764587402,0.3405442982158612,"[1, 2, 3, 4, 5, 6, 12, 24]","{'bootstrap': True, 'max_depth': 20, 'max_features': 0.5, 'min_samples_leaf': 2, 'min_samples_split': 5, 'n_estimators': 250}"
RandomForest_cuML,"[1, 2, 3, 12, 24]","{""bootstrap"": true, ""max_depth"": 10, ""max_features"": 0.5, ""min_samples_leaf"": 2, ""min_samples_split"": 2, ""n_estimators"": 250}",5,18080.77109375,4445.479062054652,29459.551953125,8108.208642961518,6.294123649597168,2.455782966105535,1.3641801595687866,0.3405667570447021,"[1, 2, 3, 12, 24]","{'bootstrap': True, 'max_depth': 10, 'max_features': 0.5, 'min_samples_leaf': 2, 'min_samples_split': 2, 'n_estimators': 250}"
RandomForest_cuML,"[1, 2, 3, 12, 24]","{""bootstrap"": true, ""max_depth"": 20, ""max_features"": 0.5, ""min_samples_leaf"": 4, ""min_samples_split"": 2, ""n_estimators"": 250}",5,18094.6013671875,4506.966107858185,29459.821484375,8037.172415403231,6.31869592666626,2.4792753624785586,1.3651617527008058,0.3448992995453957,"[1, 2, 3, 12, 24]","{'bootstrap': True, 'max_depth': 20, 'max_features': 0.5, 'min_samples_leaf': 4, 'min_samples_split': 2, 'n_estimators': 250}"
RandomForest_cuML,"[1, 2, 3, 12, 24]","{""bootstrap"": true, ""max_depth"": 20, ""max_features"": 0.5, ""min_samples_leaf"": 4, ""min_samples_split"": 5, ""n_estimators"": 250}",5,18094.6013671875,4506.966107858185,29459.821484375,8037.172415403231,6.31869592666626,2.4792753624785586,1.3651617527008058,0.3448992995453957,"[1, 2, 3, 12, 24]","{'bootstrap': True, 'max_depth': 20, 'max_features': 0.5, 'min_samples_leaf': 4, 'min_samples_split': 5, 'n_estimators': 250}"
RandomForest_cuML,"[1, 2, 3, 12, 24]","{""bootstrap"": true, ""max_depth"": null, ""max_features"": 0.5, ""min_samples_leaf"": 4, ""min_samples_split"": 5, ""n_estimators"": 250}",5,18094.4083984375,4505.48715862825,29460.089453125,8036.370952330212,6.317842864990235,2.4791445284997944,1.3651441097259522,0.34476653980399846,"[1, 2, 3, 12, 24]","{'bootstrap': True, 'max_depth': None, 'max_features': 0.5, 'min_samples_leaf': 4, 'min_samples_split': 5, 'n_estimators': 250}"
RandomForest_cuML,"[1, 2, 3, 12, 24]","{""bootstrap"": true, ""max_depth"": null, ""max_features"": 0.5, ""min_samples_leaf"": 4, ""min_samples_split"": 2, ""n_estimators"": 250}",5,18094.4083984375,4505.48715862825,29460.089453125,8036.370952330212,6.317842864990235,2.4791445284997944,1.3651441097259522,0.34476653980399846,"[1, 2, 3, 12, 24]","{'bootstrap': True, 'max_depth': None, 'max_features': 0.5, 'min_samples_leaf': 4, 'min_samples_split': 2, 'n_estimators': 250}"
RandomForest_cuML,"[1, 2, 3, 4, 5, 6, 12, 24]","{""bootstrap"": true, ""max_depth"": null, ""max_features"": 0.5, ""min_samples_leaf"": 1, ""min_samples_split"": 5, ""n_estimators"": 250}",5,18038.3068359375,4456.083670908534,29460.777734375,8215.396444795118,6.290134906768799,2.4523139742423656,1.3609888315200807,0.3414013098108845,"[1, 2, 3, 4, 5, 6, 12, 24]","{'bootstrap': True, 'max_depth': None, 'max_features': 0.5, 'min_samples_leaf': 1, 'min_samples_split': 5, 'n_estimators': 250}"
RandomForest_cuML,"[1, 2, 3, 4, 5, 6, 12, 24]","{""bootstrap"": true, ""max_depth"": 20, ""max_features"": 0.5, ""min_samples_leaf"": 1, ""min_samples_split"": 5, ""n_estimators"": 250}",5,18038.3857421875,4454.681890320446,29461.766015625,8217.104140876296,6.290123748779297,2.4512871116765,1.360996425151825,0.3413231562843706,"[1, 2, 3, 4, 5, 6, 12, 24]","{'bootstrap': True, 'max_depth': 20, 'max_features': 0.5, 'min_samples_leaf': 1, 'min_samples_split': 5, 'n_estimators': 250}"
RandomForest_cuML,"[1, 2, 3, 4, 5, 6, 12]","{""bootstrap"": true, ""max_depth"": 10, ""max_features"": 0.5, ""min_samples_leaf"": 4, ""min_samples_split"": 2, ""n_estimators"": 250}",5,18084.3578125,4251.173553562906,29461.940234375,7772.405408838215,6.313292980194092,2.4275593159933173,1.3991483688354491,0.34094586216697653,"[1, 2, 3, 4, 5, 6, 12]","{'bootstrap': True, 'max_depth': 10, 'max_features': 0.5, 'min_samples_leaf': 4, 'min_samples_split': 2, 'n_estimators': 250}"
RandomForest_cuML,"[1, 2, 3, 4, 5, 6, 12]","{""bootstrap"": true, ""max_depth"": 10, ""max_features"": 0.5, ""min_samples_leaf"": 4, ""min_samples_split"": 5, ""n_estimators"": 250}",5,18084.3578125,4251.173553562906,29461.940234375,7772.405408838215,6.313292980194092,2.4275593159933173,1.3991483688354491,0.34094586216697653,"[1, 2, 3, 4, 5, 6, 12]","{'bootstrap': True, 'max_depth': 10, 'max_features': 0.5, 'min_samples_leaf': 4, 'min_samples_split': 5, 'n_estimators': 250}"
RandomForest_cuML,"[1, 2, 3, 4, 5, 6, 12, 24]","{""bootstrap"": true, ""max_depth"": 10, ""max_features"": 0.5, ""min_samples_leaf"": 1, ""min_samples_split"": 2, ""n_estimators"": 250}",5,18003.4943359375,4417.477900234246,29462.209765625,8217.166871027606,6.260676383972168,2.436127933569547,1.3583753824234008,0.33848497034633646,"[1, 2, 3, 4, 5, 6, 12, 24]","{'bootstrap': True, 'max_depth': 10, 'max_features': 0.5, 'min_samples_leaf': 1, 'min_samples_split': 2, 'n_estimators': 250}"
RandomForest_cuML,"[1, 2, 3, 12, 24]","{""bootstrap"": true, ""max_depth"": 10, ""max_features"": 0.5, ""min_samples_leaf"": 4, ""min_samples_split"": 2, ""n_estimators"": 250}",5,18090.6140625,4452.653305816796,29462.93984375,8044.197861734747,6.29639253616333,2.4561478393064737,1.3649028658866882,0.340970567112978,"[1, 2, 3, 12, 24]","{'bootstrap': True, 'max_depth': 10, 'max_features': 0.5, 'min_samples_leaf': 4, 'min_samples_split': 2, 'n_estimators': 250}"
RandomForest_cuML,"[1, 2, 3, 12, 24]","{""bootstrap"": true, ""max_depth"": 10, ""max_features"": 0.5, ""min_samples_leaf"": 4, ""min_samples_split"": 5, ""n_estimators"": 250}",5,18090.6140625,4452.653305816796,29462.93984375,8044.197861734747,6.29639253616333,2.4561478393064737,1.3649028658866882,0.340970567112978,"[1, 2, 3, 12, 24]","{'bootstrap': True, 'max_depth': 10, 'max_features': 0.5, 'min_samples_leaf': 4, 'min_samples_split': 5, 'n_estimators': 250}"
RandomForest_cuML,"[1, 2, 3, 12, 24]","{""bootstrap"": true, ""max_depth"": 20, ""max_features"": 0.5, ""min_samples_leaf"": 1, ""min_samples_split"": 5, ""n_estimators"": 250}",5,18097.6857421875,4501.6758873182325,29463.807421875,8158.456767864371,6.3201933860778805,2.4746161773573525,1.3654714703559876,0.34493378595670965,"[1, 2, 3, 12, 24]","{'bootstrap': True, 'max_depth': 20, 'max_features': 0.5, 'min_samples_leaf': 1, 'min_samples_split': 5, 'n_estimators': 250}"
RandomForest_cuML,"[1, 2, 3, 12, 24]","{""bootstrap"": true, ""max_depth"": null, ""max_features"": 0.5, ""min_samples_leaf"": 1, ""min_samples_split"": 5, ""n_estimators"": 250}",5,18099.6822265625,4502.89432137455,29465.710546875,8155.277837516915,6.320294189453125,2.4767696866613385,1.365617311000824,0.34499486635198573,"[1, 2, 3, 12, 24]","{'bootstrap': True, 'max_depth': None, 'max_features': 0.5, 'min_samples_leaf': 1, 'min_samples_split': 5, 'n_estimators': 250}"
RandomForest_cuML,"[1, 2, 3, 12, 24]","{""bootstrap"": true, ""max_depth"": null, ""max_features"": 0.5, ""min_samples_leaf"": 1, ""min_samples_split"": 2, ""n_estimators"": 250}",5,18096.2244140625,4495.7874768042375,29466.078515625,8107.391947241724,6.320020771026611,2.4784744219254864,1.3653161168098449,0.34425781329273525,"[1, 2, 3, 12, 24]","{'bootstrap': True, 'max_depth': None, 'max_features': 0.5, 'min_samples_leaf': 1, 'min_samples_split': 2, 'n_estimators': 250}"
RandomForest_cuML,"[1, 2, 3, 12, 24]","{""bootstrap"": true, ""max_depth"": 20, ""max_features"": 0.5, ""min_samples_leaf"": 2, ""min_samples_split"": 2, ""n_estimators"": 250}",5,18094.1494140625,4503.861517223537,29467.006640625,8109.9138462534775,6.320060729980469,2.4785690019418185,1.3651665091514587,0.3448906511119195,"[1, 2, 3, 12, 24]","{'bootstrap': True, 'max_depth': 20, 'max_features': 0.5, 'min_samples_leaf': 2, 'min_samples_split': 2, 'n_estimators': 250}"
RandomForest_cuML,"[1, 2, 3, 12, 24]","{""bootstrap"": true, ""max_depth"": null, ""max_features"": 0.5, ""min_samples_leaf"": 2, ""min_samples_split"": 2, ""n_estimators"": 250}",5,18096.1115234375,4504.505354358892,29467.285546875,8109.806997676045,6.319978904724121,2.4794092697919834,1.3653101205825806,0.34490864745242705,"[1, 2, 3, 12, 24]","{'bootstrap': True, 'max_depth': None, 'max_features': 0.5, 'min_samples_leaf': 2, 'min_samples_split': 2, 'n_estimators': 250}"
RandomForest_cuML,"[1, 2, 3, 4, 5, 6, 12, 24]","{""bootstrap"": true, ""max_depth"": null, ""max_features"": 0.5, ""min_samples_leaf"": 2, ""min_samples_split"": 2, ""n_estimators"": 250}",5,18031.041796875,4459.942200574976,29467.48984375,8169.395159628474,6.289779472351074,2.4546095837908153,1.3604084134101868,0.3415297067600628,"[1, 2, 3, 4, 5, 6, 12, 24]","{'bootstrap': True, 'max_depth': None, 'max_features': 0.5, 'min_samples_leaf': 2, 'min_samples_split': 2, 'n_estimators': 250}"
RandomForest_cuML,"[1, 2, 3, 12, 24]","{""bootstrap"": true, ""max_depth"": 20, ""max_features"": 0.5, ""min_samples_leaf"": 1, ""min_samples_split"": 2, ""n_estimators"": 250}",5,18096.12109375,4493.848809174866,29467.70234375,8108.3662499998145,6.320394515991211,2.4768006672480984,1.3653108835220338,0.34413519857355007,"[1, 2, 3, 12, 24]","{'bootstrap': True, 'max_depth': 20, 'max_features': 0.5, 'min_samples_leaf': 1, 'min_samples_split': 2, 'n_estimators': 250}"
RandomForest_cuML,"[1, 2, 3, 12, 24]","{""bootstrap"": true, ""max_depth"": 10, ""max_features"": 0.5, ""min_samples_leaf"": 1, ""min_samples_split"": 2, ""n_estimators"": 250}",5,18086.3708984375,4439.674006235277,29468.58203125,8125.370321290033,6.29674654006958,2.454899466513154,1.3646261930465697,0.3402279531338723,"[1, 2, 3, 12, 24]","{'bootstrap': True, 'max_depth': 10, 'max_features': 0.5, 'min_samples_leaf': 1, 'min_samples_split': 2, 'n_estimators': 250}"
RandomForest_cuML,"[1, 2, 3, 4, 5, 6, 12, 24]","{""bootstrap"": true, ""max_depth"": 20, ""max_features"": 0.5, ""min_samples_leaf"": 2, ""min_samples_split"": 2, ""n_estimators"": 250}",5,18031.14375,4456.332147061081,29469.17890625,8170.963497772869,6.289921474456787,2.4531396904822103,1.360421860218048,0.3413008536832145,"[1, 2, 3, 4, 5, 6, 12, 24]","{'bootstrap': True, 'max_depth': 20, 'max_features': 0.5, 'min_samples_leaf': 2, 'min_samples_split': 2, 'n_estimators': 250}"
RandomForest_cuML,"[1, 2, 3, 4, 5, 6, 12]","{""bootstrap"": true, ""max_depth"": 10, ""max_features"": 0.5, ""min_samples_leaf"": 1, ""min_samples_split"": 5, ""n_estimators"": 250}",5,18093.0353515625,4246.7858631371355,29472.113671875,7804.02319199478,6.314642238616943,2.4249633773777397,1.399807333946228,0.34059004759246814,"[1, 2, 3, 4, 5, 6, 12]","{'bootstrap': True, 'max_depth': 10, 'max_features': 0.5, 'min_samples_leaf': 1, 'min_samples_split': 5, 'n_estimators': 250}"
RandomForest_cuML,"[1, 2, 3, 12, 24]","{""bootstrap"": true, ""max_depth"": 10, ""max_features"": 0.5, ""min_samples_leaf"": 2, ""min_samples_split"": 2, ""n_estimators"": 500}",5,18103.134375,4459.430640436993,29472.990625,8214.308760337708,6.298658084869385,2.4567996125199323,1.3659233808517457,0.3418806500368847,"[1, 2, 3, 12, 24]","{'bootstrap': True, 'max_depth': 10, 'max_features': 0.5, 'min_samples_leaf': 2, 'min_samples_split': 2, 'n_estimators': 500}"
RandomForest_cuML,"[1, 2, 3, 12, 24]","{""bootstrap"": true, ""max_depth"": 20, ""max_features"": 0.5, ""min_samples_leaf"": 2, ""min_samples_split"": 5, ""n_estimators"": 250}",5,18104.8583984375,4508.501595737779,29473.14140625,8161.87315110855,6.322344970703125,2.4780350455086584,1.3659751176834107,0.3452792663594024,"[1, 2, 3, 12, 24]","{'bootstrap': True, 'max_depth': 20, 'max_features': 0.5, 'min_samples_leaf': 2, 'min_samples_split': 5, 'n_estimators': 250}"
RandomForest_cuML,"[1, 2, 3, 12, 24]","{""bootstrap"": true, ""max_depth"": null, ""max_features"": 0.5, ""min_samples_leaf"": 2, ""min_samples_split"": 5, ""n_estimators"": 250}",5,18106.2013671875,4509.33738615248,29473.955078125,8161.704124276768,6.3221758842468265,2.478916806799943,1.366076695919037,0.3453341686159621,"[1, 2, 3, 12, 24]","{'bootstrap': True, 'max_depth': None, 'max_features': 0.5, 'min_samples_leaf': 2, 'min_samples_split': 5, 'n_estimators': 250}"
RandomForest_cuML,"[1, 2, 3, 12, 24]","{""bootstrap"": true, ""max_depth"": 10, ""max_features"": 0.5, ""min_samples_leaf"": 2, ""min_samples_split"": 5, ""n_estimators"": 250}",5,18092.4546875,4446.922079020486,29474.859375,8157.377658612723,6.296941184997559,2.4542375009279427,1.3650859355926515,0.3408007898194341,"[1, 2, 3, 12, 24]","{'bootstrap': True, 'max_depth': 10, 'max_features': 0.5, 'min_samples_leaf': 2, 'min_samples_split': 5, 'n_estimators': 250}"
RandomForest_cuML,"[1, 2, 3, 12, 24]","{""bootstrap"": true, ""max_depth"": null, ""max_features"": 0.5, ""min_samples_leaf"": 4, ""min_samples_split"": 2, ""n_estimators"": 500}",5,18110.2970703125,4510.355747032764,29476.84921875,8134.49818035771,6.321209335327149,2.478959893258966,1.3663962364196778,0.3454033897310603,"[1, 2, 3, 12, 24]","{'bootstrap': True, 'max_depth': None, 'max_features': 0.5, 'min_samples_leaf': 4, 'min_samples_split': 2, 'n_estimators': 500}"
RandomForest_cuML,"[1, 2, 3, 12, 24]","{""bootstrap"": true, ""max_depth"": null, ""max_features"": 0.5, ""min_samples_leaf"": 4, ""min_samples_split"": 5, ""n_estimators"": 500}",5,18110.2970703125,4510.355747032764,29476.84921875,8134.49818035771,6.321209335327149,2.478959893258966,1.3663962364196778,0.3454033897310603,"[1, 2, 3, 12, 24]","{'bootstrap': True, 'max_depth': None, 'max_features': 0.5, 'min_samples_leaf': 4, 'min_samples_split': 5, 'n_estimators': 500}"
RandomForest_cuML,"[1, 2, 3, 12, 24]","{""bootstrap"": true, ""max_depth"": 20, ""max_features"": 0.5, ""min_samples_leaf"": 4, ""min_samples_split"": 5, ""n_estimators"": 500}",5,18110.141796875,4510.862078155626,29476.87265625,8135.411304042474,6.321898555755615,2.478679947349475,1.3663873314857482,0.345462320179748,"[1, 2, 3, 12, 24]","{'bootstrap': True, 'max_depth': 20, 'max_features': 0.5, 'min_samples_leaf': 4, 'min_samples_split': 5, 'n_estimators': 500}"
RandomForest_cuML,"[1, 2, 3, 12, 24]","{""bootstrap"": true, ""max_depth"": 20, ""max_features"": 0.5, ""min_samples_leaf"": 4, ""min_samples_split"": 2, ""n_estimators"": 500}",5,18110.141796875,4510.862078155626,29476.87265625,8135.411304042474,6.321898555755615,2.478679947349475,1.3663873314857482,0.345462320179748,"[1, 2, 3, 12, 24]","{'bootstrap': True, 'max_depth': 20, 'max_features': 0.5, 'min_samples_leaf': 4, 'min_samples_split': 2, 'n_estimators': 500}"
RandomForest_cuML,"[1, 2, 3, 12, 24]","{""bootstrap"": true, ""max_depth"": 10, ""max_features"": 0.5, ""min_samples_leaf"": 1, ""min_samples_split"": 5, ""n_estimators"": 500}",5,18107.4873046875,4452.608395994418,29477.576171875,8254.394480117639,6.300117301940918,2.453130981881626,1.3662789106369018,0.34151767848321857,"[1, 2, 3, 12, 24]","{'bootstrap': True, 'max_depth': 10, 'max_features': 0.5, 'min_samples_leaf': 1, 'min_samples_split': 5, 'n_estimators': 500}"
RandomForest_cuML,"[1, 2, 3, 12, 24]","{""bootstrap"": true, ""max_depth"": null, ""max_features"": 0.5, ""min_samples_leaf"": 2, ""min_samples_split"": 2, ""n_estimators"": 500}",5,18117.5662109375,4517.319978348159,29481.15234375,8218.231737927521,6.323616600036621,2.4790200554745994,1.3669838428497314,0.3461358581748875,"[1, 2, 3, 12, 24]","{'bootstrap': True, 'max_depth': None, 'max_features': 0.5, 'min_samples_leaf': 2, 'min_samples_split': 2, 'n_estimators': 500}"
RandomForest_cuML,"[1, 2, 3, 12, 24]","{""bootstrap"": true, ""max_depth"": 10, ""max_features"": 0.5, ""min_samples_leaf"": 4, ""min_samples_split"": 5, ""n_estimators"": 500}",5,18105.9431640625,4457.6951597560055,29481.819921875,8146.384016780543,6.299629592895508,2.4561490519822184,1.3661091089248658,0.3415961579427133,"[1, 2, 3, 12, 24]","{'bootstrap': True, 'max_depth': 10, 'max_features': 0.5, 'min_samples_leaf': 4, 'min_samples_split': 5, 'n_estimators': 500}"
RandomForest_cuML,"[1, 2, 3, 12, 24]","{""bootstrap"": true, ""max_depth"": 10, ""max_features"": 0.5, ""min_samples_leaf"": 4, ""min_samples_split"": 2, ""n_estimators"": 500}",5,18105.9431640625,4457.6951597560055,29481.819921875,8146.384016780543,6.299629592895508,2.4561490519822184,1.3661091089248658,0.3415961579427133,"[1, 2, 3, 12, 24]","{'bootstrap': True, 'max_depth': 10, 'max_features': 0.5, 'min_samples_leaf': 4, 'min_samples_split': 2, 'n_estimators': 500}"
RandomForest_cuML,"[1, 2, 3, 12, 24]","{""bootstrap"": true, ""max_depth"": 20, ""max_features"": 0.5, ""min_samples_leaf"": 2, ""min_samples_split"": 2, ""n_estimators"": 500}",5,18116.909375,4516.949902916955,29481.847265625,8218.709589185964,6.323942089080811,2.4780487705264576,1.3669365048408508,0.34612710724511203,"[1, 2, 3, 12, 24]","{'bootstrap': True, 'max_depth': 20, 'max_features': 0.5, 'min_samples_leaf': 2, 'min_samples_split': 2, 'n_estimators': 500}"
RandomForest_cuML,"[1, 2, 3, 4, 5, 6, 12]","{""bootstrap"": true, ""max_depth"": 20, ""max_features"": 0.5, ""min_samples_leaf"": 4, ""min_samples_split"": 5, ""n_estimators"": 250}",5,18113.1666015625,4307.921249067423,29483.315625,7793.59312111719,6.340238952636719,2.446606100967138,1.4014247417449952,0.34562441382613684,"[1, 2, 3, 4, 5, 6, 12]","{'bootstrap': True, 'max_depth': 20, 'max_features': 0.5, 'min_samples_leaf': 4, 'min_samples_split': 5, 'n_estimators': 250}"
RandomForest_cuML,"[1, 2, 3, 4, 5, 6, 12]","{""bootstrap"": true, ""max_depth"": 20, ""max_features"": 0.5, ""min_samples_leaf"": 4, ""min_samples_split"": 2, ""n_estimators"": 250}",5,18113.1666015625,4307.921249067423,29483.315625,7793.59312111719,6.340238952636719,2.446606100967138,1.4014247417449952,0.34562441382613684,"[1, 2, 3, 4, 5, 6, 12]","{'bootstrap': True, 'max_depth': 20, 'max_features': 0.5, 'min_samples_leaf': 4, 'min_samples_split': 2, 'n_estimators': 250}"
RandomForest_cuML,"[1, 2, 3, 4, 5, 6, 12]","{""bootstrap"": true, ""max_depth"": null, ""max_features"": 0.5, ""min_samples_leaf"": 4, ""min_samples_split"": 5, ""n_estimators"": 250}",5,18114.7234375,4309.430376394125,29483.647265625,7791.763545410619,6.340803813934326,2.4476370200846294,1.401539397239685,0.3456998525729851,"[1, 2, 3, 4, 5, 6, 12]","{'bootstrap': True, 'max_depth': None, 'max_features': 0.5, 'min_samples_leaf': 4, 'min_samples_split': 5, 'n_estimators': 250}"
RandomForest_cuML,"[1, 2, 3, 4, 5, 6, 12]","{""bootstrap"": true, ""max_depth"": null, ""max_features"": 0.5, ""min_samples_leaf"": 4, ""min_samples_split"": 2, ""n_estimators"": 250}",5,18114.7234375,4309.430376394125,29483.647265625,7791.763545410619,6.340803813934326,2.4476370200846294,1.401539397239685,0.3456998525729851,"[1, 2, 3, 4, 5, 6, 12]","{'bootstrap': True, 'max_depth': None, 'max_features': 0.5, 'min_samples_leaf': 4, 'min_samples_split': 2, 'n_estimators': 250}"
RandomForest_cuML,"[1, 2, 3, 12, 24]","{""bootstrap"": true, ""max_depth"": 10, ""max_features"": 0.5, ""min_samples_leaf"": 2, ""min_samples_split"": 5, ""n_estimators"": 500}",5,18108.1892578125,4457.019831839478,29484.74453125,8235.492253343646,6.30004301071167,2.4550053428548773,1.3663113236427307,0.341736032417053,"[1, 2, 3, 12, 24]","{'bootstrap': True, 'max_depth': 10, 'max_features': 0.5, 'min_samples_leaf': 2, 'min_samples_split': 5, 'n_estimators': 500}"
RandomForest_cuML,"[1, 2, 3, 12, 24]","{""bootstrap"": true, ""max_depth"": 20, ""max_features"": 0.5, ""min_samples_leaf"": 1, ""min_samples_split"": 5, ""n_estimators"": 500}",5,18119.53515625,4510.60579674391,29486.13125,8265.06603671996,6.3240643501281735,2.474272109765088,1.3671619534492492,0.34582117842245963,"[1, 2, 3, 12, 24]","{'bootstrap': True, 'max_depth': 20, 'max_features': 0.5, 'min_samples_leaf': 1, 'min_samples_split': 5, 'n_estimators': 500}"
RandomForest_cuML,"[1, 2, 3, 12, 24]","{""bootstrap"": true, ""max_depth"": null, ""max_features"": 0.5, ""min_samples_leaf"": 1, ""min_samples_split"": 5, ""n_estimators"": 500}",5,18120.748828125,4511.381303267631,29487.01953125,8263.279403264547,6.323796653747559,2.4759489234221603,1.3672529697418212,0.34586654234117264,"[1, 2, 3, 12, 24]","{'bootstrap': True, 'max_depth': None, 'max_features': 0.5, 'min_samples_leaf': 1, 'min_samples_split': 5, 'n_estimators': 500}"
RandomForest_cuML,"[1, 2, 3, 4, 5, 6, 12, 24]","{""bootstrap"": true, ""max_depth"": null, ""max_features"": 0.5, ""min_samples_leaf"": 1, ""min_samples_split"": 2, ""n_estimators"": 250}",5,18035.516015625,4458.056316115358,29487.49140625,8223.57659597109,6.290536403656006,2.4555592742675962,1.3607658982276916,0.341507937127987,"[1, 2, 3, 4, 5, 6, 12, 24]","{'bootstrap': True, 'max_depth': None, 'max_features': 0.5, 'min_samples_leaf': 1, 'min_samples_split': 2, 'n_estimators': 250}"
RandomForest_cuML,"[1, 2, 3, 12, 24]","{""bootstrap"": true, ""max_depth"": null, ""max_features"": 0.5, ""min_samples_leaf"": 2, ""min_samples_split"": 5, ""n_estimators"": 500}",5,18124.955078125,4523.480786201679,29488.90234375,8244.793402725265,6.325431251525879,2.480000935351343,1.367540752887726,0.34661385428830493,"[1, 2, 3, 12, 24]","{'bootstrap': True, 'max_depth': None, 'max_features': 0.5, 'min_samples_leaf': 2, 'min_samples_split': 5, 'n_estimators': 500}"
RandomForest_cuML,"[1, 2, 3, 12, 24]","{""bootstrap"": true, ""max_depth"": 20, ""max_features"": 0.5, ""min_samples_leaf"": 2, ""min_samples_split"": 5, ""n_estimators"": 500}",5,18124.1814453125,4521.745814865916,29489.128515625,8244.33164836337,6.325649642944336,2.4788415851123893,1.3674816608428955,0.3464917652051711,"[1, 2, 3, 12, 24]","{'bootstrap': True, 'max_depth': 20, 'max_features': 0.5, 'min_samples_leaf': 2, 'min_samples_split': 5, 'n_estimators': 500}"
RandomForest_cuML,"[1, 2, 3, 4, 5, 6, 12]","{""bootstrap"": true, ""max_depth"": 10, ""max_features"": 0.5, ""min_samples_leaf"": 2, ""min_samples_split"": 5, ""n_estimators"": 250}",5,18097.3119140625,4247.312363914691,29490.13125,7803.556683293644,6.315952110290527,2.4266802167987582,1.4001401662826538,0.3406548012499732,"[1, 2, 3, 4, 5, 6, 12]","{'bootstrap': True, 'max_depth': 10, 'max_features': 0.5, 'min_samples_leaf': 2, 'min_samples_split': 5, 'n_estimators': 250}"
RandomForest_cuML,"[1, 2, 3, 4, 5, 6, 12, 24]","{""bootstrap"": true, ""max_depth"": 20, ""max_features"": 0.5, ""min_samples_leaf"": 1, ""min_samples_split"": 2, ""n_estimators"": 250}",5,18036.513671875,4455.467435316667,29490.153125,8224.638856666194,6.290287685394287,2.453846431726402,1.3608439922332765,0.34133315017912597,"[1, 2, 3, 4, 5, 6, 12, 24]","{'bootstrap': True, 'max_depth': 20, 'max_features': 0.5, 'min_samples_leaf': 1, 'min_samples_split': 2, 'n_estimators': 250}"
RandomForest_cuML,"[1, 2, 3, 4, 5, 6, 12]","{""bootstrap"": true, ""max_depth"": 10, ""max_features"": 0.5, ""min_samples_leaf"": 2, ""min_samples_split"": 2, ""n_estimators"": 250}",5,18089.77109375,4245.8001347689,29496.767578125,7816.741396511619,6.313834571838379,2.425455462601888,1.399551272392273,0.3405157301639073,"[1, 2, 3, 4, 5, 6, 12]","{'bootstrap': True, 'max_depth': 10, 'max_features': 0.5, 'min_samples_leaf': 2, 'min_samples_split': 2, 'n_estimators': 250}"
RandomForest_cuML,"[1, 2, 3, 12, 24]","{""bootstrap"": true, ""max_depth"": 10, ""max_features"": 0.5, ""min_samples_leaf"": 1, ""min_samples_split"": 2, ""n_estimators"": 500}",5,18106.9271484375,4446.042002849075,29498.5390625,8242.424376725286,6.299632263183595,2.453508561913198,1.366229200363159,0.34097664229646063,"[1, 2, 3, 12, 24]","{'bootstrap': True, 'max_depth': 10, 'max_features': 0.5, 'min_samples_leaf': 1, 'min_samples_split': 2, 'n_estimators': 500}"
RandomForest_cuML,"[1, 2, 3, 4, 5, 6, 12]","{""bootstrap"": true, ""max_depth"": 10, ""max_features"": 0.5, ""min_samples_leaf"": 1, ""min_samples_split"": 2, ""n_estimators"": 250}",5,18090.8384765625,4248.798011804665,29498.72890625,7800.593148152023,6.3131945610046385,2.424554244448098,1.3996222257614135,0.34066237580070685,"[1, 2, 3, 4, 5, 6, 12]","{'bootstrap': True, 'max_depth': 10, 'max_features': 0.5, 'min_samples_leaf': 1, 'min_samples_split': 2, 'n_estimators': 250}"
RandomForest_cuML,"[1, 2, 3, 12, 24]","{""bootstrap"": true, ""max_depth"": null, ""max_features"": 0.5, ""min_samples_leaf"": 1, ""min_samples_split"": 2, ""n_estimators"": 500}",5,18120.0654296875,4511.688544577258,29504.90078125,8250.329399334889,6.323585319519043,2.478322946333739,1.3671918511390686,0.3458165712335782,"[1, 2, 3, 12, 24]","{'bootstrap': True, 'max_depth': None, 'max_features': 0.5, 'min_samples_leaf': 1, 'min_samples_split': 2, 'n_estimators': 500}"
RandomForest_cuML,"[1, 2, 3, 12, 24]","{""bootstrap"": true, ""max_depth"": 20, ""max_features"": 0.5, ""min_samples_leaf"": 1, ""min_samples_split"": 2, ""n_estimators"": 500}",5,18119.1767578125,4509.514798139664,29505.432421875,8250.872831942279,6.323766994476318,2.47646576549354,1.3671256184577942,0.3456699763542162,"[1, 2, 3, 12, 24]","{'bootstrap': True, 'max_depth': 20, 'max_features': 0.5, 'min_samples_leaf': 1, 'min_samples_split': 2, 'n_estimators': 500}"
RandomForest_cuML,"[1, 2, 3, 4, 5, 6, 12, 24]","{""bootstrap"": true, ""max_depth"": 10, ""max_features"": 0.5, ""min_samples_leaf"": 1, ""min_samples_split"": 5, ""n_estimators"": 500}",5,18006.1134765625,4415.172109183393,29505.56640625,8244.988245291048,6.260308074951173,2.4339679605297353,1.3585744500160217,0.3383385971950612,"[1, 2, 3, 4, 5, 6, 12, 24]","{'bootstrap': True, 'max_depth': 10, 'max_features': 0.5, 'min_samples_leaf': 1, 'min_samples_split': 5, 'n_estimators': 500}"
RandomForest_cuML,"[1, 2, 3, 4, 5, 6, 12, 24]","{""bootstrap"": true, ""max_depth"": 10, ""max_features"": 0.5, ""min_samples_leaf"": 4, ""min_samples_split"": 2, ""n_estimators"": 500}",5,18007.0484375,4423.340433614549,29517.35234375,8185.106736270271,6.260052299499511,2.4365476433985958,1.3586268424987793,0.33883385828468365,"[1, 2, 3, 4, 5, 6, 12, 24]","{'bootstrap': True, 'max_depth': 10, 'max_features': 0.5, 'min_samples_leaf': 4, 'min_samples_split': 2, 'n_estimators': 500}"
RandomForest_cuML,"[1, 2, 3, 4, 5, 6, 12, 24]","{""bootstrap"": true, ""max_depth"": 10, ""max_features"": 0.5, ""min_samples_leaf"": 4, ""min_samples_split"": 5, ""n_estimators"": 500}",5,18007.0484375,4423.340433614549,29517.35234375,8185.106736270271,6.260052299499511,2.4365476433985958,1.3586268424987793,0.33883385828468365,"[1, 2, 3, 4, 5, 6, 12, 24]","{'bootstrap': True, 'max_depth': 10, 'max_features': 0.5, 'min_samples_leaf': 4, 'min_samples_split': 5, 'n_estimators': 500}"
RandomForest_cuML,"[1, 2, 3, 4, 5, 6, 12, 24]","{""bootstrap"": true, ""max_depth"": 10, ""max_features"": 0.5, ""min_samples_leaf"": 2, ""min_samples_split"": 5, ""n_estimators"": 500}",5,18012.8185546875,4412.638595332554,29517.85546875,8225.09796327452,6.261209106445312,2.4334800075365264,1.3590816974639892,0.33816118488064784,"[1, 2, 3, 4, 5, 6, 12, 24]","{'bootstrap': True, 'max_depth': 10, 'max_features': 0.5, 'min_samples_leaf': 2, 'min_samples_split': 5, 'n_estimators': 500}"
RandomForest_cuML,"[1, 2, 3, 4, 5, 6, 12]","{""bootstrap"": true, ""max_depth"": 20, ""max_features"": 0.5, ""min_samples_leaf"": 1, ""min_samples_split"": 2, ""n_estimators"": 250}",5,18125.306640625,4316.453611891072,29530.09921875,7825.866420873111,6.342760276794434,2.4504370109886002,1.402330493927002,0.34614019254892264,"[1, 2, 3, 4, 5, 6, 12]","{'bootstrap': True, 'max_depth': 20, 'max_features': 0.5, 'min_samples_leaf': 1, 'min_samples_split': 2, 'n_estimators': 250}"
RandomForest_cuML,"[1, 2, 3, 4, 5, 6, 12]","{""bootstrap"": true, ""max_depth"": null, ""max_features"": 0.5, ""min_samples_leaf"": 1, ""min_samples_split"": 2, ""n_estimators"": 250}",5,18125.8955078125,4315.205503427487,29530.658203125,7824.161778994511,6.342847919464111,2.4505675907162936,1.4023712635040284,0.3460103832464249,"[1, 2, 3, 4, 5, 6, 12]","{'bootstrap': True, 'max_depth': None, 'max_features': 0.5, 'min_samples_leaf': 1, 'min_samples_split': 2, 'n_estimators': 250}"
RandomForest_cuML,"[1, 2, 3, 4, 5, 6, 12, 24]","{""bootstrap"": true, ""max_depth"": 10, ""max_features"": 0.5, ""min_samples_leaf"": 2, ""min_samples_split"": 2, ""n_estimators"": 500}",5,18012.5611328125,4418.011951566338,29531.8625,8239.831096481988,6.261611080169677,2.43477123351222,1.3590490698814393,0.33850426314750315,"[1, 2, 3, 4, 5, 6, 12, 24]","{'bootstrap': True, 'max_depth': 10, 'max_features': 0.5, 'min_samples_leaf': 2, 'min_samples_split': 2, 'n_estimators': 500}"
RandomForest_cuML,"[1, 2, 3, 4, 5, 6, 12, 24]","{""bootstrap"": true, ""max_depth"": 10, ""max_features"": 0.5, ""min_samples_leaf"": 1, ""min_samples_split"": 2, ""n_estimators"": 500}",5,18015.19609375,4426.280690840146,29536.60625,8275.74016869301,6.262471675872803,2.436907774702475,1.3592740893363953,0.33923294029346784,"[1, 2, 3, 4, 5, 6, 12, 24]","{'bootstrap': True, 'max_depth': 10, 'max_features': 0.5, 'min_samples_leaf': 1, 'min_samples_split': 2, 'n_estimators': 500}"
RandomForest_cuML,"[1, 2, 3, 4, 5, 6, 12]","{""bootstrap"": true, ""max_depth"": null, ""max_features"": 0.5, ""min_samples_leaf"": 1, ""min_samples_split"": 5, ""n_estimators"": 250}",5,18144.325,4314.717638475433,29537.98984375,7818.102376485593,6.34760046005249,2.4517259571899848,1.4038121461868287,0.34608659422370164,"[1, 2, 3, 4, 5, 6, 12]","{'bootstrap': True, 'max_depth': None, 'max_features': 0.5, 'min_samples_leaf': 1, 'min_samples_split': 5, 'n_estimators': 250}"
RandomForest_cuML,"[1, 2, 3, 4, 5, 6, 12]","{""bootstrap"": true, ""max_depth"": null, ""max_features"": 0.5, ""min_samples_leaf"": 2, ""min_samples_split"": 5, ""n_estimators"": 250}",5,18136.7541015625,4306.493016258599,29538.226953125,7822.476896845177,6.346360301971435,2.451312595627384,1.4032163619995117,0.3454235801503424,"[1, 2, 3, 4, 5, 6, 12]","{'bootstrap': True, 'max_depth': None, 'max_features': 0.5, 'min_samples_leaf': 2, 'min_samples_split': 5, 'n_estimators': 250}"
RandomForest_cuML,"[1, 2, 3, 4, 5, 6, 12]","{""bootstrap"": true, ""max_depth"": 20, ""max_features"": 0.5, ""min_samples_leaf"": 2, ""min_samples_split"": 5, ""n_estimators"": 250}",5,18134.825390625,4305.649333720325,29538.461328125,7823.497696480613,6.345840835571289,2.4506845448218098,1.403073215484619,0.3453960466108061,"[1, 2, 3, 4, 5, 6, 12]","{'bootstrap': True, 'max_depth': 20, 'max_features': 0.5, 'min_samples_leaf': 2, 'min_samples_split': 5, 'n_estimators': 250}"
RandomForest_cuML,"[1, 2, 3, 4, 5, 6, 12, 24]","{""bootstrap"": true, ""max_depth"": null, ""max_features"": 0.5, ""min_samples_leaf"": 4, ""min_samples_split"": 5, ""n_estimators"": 500}",5,18036.1705078125,4467.381582708736,29539.151953125,8194.431461447064,6.2883225440979,2.4541456373808033,1.3608178734779357,0.34218039372335807,"[1, 2, 3, 4, 5, 6, 12, 24]","{'bootstrap': True, 'max_depth': None, 'max_features': 0.5, 'min_samples_leaf': 4, 'min_samples_split': 5, 'n_estimators': 500}"
RandomForest_cuML,"[1, 2, 3, 4, 5, 6, 12, 24]","{""bootstrap"": true, ""max_depth"": null, ""max_features"": 0.5, ""min_samples_leaf"": 4, ""min_samples_split"": 2, ""n_estimators"": 500}",5,18036.1705078125,4467.381582708736,29539.151953125,8194.431461447064,6.2883225440979,2.4541456373808033,1.3608178734779357,0.34218039372335807,"[1, 2, 3, 4, 5, 6, 12, 24]","{'bootstrap': True, 'max_depth': None, 'max_features': 0.5, 'min_samples_leaf': 4, 'min_samples_split': 2, 'n_estimators': 500}"
RandomForest_cuML,"[1, 2, 3, 4, 5, 6, 12]","{""bootstrap"": true, ""max_depth"": 20, ""max_features"": 0.5, ""min_samples_leaf"": 1, ""min_samples_split"": 5, ""n_estimators"": 250}",5,18144.6615234375,4315.952997031446,29539.726953125,7819.130839076115,6.347654819488525,2.451444690262125,1.4038455486297607,0.346223257876361,"[1, 2, 3, 4, 5, 6, 12]","{'bootstrap': True, 'max_depth': 20, 'max_features': 0.5, 'min_samples_leaf': 1, 'min_samples_split': 5, 'n_estimators': 250}"
RandomForest_cuML,"[1, 2, 3, 4, 5, 6, 12, 24]","{""bootstrap"": true, ""max_depth"": 20, ""max_features"": 0.5, ""min_samples_leaf"": 4, ""min_samples_split"": 2, ""n_estimators"": 500}",5,18036.3373046875,4468.44096011159,29539.946875,8195.640573000524,6.288586807250977,2.4542260745102777,1.3608338236808777,0.3422788439719466,"[1, 2, 3, 4, 5, 6, 12, 24]","{'bootstrap': True, 'max_depth': 20, 'max_features': 0.5, 'min_samples_leaf': 4, 'min_samples_split': 2, 'n_estimators': 500}"
RandomForest_cuML,"[1, 2, 3, 4, 5, 6, 12, 24]","{""bootstrap"": true, ""max_depth"": 20, ""max_features"": 0.5, ""min_samples_leaf"": 4, ""min_samples_split"": 5, ""n_estimators"": 500}",5,18036.3373046875,4468.44096011159,29539.946875,8195.640573000524,6.288586807250977,2.4542260745102777,1.3608338236808777,0.3422788439719466,"[1, 2, 3, 4, 5, 6, 12, 24]","{'bootstrap': True, 'max_depth': 20, 'max_features': 0.5, 'min_samples_leaf': 4, 'min_samples_split': 5, 'n_estimators': 500}"
RandomForest_cuML,"[1, 2, 3, 4, 5, 6, 12]","{""bootstrap"": true, ""max_depth"": null, ""max_features"": 0.5, ""min_samples_leaf"": 2, ""min_samples_split"": 2, ""n_estimators"": 250}",5,18131.904296875,4306.986563578397,29542.9015625,7830.089194470444,6.345063781738281,2.4496873754932396,1.4028237581253051,0.34536562935207726,"[1, 2, 3, 4, 5, 6, 12]","{'bootstrap': True, 'max_depth': None, 'max_features': 0.5, 'min_samples_leaf': 2, 'min_samples_split': 2, 'n_estimators': 250}"
RandomForest_cuML,"[1, 2, 3, 4, 5, 6, 12]","{""bootstrap"": true, ""max_depth"": 20, ""max_features"": 0.5, ""min_samples_leaf"": 2, ""min_samples_split"": 2, ""n_estimators"": 250}",5,18135.3828125,4309.129646149432,29548.394140625,7831.014539906362,6.345831871032715,2.449658963215234,1.4031002044677734,0.3455785664002292,"[1, 2, 3, 4, 5, 6, 12]","{'bootstrap': True, 'max_depth': 20, 'max_features': 0.5, 'min_samples_leaf': 2, 'min_samples_split': 2, 'n_estimators': 250}"
RandomForest_cuML,"[1, 2, 3, 4, 5, 6, 12, 24]","{""bootstrap"": true, ""max_depth"": null, ""max_features"": 0.5, ""min_samples_leaf"": 1, ""min_samples_split"": 5, ""n_estimators"": 500}",5,18050.5689453125,4467.637447064983,29549.15625,8269.55908152116,6.2923177719116214,2.4539557625038646,1.3619253993034364,0.3423451235653684,"[1, 2, 3, 4, 5, 6, 12, 24]","{'bootstrap': True, 'max_depth': None, 'max_features': 0.5, 'min_samples_leaf': 1, 'min_samples_split': 5, 'n_estimators': 500}"
RandomForest_cuML,"[1, 2, 3, 4, 5, 6, 12, 24]","{""bootstrap"": true, ""max_depth"": 20, ""max_features"": 0.5, ""min_samples_leaf"": 1, ""min_samples_split"": 5, ""n_estimators"": 500}",5,18050.435546875,4466.018822608323,29550.892578125,8271.069648977627,6.292096042633057,2.452688201679603,1.3619175910949708,0.3422492820877007,"[1, 2, 3, 4, 5, 6, 12, 24]","{'bootstrap': True, 'max_depth': 20, 'max_features': 0.5, 'min_samples_leaf': 1, 'min_samples_split': 5, 'n_estimators': 500}"
RandomForest_cuML,"[1, 2, 3, 4, 5, 6, 12, 24]","{""bootstrap"": true, ""max_depth"": null, ""max_features"": 0.5, ""min_samples_leaf"": 2, ""min_samples_split"": 5, ""n_estimators"": 500}",5,18049.675,4462.536123285686,29552.056640625,8241.89902392226,6.291432857513428,2.452827630353217,1.3618469953536987,0.3419066740878667,"[1, 2, 3, 4, 5, 6, 12, 24]","{'bootstrap': True, 'max_depth': None, 'max_features': 0.5, 'min_samples_leaf': 2, 'min_samples_split': 5, 'n_estimators': 500}"
RandomForest_cuML,"[1, 2, 3, 4, 5, 6, 12, 24]","{""bootstrap"": true, ""max_depth"": 20, ""max_features"": 0.5, ""min_samples_leaf"": 2, ""min_samples_split"": 5, ""n_estimators"": 500}",5,18050.41328125,4458.836697251627,29553.785546875,8244.52842657107,6.29171895980835,2.450855020940838,1.361906611919403,0.3416640846249444,"[1, 2, 3, 4, 5, 6, 12, 24]","{'bootstrap': True, 'max_depth': 20, 'max_features': 0.5, 'min_samples_leaf': 2, 'min_samples_split': 5, 'n_estimators': 500}"
RandomForest_cuML,"[1, 2, 3, 4, 5, 6, 12, 24]","{""bootstrap"": true, ""max_depth"": null, ""max_features"": 0.5, ""min_samples_leaf"": 2, ""min_samples_split"": 2, ""n_estimators"": 500}",5,18044.9033203125,4471.091528720014,29558.74453125,8256.8804707375,6.292038059234619,2.4562358893327145,1.3614837765693664,0.342521780512479,"[1, 2, 3, 4, 5, 6, 12, 24]","{'bootstrap': True, 'max_depth': None, 'max_features': 0.5, 'min_samples_leaf': 2, 'min_samples_split': 2, 'n_estimators': 500}"
RandomForest_cuML,"[1, 2, 3, 4, 5, 6, 12, 24]","{""bootstrap"": true, ""max_depth"": 20, ""max_features"": 0.5, ""min_samples_leaf"": 2, ""min_samples_split"": 2, ""n_estimators"": 500}",5,18044.00546875,4468.679933781823,29559.109765625,8259.931358352542,6.291744518280029,2.4546833422323817,1.3614218950271606,0.34237937484807696,"[1, 2, 3, 4, 5, 6, 12, 24]","{'bootstrap': True, 'max_depth': 20, 'max_features': 0.5, 'min_samples_leaf': 2, 'min_samples_split': 2, 'n_estimators': 500}"
RandomForest_cuML,"[1, 2, 3, 4, 5, 6, 12, 24]","{""bootstrap"": true, ""max_depth"": null, ""max_features"": 0.5, ""min_samples_leaf"": 1, ""min_samples_split"": 2, ""n_estimators"": 500}",5,18052.33046875,4471.741563927695,29569.088671875,8284.338292086117,6.293360900878906,2.4567440168479044,1.3620620608329772,0.34267317555715693,"[1, 2, 3, 4, 5, 6, 12, 24]","{'bootstrap': True, 'max_depth': None, 'max_features': 0.5, 'min_samples_leaf': 1, 'min_samples_split': 2, 'n_estimators': 500}"
RandomForest_cuML,"[1, 2, 3, 4, 5, 6, 12, 24]","{""bootstrap"": true, ""max_depth"": 20, ""max_features"": 0.5, ""min_samples_leaf"": 1, ""min_samples_split"": 2, ""n_estimators"": 500}",5,18052.62421875,4468.492197767271,29570.590234375,8286.741269881166,6.293136787414551,2.4545427894732317,1.3620882630348206,0.3424603210803345,"[1, 2, 3, 4, 5, 6, 12, 24]","{'bootstrap': True, 'max_depth': 20, 'max_features': 0.5, 'min_samples_leaf': 1, 'min_samples_split': 2, 'n_estimators': 500}"
RandomForest_cuML,"[1, 12]","{""bootstrap"": true, ""max_depth"": 10, ""max_features"": ""sqrt"", ""min_samples_leaf"": 1, ""min_samples_split"": 2, ""n_estimators"": 500}",5,18061.1365234375,4632.294480246701,30108.5859375,6560.131965037474,6.43462495803833,1.5931468182415895,1.3968417167663574,0.37007384688684825,"[1, 12]","{'bootstrap': True, 'max_depth': 10, 'max_features': 'sqrt', 'min_samples_leaf': 1, 'min_samples_split': 2, 'n_estimators': 500}"
RandomForest_cuML,"[1, 12]","{""bootstrap"": true, ""max_depth"": 10, ""max_features"": ""sqrt"", ""min_samples_leaf"": 2, ""min_samples_split"": 2, ""n_estimators"": 500}",5,17965.2181640625,4620.992119696737,30286.784765625,6628.278085533709,6.391286087036133,1.5807417930589889,1.389163565635681,0.36764705688361987,"[1, 12]","{'bootstrap': True, 'max_depth': 10, 'max_features': 'sqrt', 'min_samples_leaf': 2, 'min_samples_split': 2, 'n_estimators': 500}"
RandomForest_cuML,"[1, 12]","{""bootstrap"": true, ""max_depth"": 10, ""max_features"": ""sqrt"", ""min_samples_leaf"": 2, ""min_samples_split"": 5, ""n_estimators"": 500}",5,17959.0642578125,4702.3875167550705,30373.143359375,6632.422854764137,6.377111148834229,1.6169466202531009,1.3889721155166626,0.3752716208284791,"[1, 12]","{'bootstrap': True, 'max_depth': 10, 'max_features': 'sqrt', 'min_samples_leaf': 2, 'min_samples_split': 5, 'n_estimators': 500}"
RandomForest_cuML,"[1, 12]","{""bootstrap"": true, ""max_depth"": 10, ""max_features"": ""sqrt"", ""min_samples_leaf"": 1, ""min_samples_split"": 5, ""n_estimators"": 500}",5,17944.17734375,4625.41956709404,30397.542578125,6559.705098016022,6.371104049682617,1.591839485029676,1.3878270626068114,0.3693999748651457,"[1, 12]","{'bootstrap': True, 'max_depth': 10, 'max_features': 'sqrt', 'min_samples_leaf': 1, 'min_samples_split': 5, 'n_estimators': 500}"
RandomForest_cuML,"[1, 12]","{""bootstrap"": true, ""max_depth"": 10, ""max_features"": ""sqrt"", ""min_samples_leaf"": 1, ""min_samples_split"": 2, ""n_estimators"": 250}",5,18444.8255859375,4746.380265364995,30686.478125,6869.27894897911,6.539639472961426,1.6208138406778796,1.426892352104187,0.3815730614832398,"[1, 12]","{'bootstrap': True, 'max_depth': 10, 'max_features': 'sqrt', 'min_samples_leaf': 1, 'min_samples_split': 2, 'n_estimators': 250}"
RandomForest_cuML,"[1, 12]","{""bootstrap"": true, ""max_depth"": 10, ""max_features"": ""sqrt"", ""min_samples_leaf"": 2, ""min_samples_split"": 2, ""n_estimators"": 250}",5,18425.7306640625,4735.3895187073995,30883.7015625,6582.762162656668,6.540527629852295,1.6264810665905114,1.4249503135681152,0.37794537940459644,"[1, 12]","{'bootstrap': True, 'max_depth': 10, 'max_features': 'sqrt', 'min_samples_leaf': 2, 'min_samples_split': 2, 'n_estimators': 250}"
RandomForest_cuML,"[1, 12]","{""bootstrap"": true, ""max_depth"": 10, ""max_features"": ""sqrt"", ""min_samples_leaf"": 4, ""min_samples_split"": 5, ""n_estimators"": 500}",5,18110.8087890625,4642.568352897936,31175.438671875,6760.882307917346,6.406340408325195,1.5754209772693997,1.4005279541015625,0.3700156089544307,"[1, 12]","{'bootstrap': True, 'max_depth': 10, 'max_features': 'sqrt', 'min_samples_leaf': 4, 'min_samples_split': 5, 'n_estimators': 500}"
RandomForest_cuML,"[1, 12]","{""bootstrap"": true, ""max_depth"": 10, ""max_features"": ""sqrt"", ""min_samples_leaf"": 4, ""min_samples_split"": 2, ""n_estimators"": 500}",5,18110.8087890625,4642.568352897936,31175.438671875,6760.882307917346,6.406340408325195,1.5754209772693997,1.4005279541015625,0.3700156089544307,"[1, 12]","{'bootstrap': True, 'max_depth': 10, 'max_features': 'sqrt', 'min_samples_leaf': 4, 'min_samples_split': 2, 'n_estimators': 500}"
RandomForest_cuML,"[1, 12]","{""bootstrap"": true, ""max_depth"": 10, ""max_features"": ""sqrt"", ""min_samples_leaf"": 2, ""min_samples_split"": 5, ""n_estimators"": 250}",5,18468.990625,4858.701214982915,31196.32578125,6726.544779594999,6.530915451049805,1.6730954112919474,1.4289151906967164,0.39055349292937586,"[1, 12]","{'bootstrap': True, 'max_depth': 10, 'max_features': 'sqrt', 'min_samples_leaf': 2, 'min_samples_split': 5, 'n_estimators': 250}"
RandomForest_cuML,"[1, 12]","{""bootstrap"": true, ""max_depth"": 10, ""max_features"": ""sqrt"", ""min_samples_leaf"": 1, ""min_samples_split"": 5, ""n_estimators"": 250}",5,18505.7529296875,4829.42350411962,31325.35859375,6796.049666759096,6.541812229156494,1.6414293045608987,1.4318621635437012,0.3889698883196297,"[1, 12]","{'bootstrap': True, 'max_depth': 10, 'max_features': 'sqrt', 'min_samples_leaf': 1, 'min_samples_split': 5, 'n_estimators': 250}"
RandomForest_cuML,"[1, 12]","{""bootstrap"": true, ""max_depth"": 10, ""max_features"": ""sqrt"", ""min_samples_leaf"": 4, ""min_samples_split"": 2, ""n_estimators"": 250}",5,18461.3564453125,4638.79030854946,31860.827734375,6699.627023130784,6.4956707000732425,1.558250185290908,1.4279613733291625,0.37179717623359715,"[1, 12]","{'bootstrap': True, 'max_depth': 10, 'max_features': 'sqrt', 'min_samples_leaf': 4, 'min_samples_split': 2, 'n_estimators': 250}"
RandomForest_cuML,"[1, 12]","{""bootstrap"": true, ""max_depth"": 10, ""max_features"": ""sqrt"", ""min_samples_leaf"": 4, ""min_samples_split"": 5, ""n_estimators"": 250}",5,18461.3564453125,4638.79030854946,31860.827734375,6699.627023130784,6.4956707000732425,1.558250185290908,1.4279613733291625,0.37179717623359715,"[1, 12]","{'bootstrap': True, 'max_depth': 10, 'max_features': 'sqrt', 'min_samples_leaf': 4, 'min_samples_split': 5, 'n_estimators': 250}"
