model_type,lag_set,params,folds,MAE_mean,MAE_std,RMSE_mean,RMSE_std,sMAPE_mean,sMAPE_std,MASE_mean,MASE_std
GradientBoosting,"(1, 12)","{'l2_regularization': 1.0, 'learning_rate': 0.1, 'max_depth': 3, 'max_iter': 600, 'max_leaf_nodes': 31, 'min_samples_leaf': 50}",5,4717.131719174417,1165.8134557079304,9687.75152781401,1700.564603956409,1.5308864887708133,0.5303598242819139,0.1876075415051846,0.047151544562531275
GradientBoosting,"(1, 12)","{'l2_regularization': 1.0, 'learning_rate': 0.1, 'max_depth': 3, 'max_iter': 600, 'max_leaf_nodes': 63, 'min_samples_leaf': 50}",5,4717.131719174417,1165.8134557079304,9687.75152781401,1700.564603956409,1.5308864887708133,0.5303598242819139,0.1876075415051846,0.047151544562531275
GradientBoosting,"(1, 2, 3, 12)","{'l2_regularization': 0.0, 'learning_rate': 0.05, 'max_depth': 3, 'max_iter': 600, 'max_leaf_nodes': 31, 'min_samples_leaf': 50}",5,4646.230297076907,1208.0593535355679,9707.229693419275,2173.618157107082,1.488917240884882,0.5153148699599227,0.18513763626803525,0.05018894026421872
GradientBoosting,"(1, 2, 3, 12)","{'l2_regularization': 0.0, 'learning_rate': 0.05, 'max_depth': 3, 'max_iter': 600, 'max_leaf_nodes': 63, 'min_samples_leaf': 50}",5,4646.230297076907,1208.0593535355679,9707.229693419275,2173.618157107082,1.488917240884882,0.5153148699599227,0.18513763626803525,0.05018894026421872
GradientBoosting,"(1, 12)","{'l2_regularization': 1.0, 'learning_rate': 0.1, 'max_depth': 3, 'max_iter': 300, 'max_leaf_nodes': 63, 'min_samples_leaf': 50}",5,4737.921098021187,1155.840158291358,9724.495476534263,1701.8832194104436,1.537275350921669,0.5273329786079047,0.18844872645650573,0.04682534873212752
GradientBoosting,"(1, 12)","{'l2_regularization': 1.0, 'learning_rate': 0.1, 'max_depth': 3, 'max_iter': 300, 'max_leaf_nodes': 31, 'min_samples_leaf': 50}",5,4737.921098021187,1155.840158291358,9724.495476534263,1701.8832194104436,1.537275350921669,0.5273329786079047,0.18844872645650573,0.04682534873212752
GradientBoosting,"(1, 12)","{'l2_regularization': 1.0, 'learning_rate': 0.1, 'max_depth': 3, 'max_iter': 600, 'max_leaf_nodes': 31, 'min_samples_leaf': 20}",5,4752.105501508382,1146.1429064959257,9793.449210171148,1947.3170098669675,1.5452956240482554,0.5308002207934187,0.18915840194133388,0.04706337679992842
GradientBoosting,"(1, 12)","{'l2_regularization': 1.0, 'learning_rate': 0.1, 'max_depth': 3, 'max_iter': 600, 'max_leaf_nodes': 63, 'min_samples_leaf': 20}",5,4752.105501508382,1146.1429064959257,9793.449210171148,1947.3170098669675,1.5452956240482554,0.5308002207934187,0.18915840194133388,0.04706337679992842
GradientBoosting,"(1, 12)","{'l2_regularization': 1.0, 'learning_rate': 0.1, 'max_depth': 3, 'max_iter': 300, 'max_leaf_nodes': 31, 'min_samples_leaf': 20}",5,4752.906414915435,1145.4835417769443,9798.867528438943,1942.3292649005812,1.5454098793768434,0.5307236176229115,0.18918933173495656,0.047035720678415584
GradientBoosting,"(1, 12)","{'l2_regularization': 1.0, 'learning_rate': 0.1, 'max_depth': 3, 'max_iter': 300, 'max_leaf_nodes': 63, 'min_samples_leaf': 20}",5,4752.906414915435,1145.4835417769443,9798.867528438943,1942.3292649005812,1.5454098793768434,0.5307236176229115,0.18918933173495656,0.047035720678415584
GradientBoosting,"(1, 2, 12, 24)","{'l2_regularization': 1.0, 'learning_rate': 0.05, 'max_depth': 3, 'max_iter': 600, 'max_leaf_nodes': 31, 'min_samples_leaf': 20}",5,4693.463125687914,1385.5565465872814,9833.668048922296,1266.5086094756034,1.5132393881593011,0.5945843868424747,0.1770687435337735,0.061322987681286016
GradientBoosting,"(1, 2, 12, 24)","{'l2_regularization': 1.0, 'learning_rate': 0.05, 'max_depth': 3, 'max_iter': 600, 'max_leaf_nodes': 63, 'min_samples_leaf': 20}",5,4693.463125687914,1385.5565465872814,9833.668048922296,1266.5086094756034,1.5132393881593011,0.5945843868424747,0.1770687435337735,0.061322987681286016
GradientBoosting,"(1, 2, 3, 4, 5, 6, 12)","{'l2_regularization': 0.0, 'learning_rate': 0.05, 'max_depth': 3, 'max_iter': 600, 'max_leaf_nodes': 31, 'min_samples_leaf': 50}",5,4654.506803277693,1163.2473794052996,9855.33955147745,2086.8618118016225,1.4890569925179542,0.49872939848040665,0.18545782285321746,0.04851104351880659
GradientBoosting,"(1, 2, 3, 4, 5, 6, 12)","{'l2_regularization': 0.0, 'learning_rate': 0.05, 'max_depth': 3, 'max_iter': 600, 'max_leaf_nodes': 63, 'min_samples_leaf': 50}",5,4654.506803277693,1163.2473794052996,9855.33955147745,2086.8618118016225,1.4890569925179542,0.49872939848040665,0.18545782285321746,0.04851104351880659
GradientBoosting,"(1, 2, 3, 12)","{'l2_regularization': 1.0, 'learning_rate': 0.1, 'max_depth': 3, 'max_iter': 600, 'max_leaf_nodes': 31, 'min_samples_leaf': 50}",5,4749.702168071518,1196.0931644430361,9869.750951411095,2018.5690853711947,1.5291801056666214,0.5270558710153525,0.1892004857839847,0.04956915082315314
GradientBoosting,"(1, 2, 3, 12)","{'l2_regularization': 1.0, 'learning_rate': 0.1, 'max_depth': 3, 'max_iter': 600, 'max_leaf_nodes': 63, 'min_samples_leaf': 50}",5,4749.702168071518,1196.0931644430361,9869.750951411095,2018.5690853711947,1.5291801056666214,0.5270558710153525,0.1892004857839847,0.04956915082315314
GradientBoosting,"(1, 2, 12, 24)","{'l2_regularization': 1.0, 'learning_rate': 0.05, 'max_depth': 3, 'max_iter': 300, 'max_leaf_nodes': 63, 'min_samples_leaf': 20}",5,4710.8113163991065,1376.0396842376722,9869.910475530978,1241.8384268467796,1.5175979629435763,0.5922665405693254,0.17768897924935395,0.06096526203414933
GradientBoosting,"(1, 2, 12, 24)","{'l2_regularization': 1.0, 'learning_rate': 0.05, 'max_depth': 3, 'max_iter': 300, 'max_leaf_nodes': 31, 'min_samples_leaf': 20}",5,4710.8113163991065,1376.0396842376722,9869.910475530978,1241.8384268467796,1.5175979629435763,0.5922665405693254,0.17768897924935395,0.06096526203414933
GradientBoosting,"(1, 12, 24)","{'l2_regularization': 1.0, 'learning_rate': 0.05, 'max_depth': 3, 'max_iter': 600, 'max_leaf_nodes': 63, 'min_samples_leaf': 20}",5,4699.081093430591,1424.3522170973554,9870.600613544902,1281.889440440144,1.5121758474681883,0.6049387911255799,0.17721367053721396,0.06251632984827235
GradientBoosting,"(1, 12, 24)","{'l2_regularization': 1.0, 'learning_rate': 0.05, 'max_depth': 3, 'max_iter': 600, 'max_leaf_nodes': 31, 'min_samples_leaf': 20}",5,4699.081093430591,1424.3522170973554,9870.600613544902,1281.889440440144,1.5121758474681883,0.6049387911255799,0.17721367053721396,0.06251632984827235
GradientBoosting,"(1, 2, 12)","{'l2_regularization': 1.0, 'learning_rate': 0.1, 'max_depth': 3, 'max_iter': 600, 'max_leaf_nodes': 31, 'min_samples_leaf': 50}",5,4802.0731424791,1240.7982862523236,9876.658355540214,1907.3337928682713,1.5545462746051615,0.5461417989566898,0.19111357574875976,0.05061158919917714
GradientBoosting,"(1, 2, 12)","{'l2_regularization': 1.0, 'learning_rate': 0.1, 'max_depth': 3, 'max_iter': 600, 'max_leaf_nodes': 63, 'min_samples_leaf': 50}",5,4802.0731424791,1240.7982862523236,9876.658355540214,1907.3337928682713,1.5545462746051615,0.5461417989566898,0.19111357574875976,0.05061158919917714
GradientBoosting,"(1, 2, 12)","{'l2_regularization': 1.0, 'learning_rate': 0.1, 'max_depth': 3, 'max_iter': 300, 'max_leaf_nodes': 63, 'min_samples_leaf': 50}",5,4820.934176329728,1225.443438118827,9895.348126848236,1889.707295810798,1.560572754150979,0.5419894775205911,0.19184195397213957,0.04996801356851019
GradientBoosting,"(1, 2, 12)","{'l2_regularization': 1.0, 'learning_rate': 0.1, 'max_depth': 3, 'max_iter': 300, 'max_leaf_nodes': 31, 'min_samples_leaf': 50}",5,4820.934176329728,1225.443438118827,9895.348126848236,1889.707295810798,1.560572754150979,0.5419894775205911,0.19184195397213957,0.04996801356851019
GradientBoosting,"(1, 2, 3, 12)","{'l2_regularization': 1.0, 'learning_rate': 0.1, 'max_depth': 3, 'max_iter': 300, 'max_leaf_nodes': 31, 'min_samples_leaf': 50}",5,4782.24911387859,1168.0872696607912,9897.097205933025,1992.4549955254877,1.5393590048998598,0.5198474201650617,0.19045738860018985,0.0484131904947763
GradientBoosting,"(1, 2, 3, 12)","{'l2_regularization': 1.0, 'learning_rate': 0.1, 'max_depth': 3, 'max_iter': 300, 'max_leaf_nodes': 63, 'min_samples_leaf': 50}",5,4782.24911387859,1168.0872696607912,9897.097205933025,1992.4549955254877,1.5393590048998598,0.5198474201650617,0.19045738860018985,0.0484131904947763
GradientBoosting,"(1, 2, 12, 24)","{'l2_regularization': 0.0, 'learning_rate': 0.05, 'max_depth': 3, 'max_iter': 600, 'max_leaf_nodes': 63, 'min_samples_leaf': 20}",5,4735.64163069315,1449.076648108145,9909.707807008697,1415.7248768341835,1.5315826550024103,0.6210693635736272,0.17876032749963464,0.06378718241220971
GradientBoosting,"(1, 2, 12, 24)","{'l2_regularization': 0.0, 'learning_rate': 0.05, 'max_depth': 3, 'max_iter': 600, 'max_leaf_nodes': 31, 'min_samples_leaf': 20}",5,4735.64163069315,1449.076648108145,9909.707807008697,1415.7248768341835,1.5315826550024103,0.6210693635736272,0.17876032749963464,0.06378718241220971
GradientBoosting,"(1, 2, 3, 12)","{'l2_regularization': 1.0, 'learning_rate': 0.05, 'max_depth': 3, 'max_iter': 600, 'max_leaf_nodes': 31, 'min_samples_leaf': 50}",5,4646.647770536093,1186.636363322569,9912.902500877017,2356.794597517433,1.482787871021488,0.49445693822563463,0.18517320043515068,0.04954911341099935
GradientBoosting,"(1, 2, 3, 12)","{'l2_regularization': 1.0, 'learning_rate': 0.05, 'max_depth': 3, 'max_iter': 600, 'max_leaf_nodes': 63, 'min_samples_leaf': 50}",5,4646.647770536093,1186.636363322569,9912.902500877017,2356.794597517433,1.482787871021488,0.49445693822563463,0.18517320043515068,0.04954911341099935
GradientBoosting,"(1, 2, 3, 4, 5, 6, 12)","{'l2_regularization': 0.0, 'learning_rate': 0.05, 'max_depth': 3, 'max_iter': 300, 'max_leaf_nodes': 31, 'min_samples_leaf': 50}",5,4689.604215730072,1144.7614077134501,9919.85379919568,2041.8610881995896,1.5002850139642159,0.49244618030703613,0.1868376752778911,0.047803475025109884
GradientBoosting,"(1, 2, 3, 4, 5, 6, 12)","{'l2_regularization': 0.0, 'learning_rate': 0.05, 'max_depth': 3, 'max_iter': 300, 'max_leaf_nodes': 63, 'min_samples_leaf': 50}",5,4689.604215730072,1144.7614077134501,9919.85379919568,2041.8610881995896,1.5002850139642159,0.49244618030703613,0.1868376752778911,0.047803475025109884
GradientBoosting,"(1, 2, 12)","{'l2_regularization': 0.0, 'learning_rate': 0.05, 'max_depth': 3, 'max_iter': 600, 'max_leaf_nodes': 31, 'min_samples_leaf': 50}",5,4671.416251412588,1187.263613394802,9920.751773027147,2035.7035259639333,1.4962413385872886,0.5241999824574628,0.1860246379601918,0.048993481281729374
GradientBoosting,"(1, 2, 12)","{'l2_regularization': 0.0, 'learning_rate': 0.05, 'max_depth': 3, 'max_iter': 600, 'max_leaf_nodes': 63, 'min_samples_leaf': 50}",5,4671.416251412588,1187.263613394802,9920.751773027147,2035.7035259639333,1.4962413385872886,0.5241999824574628,0.1860246379601918,0.048993481281729374
GradientBoosting,"(1, 2, 3, 12)","{'l2_regularization': 0.0, 'learning_rate': 0.05, 'max_depth': 3, 'max_iter': 300, 'max_leaf_nodes': 31, 'min_samples_leaf': 50}",5,4713.1307797397585,1165.008792904109,9920.794632049772,2055.0351481419875,1.5051638852747975,0.5052023292526531,0.18778400963320924,0.04859072761921778
GradientBoosting,"(1, 2, 3, 12)","{'l2_regularization': 0.0, 'learning_rate': 0.05, 'max_depth': 3, 'max_iter': 300, 'max_leaf_nodes': 63, 'min_samples_leaf': 50}",5,4713.1307797397585,1165.008792904109,9920.794632049772,2055.0351481419875,1.5051638852747975,0.5052023292526531,0.18778400963320924,0.04859072761921778
GradientBoosting,"(1, 2, 12)","{'l2_regularization': 1.0, 'learning_rate': 0.05, 'max_depth': 3, 'max_iter': 600, 'max_leaf_nodes': 63, 'min_samples_leaf': 50}",5,4660.721603650922,1135.4630764645337,9935.112042532466,2200.348591931965,1.485789186317057,0.4928187415472696,0.1856677341228386,0.04731980013842548
GradientBoosting,"(1, 2, 12)","{'l2_regularization': 1.0, 'learning_rate': 0.05, 'max_depth': 3, 'max_iter': 600, 'max_leaf_nodes': 31, 'min_samples_leaf': 50}",5,4660.721603650922,1135.4630764645337,9935.112042532466,2200.348591931965,1.485789186317057,0.4928187415472696,0.1856677341228386,0.04731980013842548
GradientBoosting,"(1, 2, 12, 24)","{'l2_regularization': 0.0, 'learning_rate': 0.05, 'max_depth': 3, 'max_iter': 300, 'max_leaf_nodes': 31, 'min_samples_leaf': 20}",5,4752.685647080737,1436.6858259993537,9938.435648972765,1379.5902018884117,1.5381476618226553,0.6170868553020765,0.1793519156469864,0.06331615260633455
GradientBoosting,"(1, 2, 12, 24)","{'l2_regularization': 0.0, 'learning_rate': 0.05, 'max_depth': 3, 'max_iter': 300, 'max_leaf_nodes': 63, 'min_samples_leaf': 20}",5,4752.685647080737,1436.6858259993537,9938.435648972765,1379.5902018884117,1.5381476618226553,0.6170868553020765,0.1793519156469864,0.06331615260633455
GradientBoosting,"(1, 2, 3, 4, 5, 6, 12)","{'l2_regularization': 1.0, 'learning_rate': 0.1, 'max_depth': 3, 'max_iter': 600, 'max_leaf_nodes': 63, 'min_samples_leaf': 50}",5,4755.690902568526,1236.6430077637174,9948.804916501798,2235.113077995423,1.5402715488344487,0.5279635199662543,0.18937374491833855,0.05087532474804704
GradientBoosting,"(1, 2, 3, 4, 5, 6, 12)","{'l2_regularization': 1.0, 'learning_rate': 0.1, 'max_depth': 3, 'max_iter': 600, 'max_leaf_nodes': 31, 'min_samples_leaf': 50}",5,4755.690902568526,1236.6430077637174,9948.804916501798,2235.113077995423,1.5402715488344487,0.5279635199662543,0.18937374491833855,0.05087532474804704
GradientBoosting,"(1, 2, 3, 4, 5, 6, 12)","{'l2_regularization': 1.0, 'learning_rate': 0.1, 'max_depth': 3, 'max_iter': 300, 'max_leaf_nodes': 63, 'min_samples_leaf': 50}",5,4759.367144953602,1235.2314975433658,9961.277881600665,2238.8251822699604,1.5416544629706954,0.5274264675755793,0.18952574734033656,0.05083956494891896
GradientBoosting,"(1, 2, 3, 4, 5, 6, 12)","{'l2_regularization': 1.0, 'learning_rate': 0.1, 'max_depth': 3, 'max_iter': 300, 'max_leaf_nodes': 31, 'min_samples_leaf': 50}",5,4759.367144953602,1235.2314975433658,9961.277881600665,2238.8251822699604,1.5416544629706954,0.5274264675755793,0.18952574734033656,0.05083956494891896
GradientBoosting,"(1, 12, 24)","{'l2_regularization': 1.0, 'learning_rate': 0.05, 'max_depth': 3, 'max_iter': 600, 'max_leaf_nodes': 63, 'min_samples_leaf': 50}",5,4768.292729161739,1493.2368675318214,9968.634324678065,1404.6808059027783,1.538014279093101,0.6477185906534265,0.17988602615697893,0.06514809349694332
GradientBoosting,"(1, 12, 24)","{'l2_regularization': 1.0, 'learning_rate': 0.05, 'max_depth': 3, 'max_iter': 600, 'max_leaf_nodes': 31, 'min_samples_leaf': 50}",5,4768.292729161739,1493.2368675318214,9968.634324678065,1404.6808059027783,1.538014279093101,0.6477185906534265,0.17988602615697893,0.06514809349694332
GradientBoosting,"(1, 12, 24)","{'l2_regularization': 1.0, 'learning_rate': 0.05, 'max_depth': 3, 'max_iter': 300, 'max_leaf_nodes': 63, 'min_samples_leaf': 20}",5,4740.443914427662,1406.8236846605987,9981.54406800424,1244.2211606336834,1.521711754205715,0.6004596072912716,0.17872987261700776,0.061913600141577034
GradientBoosting,"(1, 12, 24)","{'l2_regularization': 1.0, 'learning_rate': 0.05, 'max_depth': 3, 'max_iter': 300, 'max_leaf_nodes': 31, 'min_samples_leaf': 20}",5,4740.443914427662,1406.8236846605987,9981.54406800424,1244.2211606336834,1.521711754205715,0.6004596072912716,0.17872987261700776,0.061913600141577034
GradientBoosting,"(1, 2, 3, 4, 5, 6, 12)","{'l2_regularization': 1.0, 'learning_rate': 0.05, 'max_depth': 3, 'max_iter': 600, 'max_leaf_nodes': 63, 'min_samples_leaf': 50}",5,4689.045431886394,1162.9530656252946,9983.718875570941,2316.336984523124,1.5001739815430244,0.48200460443652654,0.18683695172165093,0.04858580215125622
GradientBoosting,"(1, 2, 3, 4, 5, 6, 12)","{'l2_regularization': 1.0, 'learning_rate': 0.05, 'max_depth': 3, 'max_iter': 600, 'max_leaf_nodes': 31, 'min_samples_leaf': 50}",5,4689.045431886394,1162.9530656252946,9983.718875570941,2316.336984523124,1.5001739815430244,0.48200460443652654,0.18683695172165093,0.04858580215125622
GradientBoosting,"(1, 2, 3, 12)","{'l2_regularization': 0.0, 'learning_rate': 0.05, 'max_depth': 3, 'max_iter': 600, 'max_leaf_nodes': 31, 'min_samples_leaf': 20}",5,4644.140093381122,1182.9883470525006,9991.769676901287,2326.461962563179,1.475435950949961,0.49945059718402496,0.18516898108520946,0.04967072555739215
GradientBoosting,"(1, 2, 3, 12)","{'l2_regularization': 0.0, 'learning_rate': 0.05, 'max_depth': 3, 'max_iter': 600, 'max_leaf_nodes': 63, 'min_samples_leaf': 20}",5,4644.140093381122,1182.9883470525006,9991.769676901287,2326.461962563179,1.475435950949961,0.49945059718402496,0.18516898108520946,0.04967072555739215
GradientBoosting,"(1, 2, 12)","{'l2_regularization': 0.0, 'learning_rate': 0.05, 'max_depth': 3, 'max_iter': 600, 'max_leaf_nodes': 31, 'min_samples_leaf': 20}",5,4664.242579675345,1177.273726647248,9994.707077954286,2363.031243222362,1.4895084611645084,0.508637651684687,0.18593535887702248,0.04932011335015633
GradientBoosting,"(1, 2, 12)","{'l2_regularization': 0.0, 'learning_rate': 0.05, 'max_depth': 3, 'max_iter': 600, 'max_leaf_nodes': 63, 'min_samples_leaf': 20}",5,4664.242579675345,1177.273726647248,9994.707077954286,2363.031243222362,1.4895084611645084,0.508637651684687,0.18593535887702248,0.04932011335015633
GradientBoosting,"(1, 2, 3, 4, 5, 6, 12)","{'l2_regularization': 0.0, 'learning_rate': 0.05, 'max_depth': 3, 'max_iter': 600, 'max_leaf_nodes': 31, 'min_samples_leaf': 20}",5,4686.14255226603,1209.2802241184377,9997.971213394545,2168.206704650245,1.4965705093551995,0.5232000089287724,0.18675636644031632,0.0503674550021901
GradientBoosting,"(1, 2, 3, 4, 5, 6, 12)","{'l2_regularization': 0.0, 'learning_rate': 0.05, 'max_depth': 3, 'max_iter': 600, 'max_leaf_nodes': 63, 'min_samples_leaf': 20}",5,4686.14255226603,1209.2802241184377,9997.971213394545,2168.206704650245,1.4965705093551995,0.5232000089287724,0.18675636644031632,0.0503674550021901
GradientBoosting,"(1, 12)","{'l2_regularization': 0.0, 'learning_rate': 0.05, 'max_depth': 3, 'max_iter': 600, 'max_leaf_nodes': 31, 'min_samples_leaf': 20}",5,4676.490717337632,1115.9715616676115,9998.39674721092,2358.8686222606884,1.4932828272877192,0.48176204491344604,0.18642559680485937,0.04711257269708844
GradientBoosting,"(1, 12)","{'l2_regularization': 0.0, 'learning_rate': 0.05, 'max_depth': 3, 'max_iter': 600, 'max_leaf_nodes': 63, 'min_samples_leaf': 20}",5,4676.490717337632,1115.9715616676115,9998.39674721092,2358.8686222606884,1.4932828272877192,0.48176204491344604,0.18642559680485937,0.04711257269708844
GradientBoosting,"(1, 2, 3, 4, 5, 6, 12, 24)","{'l2_regularization': 1.0, 'learning_rate': 0.1, 'max_depth': 5, 'max_iter': 600, 'max_leaf_nodes': 31, 'min_samples_leaf': 20}",5,4242.330963876858,934.6368950624912,10001.068688925445,1791.4812316874127,1.3093220529456453,0.35955109473709956,0.15989442575425003,0.04553415391078721
GradientBoosting,"(1, 2, 3, 4, 5, 6, 12, 24)","{'l2_regularization': 1.0, 'learning_rate': 0.1, 'max_depth': 5, 'max_iter': 300, 'max_leaf_nodes': 31, 'min_samples_leaf': 20}",5,4242.330963876858,934.6368950624912,10001.068688925445,1791.4812316874127,1.3093220529456453,0.35955109473709956,0.15989442575425003,0.04553415391078721
GradientBoosting,"(1, 12)","{'l2_regularization': 0.0, 'learning_rate': 0.05, 'max_depth': 3, 'max_iter': 600, 'max_leaf_nodes': 31, 'min_samples_leaf': 50}",5,4710.825040249312,1164.0848841558175,10012.651079273726,2103.7403686494117,1.5043767874476024,0.5068447953831176,0.18767153905184983,0.04843993221731183
GradientBoosting,"(1, 12)","{'l2_regularization': 0.0, 'learning_rate': 0.05, 'max_depth': 3, 'max_iter': 600, 'max_leaf_nodes': 63, 'min_samples_leaf': 50}",5,4710.825040249312,1164.0848841558175,10012.651079273726,2103.7403686494117,1.5043767874476024,0.5068447953831176,0.18767153905184983,0.04843993221731183
GradientBoosting,"(1, 2, 3, 4, 5, 6, 12, 24)","{'l2_regularization': 1.0, 'learning_rate': 0.1, 'max_depth': 5, 'max_iter': 300, 'max_leaf_nodes': 63, 'min_samples_leaf': 20}",5,4223.053923824566,910.4092446099255,10020.526873737224,1827.8270534961403,1.2989092561193856,0.3398365690066603,0.1591495909585743,0.04472942569504806
GradientBoosting,"(1, 2, 3, 4, 5, 6, 12, 24)","{'l2_regularization': 1.0, 'learning_rate': 0.1, 'max_depth': 5, 'max_iter': 600, 'max_leaf_nodes': 63, 'min_samples_leaf': 20}",5,4223.053923824566,910.4092446099255,10020.526873737224,1827.8270534961403,1.2989092561193856,0.3398365690066603,0.1591495909585743,0.04472942569504806
GradientBoosting,"(1, 2, 3, 4, 5, 6, 12, 24)","{'l2_regularization': 1.0, 'learning_rate': 0.05, 'max_depth': 3, 'max_iter': 600, 'max_leaf_nodes': 63, 'min_samples_leaf': 20}",5,4752.692154556248,1458.5367708954868,10025.090438500027,1449.4491512854822,1.526070765215153,0.6176760865321672,0.17948480582725299,0.0643363642433153
GradientBoosting,"(1, 2, 3, 4, 5, 6, 12, 24)","{'l2_regularization': 1.0, 'learning_rate': 0.05, 'max_depth': 3, 'max_iter': 600, 'max_leaf_nodes': 31, 'min_samples_leaf': 20}",5,4752.692154556248,1458.5367708954868,10025.090438500027,1449.4491512854822,1.526070765215153,0.6176760865321672,0.17948480582725299,0.0643363642433153
GradientBoosting,"(1, 2, 3, 4, 5, 6, 12, 24)","{'l2_regularization': 0.0, 'learning_rate': 0.05, 'max_depth': 3, 'max_iter': 600, 'max_leaf_nodes': 31, 'min_samples_leaf': 20}",5,4737.783347615862,1454.5594532019875,10029.003634833938,1691.5475555091598,1.5267314084498205,0.6166932580709205,0.1789761337571612,0.06434107099447142
GradientBoosting,"(1, 2, 3, 4, 5, 6, 12, 24)","{'l2_regularization': 0.0, 'learning_rate': 0.05, 'max_depth': 3, 'max_iter': 600, 'max_leaf_nodes': 63, 'min_samples_leaf': 20}",5,4737.783347615862,1454.5594532019875,10029.003634833938,1691.5475555091598,1.5267314084498205,0.6166932580709205,0.1789761337571612,0.06434107099447142
GradientBoosting,"(1, 12, 24)","{'l2_regularization': 0.0, 'learning_rate': 0.05, 'max_depth': 3, 'max_iter': 600, 'max_leaf_nodes': 31, 'min_samples_leaf': 50}",5,4769.435357097131,1440.4219313436972,10032.390158550998,1585.6525359485079,1.5397140727608984,0.633269608073519,0.1798815490269172,0.06325766184715917
GradientBoosting,"(1, 12, 24)","{'l2_regularization': 0.0, 'learning_rate': 0.05, 'max_depth': 3, 'max_iter': 600, 'max_leaf_nodes': 63, 'min_samples_leaf': 50}",5,4769.435357097131,1440.4219313436972,10032.390158550998,1585.6525359485079,1.5397140727608984,0.633269608073519,0.1798815490269172,0.06325766184715917
GradientBoosting,"(1, 2, 3, 4, 5, 6, 12)","{'l2_regularization': 0.0, 'learning_rate': 0.05, 'max_depth': 3, 'max_iter': 300, 'max_leaf_nodes': 31, 'min_samples_leaf': 20}",5,4718.532003476428,1190.4113315139866,10036.531906154436,2149.5273818035694,1.5067875743953452,0.5170071276315535,0.18804563864549256,0.049681964705733925
GradientBoosting,"(1, 2, 3, 4, 5, 6, 12)","{'l2_regularization': 0.0, 'learning_rate': 0.05, 'max_depth': 3, 'max_iter': 300, 'max_leaf_nodes': 63, 'min_samples_leaf': 20}",5,4718.532003476428,1190.4113315139866,10036.531906154436,2149.5273818035694,1.5067875743953452,0.5170071276315535,0.18804563864549256,0.049681964705733925
GradientBoosting,"(1, 2, 3, 12)","{'l2_regularization': 0.0, 'learning_rate': 0.1, 'max_depth': 3, 'max_iter': 600, 'max_leaf_nodes': 63, 'min_samples_leaf': 50}",5,4839.853319191737,1302.389567181425,10036.735261200625,2280.8434804818953,1.578981493369939,0.5905063695794447,0.1927649630501704,0.05354091951624069
GradientBoosting,"(1, 2, 3, 12)","{'l2_regularization': 0.0, 'learning_rate': 0.1, 'max_depth': 3, 'max_iter': 600, 'max_leaf_nodes': 31, 'min_samples_leaf': 50}",5,4839.853319191737,1302.389567181425,10036.735261200625,2280.8434804818953,1.578981493369939,0.5905063695794447,0.1927649630501704,0.05354091951624069
GradientBoosting,"(1, 2, 3, 4, 5, 6, 12)","{'l2_regularization': 1.0, 'learning_rate': 0.05, 'max_depth': 3, 'max_iter': 300, 'max_leaf_nodes': 63, 'min_samples_leaf': 50}",5,4707.430804429749,1154.3105175296475,10039.213250586563,2311.9563822375494,1.5017958585408286,0.4805050806237105,0.18760025765236238,0.04836262684720934
GradientBoosting,"(1, 2, 3, 4, 5, 6, 12)","{'l2_regularization': 1.0, 'learning_rate': 0.05, 'max_depth': 3, 'max_iter': 300, 'max_leaf_nodes': 31, 'min_samples_leaf': 50}",5,4707.430804429749,1154.3105175296475,10039.213250586563,2311.9563822375494,1.5017958585408286,0.4805050806237105,0.18760025765236238,0.04836262684720934
GradientBoosting,"(1, 2, 3, 12)","{'l2_regularization': 0.0, 'learning_rate': 0.05, 'max_depth': 3, 'max_iter': 300, 'max_leaf_nodes': 63, 'min_samples_leaf': 20}",5,4683.317090579367,1147.0975424296378,10041.527953566942,2278.44076489378,1.4879254102866666,0.490537910245641,0.18667653494550693,0.04821032371226197
GradientBoosting,"(1, 2, 3, 12)","{'l2_regularization': 0.0, 'learning_rate': 0.05, 'max_depth': 3, 'max_iter': 300, 'max_leaf_nodes': 31, 'min_samples_leaf': 20}",5,4683.317090579367,1147.0975424296378,10041.527953566942,2278.44076489378,1.4879254102866666,0.490537910245641,0.18667653494550693,0.04821032371226197
GradientBoosting,"(1, 12, 24)","{'l2_regularization': 0.0, 'learning_rate': 0.05, 'max_depth': 3, 'max_iter': 300, 'max_leaf_nodes': 31, 'min_samples_leaf': 20}",5,4763.493907491242,1400.082589442859,10045.460269054378,1429.377998988951,1.5384042646441063,0.6113841060152685,0.17963898077718016,0.06176695032241658
GradientBoosting,"(1, 12, 24)","{'l2_regularization': 0.0, 'learning_rate': 0.05, 'max_depth': 3, 'max_iter': 300, 'max_leaf_nodes': 63, 'min_samples_leaf': 20}",5,4763.493907491242,1400.082589442859,10045.460269054378,1429.377998988951,1.5384042646441063,0.6113841060152685,0.17963898077718016,0.06176695032241658
GradientBoosting,"(1, 2, 12)","{'l2_regularization': 1.0, 'learning_rate': 0.1, 'max_depth': 3, 'max_iter': 600, 'max_leaf_nodes': 31, 'min_samples_leaf': 20}",5,4797.162664820231,1243.0993395058927,10046.912700169278,2078.793105768914,1.5542560423266614,0.5501910551900584,0.19100402842898928,0.051065275040967854
GradientBoosting,"(1, 2, 12)","{'l2_regularization': 1.0, 'learning_rate': 0.1, 'max_depth': 3, 'max_iter': 600, 'max_leaf_nodes': 63, 'min_samples_leaf': 20}",5,4797.162664820231,1243.0993395058927,10046.912700169278,2078.793105768914,1.5542560423266614,0.5501910551900584,0.19100402842898928,0.051065275040967854
GradientBoosting,"(1, 2, 3, 4, 5, 6, 12, 24)","{'l2_regularization': 0.0, 'learning_rate': 0.05, 'max_depth': 3, 'max_iter': 300, 'max_leaf_nodes': 31, 'min_samples_leaf': 20}",5,4746.828967694882,1448.1729034783696,10047.81891521711,1645.9530237813972,1.5300231658027523,0.6147162144591491,0.17929805811975474,0.06412827396420508
GradientBoosting,"(1, 2, 3, 4, 5, 6, 12, 24)","{'l2_regularization': 0.0, 'learning_rate': 0.05, 'max_depth': 3, 'max_iter': 300, 'max_leaf_nodes': 63, 'min_samples_leaf': 20}",5,4746.828967694882,1448.1729034783696,10047.81891521711,1645.9530237813972,1.5300231658027523,0.6147162144591491,0.17929805811975474,0.06412827396420508
GradientBoosting,"(1, 2, 12)","{'l2_regularization': 0.0, 'learning_rate': 0.05, 'max_depth': 3, 'max_iter': 300, 'max_leaf_nodes': 63, 'min_samples_leaf': 50}",5,4709.77010338093,1166.0451360079433,10048.008914322616,2024.846468679134,1.505112418687831,0.518714536472496,0.18756385506761158,0.04825742262186314
GradientBoosting,"(1, 2, 12)","{'l2_regularization': 0.0, 'learning_rate': 0.05, 'max_depth': 3, 'max_iter': 300, 'max_leaf_nodes': 31, 'min_samples_leaf': 50}",5,4709.77010338093,1166.0451360079433,10048.008914322616,2024.846468679134,1.505112418687831,0.518714536472496,0.18756385506761158,0.04825742262186314
GradientBoosting,"(1, 2, 12, 24)","{'l2_regularization': 1.0, 'learning_rate': 0.05, 'max_depth': 3, 'max_iter': 600, 'max_leaf_nodes': 63, 'min_samples_leaf': 50}",5,4780.207723554058,1439.1861532822534,10048.79949406694,1376.7207850121767,1.5354561471653945,0.6189426566481582,0.18038918315559987,0.06353235313382638
GradientBoosting,"(1, 2, 12, 24)","{'l2_regularization': 1.0, 'learning_rate': 0.05, 'max_depth': 3, 'max_iter': 600, 'max_leaf_nodes': 31, 'min_samples_leaf': 50}",5,4780.207723554058,1439.1861532822534,10048.79949406694,1376.7207850121767,1.5354561471653945,0.6189426566481582,0.18038918315559987,0.06353235313382638
GradientBoosting,"(1, 12, 24)","{'l2_regularization': 0.0, 'learning_rate': 0.05, 'max_depth': 3, 'max_iter': 600, 'max_leaf_nodes': 63, 'min_samples_leaf': 20}",5,4784.70352026874,1447.5477561686337,10050.468292881733,1438.7647614689693,1.5469442820509045,0.6304308054485699,0.18048157175055887,0.06350967490892648
GradientBoosting,"(1, 12, 24)","{'l2_regularization': 0.0, 'learning_rate': 0.05, 'max_depth': 3, 'max_iter': 600, 'max_leaf_nodes': 31, 'min_samples_leaf': 20}",5,4784.70352026874,1447.5477561686337,10050.468292881733,1438.7647614689693,1.5469442820509045,0.6304308054485699,0.18048157175055887,0.06350967490892648
GradientBoosting,"(1, 2, 12)","{'l2_regularization': 0.0, 'learning_rate': 0.05, 'max_depth': 3, 'max_iter': 300, 'max_leaf_nodes': 63, 'min_samples_leaf': 20}",5,4699.923428403674,1148.4993771911286,10066.68165832822,2308.715834586415,1.4984244662800736,0.5034614885932999,0.18731484602774012,0.04816211554030167
GradientBoosting,"(1, 2, 12)","{'l2_regularization': 0.0, 'learning_rate': 0.05, 'max_depth': 3, 'max_iter': 300, 'max_leaf_nodes': 31, 'min_samples_leaf': 20}",5,4699.923428403674,1148.4993771911286,10066.68165832822,2308.715834586415,1.4984244662800736,0.5034614885932999,0.18731484602774012,0.04816211554030167
GradientBoosting,"(1, 2, 3, 4, 5, 6, 12, 24)","{'l2_regularization': 1.0, 'learning_rate': 0.05, 'max_depth': 3, 'max_iter': 300, 'max_leaf_nodes': 31, 'min_samples_leaf': 20}",5,4773.737350568319,1452.1715327328156,10067.846610006665,1406.5580239298827,1.5346923260804377,0.6138799970030716,0.1802682052466256,0.06419281946706067
GradientBoosting,"(1, 2, 3, 4, 5, 6, 12, 24)","{'l2_regularization': 1.0, 'learning_rate': 0.05, 'max_depth': 3, 'max_iter': 300, 'max_leaf_nodes': 63, 'min_samples_leaf': 20}",5,4773.737350568319,1452.1715327328156,10067.846610006665,1406.5580239298827,1.5346923260804377,0.6138799970030716,0.1802682052466256,0.06419281946706067
GradientBoosting,"(1, 2, 3, 12)","{'l2_regularization': 0.0, 'learning_rate': 0.1, 'max_depth': 3, 'max_iter': 300, 'max_leaf_nodes': 31, 'min_samples_leaf': 50}",5,4864.189588739506,1282.5216574091708,10068.909063440873,2252.09228220181,1.586732852229893,0.5852092817173347,0.1937047847437891,0.052716469060322485
GradientBoosting,"(1, 2, 3, 12)","{'l2_regularization': 0.0, 'learning_rate': 0.1, 'max_depth': 3, 'max_iter': 300, 'max_leaf_nodes': 63, 'min_samples_leaf': 50}",5,4864.189588739506,1282.5216574091708,10068.909063440873,2252.09228220181,1.586732852229893,0.5852092817173347,0.1937047847437891,0.052716469060322485
GradientBoosting,"(1, 2, 12)","{'l2_regularization': 1.0, 'learning_rate': 0.1, 'max_depth': 3, 'max_iter': 300, 'max_leaf_nodes': 63, 'min_samples_leaf': 20}",5,4804.9035657572,1238.748297875367,10070.450961411092,2068.125213277863,1.5569014333047801,0.548832425163816,0.19131482671484942,0.05091099688859983
GradientBoosting,"(1, 2, 12)","{'l2_regularization': 1.0, 'learning_rate': 0.1, 'max_depth': 3, 'max_iter': 300, 'max_leaf_nodes': 31, 'min_samples_leaf': 20}",5,4804.9035657572,1238.748297875367,10070.450961411092,2068.125213277863,1.5569014333047801,0.548832425163816,0.19131482671484942,0.05091099688859983
GradientBoosting,"(1, 2, 12, 24)","{'l2_regularization': 1.0, 'learning_rate': 0.05, 'max_depth': 3, 'max_iter': 300, 'max_leaf_nodes': 63, 'min_samples_leaf': 50}",5,4802.946148274664,1426.0240060105637,10076.141061234699,1325.9928846686776,1.5434544374381236,0.6143316752139009,0.1811947331328398,0.06304121066746488
GradientBoosting,"(1, 2, 12, 24)","{'l2_regularization': 1.0, 'learning_rate': 0.05, 'max_depth': 3, 'max_iter': 300, 'max_leaf_nodes': 31, 'min_samples_leaf': 50}",5,4802.946148274664,1426.0240060105637,10076.141061234699,1325.9928846686776,1.5434544374381236,0.6143316752139009,0.1811947331328398,0.06304121066746488
GradientBoosting,"(1, 2, 3, 12)","{'l2_regularization': 1.0, 'learning_rate': 0.1, 'max_depth': 3, 'max_iter': 300, 'max_leaf_nodes': 63, 'min_samples_leaf': 20}",5,4815.201485277775,1228.3922386797497,10077.387113849236,2201.949475278931,1.5468143714928033,0.5440957827361663,0.19184971397744388,0.05088785021357823
GradientBoosting,"(1, 2, 3, 12)","{'l2_regularization': 1.0, 'learning_rate': 0.1, 'max_depth': 3, 'max_iter': 300, 'max_leaf_nodes': 31, 'min_samples_leaf': 20}",5,4815.201485277775,1228.3922386797497,10077.387113849236,2201.949475278931,1.5468143714928033,0.5440957827361663,0.19184971397744388,0.05088785021357823
GradientBoosting,"(1, 2, 3, 12)","{'l2_regularization': 1.0, 'learning_rate': 0.1, 'max_depth': 3, 'max_iter': 600, 'max_leaf_nodes': 63, 'min_samples_leaf': 20}",5,4807.535778802376,1235.1754616180965,10078.784684952316,2200.762208555348,1.5433347323486124,0.546608409716551,0.19155367857939937,0.05116625757244477
GradientBoosting,"(1, 2, 3, 12)","{'l2_regularization': 1.0, 'learning_rate': 0.1, 'max_depth': 3, 'max_iter': 600, 'max_leaf_nodes': 31, 'min_samples_leaf': 20}",5,4807.535778802376,1235.1754616180965,10078.784684952316,2200.762208555348,1.5433347323486124,0.546608409716551,0.19155367857939937,0.05116625757244477
GradientBoosting,"(1, 2, 3, 12, 24)","{'l2_regularization': 1.0, 'learning_rate': 0.05, 'max_depth': 3, 'max_iter': 600, 'max_leaf_nodes': 31, 'min_samples_leaf': 50}",5,4741.068131455421,1412.61952346719,10080.041252482368,1660.9354051137725,1.5133454619215523,0.5929380777981265,0.17910553550919578,0.06299119470411257
GradientBoosting,"(1, 2, 3, 12, 24)","{'l2_regularization': 1.0, 'learning_rate': 0.05, 'max_depth': 3, 'max_iter': 600, 'max_leaf_nodes': 63, 'min_samples_leaf': 50}",5,4741.068131455421,1412.61952346719,10080.041252482368,1660.9354051137725,1.5133454619215523,0.5929380777981265,0.17910553550919578,0.06299119470411257
GradientBoosting,"(1, 2, 3, 12)","{'l2_regularization': 1.0, 'learning_rate': 0.05, 'max_depth': 3, 'max_iter': 300, 'max_leaf_nodes': 63, 'min_samples_leaf': 50}",5,4698.098484645341,1147.5996897173452,10083.47146888556,2260.6593288343824,1.4957814020183942,0.4852971035976317,0.18720301108670695,0.048063709490137226
GradientBoosting,"(1, 2, 3, 12)","{'l2_regularization': 1.0, 'learning_rate': 0.05, 'max_depth': 3, 'max_iter': 300, 'max_leaf_nodes': 31, 'min_samples_leaf': 50}",5,4698.098484645341,1147.5996897173452,10083.47146888556,2260.6593288343824,1.4957814020183942,0.4852971035976317,0.18720301108670695,0.048063709490137226
GradientBoosting,"(1, 2, 3, 12, 24)","{'l2_regularization': 1.0, 'learning_rate': 0.05, 'max_depth': 3, 'max_iter': 600, 'max_leaf_nodes': 63, 'min_samples_leaf': 20}",5,4707.592446078088,1376.9949212402826,10098.055816730423,1457.9247745620742,1.501734269362235,0.5863710610029433,0.1777364511003814,0.061374720460354304
GradientBoosting,"(1, 2, 3, 12, 24)","{'l2_regularization': 1.0, 'learning_rate': 0.05, 'max_depth': 3, 'max_iter': 600, 'max_leaf_nodes': 31, 'min_samples_leaf': 20}",5,4707.592446078088,1376.9949212402826,10098.055816730423,1457.9247745620742,1.501734269362235,0.5863710610029433,0.1777364511003814,0.061374720460354304
GradientBoosting,"(1, 2, 3, 12, 24)","{'l2_regularization': 1.0, 'learning_rate': 0.1, 'max_depth': 5, 'max_iter': 300, 'max_leaf_nodes': 31, 'min_samples_leaf': 20}",5,4281.180643002421,906.4725403498844,10106.158704180072,1632.3174053738069,1.3222143955086978,0.3581984573203293,0.16123931290298155,0.044373235070061134
GradientBoosting,"(1, 2, 3, 12, 24)","{'l2_regularization': 1.0, 'learning_rate': 0.1, 'max_depth': 5, 'max_iter': 600, 'max_leaf_nodes': 31, 'min_samples_leaf': 20}",5,4281.180643002421,906.4725403498844,10106.158704180072,1632.3174053738069,1.3222143955086978,0.3581984573203293,0.16123931290298155,0.044373235070061134
GradientBoosting,"(1, 2, 3, 12, 24)","{'l2_regularization': 0.0, 'learning_rate': 0.05, 'max_depth': 3, 'max_iter': 600, 'max_leaf_nodes': 63, 'min_samples_leaf': 20}",5,4739.872015442091,1448.752781867705,10111.548189538167,1609.0997378815496,1.5202262441026297,0.6123208759507839,0.17903415221009716,0.06404084566571958
GradientBoosting,"(1, 2, 3, 12, 24)","{'l2_regularization': 0.0, 'learning_rate': 0.05, 'max_depth': 3, 'max_iter': 600, 'max_leaf_nodes': 31, 'min_samples_leaf': 20}",5,4739.872015442091,1448.752781867705,10111.548189538167,1609.0997378815496,1.5202262441026297,0.6123208759507839,0.17903415221009716,0.06404084566571958
GradientBoosting,"(1, 12)","{'l2_regularization': 0.0, 'learning_rate': 0.05, 'max_depth': 3, 'max_iter': 300, 'max_leaf_nodes': 31, 'min_samples_leaf': 20}",5,4700.319307331837,1099.4710550389282,10114.066238074282,2293.8440169738374,1.496032079763499,0.4805382004583974,0.18736414879826574,0.046492637332915324
GradientBoosting,"(1, 12)","{'l2_regularization': 0.0, 'learning_rate': 0.05, 'max_depth': 3, 'max_iter': 300, 'max_leaf_nodes': 63, 'min_samples_leaf': 20}",5,4700.319307331837,1099.4710550389282,10114.066238074282,2293.8440169738374,1.496032079763499,0.4805382004583974,0.18736414879826574,0.046492637332915324
GradientBoosting,"(1, 12)","{'l2_regularization': 1.0, 'learning_rate': 0.05, 'max_depth': 3, 'max_iter': 600, 'max_leaf_nodes': 63, 'min_samples_leaf': 50}",5,4767.017713704627,1250.0146924554265,10116.144063035528,2268.3015148061872,1.5276824664263122,0.5432235162809795,0.18986492341761346,0.051401400076698876
GradientBoosting,"(1, 12)","{'l2_regularization': 1.0, 'learning_rate': 0.05, 'max_depth': 3, 'max_iter': 600, 'max_leaf_nodes': 31, 'min_samples_leaf': 50}",5,4767.017713704627,1250.0146924554265,10116.144063035528,2268.3015148061872,1.5276824664263122,0.5432235162809795,0.18986492341761346,0.051401400076698876
GradientBoosting,"(1, 2, 12)","{'l2_regularization': 1.0, 'learning_rate': 0.05, 'max_depth': 3, 'max_iter': 300, 'max_leaf_nodes': 63, 'min_samples_leaf': 50}",5,4710.808137540694,1105.1747073182457,10124.45833062748,2161.308903842095,1.4973274799729088,0.48556743151154985,0.1876617352744258,0.04623595787214162
GradientBoosting,"(1, 2, 12)","{'l2_regularization': 1.0, 'learning_rate': 0.05, 'max_depth': 3, 'max_iter': 300, 'max_leaf_nodes': 31, 'min_samples_leaf': 50}",5,4710.808137540694,1105.1747073182457,10124.45833062748,2161.308903842095,1.4973274799729088,0.48556743151154985,0.1876617352744258,0.04623595787214162
GradientBoosting,"(1, 12, 24)","{'l2_regularization': 1.0, 'learning_rate': 0.05, 'max_depth': 3, 'max_iter': 300, 'max_leaf_nodes': 63, 'min_samples_leaf': 50}",5,4812.287440879188,1447.5257460832731,10127.150887805992,1317.4475701029987,1.5470214822903348,0.6308257876061809,0.18153046220832456,0.06367901377705405
GradientBoosting,"(1, 12, 24)","{'l2_regularization': 1.0, 'learning_rate': 0.05, 'max_depth': 3, 'max_iter': 300, 'max_leaf_nodes': 31, 'min_samples_leaf': 50}",5,4812.287440879188,1447.5257460832731,10127.150887805992,1317.4475701029987,1.5470214822903348,0.6308257876061809,0.18153046220832456,0.06367901377705405
GradientBoosting,"(1, 2, 3, 4, 5, 6, 12)","{'l2_regularization': 0.0, 'learning_rate': 0.1, 'max_depth': 3, 'max_iter': 300, 'max_leaf_nodes': 31, 'min_samples_leaf': 50}",5,4800.424956478712,1179.543624319872,10133.982567772286,2184.6568619301756,1.5436294532059205,0.4926333038750463,0.1911565539841705,0.0488447962344539
GradientBoosting,"(1, 2, 3, 4, 5, 6, 12)","{'l2_regularization': 0.0, 'learning_rate': 0.1, 'max_depth': 3, 'max_iter': 300, 'max_leaf_nodes': 63, 'min_samples_leaf': 50}",5,4800.424956478712,1179.543624319872,10133.982567772286,2184.6568619301756,1.5436294532059205,0.4926333038750463,0.1911565539841705,0.0488447962344539
GradientBoosting,"(1, 2, 3, 4, 5, 6, 12)","{'l2_regularization': 0.0, 'learning_rate': 0.1, 'max_depth': 3, 'max_iter': 600, 'max_leaf_nodes': 31, 'min_samples_leaf': 50}",5,4800.424956478712,1179.543624319872,10133.982567772286,2184.6568619301756,1.5436294532059205,0.4926333038750463,0.1911565539841705,0.0488447962344539
GradientBoosting,"(1, 2, 3, 4, 5, 6, 12)","{'l2_regularization': 0.0, 'learning_rate': 0.1, 'max_depth': 3, 'max_iter': 600, 'max_leaf_nodes': 63, 'min_samples_leaf': 50}",5,4800.424956478712,1179.543624319872,10133.982567772286,2184.6568619301756,1.5436294532059205,0.4926333038750463,0.1911565539841705,0.0488447962344539
GradientBoosting,"(1, 2, 3, 12, 24)","{'l2_regularization': 1.0, 'learning_rate': 0.05, 'max_depth': 3, 'max_iter': 300, 'max_leaf_nodes': 63, 'min_samples_leaf': 20}",5,4730.240859610475,1358.184552232124,10135.836717208322,1400.0269242123463,1.511614390172179,0.5785722096117065,0.17851398925630663,0.06065976669803348
GradientBoosting,"(1, 2, 3, 12, 24)","{'l2_regularization': 1.0, 'learning_rate': 0.05, 'max_depth': 3, 'max_iter': 300, 'max_leaf_nodes': 31, 'min_samples_leaf': 20}",5,4730.240859610475,1358.184552232124,10135.836717208322,1400.0269242123463,1.511614390172179,0.5785722096117065,0.17851398925630663,0.06065976669803348
GradientBoosting,"(1, 2, 3, 4, 5, 6, 12)","{'l2_regularization': 1.0, 'learning_rate': 0.05, 'max_depth': 3, 'max_iter': 600, 'max_leaf_nodes': 63, 'min_samples_leaf': 20}",5,4694.428560708211,1197.9345134231066,10137.593897583423,2574.9456654129663,1.4978048369110397,0.49360055386520035,0.18718434000027967,0.050342287613210905
GradientBoosting,"(1, 2, 3, 4, 5, 6, 12)","{'l2_regularization': 1.0, 'learning_rate': 0.05, 'max_depth': 3, 'max_iter': 600, 'max_leaf_nodes': 31, 'min_samples_leaf': 20}",5,4694.428560708211,1197.9345134231066,10137.593897583423,2574.9456654129663,1.4978048369110397,0.49360055386520035,0.18718434000027967,0.050342287613210905
GradientBoosting,"(1, 2, 3, 12, 24)","{'l2_regularization': 1.0, 'learning_rate': 0.1, 'max_depth': 5, 'max_iter': 300, 'max_leaf_nodes': 63, 'min_samples_leaf': 20}",5,4274.391948224788,897.5861118948778,10143.817675803426,1664.2961570336063,1.3196209283800142,0.35402080674914177,0.1609723352982143,0.044050292321555516
GradientBoosting,"(1, 2, 3, 12, 24)","{'l2_regularization': 1.0, 'learning_rate': 0.1, 'max_depth': 5, 'max_iter': 600, 'max_leaf_nodes': 63, 'min_samples_leaf': 20}",5,4274.391948224788,897.5861118948778,10143.817675803426,1664.2961570336063,1.3196209283800142,0.35402080674914177,0.1609723352982143,0.044050292321555516
GradientBoosting,"(1, 12, 24)","{'l2_regularization': 0.0, 'learning_rate': 0.1, 'max_depth': None, 'max_iter': 600, 'max_leaf_nodes': 31, 'min_samples_leaf': 20}",5,4424.325767504079,958.1876193603542,10147.021364954444,1283.112871919368,1.3947174656710923,0.4378346578187658,0.16635209830261743,0.04541981387629065
GradientBoosting,"(1, 12, 24)","{'l2_regularization': 0.0, 'learning_rate': 0.1, 'max_depth': None, 'max_iter': 300, 'max_leaf_nodes': 31, 'min_samples_leaf': 20}",5,4424.325767504079,958.1876193603542,10147.021364954444,1283.112871919368,1.3947174656710923,0.4378346578187658,0.16635209830261743,0.04541981387629065
GradientBoosting,"(1, 2, 12, 24)","{'l2_regularization': 0.0, 'learning_rate': 0.05, 'max_depth': None, 'max_iter': 300, 'max_leaf_nodes': 63, 'min_samples_leaf': 20}",5,4184.463012781837,775.9760842365063,10154.437996761404,1418.2374395573395,1.2890730647658792,0.31364405156391034,0.15739974456675915,0.03964468817797018
GradientBoosting,"(1, 2, 12, 24)","{'l2_regularization': 0.0, 'learning_rate': 0.05, 'max_depth': None, 'max_iter': 600, 'max_leaf_nodes': 63, 'min_samples_leaf': 20}",5,4184.463012781837,775.9760842365063,10154.437996761404,1418.2374395573395,1.2890730647658792,0.31364405156391034,0.15739974456675915,0.03964468817797018
GradientBoosting,"(1, 2, 3, 4, 5, 6, 12)","{'l2_regularization': 1.0, 'learning_rate': 0.05, 'max_depth': 3, 'max_iter': 300, 'max_leaf_nodes': 31, 'min_samples_leaf': 20}",5,4710.421747187923,1181.3895667377872,10157.553626602796,2550.8632405291996,1.5000876779670371,0.4910006338838755,0.18780559191705373,0.04971117334815156
GradientBoosting,"(1, 2, 3, 4, 5, 6, 12)","{'l2_regularization': 1.0, 'learning_rate': 0.05, 'max_depth': 3, 'max_iter': 300, 'max_leaf_nodes': 63, 'min_samples_leaf': 20}",5,4710.421747187923,1181.3895667377872,10157.553626602796,2550.8632405291996,1.5000876779670371,0.4910006338838755,0.18780559191705373,0.04971117334815156
GradientBoosting,"(1, 12, 24)","{'l2_regularization': 0.0, 'learning_rate': 0.05, 'max_depth': 3, 'max_iter': 300, 'max_leaf_nodes': 31, 'min_samples_leaf': 50}",5,4817.271839406713,1417.3602825315138,10159.84043016587,1541.4869487479975,1.5514561814938708,0.6238981779750611,0.18168681754065863,0.06261151119337839
GradientBoosting,"(1, 12, 24)","{'l2_regularization': 0.0, 'learning_rate': 0.05, 'max_depth': 3, 'max_iter': 300, 'max_leaf_nodes': 63, 'min_samples_leaf': 50}",5,4817.271839406713,1417.3602825315138,10159.84043016587,1541.4869487479975,1.5514561814938708,0.6238981779750611,0.18168681754065863,0.06261151119337839
GradientBoosting,"(1, 2, 3, 12, 24)","{'l2_regularization': 1.0, 'learning_rate': 0.05, 'max_depth': 3, 'max_iter': 300, 'max_leaf_nodes': 63, 'min_samples_leaf': 50}",5,4784.696553046835,1393.2653182697786,10161.309676532404,1630.6103505381138,1.5292612875208171,0.5839643039084705,0.18068554782667096,0.062336971111178946
GradientBoosting,"(1, 2, 3, 12, 24)","{'l2_regularization': 1.0, 'learning_rate': 0.05, 'max_depth': 3, 'max_iter': 300, 'max_leaf_nodes': 31, 'min_samples_leaf': 50}",5,4784.696553046835,1393.2653182697786,10161.309676532404,1630.6103505381138,1.5292612875208171,0.5839643039084705,0.18068554782667096,0.062336971111178946
GradientBoosting,"(1, 12)","{'l2_regularization': 0.0, 'learning_rate': 0.05, 'max_depth': 3, 'max_iter': 300, 'max_leaf_nodes': 63, 'min_samples_leaf': 50}",5,4748.097406706327,1148.5008697654782,10162.000943230973,2124.306367632638,1.5099765575580482,0.5036203887101213,0.18918465713596766,0.04797929874795993
GradientBoosting,"(1, 12)","{'l2_regularization': 0.0, 'learning_rate': 0.05, 'max_depth': 3, 'max_iter': 300, 'max_leaf_nodes': 31, 'min_samples_leaf': 50}",5,4748.097406706327,1148.5008697654782,10162.000943230973,2124.306367632638,1.5099765575580482,0.5036203887101213,0.18918465713596766,0.04797929874795993
GradientBoosting,"(1, 12)","{'l2_regularization': 0.0, 'learning_rate': 0.1, 'max_depth': 3, 'max_iter': 600, 'max_leaf_nodes': 31, 'min_samples_leaf': 50}",5,4869.574774362882,1221.588192064792,10164.064695875739,2166.1169537630403,1.5861833698944974,0.5617924953589924,0.19397728702803263,0.050628860418356667
GradientBoosting,"(1, 12)","{'l2_regularization': 0.0, 'learning_rate': 0.1, 'max_depth': 3, 'max_iter': 600, 'max_leaf_nodes': 63, 'min_samples_leaf': 50}",5,4869.574774362882,1221.588192064792,10164.064695875739,2166.1169537630403,1.5861833698944974,0.5617924953589924,0.19397728702803263,0.050628860418356667
GradientBoosting,"(1, 2, 3, 12, 24)","{'l2_regularization': 0.0, 'learning_rate': 0.05, 'max_depth': 3, 'max_iter': 300, 'max_leaf_nodes': 31, 'min_samples_leaf': 20}",5,4779.205422968515,1430.2622654497372,10178.14789549055,1547.5729310966335,1.535185685782671,0.6045168360814833,0.18046114360858362,0.06345823948428592
GradientBoosting,"(1, 2, 3, 12, 24)","{'l2_regularization': 0.0, 'learning_rate': 0.05, 'max_depth': 3, 'max_iter': 300, 'max_leaf_nodes': 63, 'min_samples_leaf': 20}",5,4779.205422968515,1430.2622654497372,10178.14789549055,1547.5729310966335,1.535185685782671,0.6045168360814833,0.18046114360858362,0.06345823948428592
GradientBoosting,"(1, 12)","{'l2_regularization': 1.0, 'learning_rate': 0.05, 'max_depth': 3, 'max_iter': 600, 'max_leaf_nodes': 63, 'min_samples_leaf': 20}",5,4720.276532931155,1180.524826065055,10192.835704964828,2433.682608774722,1.504235090561732,0.5127722147771295,0.18808264131508134,0.049075121271301064
GradientBoosting,"(1, 12)","{'l2_regularization': 1.0, 'learning_rate': 0.05, 'max_depth': 3, 'max_iter': 600, 'max_leaf_nodes': 31, 'min_samples_leaf': 20}",5,4720.276532931155,1180.524826065055,10192.835704964828,2433.682608774722,1.504235090561732,0.5127722147771295,0.18808264131508134,0.049075121271301064
GradientBoosting,"(1, 2, 12, 24)","{'l2_regularization': 0.0, 'learning_rate': 0.05, 'max_depth': 3, 'max_iter': 600, 'max_leaf_nodes': 31, 'min_samples_leaf': 50}",5,4790.930980319083,1455.4578918893305,10217.433767498538,1579.8059217372079,1.5348567559910462,0.6224815737295624,0.18085875556160833,0.06421230055180492
GradientBoosting,"(1, 2, 12, 24)","{'l2_regularization': 0.0, 'learning_rate': 0.05, 'max_depth': 3, 'max_iter': 600, 'max_leaf_nodes': 63, 'min_samples_leaf': 50}",5,4790.930980319083,1455.4578918893305,10217.433767498538,1579.8059217372079,1.5348567559910462,0.6224815737295624,0.18085875556160833,0.06421230055180492
GradientBoosting,"(1, 2, 3, 4, 5, 6, 12)","{'l2_regularization': 1.0, 'learning_rate': 0.1, 'max_depth': 3, 'max_iter': 300, 'max_leaf_nodes': 31, 'min_samples_leaf': 20}",5,4769.400803951744,1117.2605606796888,10218.454958952707,2092.015628153506,1.5210660726715939,0.47670067991309667,0.18997028493534873,0.04668671168978978
GradientBoosting,"(1, 2, 3, 4, 5, 6, 12)","{'l2_regularization': 1.0, 'learning_rate': 0.1, 'max_depth': 3, 'max_iter': 600, 'max_leaf_nodes': 31, 'min_samples_leaf': 20}",5,4769.400803951744,1117.2605606796888,10218.454958952707,2092.015628153506,1.5210660726715939,0.47670067991309667,0.18997028493534873,0.04668671168978978
GradientBoosting,"(1, 2, 3, 4, 5, 6, 12)","{'l2_regularization': 1.0, 'learning_rate': 0.1, 'max_depth': 3, 'max_iter': 600, 'max_leaf_nodes': 63, 'min_samples_leaf': 20}",5,4769.400803951744,1117.2605606796888,10218.454958952707,2092.015628153506,1.5210660726715939,0.47670067991309667,0.18997028493534873,0.04668671168978978
GradientBoosting,"(1, 2, 3, 4, 5, 6, 12)","{'l2_regularization': 1.0, 'learning_rate': 0.1, 'max_depth': 3, 'max_iter': 300, 'max_leaf_nodes': 63, 'min_samples_leaf': 20}",5,4769.400803951744,1117.2605606796888,10218.454958952707,2092.015628153506,1.5210660726715939,0.47670067991309667,0.18997028493534873,0.04668671168978978
GradientBoosting,"(1, 2, 12)","{'l2_regularization': 1.0, 'learning_rate': 0.05, 'max_depth': 3, 'max_iter': 600, 'max_leaf_nodes': 31, 'min_samples_leaf': 20}",5,4675.410019334016,1141.5759987307188,10220.275866699048,2301.639565556778,1.481831409308207,0.49092293189791814,0.18631854629253608,0.04775589757259316
GradientBoosting,"(1, 2, 12)","{'l2_regularization': 1.0, 'learning_rate': 0.05, 'max_depth': 3, 'max_iter': 600, 'max_leaf_nodes': 63, 'min_samples_leaf': 20}",5,4675.410019334016,1141.5759987307188,10220.275866699048,2301.639565556778,1.481831409308207,0.49092293189791814,0.18631854629253608,0.04775589757259316
GradientBoosting,"(1, 2, 3, 4, 5, 6, 12)","{'l2_regularization': 0.0, 'learning_rate': 0.1, 'max_depth': 3, 'max_iter': 300, 'max_leaf_nodes': 31, 'min_samples_leaf': 20}",5,4840.34621500983,1294.544607460327,10220.799758451589,2221.0038914872152,1.5743776773464782,0.5870669466704118,0.19278482663109933,0.053247418512763565
GradientBoosting,"(1, 2, 3, 4, 5, 6, 12)","{'l2_regularization': 0.0, 'learning_rate': 0.1, 'max_depth': 3, 'max_iter': 300, 'max_leaf_nodes': 63, 'min_samples_leaf': 20}",5,4840.34621500983,1294.544607460327,10220.799758451589,2221.0038914872152,1.5743776773464782,0.5870669466704118,0.19278482663109933,0.053247418512763565
GradientBoosting,"(1, 2, 3, 4, 5, 6, 12)","{'l2_regularization': 0.0, 'learning_rate': 0.1, 'max_depth': 3, 'max_iter': 600, 'max_leaf_nodes': 31, 'min_samples_leaf': 20}",5,4836.893399412737,1295.6439350867897,10226.625803442943,2224.255352285378,1.5728844383271985,0.5876992742988864,0.19264096679681447,0.053269822305231286
GradientBoosting,"(1, 2, 3, 4, 5, 6, 12)","{'l2_regularization': 0.0, 'learning_rate': 0.1, 'max_depth': 3, 'max_iter': 600, 'max_leaf_nodes': 63, 'min_samples_leaf': 20}",5,4836.893399412737,1295.6439350867897,10226.625803442943,2224.255352285378,1.5728844383271985,0.5876992742988864,0.19264096679681447,0.053269822305231286
GradientBoosting,"(1, 2, 12)","{'l2_regularization': 0.0, 'learning_rate': 0.1, 'max_depth': 3, 'max_iter': 600, 'max_leaf_nodes': 63, 'min_samples_leaf': 20}",5,4911.471000045094,1328.1236035237089,10229.691428003862,2065.020861069183,1.6015100741877724,0.6047556590501332,0.1956247407920734,0.05449936056175632
GradientBoosting,"(1, 2, 12)","{'l2_regularization': 0.0, 'learning_rate': 0.1, 'max_depth': 3, 'max_iter': 600, 'max_leaf_nodes': 31, 'min_samples_leaf': 20}",5,4911.471000045094,1328.1236035237089,10229.691428003862,2065.020861069183,1.6015100741877724,0.6047556590501332,0.1956247407920734,0.05449936056175632
GradientBoosting,"(1, 2, 12, 24)","{'l2_regularization': 1.0, 'learning_rate': 0.1, 'max_depth': 5, 'max_iter': 300, 'max_leaf_nodes': 63, 'min_samples_leaf': 20}",5,4252.315746735718,891.9911820860663,10230.394142573565,1837.1642440950768,1.3224676281195413,0.3535207981310945,0.1600592659969799,0.04349143613523898
GradientBoosting,"(1, 2, 12, 24)","{'l2_regularization': 1.0, 'learning_rate': 0.1, 'max_depth': 5, 'max_iter': 600, 'max_leaf_nodes': 63, 'min_samples_leaf': 20}",5,4252.315746735718,891.9911820860663,10230.394142573565,1837.1642440950768,1.3224676281195413,0.3535207981310945,0.1600592659969799,0.04349143613523898
GradientBoosting,"(1, 2, 3, 4, 5, 6, 12, 24)","{'l2_regularization': 1.0, 'learning_rate': 0.05, 'max_depth': None, 'max_iter': 300, 'max_leaf_nodes': 63, 'min_samples_leaf': 20}",5,4138.813645394519,816.9506789330112,10233.925371992611,1321.8309572943974,1.2659515790845686,0.31333653042085735,0.1557879100314717,0.04121594205755744
GradientBoosting,"(1, 2, 3, 4, 5, 6, 12, 24)","{'l2_regularization': 1.0, 'learning_rate': 0.05, 'max_depth': None, 'max_iter': 600, 'max_leaf_nodes': 63, 'min_samples_leaf': 20}",5,4138.400987073331,817.2735765863716,10234.412721843591,1321.2619303408424,1.2656975545680074,0.3135021976219144,0.15577275415675704,0.041225965800206835
GradientBoosting,"(1, 2, 3, 12)","{'l2_regularization': 1.0, 'learning_rate': 0.05, 'max_depth': 3, 'max_iter': 600, 'max_leaf_nodes': 31, 'min_samples_leaf': 20}",5,4722.0072589103465,1228.5919104952354,10245.68958057894,2549.1933434290927,1.4994063772013038,0.5158626189871744,0.18827538310357628,0.051433073782628555
GradientBoosting,"(1, 2, 3, 12)","{'l2_regularization': 1.0, 'learning_rate': 0.05, 'max_depth': 3, 'max_iter': 600, 'max_leaf_nodes': 63, 'min_samples_leaf': 20}",5,4722.0072589103465,1228.5919104952354,10245.68958057894,2549.1933434290927,1.4994063772013038,0.5158626189871744,0.18827538310357628,0.051433073782628555
GradientBoosting,"(1, 2, 12)","{'l2_regularization': 0.0, 'learning_rate': 0.1, 'max_depth': 3, 'max_iter': 300, 'max_leaf_nodes': 31, 'min_samples_leaf': 20}",5,4925.954710735693,1315.6630931298248,10261.41221822174,2035.7871527465716,1.6054989636358716,0.6019408015029383,0.19618407489561804,0.0539851021355964
GradientBoosting,"(1, 2, 12)","{'l2_regularization': 0.0, 'learning_rate': 0.1, 'max_depth': 3, 'max_iter': 300, 'max_leaf_nodes': 63, 'min_samples_leaf': 20}",5,4925.954710735693,1315.6630931298248,10261.41221822174,2035.7871527465716,1.6054989636358716,0.6019408015029383,0.19618407489561804,0.0539851021355964
GradientBoosting,"(1, 2, 12)","{'l2_regularization': 0.0, 'learning_rate': 0.1, 'max_depth': 3, 'max_iter': 600, 'max_leaf_nodes': 31, 'min_samples_leaf': 50}",5,4880.442963067713,1321.86131785658,10269.582197649519,2208.2646226490083,1.5919960457375124,0.6089847201095354,0.19430954635991968,0.05396782529363922
GradientBoosting,"(1, 2, 12)","{'l2_regularization': 0.0, 'learning_rate': 0.1, 'max_depth': 3, 'max_iter': 600, 'max_leaf_nodes': 63, 'min_samples_leaf': 50}",5,4880.442963067713,1321.86131785658,10269.582197649519,2208.2646226490083,1.5919960457375124,0.6089847201095354,0.19430954635991968,0.05396782529363922
GradientBoosting,"(1, 12, 24)","{'l2_regularization': 1.0, 'learning_rate': 0.1, 'max_depth': 3, 'max_iter': 300, 'max_leaf_nodes': 31, 'min_samples_leaf': 20}",5,5155.315242552322,1976.8178080586185,10270.376854114991,1504.9012597873527,1.6830764850857567,0.8034051322298773,0.1945845371648426,0.08315736107785071
GradientBoosting,"(1, 12, 24)","{'l2_regularization': 1.0, 'learning_rate': 0.1, 'max_depth': 3, 'max_iter': 600, 'max_leaf_nodes': 63, 'min_samples_leaf': 20}",5,5155.315242552322,1976.8178080586185,10270.376854114991,1504.9012597873527,1.6830764850857567,0.8034051322298773,0.1945845371648426,0.08315736107785071
GradientBoosting,"(1, 12, 24)","{'l2_regularization': 1.0, 'learning_rate': 0.1, 'max_depth': 3, 'max_iter': 300, 'max_leaf_nodes': 63, 'min_samples_leaf': 20}",5,5155.315242552322,1976.8178080586185,10270.376854114991,1504.9012597873527,1.6830764850857567,0.8034051322298773,0.1945845371648426,0.08315736107785071
GradientBoosting,"(1, 12, 24)","{'l2_regularization': 1.0, 'learning_rate': 0.1, 'max_depth': 3, 'max_iter': 600, 'max_leaf_nodes': 31, 'min_samples_leaf': 20}",5,5155.315242552322,1976.8178080586185,10270.376854114991,1504.9012597873527,1.6830764850857567,0.8034051322298773,0.1945845371648426,0.08315736107785071
GradientBoosting,"(1, 2, 12, 24)","{'l2_regularization': 1.0, 'learning_rate': 0.1, 'max_depth': 5, 'max_iter': 600, 'max_leaf_nodes': 31, 'min_samples_leaf': 20}",5,4249.4034004953455,890.6871616650853,10273.42218906969,1890.6002064733104,1.3174570786765245,0.34840010973382907,0.15993445456694091,0.043371801651671836
GradientBoosting,"(1, 2, 12, 24)","{'l2_regularization': 1.0, 'learning_rate': 0.1, 'max_depth': 5, 'max_iter': 300, 'max_leaf_nodes': 31, 'min_samples_leaf': 20}",5,4249.4034004953455,890.6871616650853,10273.42218906969,1890.6002064733104,1.3174570786765245,0.34840010973382907,0.15993445456694091,0.043371801651671836
GradientBoosting,"(1, 2, 3, 12)","{'l2_regularization': 1.0, 'learning_rate': 0.05, 'max_depth': 3, 'max_iter': 300, 'max_leaf_nodes': 31, 'min_samples_leaf': 20}",5,4746.2272374899985,1194.3023277274988,10277.905348292208,2473.657592802837,1.506464552106832,0.5086148500289361,0.18919045212908994,0.05001307405410295
GradientBoosting,"(1, 2, 3, 12)","{'l2_regularization': 1.0, 'learning_rate': 0.05, 'max_depth': 3, 'max_iter': 300, 'max_leaf_nodes': 63, 'min_samples_leaf': 20}",5,4746.2272374899985,1194.3023277274988,10277.905348292208,2473.657592802837,1.506464552106832,0.5086148500289361,0.18919045212908994,0.05001307405410295
GradientBoosting,"(1, 2, 12, 24)","{'l2_regularization': 1.0, 'learning_rate': 0.1, 'max_depth': 3, 'max_iter': 300, 'max_leaf_nodes': 63, 'min_samples_leaf': 20}",5,5043.191737064123,1839.867180789007,10281.36814096104,1516.2328480536903,1.624243616813046,0.7148261057475207,0.190425179329862,0.07821000106155804
GradientBoosting,"(1, 2, 12, 24)","{'l2_regularization': 1.0, 'learning_rate': 0.1, 'max_depth': 3, 'max_iter': 600, 'max_leaf_nodes': 31, 'min_samples_leaf': 20}",5,5043.191737064123,1839.867180789007,10281.36814096104,1516.2328480536903,1.624243616813046,0.7148261057475207,0.190425179329862,0.07821000106155804
GradientBoosting,"(1, 2, 12, 24)","{'l2_regularization': 1.0, 'learning_rate': 0.1, 'max_depth': 3, 'max_iter': 600, 'max_leaf_nodes': 63, 'min_samples_leaf': 20}",5,5043.191737064123,1839.867180789007,10281.36814096104,1516.2328480536903,1.624243616813046,0.7148261057475207,0.190425179329862,0.07821000106155804
GradientBoosting,"(1, 2, 12, 24)","{'l2_regularization': 1.0, 'learning_rate': 0.1, 'max_depth': 3, 'max_iter': 300, 'max_leaf_nodes': 31, 'min_samples_leaf': 20}",5,5043.191737064123,1839.867180789007,10281.36814096104,1516.2328480536903,1.624243616813046,0.7148261057475207,0.190425179329862,0.07821000106155804
GradientBoosting,"(1, 2, 3, 12, 24)","{'l2_regularization': 0.0, 'learning_rate': 0.05, 'max_depth': 3, 'max_iter': 600, 'max_leaf_nodes': 31, 'min_samples_leaf': 50}",5,4783.28635301391,1438.2793236387508,10282.46720775231,1887.623850049523,1.53243421448223,0.612505426467338,0.18073075851668616,0.0640481420806309
GradientBoosting,"(1, 2, 3, 12, 24)","{'l2_regularization': 0.0, 'learning_rate': 0.05, 'max_depth': 3, 'max_iter': 600, 'max_leaf_nodes': 63, 'min_samples_leaf': 50}",5,4783.28635301391,1438.2793236387508,10282.46720775231,1887.623850049523,1.53243421448223,0.612505426467338,0.18073075851668616,0.0640481420806309
GradientBoosting,"(1, 2, 3, 4, 5, 6, 12, 24)","{'l2_regularization': 1.0, 'learning_rate': 0.05, 'max_depth': 3, 'max_iter': 600, 'max_leaf_nodes': 31, 'min_samples_leaf': 50}",5,4848.137248382081,1500.9120347179978,10283.009745002282,1667.2684831419103,1.5487929962447153,0.6279205139178116,0.1831727178879005,0.0662883974051247
GradientBoosting,"(1, 2, 3, 4, 5, 6, 12, 24)","{'l2_regularization': 1.0, 'learning_rate': 0.05, 'max_depth': 3, 'max_iter': 600, 'max_leaf_nodes': 63, 'min_samples_leaf': 50}",5,4848.137248382081,1500.9120347179978,10283.009745002282,1667.2684831419103,1.5487929962447153,0.6279205139178116,0.1831727178879005,0.0662883974051247
GradientBoosting,"(1, 12)","{'l2_regularization': 0.0, 'learning_rate': 0.1, 'max_depth': 3, 'max_iter': 300, 'max_leaf_nodes': 31, 'min_samples_leaf': 50}",5,4980.2107881604215,1343.1252746663326,10291.920710118215,2108.5123054287524,1.6256964638109141,0.6249754733249157,0.19828416685318384,0.05478200815959972
GradientBoosting,"(1, 12)","{'l2_regularization': 0.0, 'learning_rate': 0.1, 'max_depth': 3, 'max_iter': 300, 'max_leaf_nodes': 63, 'min_samples_leaf': 50}",5,4980.2107881604215,1343.1252746663326,10291.920710118215,2108.5123054287524,1.6256964638109141,0.6249754733249157,0.19828416685318384,0.05478200815959972
GradientBoosting,"(1, 2, 12)","{'l2_regularization': 0.0, 'learning_rate': 0.1, 'max_depth': 3, 'max_iter': 300, 'max_leaf_nodes': 31, 'min_samples_leaf': 50}",5,4893.278602877499,1311.2267475382464,10296.161861903667,2184.9065116928837,1.5943491473041596,0.6073811505156931,0.19480523501594127,0.0535255067322766
GradientBoosting,"(1, 2, 12)","{'l2_regularization': 0.0, 'learning_rate': 0.1, 'max_depth': 3, 'max_iter': 300, 'max_leaf_nodes': 63, 'min_samples_leaf': 50}",5,4893.278602877499,1311.2267475382464,10296.161861903667,2184.9065116928837,1.5943491473041596,0.6073811505156931,0.19480523501594127,0.0535255067322766
GradientBoosting,"(1, 2, 3, 12, 24)","{'l2_regularization': 0.0, 'learning_rate': 0.1, 'max_depth': 3, 'max_iter': 600, 'max_leaf_nodes': 31, 'min_samples_leaf': 50}",5,5060.330452671646,1859.7109132811463,10299.985735331618,1720.2015672319237,1.6285294234813317,0.7541841901818195,0.19115486884710278,0.07897337202498433
GradientBoosting,"(1, 2, 3, 12, 24)","{'l2_regularization': 0.0, 'learning_rate': 0.1, 'max_depth': 3, 'max_iter': 600, 'max_leaf_nodes': 63, 'min_samples_leaf': 50}",5,5060.330452671646,1859.7109132811463,10299.985735331618,1720.2015672319237,1.6285294234813317,0.7541841901818195,0.19115486884710278,0.07897337202498433
GradientBoosting,"(1, 2, 3, 12, 24)","{'l2_regularization': 0.0, 'learning_rate': 0.1, 'max_depth': 3, 'max_iter': 300, 'max_leaf_nodes': 63, 'min_samples_leaf': 50}",5,5068.02145017742,1854.4790591942135,10301.63992069593,1718.9843437910527,1.631625384431043,0.7523135899774529,0.1914204107279156,0.07877117473620174
GradientBoosting,"(1, 2, 3, 12, 24)","{'l2_regularization': 0.0, 'learning_rate': 0.1, 'max_depth': 3, 'max_iter': 300, 'max_leaf_nodes': 31, 'min_samples_leaf': 50}",5,5068.02145017742,1854.4790591942135,10301.63992069593,1718.9843437910527,1.631625384431043,0.7523135899774529,0.1914204107279156,0.07877117473620174
GradientBoosting,"(1, 12)","{'l2_regularization': 1.0, 'learning_rate': 0.05, 'max_depth': 3, 'max_iter': 300, 'max_leaf_nodes': 63, 'min_samples_leaf': 50}",5,4782.5833169909865,1173.4756814203226,10304.254990892648,2208.658412937878,1.5193735019265324,0.5153199701585535,0.19051987675131238,0.04872232621641159
GradientBoosting,"(1, 12)","{'l2_regularization': 1.0, 'learning_rate': 0.05, 'max_depth': 3, 'max_iter': 300, 'max_leaf_nodes': 31, 'min_samples_leaf': 50}",5,4782.5833169909865,1173.4756814203226,10304.254990892648,2208.658412937878,1.5193735019265324,0.5153199701585535,0.19051987675131238,0.04872232621641159
GradientBoosting,"(1, 2, 12, 24)","{'l2_regularization': 1.0, 'learning_rate': 0.1, 'max_depth': None, 'max_iter': 600, 'max_leaf_nodes': 63, 'min_samples_leaf': 20}",5,4250.533469908456,759.2237756956504,10304.391579112256,1295.503016318219,1.3065206789710353,0.3191287889321505,0.15978071423677997,0.03883898238124516
GradientBoosting,"(1, 2, 12, 24)","{'l2_regularization': 1.0, 'learning_rate': 0.1, 'max_depth': None, 'max_iter': 300, 'max_leaf_nodes': 63, 'min_samples_leaf': 20}",5,4250.533469908456,759.2237756956504,10304.391579112256,1295.503016318219,1.3065206789710353,0.3191287889321505,0.15978071423677997,0.03883898238124516
GradientBoosting,"(1, 2, 3, 4, 5, 6, 12, 24)","{'l2_regularization': 0.0, 'learning_rate': 0.05, 'max_depth': 3, 'max_iter': 600, 'max_leaf_nodes': 63, 'min_samples_leaf': 50}",5,4805.455816362778,1423.1219183508622,10307.777695422537,1825.3575684717036,1.5390685565593327,0.6015034318894807,0.18159308488805234,0.06368074864868357
GradientBoosting,"(1, 2, 3, 4, 5, 6, 12, 24)","{'l2_regularization': 0.0, 'learning_rate': 0.05, 'max_depth': 3, 'max_iter': 600, 'max_leaf_nodes': 31, 'min_samples_leaf': 50}",5,4805.455816362778,1423.1219183508622,10307.777695422537,1825.3575684717036,1.5390685565593327,0.6015034318894807,0.18159308488805234,0.06368074864868357
GradientBoosting,"(1, 12, 24)","{'l2_regularization': 0.0, 'learning_rate': 0.1, 'max_depth': 3, 'max_iter': 600, 'max_leaf_nodes': 31, 'min_samples_leaf': 50}",5,5115.529557222088,1915.7702925333222,10313.856346971537,1686.2673535346864,1.6431804332937692,0.7681346514820179,0.1931249393820029,0.08093402184254164
GradientBoosting,"(1, 12, 24)","{'l2_regularization': 0.0, 'learning_rate': 0.1, 'max_depth': 3, 'max_iter': 600, 'max_leaf_nodes': 63, 'min_samples_leaf': 50}",5,5115.529557222088,1915.7702925333222,10313.856346971537,1686.2673535346864,1.6431804332937692,0.7681346514820179,0.1931249393820029,0.08093402184254164
GradientBoosting,"(1, 2, 12, 24)","{'l2_regularization': 0.0, 'learning_rate': 0.05, 'max_depth': 3, 'max_iter': 300, 'max_leaf_nodes': 63, 'min_samples_leaf': 50}",5,4818.263195526842,1436.7831511662537,10316.559940928491,1545.0463271195179,1.5438111370346754,0.6169553138504831,0.18181797566964694,0.06350865334892265
GradientBoosting,"(1, 2, 12, 24)","{'l2_regularization': 0.0, 'learning_rate': 0.05, 'max_depth': 3, 'max_iter': 300, 'max_leaf_nodes': 31, 'min_samples_leaf': 50}",5,4818.263195526842,1436.7831511662537,10316.559940928491,1545.0463271195179,1.5438111370346754,0.6169553138504831,0.18181797566964694,0.06350865334892265
GradientBoosting,"(1, 2, 3, 4, 5, 6, 12, 24)","{'l2_regularization': 0.0, 'learning_rate': 0.05, 'max_depth': None, 'max_iter': 600, 'max_leaf_nodes': 63, 'min_samples_leaf': 20}",5,4164.942167517281,854.6354211519694,10327.505792978121,1435.4551677547342,1.2708625831762348,0.3176773694392112,0.15681000703736908,0.04268960533201666
GradientBoosting,"(1, 2, 3, 4, 5, 6, 12, 24)","{'l2_regularization': 0.0, 'learning_rate': 0.05, 'max_depth': None, 'max_iter': 300, 'max_leaf_nodes': 63, 'min_samples_leaf': 20}",5,4164.942167517281,854.6354211519694,10327.505792978121,1435.4551677547342,1.2708625831762348,0.3176773694392112,0.15681000703736908,0.04268960533201666
GradientBoosting,"(1, 2, 3, 12, 24)","{'l2_regularization': 1.0, 'learning_rate': 0.1, 'max_depth': None, 'max_iter': 300, 'max_leaf_nodes': 31, 'min_samples_leaf': 50}",5,4238.156231561813,810.434166090416,10334.175502047472,1495.0799318434017,1.3089241045339297,0.3333259271401577,0.1594288832145238,0.04092763102510713
GradientBoosting,"(1, 2, 3, 12, 24)","{'l2_regularization': 1.0, 'learning_rate': 0.1, 'max_depth': None, 'max_iter': 600, 'max_leaf_nodes': 31, 'min_samples_leaf': 50}",5,4244.5473660638845,804.529677254523,10337.478439180728,1491.988489584248,1.310608995278163,0.3319363488671518,0.1596495456025864,0.0407175910436223
GradientBoosting,"(1, 2, 3, 4, 5, 6, 12, 24)","{'l2_regularization': 1.0, 'learning_rate': 0.1, 'max_depth': 5, 'max_iter': 600, 'max_leaf_nodes': 31, 'min_samples_leaf': 50}",5,4271.01197169797,838.0627107993596,10338.1878576313,1393.5710819285841,1.3144482869221608,0.33399151266981936,0.16074036415829857,0.042102023675685676
GradientBoosting,"(1, 2, 3, 4, 5, 6, 12, 24)","{'l2_regularization': 1.0, 'learning_rate': 0.1, 'max_depth': 5, 'max_iter': 600, 'max_leaf_nodes': 63, 'min_samples_leaf': 50}",5,4271.01197169797,838.0627107993596,10338.1878576313,1393.5710819285841,1.3144482869221608,0.33399151266981936,0.16074036415829857,0.042102023675685676
GradientBoosting,"(1, 2, 3, 4, 5, 6, 12, 24)","{'l2_regularization': 1.0, 'learning_rate': 0.1, 'max_depth': 5, 'max_iter': 300, 'max_leaf_nodes': 63, 'min_samples_leaf': 50}",5,4271.623462178463,837.6530801915985,10343.409241520989,1390.0405308342279,1.31456062090847,0.3339233535663604,0.16076282262486935,0.04208895732817961
GradientBoosting,"(1, 2, 3, 4, 5, 6, 12, 24)","{'l2_regularization': 1.0, 'learning_rate': 0.1, 'max_depth': 5, 'max_iter': 300, 'max_leaf_nodes': 31, 'min_samples_leaf': 50}",5,4271.623462178463,837.6530801915985,10343.409241520989,1390.0405308342279,1.31456062090847,0.3339233535663604,0.16076282262486935,0.04208895732817961
GradientBoosting,"(1, 2, 3, 4, 5, 6, 12, 24)","{'l2_regularization': 1.0, 'learning_rate': 0.05, 'max_depth': 3, 'max_iter': 300, 'max_leaf_nodes': 63, 'min_samples_leaf': 50}",5,4869.295325444411,1487.2864938051605,10344.755257038727,1637.2497615045647,1.5568968872125528,0.6229001333640288,0.18391117260822856,0.06576457792036683
GradientBoosting,"(1, 2, 3, 4, 5, 6, 12, 24)","{'l2_regularization': 1.0, 'learning_rate': 0.05, 'max_depth': 3, 'max_iter': 300, 'max_leaf_nodes': 31, 'min_samples_leaf': 50}",5,4869.295325444411,1487.2864938051605,10344.755257038727,1637.2497615045647,1.5568968872125528,0.6229001333640288,0.18391117260822856,0.06576457792036683
GradientBoosting,"(1, 2, 3, 4, 5, 6, 12, 24)","{'l2_regularization': 0.0, 'learning_rate': 0.05, 'max_depth': 3, 'max_iter': 300, 'max_leaf_nodes': 31, 'min_samples_leaf': 50}",5,4825.019912482008,1411.6877877757738,10344.978186411148,1795.5569055354256,1.547441313462007,0.596559892792703,0.1822851236111475,0.06326656994398759
GradientBoosting,"(1, 2, 3, 4, 5, 6, 12, 24)","{'l2_regularization': 0.0, 'learning_rate': 0.05, 'max_depth': 3, 'max_iter': 300, 'max_leaf_nodes': 63, 'min_samples_leaf': 50}",5,4825.019912482008,1411.6877877757738,10344.978186411148,1795.5569055354256,1.547441313462007,0.596559892792703,0.1822851236111475,0.06326656994398759
GradientBoosting,"(1, 2, 3, 12, 24)","{'l2_regularization': 1.0, 'learning_rate': 0.1, 'max_depth': None, 'max_iter': 600, 'max_leaf_nodes': 63, 'min_samples_leaf': 20}",5,4200.29768914727,832.0324352934774,10345.396875155266,1555.2919225969645,1.2916280565048184,0.32685867619156683,0.15807619638694423,0.041634705763643746
GradientBoosting,"(1, 2, 3, 12, 24)","{'l2_regularization': 1.0, 'learning_rate': 0.1, 'max_depth': None, 'max_iter': 300, 'max_leaf_nodes': 63, 'min_samples_leaf': 20}",5,4200.29768914727,832.0324352934774,10345.396875155266,1555.2919225969645,1.2916280565048184,0.32685867619156683,0.15807619638694423,0.041634705763643746
GradientBoosting,"(1, 2, 3, 4, 5, 6, 12, 24)","{'l2_regularization': 1.0, 'learning_rate': 0.1, 'max_depth': None, 'max_iter': 600, 'max_leaf_nodes': 63, 'min_samples_leaf': 50}",5,4190.300100176794,806.665254497392,10346.522927737491,1380.177871755185,1.2797047915494144,0.31102566376856666,0.15772771411204403,0.041180835675286125
GradientBoosting,"(1, 12)","{'l2_regularization': 1.0, 'learning_rate': 0.05, 'max_depth': 3, 'max_iter': 300, 'max_leaf_nodes': 31, 'min_samples_leaf': 20}",5,4761.578324387736,1157.805010326263,10357.324097936098,2353.462983234445,1.5126061586901451,0.5094331252894233,0.18973045522282944,0.04827795740771412
GradientBoosting,"(1, 12)","{'l2_regularization': 1.0, 'learning_rate': 0.05, 'max_depth': 3, 'max_iter': 300, 'max_leaf_nodes': 63, 'min_samples_leaf': 20}",5,4761.578324387736,1157.805010326263,10357.324097936098,2353.462983234445,1.5126061586901451,0.5094331252894233,0.18973045522282944,0.04827795740771412
GradientBoosting,"(1, 2, 3, 4, 5, 6, 12, 24)","{'l2_regularization': 1.0, 'learning_rate': 0.1, 'max_depth': 3, 'max_iter': 300, 'max_leaf_nodes': 31, 'min_samples_leaf': 20}",5,5098.622950755286,1813.1402344196852,10357.586905435404,1544.7922233172862,1.6317494159749941,0.7140786654459376,0.19258949976107942,0.07749311961276688
GradientBoosting,"(1, 2, 3, 4, 5, 6, 12, 24)","{'l2_regularization': 1.0, 'learning_rate': 0.1, 'max_depth': 3, 'max_iter': 300, 'max_leaf_nodes': 63, 'min_samples_leaf': 20}",5,5098.622950755286,1813.1402344196852,10357.586905435404,1544.7922233172862,1.6317494159749941,0.7140786654459376,0.19258949976107942,0.07749311961276688
GradientBoosting,"(1, 2, 3, 4, 5, 6, 12, 24)","{'l2_regularization': 1.0, 'learning_rate': 0.1, 'max_depth': 3, 'max_iter': 600, 'max_leaf_nodes': 31, 'min_samples_leaf': 20}",5,5098.622950755286,1813.1402344196852,10357.586905435404,1544.7922233172862,1.6317494159749941,0.7140786654459376,0.19258949976107942,0.07749311961276688
GradientBoosting,"(1, 2, 3, 4, 5, 6, 12, 24)","{'l2_regularization': 1.0, 'learning_rate': 0.1, 'max_depth': 3, 'max_iter': 600, 'max_leaf_nodes': 63, 'min_samples_leaf': 20}",5,5098.622950755286,1813.1402344196852,10357.586905435404,1544.7922233172862,1.6317494159749941,0.7140786654459376,0.19258949976107942,0.07749311961276688
GradientBoosting,"(1, 2, 3, 4, 5, 6, 12, 24)","{'l2_regularization': 1.0, 'learning_rate': 0.1, 'max_depth': None, 'max_iter': 300, 'max_leaf_nodes': 63, 'min_samples_leaf': 50}",5,4191.803178152526,805.6585714704439,10358.955371627848,1367.9978481446403,1.279413974049379,0.3111889068262072,0.15778291828536806,0.041149108019115165
GradientBoosting,"(1, 2, 12)","{'l2_regularization': 1.0, 'learning_rate': 0.05, 'max_depth': 3, 'max_iter': 300, 'max_leaf_nodes': 31, 'min_samples_leaf': 20}",5,4733.838325010607,1114.6111201542633,10362.819179954224,2292.9350242702276,1.4939291050358654,0.4855505585677187,0.18866255981600397,0.046877155387944666
GradientBoosting,"(1, 2, 12)","{'l2_regularization': 1.0, 'learning_rate': 0.05, 'max_depth': 3, 'max_iter': 300, 'max_leaf_nodes': 63, 'min_samples_leaf': 20}",5,4733.838325010607,1114.6111201542633,10362.819179954224,2292.9350242702276,1.4939291050358654,0.4855505585677187,0.18866255981600397,0.046877155387944666
GradientBoosting,"(1, 2, 3, 12, 24)","{'l2_regularization': 0.0, 'learning_rate': 0.1, 'max_depth': 3, 'max_iter': 600, 'max_leaf_nodes': 31, 'min_samples_leaf': 20}",5,5066.994826063062,1845.9152574273387,10364.701267181974,1509.2084708926063,1.6305887048825496,0.744519527485154,0.1913500268840424,0.07843003723147317
GradientBoosting,"(1, 2, 3, 12, 24)","{'l2_regularization': 0.0, 'learning_rate': 0.1, 'max_depth': 3, 'max_iter': 600, 'max_leaf_nodes': 63, 'min_samples_leaf': 20}",5,5066.994826063062,1845.9152574273387,10364.701267181974,1509.2084708926063,1.6305887048825496,0.744519527485154,0.1913500268840424,0.07843003723147317
GradientBoosting,"(1, 2, 3, 12, 24)","{'l2_regularization': 0.0, 'learning_rate': 0.05, 'max_depth': 3, 'max_iter': 300, 'max_leaf_nodes': 63, 'min_samples_leaf': 50}",5,4823.094362459834,1415.6457279411632,10366.343878141419,1780.9516852298375,1.5474503125110188,0.6042453801130826,0.182151225545712,0.06327454817240509
GradientBoosting,"(1, 2, 3, 12, 24)","{'l2_regularization': 0.0, 'learning_rate': 0.05, 'max_depth': 3, 'max_iter': 300, 'max_leaf_nodes': 31, 'min_samples_leaf': 50}",5,4823.094362459834,1415.6457279411632,10366.343878141419,1780.9516852298375,1.5474503125110188,0.6042453801130826,0.182151225545712,0.06327454817240509
GradientBoosting,"(1, 2, 12, 24)","{'l2_regularization': 0.0, 'learning_rate': 0.1, 'max_depth': 3, 'max_iter': 300, 'max_leaf_nodes': 31, 'min_samples_leaf': 20}",5,5083.131894293421,1883.358682491145,10375.977147277283,1520.5260975566878,1.638746185418262,0.7515235683740145,0.19191714954075237,0.07977431124110762
GradientBoosting,"(1, 2, 12, 24)","{'l2_regularization': 0.0, 'learning_rate': 0.1, 'max_depth': 3, 'max_iter': 300, 'max_leaf_nodes': 63, 'min_samples_leaf': 20}",5,5083.131894293421,1883.358682491145,10375.977147277283,1520.5260975566878,1.638746185418262,0.7515235683740145,0.19191714954075237,0.07977431124110762
GradientBoosting,"(1, 2, 12, 24)","{'l2_regularization': 0.0, 'learning_rate': 0.1, 'max_depth': 3, 'max_iter': 600, 'max_leaf_nodes': 31, 'min_samples_leaf': 20}",5,5083.131894293421,1883.358682491145,10375.977147277283,1520.5260975566878,1.638746185418262,0.7515235683740145,0.19191714954075237,0.07977431124110762
GradientBoosting,"(1, 2, 12, 24)","{'l2_regularization': 0.0, 'learning_rate': 0.1, 'max_depth': 3, 'max_iter': 600, 'max_leaf_nodes': 63, 'min_samples_leaf': 20}",5,5083.131894293421,1883.358682491145,10375.977147277283,1520.5260975566878,1.638746185418262,0.7515235683740145,0.19191714954075237,0.07977431124110762
GradientBoosting,"(1, 2, 3, 4, 5, 6, 12, 24)","{'l2_regularization': 0.0, 'learning_rate': 0.1, 'max_depth': None, 'max_iter': 600, 'max_leaf_nodes': 63, 'min_samples_leaf': 50}",5,4199.8306354596225,830.1900066238312,10377.014749349766,1585.499317939485,1.2740620353139014,0.2868261362346087,0.15814888626733703,0.0424664016306993
GradientBoosting,"(1, 2, 3, 12, 24)","{'l2_regularization': 0.0, 'learning_rate': 0.1, 'max_depth': 3, 'max_iter': 300, 'max_leaf_nodes': 31, 'min_samples_leaf': 20}",5,5070.659793658378,1843.4172801860686,10377.020409024128,1500.9573182219629,1.6313562913544313,0.74404483550181,0.19147656474699806,0.07833347316914625
GradientBoosting,"(1, 2, 3, 12, 24)","{'l2_regularization': 0.0, 'learning_rate': 0.1, 'max_depth': 3, 'max_iter': 300, 'max_leaf_nodes': 63, 'min_samples_leaf': 20}",5,5070.659793658378,1843.4172801860686,10377.020409024128,1500.9573182219629,1.6313562913544313,0.74404483550181,0.19147656474699806,0.07833347316914625
GradientBoosting,"(1, 12, 24)","{'l2_regularization': 1.0, 'learning_rate': 0.1, 'max_depth': None, 'max_iter': 300, 'max_leaf_nodes': 31, 'min_samples_leaf': 50}",5,4322.026538485631,705.6420498236007,10379.205977987514,1288.7604008586875,1.3332147210293397,0.3235205960048823,0.16226935628731134,0.03673544278139181
GradientBoosting,"(1, 2, 3, 12, 24)","{'l2_regularization': 1.0, 'learning_rate': 0.1, 'max_depth': 3, 'max_iter': 300, 'max_leaf_nodes': 63, 'min_samples_leaf': 20}",5,5119.264005722774,1921.2912816261485,10380.49584384836,1652.8908707679834,1.6421504257232626,0.7598710822393896,0.19341868505295895,0.0813767939245813
GradientBoosting,"(1, 2, 3, 12, 24)","{'l2_regularization': 1.0, 'learning_rate': 0.1, 'max_depth': 3, 'max_iter': 300, 'max_leaf_nodes': 31, 'min_samples_leaf': 20}",5,5119.264005722774,1921.2912816261485,10380.49584384836,1652.8908707679834,1.6421504257232626,0.7598710822393896,0.19341868505295895,0.0813767939245813
GradientBoosting,"(1, 2, 3, 4, 5, 6, 12, 24)","{'l2_regularization': 0.0, 'learning_rate': 0.1, 'max_depth': None, 'max_iter': 300, 'max_leaf_nodes': 63, 'min_samples_leaf': 50}",5,4199.3552841916535,830.5904310023445,10382.336914803593,1580.2859051917637,1.2737519975116154,0.28709012035949505,0.15813247413488626,0.04248081284522074
GradientBoosting,"(1, 2, 3, 12, 24)","{'l2_regularization': 1.0, 'learning_rate': 0.1, 'max_depth': 3, 'max_iter': 600, 'max_leaf_nodes': 63, 'min_samples_leaf': 20}",5,5110.656419941933,1927.0355186277018,10383.768488293825,1650.574281587139,1.6388820851135173,0.761856740791144,0.19312149674730864,0.08159927645521237
GradientBoosting,"(1, 2, 3, 12, 24)","{'l2_regularization': 1.0, 'learning_rate': 0.1, 'max_depth': 3, 'max_iter': 600, 'max_leaf_nodes': 31, 'min_samples_leaf': 20}",5,5110.656419941933,1927.0355186277018,10383.768488293825,1650.574281587139,1.6388820851135173,0.761856740791144,0.19312149674730864,0.08159927645521237
GradientBoosting,"(1, 12, 24)","{'l2_regularization': 1.0, 'learning_rate': 0.1, 'max_depth': None, 'max_iter': 600, 'max_leaf_nodes': 31, 'min_samples_leaf': 50}",5,4334.082697221093,698.3991858714007,10389.499376056432,1278.0569811781893,1.3359524616537943,0.32217135944187436,0.16270572783271706,0.036488581349509414
GradientBoosting,"(1, 2, 3, 12, 24)","{'l2_regularization': 1.0, 'learning_rate': 0.1, 'max_depth': None, 'max_iter': 300, 'max_leaf_nodes': 31, 'min_samples_leaf': 20}",5,4258.1605592429205,895.5550508250043,10393.2751492734,1591.2585590049082,1.3206927089474017,0.3721990750954978,0.1602805024228863,0.04374661314928156
GradientBoosting,"(1, 2, 3, 12, 24)","{'l2_regularization': 1.0, 'learning_rate': 0.1, 'max_depth': None, 'max_iter': 600, 'max_leaf_nodes': 31, 'min_samples_leaf': 20}",5,4258.1605592429205,895.5550508250043,10393.2751492734,1591.2585590049082,1.3206927089474017,0.3721990750954978,0.1602805024228863,0.04374661314928156
GradientBoosting,"(1, 2, 12, 24)","{'l2_regularization': 1.0, 'learning_rate': 0.1, 'max_depth': None, 'max_iter': 600, 'max_leaf_nodes': 63, 'min_samples_leaf': 50}",5,4252.381286037753,690.1057992601396,10393.724837710004,1437.5715685394407,1.2949615540566977,0.2669204860176442,0.15974933335287891,0.03681290405550194
GradientBoosting,"(1, 2, 12, 24)","{'l2_regularization': 1.0, 'learning_rate': 0.1, 'max_depth': None, 'max_iter': 300, 'max_leaf_nodes': 63, 'min_samples_leaf': 50}",5,4247.400446906947,694.3080282832049,10393.744380110822,1436.5456883439283,1.2937725120393821,0.2677779170719276,0.1595751576093653,0.03696054035828232
GradientBoosting,"(1, 2, 12, 24)","{'l2_regularization': 1.0, 'learning_rate': 0.1, 'max_depth': None, 'max_iter': 600, 'max_leaf_nodes': 31, 'min_samples_leaf': 50}",5,4263.419161561439,748.9986030577023,10401.123722945762,1373.968040702456,1.3125908322856088,0.3296397389625158,0.160189823360957,0.03839003726548016
GradientBoosting,"(1, 2, 3, 12)","{'l2_regularization': 0.0, 'learning_rate': 0.1, 'max_depth': 3, 'max_iter': 600, 'max_leaf_nodes': 31, 'min_samples_leaf': 20}",5,4916.6273986206015,1323.6415141134312,10405.488981144928,2285.492357081438,1.591655479171624,0.5966806112070432,0.19587728448362143,0.05454490018402438
GradientBoosting,"(1, 2, 3, 12)","{'l2_regularization': 0.0, 'learning_rate': 0.1, 'max_depth': 3, 'max_iter': 600, 'max_leaf_nodes': 63, 'min_samples_leaf': 20}",5,4916.6273986206015,1323.6415141134312,10405.488981144928,2285.492357081438,1.591655479171624,0.5966806112070432,0.19587728448362143,0.05454490018402438
GradientBoosting,"(1, 2, 12, 24)","{'l2_regularization': 1.0, 'learning_rate': 0.1, 'max_depth': None, 'max_iter': 300, 'max_leaf_nodes': 31, 'min_samples_leaf': 50}",5,4262.549069131643,749.8956410189103,10412.693498523262,1359.4970899138782,1.3121935607312345,0.3298948018135847,0.16016029896249648,0.03842249044193989
GradientBoosting,"(1, 12, 24)","{'l2_regularization': 0.0, 'learning_rate': 0.1, 'max_depth': 3, 'max_iter': 300, 'max_leaf_nodes': 31, 'min_samples_leaf': 50}",5,5146.597231691534,1901.0717848551158,10415.698472400994,1656.6271105275437,1.6514486065071108,0.7642368398843913,0.19425195405772777,0.08037634352517002
GradientBoosting,"(1, 12, 24)","{'l2_regularization': 0.0, 'learning_rate': 0.1, 'max_depth': 3, 'max_iter': 300, 'max_leaf_nodes': 63, 'min_samples_leaf': 50}",5,5146.597231691534,1901.0717848551158,10415.698472400994,1656.6271105275437,1.6514486065071108,0.7642368398843913,0.19425195405772777,0.08037634352517002
GradientBoosting,"(1, 12, 24)","{'l2_regularization': 1.0, 'learning_rate': 0.1, 'max_depth': 3, 'max_iter': 600, 'max_leaf_nodes': 63, 'min_samples_leaf': 50}",5,5208.906208381013,2136.3031621381588,10418.811922259334,1800.868319427651,1.6944703274073358,0.8588787372611147,0.19674787441686203,0.0891934229855375
GradientBoosting,"(1, 12, 24)","{'l2_regularization': 1.0, 'learning_rate': 0.1, 'max_depth': 3, 'max_iter': 600, 'max_leaf_nodes': 31, 'min_samples_leaf': 50}",5,5208.906208381013,2136.3031621381588,10418.811922259334,1800.868319427651,1.6944703274073358,0.8588787372611147,0.19674787441686203,0.0891934229855375
GradientBoosting,"(1, 2, 3, 12, 24)","{'l2_regularization': 0.0, 'learning_rate': 0.05, 'max_depth': None, 'max_iter': 300, 'max_leaf_nodes': 31, 'min_samples_leaf': 20}",5,4334.9559255791255,1006.8557708963635,10421.467503949676,1568.5030223210645,1.3523539132942353,0.42488992378940954,0.16327999650065614,0.0477182439407812
GradientBoosting,"(1, 2, 3, 12, 24)","{'l2_regularization': 0.0, 'learning_rate': 0.05, 'max_depth': None, 'max_iter': 600, 'max_leaf_nodes': 31, 'min_samples_leaf': 20}",5,4334.9559255791255,1006.8557708963635,10421.467503949676,1568.5030223210645,1.3523539132942353,0.42488992378940954,0.16327999650065614,0.0477182439407812
GradientBoosting,"(1, 2, 3, 4, 5, 6, 12, 24)","{'l2_regularization': 1.0, 'learning_rate': 0.1, 'max_depth': 3, 'max_iter': 300, 'max_leaf_nodes': 63, 'min_samples_leaf': 50}",5,5094.003967886325,1800.971170947668,10422.65184394175,1783.573300239575,1.6246993213209115,0.7008198657010759,0.19252977118558948,0.07726688132670348
GradientBoosting,"(1, 2, 3, 4, 5, 6, 12, 24)","{'l2_regularization': 1.0, 'learning_rate': 0.1, 'max_depth': 3, 'max_iter': 600, 'max_leaf_nodes': 31, 'min_samples_leaf': 50}",5,5094.003967886325,1800.971170947668,10422.65184394175,1783.573300239575,1.6246993213209115,0.7008198657010759,0.19252977118558948,0.07726688132670348
GradientBoosting,"(1, 2, 3, 4, 5, 6, 12, 24)","{'l2_regularization': 1.0, 'learning_rate': 0.1, 'max_depth': 3, 'max_iter': 600, 'max_leaf_nodes': 63, 'min_samples_leaf': 50}",5,5094.003967886325,1800.971170947668,10422.65184394175,1783.573300239575,1.6246993213209115,0.7008198657010759,0.19252977118558948,0.07726688132670348
GradientBoosting,"(1, 2, 3, 4, 5, 6, 12, 24)","{'l2_regularization': 1.0, 'learning_rate': 0.1, 'max_depth': 3, 'max_iter': 300, 'max_leaf_nodes': 31, 'min_samples_leaf': 50}",5,5094.003967886325,1800.971170947668,10422.65184394175,1783.573300239575,1.6246993213209115,0.7008198657010759,0.19252977118558948,0.07726688132670348
GradientBoosting,"(1, 2, 12, 24)","{'l2_regularization': 0.0, 'learning_rate': 0.05, 'max_depth': None, 'max_iter': 600, 'max_leaf_nodes': 31, 'min_samples_leaf': 20}",5,4339.585957930971,919.3947880365632,10425.60301448428,1548.3044569273957,1.3572059539017025,0.41028410307836466,0.16327046875885468,0.04438546926630581
GradientBoosting,"(1, 2, 12, 24)","{'l2_regularization': 0.0, 'learning_rate': 0.05, 'max_depth': None, 'max_iter': 300, 'max_leaf_nodes': 31, 'min_samples_leaf': 20}",5,4339.585957930971,919.3947880365632,10425.60301448428,1548.3044569273957,1.3572059539017025,0.41028410307836466,0.16327046875885468,0.04438546926630581
GradientBoosting,"(1, 2, 3, 12)","{'l2_regularization': 0.0, 'learning_rate': 0.1, 'max_depth': 3, 'max_iter': 300, 'max_leaf_nodes': 63, 'min_samples_leaf': 20}",5,4925.541613235654,1315.8948801266508,10431.20424834004,2260.00448764333,1.594494969661864,0.5946694713783973,0.19622153495555,0.05422652664654423
GradientBoosting,"(1, 2, 3, 12)","{'l2_regularization': 0.0, 'learning_rate': 0.1, 'max_depth': 3, 'max_iter': 300, 'max_leaf_nodes': 31, 'min_samples_leaf': 20}",5,4925.541613235654,1315.8948801266508,10431.20424834004,2260.00448764333,1.594494969661864,0.5946694713783973,0.19622153495555,0.05422652664654423
GradientBoosting,"(1, 2, 3, 4, 5, 6, 12, 24)","{'l2_regularization': 0.0, 'learning_rate': 0.05, 'max_depth': None, 'max_iter': 600, 'max_leaf_nodes': 31, 'min_samples_leaf': 20}",5,4331.810880028862,1060.7881543562683,10431.694102623766,1390.5273985135577,1.3478885701414431,0.4430676566647917,0.16328508353475826,0.04976145732115495
GradientBoosting,"(1, 12, 24)","{'l2_regularization': 1.0, 'learning_rate': 0.1, 'max_depth': None, 'max_iter': 600, 'max_leaf_nodes': 63, 'min_samples_leaf': 20}",5,4280.004553063967,694.7281192446883,10432.016221187532,1597.755448248758,1.3201141519347648,0.31274318449655786,0.16067467212732747,0.03630059798326037
GradientBoosting,"(1, 12, 24)","{'l2_regularization': 1.0, 'learning_rate': 0.1, 'max_depth': None, 'max_iter': 300, 'max_leaf_nodes': 63, 'min_samples_leaf': 20}",5,4280.004553063967,694.7281192446883,10432.016221187532,1597.755448248758,1.3201141519347648,0.31274318449655786,0.16067467212732747,0.03630059798326037
GradientBoosting,"(1, 2, 3, 4, 5, 6, 12, 24)","{'l2_regularization': 0.0, 'learning_rate': 0.05, 'max_depth': None, 'max_iter': 300, 'max_leaf_nodes': 31, 'min_samples_leaf': 20}",5,4332.473757445764,1060.2521861267724,10435.28600681187,1386.5160720482036,1.347802289055331,0.44312437366949614,0.16330942931082987,0.04974399688311134
GradientBoosting,"(1, 12)","{'l2_regularization': 0.0, 'learning_rate': 0.1, 'max_depth': 3, 'max_iter': 600, 'max_leaf_nodes': 31, 'min_samples_leaf': 20}",5,4973.664536814567,1298.8378313767214,10439.108172138498,2219.257634984517,1.6246067161675526,0.6038075884294353,0.19808572231505978,0.053362959934934125
GradientBoosting,"(1, 12)","{'l2_regularization': 0.0, 'learning_rate': 0.1, 'max_depth': 3, 'max_iter': 600, 'max_leaf_nodes': 63, 'min_samples_leaf': 20}",5,4973.664536814567,1298.8378313767214,10439.108172138498,2219.257634984517,1.6246067161675526,0.6038075884294353,0.19808572231505978,0.053362959934934125
GradientBoosting,"(1, 2, 12, 24)","{'l2_regularization': 0.0, 'learning_rate': 0.1, 'max_depth': 3, 'max_iter': 300, 'max_leaf_nodes': 63, 'min_samples_leaf': 50}",5,5137.53717519792,1901.5882674438246,10446.835400181542,1649.2360499404144,1.6579281162480488,0.7721481759276246,0.19402875880923398,0.08062477040350882
GradientBoosting,"(1, 2, 12, 24)","{'l2_regularization': 0.0, 'learning_rate': 0.1, 'max_depth': 3, 'max_iter': 300, 'max_leaf_nodes': 31, 'min_samples_leaf': 50}",5,5137.53717519792,1901.5882674438246,10446.835400181542,1649.2360499404144,1.6579281162480488,0.7721481759276246,0.19402875880923398,0.08062477040350882
GradientBoosting,"(1, 2, 12, 24)","{'l2_regularization': 0.0, 'learning_rate': 0.1, 'max_depth': 3, 'max_iter': 600, 'max_leaf_nodes': 31, 'min_samples_leaf': 50}",5,5137.53717519792,1901.5882674438246,10446.835400181542,1649.2360499404144,1.6579281162480488,0.7721481759276246,0.19402875880923398,0.08062477040350882
GradientBoosting,"(1, 2, 12, 24)","{'l2_regularization': 0.0, 'learning_rate': 0.1, 'max_depth': 3, 'max_iter': 600, 'max_leaf_nodes': 63, 'min_samples_leaf': 50}",5,5137.53717519792,1901.5882674438246,10446.835400181542,1649.2360499404144,1.6579281162480488,0.7721481759276246,0.19402875880923398,0.08062477040350882
GradientBoosting,"(1, 12)","{'l2_regularization': 0.0, 'learning_rate': 0.1, 'max_depth': 3, 'max_iter': 300, 'max_leaf_nodes': 31, 'min_samples_leaf': 20}",5,4985.520077837831,1288.4579545772506,10450.879658204178,2208.644354954917,1.6287127220485729,0.6008667227908282,0.19854327047090442,0.05293399849635234
GradientBoosting,"(1, 12)","{'l2_regularization': 0.0, 'learning_rate': 0.1, 'max_depth': 3, 'max_iter': 300, 'max_leaf_nodes': 63, 'min_samples_leaf': 20}",5,4985.520077837831,1288.4579545772506,10450.879658204178,2208.644354954917,1.6287127220485729,0.6008667227908282,0.19854327047090442,0.05293399849635234
GradientBoosting,"(1, 2, 3, 4, 5, 6, 12, 24)","{'l2_regularization': 1.0, 'learning_rate': 0.1, 'max_depth': None, 'max_iter': 600, 'max_leaf_nodes': 31, 'min_samples_leaf': 50}",5,4232.131195958138,876.6844233760647,10456.212282858427,1584.9966074548315,1.303158194548675,0.34831118249152343,0.1593342663620409,0.043448339061060014
GradientBoosting,"(1, 12, 24)","{'l2_regularization': 1.0, 'learning_rate': 0.1, 'max_depth': 5, 'max_iter': 600, 'max_leaf_nodes': 63, 'min_samples_leaf': 20}",5,4314.6744601391765,818.7318890157338,10458.111546984117,1590.9479078007412,1.334168319391815,0.34011234126463535,0.1622247033982578,0.04093381970475995
GradientBoosting,"(1, 2, 3, 12, 24)","{'l2_regularization': 1.0, 'learning_rate': 0.1, 'max_depth': None, 'max_iter': 300, 'max_leaf_nodes': 63, 'min_samples_leaf': 50}",5,4234.762234306965,740.6578851543567,10458.17025714655,1319.7854889115913,1.290484724501114,0.2848401762086299,0.15922920636044924,0.038756475292406105
GradientBoosting,"(1, 2, 3, 4, 5, 6, 12, 24)","{'l2_regularization': 0.0, 'learning_rate': 0.1, 'max_depth': None, 'max_iter': 300, 'max_leaf_nodes': 31, 'min_samples_leaf': 50}",5,4338.1868994717315,1058.1996168206745,10459.308555229427,1698.6328948606538,1.3373951539086644,0.4132018861307186,0.16368505827457897,0.050366701238749936
GradientBoosting,"(1, 2, 3, 4, 5, 6, 12, 24)","{'l2_regularization': 0.0, 'learning_rate': 0.1, 'max_depth': None, 'max_iter': 600, 'max_leaf_nodes': 31, 'min_samples_leaf': 50}",5,4338.519208841053,1057.9434760225781,10459.52846105923,1698.404493498607,1.337896291847081,0.4128768690089153,0.16369726313974062,0.05035838709624099
GradientBoosting,"(1, 2, 3, 4, 5, 6, 12, 24)","{'l2_regularization': 1.0, 'learning_rate': 0.1, 'max_depth': None, 'max_iter': 300, 'max_leaf_nodes': 31, 'min_samples_leaf': 50}",5,4232.9220791775215,875.9930889593129,10459.661551017236,1581.1455293640943,1.303203183561246,0.34828001705998823,0.15936331346074564,0.04342691802901494
GradientBoosting,"(1, 2, 3, 4, 5, 6, 12, 24)","{'l2_regularization': 1.0, 'learning_rate': 0.1, 'max_depth': None, 'max_iter': 300, 'max_leaf_nodes': 63, 'min_samples_leaf': 20}",5,4192.687238795787,785.5890301711613,10459.671965102305,1367.3835000424547,1.2823861881349141,0.3153611201561363,0.15770939718605986,0.039985269119403734
GradientBoosting,"(1, 2, 3, 4, 5, 6, 12, 24)","{'l2_regularization': 1.0, 'learning_rate': 0.1, 'max_depth': None, 'max_iter': 600, 'max_leaf_nodes': 63, 'min_samples_leaf': 20}",5,4195.191164926417,783.8326457713935,10460.681087398762,1366.4218711340832,1.2835372069351807,0.3147031606835376,0.15780135992807173,0.03993017358932709
GradientBoosting,"(1, 12, 24)","{'l2_regularization': 1.0, 'learning_rate': 0.1, 'max_depth': None, 'max_iter': 300, 'max_leaf_nodes': 63, 'min_samples_leaf': 50}",5,4347.758939989899,635.4269429999619,10460.945664533281,1281.5581766763992,1.330000824272592,0.2717697895175028,0.1631872791292271,0.034859197975890266
GradientBoosting,"(1, 2, 3, 12, 24)","{'l2_regularization': 1.0, 'learning_rate': 0.1, 'max_depth': None, 'max_iter': 600, 'max_leaf_nodes': 63, 'min_samples_leaf': 50}",5,4237.796461404416,738.0297680236793,10463.069859065801,1315.240652188945,1.2917295977615217,0.2838558982798737,0.15933396707187392,0.03866140412167297
GradientBoosting,"(1, 12, 24)","{'l2_regularization': 1.0, 'learning_rate': 0.05, 'max_depth': None, 'max_iter': 600, 'max_leaf_nodes': 63, 'min_samples_leaf': 50}",5,4311.433478947594,638.9125037964315,10463.515559348609,1308.6477001033563,1.3203104441668931,0.27776396531787795,0.16183175195851957,0.03490535065180004
GradientBoosting,"(1, 12, 24)","{'l2_regularization': 1.0, 'learning_rate': 0.1, 'max_depth': None, 'max_iter': 600, 'max_leaf_nodes': 63, 'min_samples_leaf': 50}",5,4357.5808048840545,626.6791991568808,10463.9352551445,1275.3356991518278,1.3336882572701243,0.2691702365938167,0.16352635954677214,0.034541658168775254
GradientBoosting,"(1, 12, 24)","{'l2_regularization': 0.0, 'learning_rate': 0.1, 'max_depth': 3, 'max_iter': 300, 'max_leaf_nodes': 63, 'min_samples_leaf': 20}",5,5067.155837818083,1874.4562403635862,10464.445803363144,1503.6568102987885,1.631015055800681,0.7502814323818352,0.19119711378521514,0.07920043468906308
GradientBoosting,"(1, 12, 24)","{'l2_regularization': 0.0, 'learning_rate': 0.1, 'max_depth': 3, 'max_iter': 300, 'max_leaf_nodes': 31, 'min_samples_leaf': 20}",5,5067.155837818083,1874.4562403635862,10464.445803363144,1503.6568102987885,1.631015055800681,0.7502814323818352,0.19119711378521514,0.07920043468906308
GradientBoosting,"(1, 12, 24)","{'l2_regularization': 0.0, 'learning_rate': 0.1, 'max_depth': 3, 'max_iter': 600, 'max_leaf_nodes': 63, 'min_samples_leaf': 20}",5,5067.155837818083,1874.4562403635862,10464.445803363144,1503.6568102987885,1.631015055800681,0.7502814323818352,0.19119711378521514,0.07920043468906308
GradientBoosting,"(1, 12, 24)","{'l2_regularization': 0.0, 'learning_rate': 0.1, 'max_depth': 3, 'max_iter': 600, 'max_leaf_nodes': 31, 'min_samples_leaf': 20}",5,5067.155837818083,1874.4562403635862,10464.445803363144,1503.6568102987885,1.631015055800681,0.7502814323818352,0.19119711378521514,0.07920043468906308
GradientBoosting,"(1, 12, 24)","{'l2_regularization': 1.0, 'learning_rate': 0.1, 'max_depth': 5, 'max_iter': 300, 'max_leaf_nodes': 63, 'min_samples_leaf': 20}",5,4331.86184684647,843.9567954470565,10469.656574847077,1602.1827564116993,1.340244289854028,0.35140436809501585,0.1628946449255986,0.04180048017507653
GradientBoosting,"(1, 12, 24)","{'l2_regularization': 1.0, 'learning_rate': 0.1, 'max_depth': 3, 'max_iter': 300, 'max_leaf_nodes': 63, 'min_samples_leaf': 50}",5,5237.05637308871,2121.3422668041953,10471.879753491372,1771.4643780682327,1.7007131288064066,0.8556955115147762,0.19777274424366081,0.0886383062216176
GradientBoosting,"(1, 12, 24)","{'l2_regularization': 1.0, 'learning_rate': 0.1, 'max_depth': 3, 'max_iter': 300, 'max_leaf_nodes': 31, 'min_samples_leaf': 50}",5,5237.05637308871,2121.3422668041953,10471.879753491372,1771.4643780682327,1.7007131288064066,0.8556955115147762,0.19777274424366081,0.0886383062216176
GradientBoosting,"(1, 2, 12, 24)","{'l2_regularization': 0.0, 'learning_rate': 0.1, 'max_depth': None, 'max_iter': 600, 'max_leaf_nodes': 31, 'min_samples_leaf': 20}",5,4371.2938427871495,913.823409794886,10477.963424108446,1574.610840323639,1.3688431927628772,0.4116689949976205,0.16431658768536667,0.043779428175577347
GradientBoosting,"(1, 2, 12, 24)","{'l2_regularization': 0.0, 'learning_rate': 0.1, 'max_depth': None, 'max_iter': 300, 'max_leaf_nodes': 31, 'min_samples_leaf': 20}",5,4371.2938427871495,913.823409794886,10477.963424108446,1574.610840323639,1.3688431927628772,0.4116689949976205,0.16431658768536667,0.043779428175577347
GradientBoosting,"(1, 2, 12, 24)","{'l2_regularization': 1.0, 'learning_rate': 0.1, 'max_depth': None, 'max_iter': 600, 'max_leaf_nodes': 31, 'min_samples_leaf': 20}",5,4322.387144307594,833.046424423039,10478.654201141228,1475.8713742925513,1.3434586106228696,0.35157696549181,0.1625383852259828,0.04143649630733747
GradientBoosting,"(1, 2, 12, 24)","{'l2_regularization': 1.0, 'learning_rate': 0.1, 'max_depth': None, 'max_iter': 300, 'max_leaf_nodes': 31, 'min_samples_leaf': 20}",5,4322.387144307594,833.046424423039,10478.654201141228,1475.8713742925513,1.3434586106228696,0.35157696549181,0.1625383852259828,0.04143649630733747
GradientBoosting,"(1, 2, 3, 12, 24)","{'l2_regularization': 0.0, 'learning_rate': 0.1, 'max_depth': None, 'max_iter': 300, 'max_leaf_nodes': 31, 'min_samples_leaf': 20}",5,4358.229278246686,1023.5708257963621,10481.595658067145,1491.451068440631,1.360852565886142,0.43659421477570576,0.16413415916490143,0.04821707833294987
GradientBoosting,"(1, 2, 3, 12, 24)","{'l2_regularization': 0.0, 'learning_rate': 0.1, 'max_depth': None, 'max_iter': 600, 'max_leaf_nodes': 31, 'min_samples_leaf': 20}",5,4358.229278246686,1023.5708257963621,10481.595658067145,1491.451068440631,1.360852565886142,0.43659421477570576,0.16413415916490143,0.04821707833294987
GradientBoosting,"(1, 2, 3, 12, 24)","{'l2_regularization': 0.0, 'learning_rate': 0.1, 'max_depth': None, 'max_iter': 300, 'max_leaf_nodes': 31, 'min_samples_leaf': 50}",5,4352.208830825505,963.7892018776131,10488.098121717061,1627.3279301178343,1.3359452527520275,0.3779089664904621,0.16399035545898893,0.046793107292716525
GradientBoosting,"(1, 2, 3, 12, 24)","{'l2_regularization': 0.0, 'learning_rate': 0.1, 'max_depth': None, 'max_iter': 600, 'max_leaf_nodes': 31, 'min_samples_leaf': 50}",5,4354.817434255503,961.3418065200971,10488.244956762077,1627.1760115492766,1.3364126654508355,0.3775307609099086,0.1640804209492685,0.04670659671316193
GradientBoosting,"(1, 2, 3, 4, 5, 6, 12, 24)","{'l2_regularization': 0.0, 'learning_rate': 0.1, 'max_depth': None, 'max_iter': 600, 'max_leaf_nodes': 31, 'min_samples_leaf': 20}",5,4340.930630573725,1050.1514396188766,10504.184357469367,1473.8937252575158,1.3444128016025265,0.43109289061155515,0.16357992096013652,0.04936663949427908
GradientBoosting,"(1, 2, 3, 4, 5, 6, 12, 24)","{'l2_regularization': 0.0, 'learning_rate': 0.1, 'max_depth': None, 'max_iter': 300, 'max_leaf_nodes': 31, 'min_samples_leaf': 20}",5,4340.930630573725,1050.1514396188766,10504.184357469367,1473.8937252575158,1.3444128016025265,0.43109289061155515,0.16357992096013652,0.04936663949427908
GradientBoosting,"(1, 2, 12, 24)","{'l2_regularization': 1.0, 'learning_rate': 0.1, 'max_depth': 3, 'max_iter': 300, 'max_leaf_nodes': 63, 'min_samples_leaf': 50}",5,5128.867710105225,1809.4966536859588,10505.234761391659,1640.7269582164338,1.6400666358380729,0.7115169356347091,0.19365460335621382,0.07728507693748844
GradientBoosting,"(1, 2, 12, 24)","{'l2_regularization': 1.0, 'learning_rate': 0.1, 'max_depth': 3, 'max_iter': 300, 'max_leaf_nodes': 31, 'min_samples_leaf': 50}",5,5128.867710105225,1809.4966536859588,10505.234761391659,1640.7269582164338,1.6400666358380729,0.7115169356347091,0.19365460335621382,0.07728507693748844
GradientBoosting,"(1, 2, 12, 24)","{'l2_regularization': 1.0, 'learning_rate': 0.1, 'max_depth': 3, 'max_iter': 600, 'max_leaf_nodes': 31, 'min_samples_leaf': 50}",5,5128.867710105225,1809.4966536859588,10505.234761391659,1640.7269582164338,1.6400666358380729,0.7115169356347091,0.19365460335621382,0.07728507693748844
GradientBoosting,"(1, 2, 12, 24)","{'l2_regularization': 1.0, 'learning_rate': 0.1, 'max_depth': 3, 'max_iter': 600, 'max_leaf_nodes': 63, 'min_samples_leaf': 50}",5,5128.867710105225,1809.4966536859588,10505.234761391659,1640.7269582164338,1.6400666358380729,0.7115169356347091,0.19365460335621382,0.07728507693748844
GradientBoosting,"(1, 2, 3, 4, 5, 6, 12, 24)","{'l2_regularization': 0.0, 'learning_rate': 0.05, 'max_depth': 5, 'max_iter': 300, 'max_leaf_nodes': 31, 'min_samples_leaf': 20}",5,4249.070972271724,878.3823445175918,10506.451206079417,1344.6788748477397,1.3042668955571552,0.3543667046409376,0.15994435177244187,0.04320025137311922
GradientBoosting,"(1, 2, 3, 12, 24)","{'l2_regularization': 1.0, 'learning_rate': 0.05, 'max_depth': None, 'max_iter': 600, 'max_leaf_nodes': 63, 'min_samples_leaf': 50}",5,4203.241365756848,748.36528012438,10510.535012215645,1647.740513001039,1.2826051371815423,0.2934901012813622,0.15805317798267265,0.038964281654366204
GradientBoosting,"(1, 2, 3, 4, 5, 6, 12, 24)","{'l2_regularization': 0.0, 'learning_rate': 0.05, 'max_depth': 5, 'max_iter': 600, 'max_leaf_nodes': 31, 'min_samples_leaf': 20}",5,4252.542806576475,883.1618690487489,10514.97496233747,1353.718836352298,1.304997665979205,0.355665784194801,0.16007967926674976,0.043365776061745215
GradientBoosting,"(1, 2, 3, 4, 5, 6, 12, 24)","{'l2_regularization': 0.0, 'learning_rate': 0.1, 'max_depth': 5, 'max_iter': 300, 'max_leaf_nodes': 63, 'min_samples_leaf': 20}",5,4273.333833149312,879.4159400158694,10522.960842451017,1314.483611702403,1.311041494924244,0.3503886148815329,0.16087725004740158,0.04340062071220032
GradientBoosting,"(1, 2, 3, 4, 5, 6, 12, 24)","{'l2_regularization': 0.0, 'learning_rate': 0.1, 'max_depth': 5, 'max_iter': 600, 'max_leaf_nodes': 63, 'min_samples_leaf': 20}",5,4273.333833149312,879.4159400158694,10522.960842451017,1314.483611702403,1.311041494924244,0.3503886148815329,0.16087725004740158,0.04340062071220032
GradientBoosting,"(1, 2, 3, 4, 5, 6, 12)","{'l2_regularization': 1.0, 'learning_rate': 0.1, 'max_depth': 5, 'max_iter': 300, 'max_leaf_nodes': 63, 'min_samples_leaf': 20}",5,4225.026911975792,919.0805653582809,10526.578994000072,2617.2396008341398,1.2802722491927139,0.3079328890819949,0.16848022234358007,0.04016144179286937
GradientBoosting,"(1, 2, 3, 4, 5, 6, 12)","{'l2_regularization': 1.0, 'learning_rate': 0.1, 'max_depth': 5, 'max_iter': 600, 'max_leaf_nodes': 63, 'min_samples_leaf': 20}",5,4225.026911975792,919.0805653582809,10526.578994000072,2617.2396008341398,1.2802722491927139,0.3079328890819949,0.16848022234358007,0.04016144179286937
GradientBoosting,"(1, 12, 24)","{'l2_regularization': 1.0, 'learning_rate': 0.1, 'max_depth': 5, 'max_iter': 300, 'max_leaf_nodes': 31, 'min_samples_leaf': 20}",5,4322.241223473401,836.6780855137021,10530.305943867745,1667.3270394446808,1.3330606034569914,0.3473946458459603,0.16249575546205092,0.04138358828914514
GradientBoosting,"(1, 12, 24)","{'l2_regularization': 1.0, 'learning_rate': 0.1, 'max_depth': 5, 'max_iter': 600, 'max_leaf_nodes': 31, 'min_samples_leaf': 20}",5,4322.241223473401,836.6780855137021,10530.305943867745,1667.3270394446808,1.3330606034569914,0.3473946458459603,0.16249575546205092,0.04138358828914514
GradientBoosting,"(1, 12, 24)","{'l2_regularization': 1.0, 'learning_rate': 0.05, 'max_depth': None, 'max_iter': 300, 'max_leaf_nodes': 31, 'min_samples_leaf': 20}",5,4335.558278691626,878.3828742304316,10544.804486662311,1657.7640460766245,1.3509928825683446,0.3880990261840688,0.16299308296241272,0.04263057288975949
GradientBoosting,"(1, 12, 24)","{'l2_regularization': 1.0, 'learning_rate': 0.05, 'max_depth': None, 'max_iter': 600, 'max_leaf_nodes': 31, 'min_samples_leaf': 20}",5,4335.795542794614,878.2193783673632,10544.85062665108,1657.7150118733327,1.3512867911874877,0.3879405729169561,0.16300179706033474,0.04262526043592059
GradientBoosting,"(1, 2, 3, 4, 5, 6, 12, 24)","{'l2_regularization': 0.0, 'learning_rate': 0.1, 'max_depth': 3, 'max_iter': 300, 'max_leaf_nodes': 31, 'min_samples_leaf': 20}",5,5136.466911774321,1804.9725845770383,10550.84144692556,1485.3163578973624,1.6468581731735266,0.7286515338599467,0.19397114109208607,0.07719299918406376
GradientBoosting,"(1, 2, 3, 4, 5, 6, 12, 24)","{'l2_regularization': 0.0, 'learning_rate': 0.1, 'max_depth': 3, 'max_iter': 300, 'max_leaf_nodes': 63, 'min_samples_leaf': 20}",5,5136.466911774321,1804.9725845770383,10550.84144692556,1485.3163578973624,1.6468581731735266,0.7286515338599467,0.19397114109208607,0.07719299918406376
GradientBoosting,"(1, 2, 3, 4, 5, 6, 12, 24)","{'l2_regularization': 0.0, 'learning_rate': 0.1, 'max_depth': 3, 'max_iter': 600, 'max_leaf_nodes': 63, 'min_samples_leaf': 20}",5,5136.466911774321,1804.9725845770383,10550.84144692556,1485.3163578973624,1.6468581731735266,0.7286515338599467,0.19397114109208607,0.07719299918406376
GradientBoosting,"(1, 2, 3, 4, 5, 6, 12, 24)","{'l2_regularization': 0.0, 'learning_rate': 0.1, 'max_depth': 3, 'max_iter': 600, 'max_leaf_nodes': 31, 'min_samples_leaf': 20}",5,5136.466911774321,1804.9725845770383,10550.84144692556,1485.3163578973624,1.6468581731735266,0.7286515338599467,0.19397114109208607,0.07719299918406376
GradientBoosting,"(1, 2, 3, 4, 5, 6, 12)","{'l2_regularization': 1.0, 'learning_rate': 0.1, 'max_depth': 5, 'max_iter': 300, 'max_leaf_nodes': 31, 'min_samples_leaf': 20}",5,4226.651878518951,920.653359165764,10551.63548531603,2618.5664760065097,1.2801496434101138,0.3077314738735252,0.16854360621597042,0.04021041721379287
GradientBoosting,"(1, 2, 3, 4, 5, 6, 12)","{'l2_regularization': 1.0, 'learning_rate': 0.1, 'max_depth': 5, 'max_iter': 600, 'max_leaf_nodes': 31, 'min_samples_leaf': 20}",5,4226.651878518951,920.653359165764,10551.63548531603,2618.5664760065097,1.2801496434101138,0.3077314738735252,0.16854360621597042,0.04021041721379287
GradientBoosting,"(1, 12, 24)","{'l2_regularization': 1.0, 'learning_rate': 0.05, 'max_depth': None, 'max_iter': 300, 'max_leaf_nodes': 63, 'min_samples_leaf': 50}",5,4302.115570368652,633.920629461942,10552.227332591265,1198.1070887613787,1.3151430674679219,0.27936819888690495,0.16146734131332705,0.034656893458202394
GradientBoosting,"(1, 2, 3, 4, 5, 6, 12, 24)","{'l2_regularization': 0.0, 'learning_rate': 0.1, 'max_depth': 5, 'max_iter': 300, 'max_leaf_nodes': 31, 'min_samples_leaf': 20}",5,4277.13675530446,883.7366843181735,10558.38065939832,1350.5893822523592,1.3105916192259943,0.3543698795202488,0.16103188550023356,0.04359105107666117
GradientBoosting,"(1, 2, 3, 4, 5, 6, 12, 24)","{'l2_regularization': 0.0, 'learning_rate': 0.1, 'max_depth': 5, 'max_iter': 600, 'max_leaf_nodes': 31, 'min_samples_leaf': 20}",5,4277.13675530446,883.7366843181735,10558.38065939832,1350.5893822523592,1.3105916192259943,0.3543698795202488,0.16103188550023356,0.04359105107666117
GradientBoosting,"(1, 2, 3, 4, 5, 6, 12, 24)","{'l2_regularization': 0.0, 'learning_rate': 0.05, 'max_depth': 5, 'max_iter': 300, 'max_leaf_nodes': 63, 'min_samples_leaf': 20}",5,4268.169220387068,900.1181193841619,10562.939851773834,1421.6157507596758,1.3073774395438984,0.35719872507719425,0.160719102919805,0.04414753232451716
GradientBoosting,"(1, 2, 3, 4, 5, 6, 12, 24)","{'l2_regularization': 0.0, 'learning_rate': 0.05, 'max_depth': 5, 'max_iter': 600, 'max_leaf_nodes': 63, 'min_samples_leaf': 20}",5,4268.169220387068,900.1181193841619,10562.939851773834,1421.6157507596758,1.3073774395438984,0.35719872507719425,0.160719102919805,0.04414753232451716
GradientBoosting,"(1, 2, 3, 12, 24)","{'l2_regularization': 1.0, 'learning_rate': 0.05, 'max_depth': None, 'max_iter': 600, 'max_leaf_nodes': 31, 'min_samples_leaf': 20}",5,4255.977358541201,854.9773315735963,10571.446145065793,1602.6543437704363,1.3143899766536542,0.3587641585023243,0.16012879101701993,0.042244542918458465
GradientBoosting,"(1, 2, 3, 12, 24)","{'l2_regularization': 1.0, 'learning_rate': 0.05, 'max_depth': None, 'max_iter': 300, 'max_leaf_nodes': 31, 'min_samples_leaf': 20}",5,4255.977358541201,854.9773315735963,10571.446145065793,1602.6543437704363,1.3143899766536542,0.3587641585023243,0.16012879101701993,0.042244542918458465
GradientBoosting,"(1, 2, 3, 4, 5, 6, 12)","{'l2_regularization': 1.0, 'learning_rate': 0.1, 'max_depth': None, 'max_iter': 300, 'max_leaf_nodes': 63, 'min_samples_leaf': 20}",5,4141.2930575855935,902.9313304794715,10572.519207407038,3029.8319855420746,1.231785468645276,0.2455501554256593,0.16513271970417842,0.03969082425787822
GradientBoosting,"(1, 2, 3, 4, 5, 6, 12)","{'l2_regularization': 1.0, 'learning_rate': 0.1, 'max_depth': None, 'max_iter': 600, 'max_leaf_nodes': 63, 'min_samples_leaf': 20}",5,4141.2930575855935,902.9313304794715,10572.519207407038,3029.8319855420746,1.231785468645276,0.2455501554256593,0.16513271970417842,0.03969082425787822
GradientBoosting,"(1, 2, 3, 12, 24)","{'l2_regularization': 0.0, 'learning_rate': 0.1, 'max_depth': 5, 'max_iter': 300, 'max_leaf_nodes': 31, 'min_samples_leaf': 20}",5,4222.578004093227,835.8337768454196,10573.94322620842,1487.6240550625846,1.295483005891455,0.33789835800976037,0.15888535687592215,0.04164348130724735
GradientBoosting,"(1, 2, 3, 12, 24)","{'l2_regularization': 0.0, 'learning_rate': 0.1, 'max_depth': 5, 'max_iter': 600, 'max_leaf_nodes': 31, 'min_samples_leaf': 20}",5,4222.578004093227,835.8337768454196,10573.94322620842,1487.6240550625846,1.295483005891455,0.33789835800976037,0.15888535687592215,0.04164348130724735
GradientBoosting,"(1, 2, 3, 4, 5, 6, 12, 24)","{'l2_regularization': 1.0, 'learning_rate': 0.05, 'max_depth': None, 'max_iter': 600, 'max_leaf_nodes': 31, 'min_samples_leaf': 50}",5,4205.9603018800335,838.3266995059298,10585.93712939839,1757.879464178669,1.2949999629663131,0.3458050098557871,0.1582871177017494,0.04194995887547098
GradientBoosting,"(1, 12, 24)","{'l2_regularization': 0.0, 'learning_rate': 0.05, 'max_depth': None, 'max_iter': 300, 'max_leaf_nodes': 63, 'min_samples_leaf': 20}",5,4224.586007834383,684.1377180744204,10587.894578617268,1534.1380213321424,1.290350819168234,0.2883301885385103,0.15862479449086525,0.03606748175185191
GradientBoosting,"(1, 2, 3, 4, 5, 6, 12, 24)","{'l2_regularization': 1.0, 'learning_rate': 0.1, 'max_depth': None, 'max_iter': 300, 'max_leaf_nodes': 31, 'min_samples_leaf': 20}",5,4282.063588310461,898.6842869371795,10597.581287644896,1509.1591372869484,1.3218467901967879,0.3785992245634801,0.16114096680362797,0.04372834604994789
GradientBoosting,"(1, 2, 3, 4, 5, 6, 12, 24)","{'l2_regularization': 1.0, 'learning_rate': 0.1, 'max_depth': None, 'max_iter': 600, 'max_leaf_nodes': 31, 'min_samples_leaf': 20}",5,4282.063588310461,898.6842869371795,10597.581287644896,1509.1591372869484,1.3218467901967879,0.3785992245634801,0.16114096680362797,0.04372834604994789
GradientBoosting,"(1, 12, 24)","{'l2_regularization': 0.0, 'learning_rate': 0.05, 'max_depth': None, 'max_iter': 600, 'max_leaf_nodes': 63, 'min_samples_leaf': 20}",5,4224.879836625689,676.9534087486177,10599.361108295476,1523.3799094400877,1.289213327175895,0.2839919158082215,0.15862045984276738,0.03581509459031834
GradientBoosting,"(1, 2, 3, 12, 24)","{'l2_regularization': 1.0, 'learning_rate': 0.1, 'max_depth': 3, 'max_iter': 600, 'max_leaf_nodes': 63, 'min_samples_leaf': 50}",5,5164.979974373091,1947.167529116048,10604.026905048118,1859.2346481892107,1.6493974460637104,0.7697117670654049,0.1952843519970639,0.08260811343363414
GradientBoosting,"(1, 2, 3, 12, 24)","{'l2_regularization': 1.0, 'learning_rate': 0.1, 'max_depth': 3, 'max_iter': 600, 'max_leaf_nodes': 31, 'min_samples_leaf': 50}",5,5164.979974373091,1947.167529116048,10604.026905048118,1859.2346481892107,1.6493974460637104,0.7697117670654049,0.1952843519970639,0.08260811343363414
GradientBoosting,"(1, 12, 24)","{'l2_regularization': 0.0, 'learning_rate': 0.1, 'max_depth': 5, 'max_iter': 300, 'max_leaf_nodes': 31, 'min_samples_leaf': 50}",5,4401.397193924806,835.0871199693761,10604.674016870023,1612.1498136673013,1.3531274892271186,0.36620979183686586,0.1653990053596671,0.04148030573325486
GradientBoosting,"(1, 12, 24)","{'l2_regularization': 0.0, 'learning_rate': 0.1, 'max_depth': 5, 'max_iter': 300, 'max_leaf_nodes': 63, 'min_samples_leaf': 50}",5,4401.397193924806,835.0871199693761,10604.674016870023,1612.1498136673013,1.3531274892271186,0.36620979183686586,0.1653990053596671,0.04148030573325486
GradientBoosting,"(1, 2, 3, 12, 24)","{'l2_regularization': 1.0, 'learning_rate': 0.05, 'max_depth': None, 'max_iter': 300, 'max_leaf_nodes': 63, 'min_samples_leaf': 50}",5,4203.074652394558,748.8370249109911,10611.920409246068,1540.3549346068783,1.2798988042652084,0.2952569883639317,0.1580498845192594,0.0389835331572348
GradientBoosting,"(1, 12, 24)","{'l2_regularization': 0.0, 'learning_rate': 0.1, 'max_depth': None, 'max_iter': 600, 'max_leaf_nodes': 31, 'min_samples_leaf': 50}",5,4417.523222685616,819.7898447917217,10614.970222838305,1533.0253700864798,1.363443979736473,0.3744907821717457,0.1659646237616577,0.04069396633408996
GradientBoosting,"(1, 12, 24)","{'l2_regularization': 0.0, 'learning_rate': 0.1, 'max_depth': 5, 'max_iter': 600, 'max_leaf_nodes': 31, 'min_samples_leaf': 50}",5,4407.2513178786285,830.441984969475,10617.137249312978,1596.6734838969612,1.3532430436061178,0.36614356910850365,0.16561401221801067,0.04133483453146628
GradientBoosting,"(1, 12, 24)","{'l2_regularization': 0.0, 'learning_rate': 0.1, 'max_depth': 5, 'max_iter': 600, 'max_leaf_nodes': 63, 'min_samples_leaf': 50}",5,4407.2513178786285,830.441984969475,10617.137249312978,1596.6734838969612,1.3532430436061178,0.36614356910850365,0.16561401221801067,0.04133483453146628
GradientBoosting,"(1, 12, 24)","{'l2_regularization': 0.0, 'learning_rate': 0.1, 'max_depth': None, 'max_iter': 300, 'max_leaf_nodes': 31, 'min_samples_leaf': 50}",5,4409.700598545385,823.8588129571415,10621.43807252889,1527.1526679619753,1.3606680360232322,0.3756921729909829,0.16567731897384308,0.04083084712659832
GradientBoosting,"(1, 2, 3, 4, 5, 6, 12, 24)","{'l2_regularization': 1.0, 'learning_rate': 0.05, 'max_depth': 5, 'max_iter': 600, 'max_leaf_nodes': 63, 'min_samples_leaf': 20}",5,4295.660973277809,868.5588515176847,10622.16483101148,1512.4125590666251,1.3161978956307627,0.3495971294923022,0.16165757683257004,0.04307106835102638
GradientBoosting,"(1, 2, 3, 4, 5, 6, 12, 24)","{'l2_regularization': 1.0, 'learning_rate': 0.05, 'max_depth': 5, 'max_iter': 300, 'max_leaf_nodes': 63, 'min_samples_leaf': 20}",5,4295.660973277809,868.5588515176847,10622.16483101148,1512.4125590666251,1.3161978956307627,0.3495971294923022,0.16165757683257004,0.04307106835102638
GradientBoosting,"(1, 2, 3, 12, 24)","{'l2_regularization': 0.0, 'learning_rate': 0.1, 'max_depth': 5, 'max_iter': 600, 'max_leaf_nodes': 63, 'min_samples_leaf': 20}",5,4284.069192967645,919.6716693662669,10625.456338833561,1535.1639960036841,1.3156187736794502,0.37166516809020345,0.16129485495536414,0.04462613680970964
GradientBoosting,"(1, 2, 3, 12, 24)","{'l2_regularization': 0.0, 'learning_rate': 0.1, 'max_depth': 5, 'max_iter': 300, 'max_leaf_nodes': 63, 'min_samples_leaf': 20}",5,4284.069192967645,919.6716693662669,10625.456338833561,1535.1639960036841,1.3156187736794502,0.37166516809020345,0.16129485495536414,0.04462613680970964
GradientBoosting,"(1, 2, 3, 12, 24)","{'l2_regularization': 1.0, 'learning_rate': 0.05, 'max_depth': 5, 'max_iter': 600, 'max_leaf_nodes': 31, 'min_samples_leaf': 20}",5,4263.961809453709,799.4651849287762,10625.701922536242,1611.6221343544605,1.3077438410719542,0.3304872792952924,0.16031709699006189,0.040280854086466485
GradientBoosting,"(1, 2, 3, 12, 24)","{'l2_regularization': 1.0, 'learning_rate': 0.1, 'max_depth': 5, 'max_iter': 600, 'max_leaf_nodes': 63, 'min_samples_leaf': 50}",5,4322.594900150745,875.0413459666705,10626.221336540166,1638.0490239952344,1.328871631540815,0.3626988692695216,0.16263340091649348,0.043221361716571524
GradientBoosting,"(1, 2, 3, 12, 24)","{'l2_regularization': 1.0, 'learning_rate': 0.1, 'max_depth': 5, 'max_iter': 600, 'max_leaf_nodes': 31, 'min_samples_leaf': 50}",5,4322.594900150745,875.0413459666705,10626.221336540166,1638.0490239952344,1.328871631540815,0.3626988692695216,0.16263340091649348,0.043221361716571524
GradientBoosting,"(1, 2, 12, 24)","{'l2_regularization': 1.0, 'learning_rate': 0.05, 'max_depth': None, 'max_iter': 600, 'max_leaf_nodes': 63, 'min_samples_leaf': 20}",5,4239.2633753682585,737.2728535305805,10628.71499832839,1592.1772207108697,1.2938249808694777,0.29892477465887113,0.15928135277027605,0.038018932995745096
GradientBoosting,"(1, 2, 12, 24)","{'l2_regularization': 1.0, 'learning_rate': 0.05, 'max_depth': None, 'max_iter': 300, 'max_leaf_nodes': 63, 'min_samples_leaf': 20}",5,4239.2633753682585,737.2728535305805,10628.71499832839,1592.1772207108697,1.2938249808694777,0.29892477465887113,0.15928135277027605,0.038018932995745096
GradientBoosting,"(1, 2, 3, 12, 24)","{'l2_regularization': 1.0, 'learning_rate': 0.1, 'max_depth': 3, 'max_iter': 300, 'max_leaf_nodes': 31, 'min_samples_leaf': 50}",5,5190.358046156516,1928.8017416920604,10629.0703761698,1835.0298604745615,1.657436786687303,0.7646283427149403,0.19616056355580042,0.08191170699559601
GradientBoosting,"(1, 2, 3, 12, 24)","{'l2_regularization': 1.0, 'learning_rate': 0.1, 'max_depth': 3, 'max_iter': 300, 'max_leaf_nodes': 63, 'min_samples_leaf': 50}",5,5190.358046156516,1928.8017416920604,10629.0703761698,1835.0298604745615,1.657436786687303,0.7646283427149403,0.19616056355580042,0.08191170699559601
GradientBoosting,"(1, 2, 3, 12, 24)","{'l2_regularization': 1.0, 'learning_rate': 0.05, 'max_depth': 5, 'max_iter': 300, 'max_leaf_nodes': 31, 'min_samples_leaf': 20}",5,4267.556701243421,803.3192961762888,10632.183509969695,1619.4715705866706,1.3087739887179286,0.33086109427432825,0.16046459129315585,0.04046308308752464
GradientBoosting,"(1, 2, 3, 12, 24)","{'l2_regularization': 0.0, 'learning_rate': 0.05, 'max_depth': None, 'max_iter': 300, 'max_leaf_nodes': 63, 'min_samples_leaf': 20}",5,4211.932676840732,805.8713015097319,10632.809834069787,1494.3869426770589,1.2826584530403977,0.31097760254725704,0.15848862719893783,0.04108496211928908
GradientBoosting,"(1, 2, 3, 12, 24)","{'l2_regularization': 0.0, 'learning_rate': 0.05, 'max_depth': None, 'max_iter': 600, 'max_leaf_nodes': 63, 'min_samples_leaf': 20}",5,4212.335361071253,805.5196974452288,10636.2227554185,1491.629019058072,1.2827112934806433,0.3109354015033486,0.15850253040562406,0.041072319150368276
GradientBoosting,"(1, 2, 12, 24)","{'l2_regularization': 0.0, 'learning_rate': 0.05, 'max_depth': 5, 'max_iter': 300, 'max_leaf_nodes': 63, 'min_samples_leaf': 20}",5,4286.613181172683,807.4617402593913,10642.104328458709,1439.0403279983848,1.3222471271747962,0.3525924471143097,0.1610911204731711,0.040176123537551046
GradientBoosting,"(1, 2, 12, 24)","{'l2_regularization': 0.0, 'learning_rate': 0.05, 'max_depth': 5, 'max_iter': 600, 'max_leaf_nodes': 63, 'min_samples_leaf': 20}",5,4286.613181172683,807.4617402593913,10642.104328458709,1439.0403279983848,1.3222471271747962,0.3525924471143097,0.1610911204731711,0.040176123537551046
GradientBoosting,"(1, 2, 3, 12, 24)","{'l2_regularization': 1.0, 'learning_rate': 0.1, 'max_depth': 5, 'max_iter': 300, 'max_leaf_nodes': 63, 'min_samples_leaf': 50}",5,4324.06173885608,873.8252985162736,10642.574988060998,1616.7469091616556,1.32872886271686,0.3627591291597726,0.16268602219849387,0.0431805499057
GradientBoosting,"(1, 2, 3, 12, 24)","{'l2_regularization': 1.0, 'learning_rate': 0.1, 'max_depth': 5, 'max_iter': 300, 'max_leaf_nodes': 31, 'min_samples_leaf': 50}",5,4324.06173885608,873.8252985162736,10642.574988060998,1616.7469091616556,1.32872886271686,0.3627591291597726,0.16268602219849387,0.0431805499057
GradientBoosting,"(1, 12, 24)","{'l2_regularization': 1.0, 'learning_rate': 0.05, 'max_depth': 5, 'max_iter': 600, 'max_leaf_nodes': 63, 'min_samples_leaf': 20}",5,4293.75616068116,794.1668720696739,10647.76557769215,1674.0075772501566,1.3243611741527748,0.34635747607674194,0.16128502885429047,0.03951526440745098
GradientBoosting,"(1, 12, 24)","{'l2_regularization': 1.0, 'learning_rate': 0.05, 'max_depth': 5, 'max_iter': 300, 'max_leaf_nodes': 63, 'min_samples_leaf': 20}",5,4294.283803321421,794.0914317647753,10651.680296779961,1669.264615312854,1.324474102653286,0.3463902395321326,0.16130817333160632,0.03952040676391778
GradientBoosting,"(1, 12, 24)","{'l2_regularization': 1.0, 'learning_rate': 0.05, 'max_depth': 5, 'max_iter': 300, 'max_leaf_nodes': 31, 'min_samples_leaf': 20}",5,4304.05935442654,799.4245371755832,10656.314441639317,1670.566047235664,1.3273054545884557,0.3421804493375932,0.16171733044509537,0.0399079382137753
GradientBoosting,"(1, 2, 3, 12, 24)","{'l2_regularization': 1.0, 'learning_rate': 0.05, 'max_depth': 5, 'max_iter': 300, 'max_leaf_nodes': 63, 'min_samples_leaf': 20}",5,4275.7461500819045,812.7394831450415,10656.734470878922,1634.5770736667,1.309436303012936,0.32853337307246727,0.16079654175016414,0.04087227936743329
GradientBoosting,"(1, 2, 3, 4, 5, 6, 12)","{'l2_regularization': 1.0, 'learning_rate': 0.05, 'max_depth': 5, 'max_iter': 300, 'max_leaf_nodes': 31, 'min_samples_leaf': 20}",5,4231.253310396985,961.9364206612042,10659.20182637697,3108.1419800106446,1.2843696234848365,0.30850805184005275,0.16872775033971127,0.04187506014537249
GradientBoosting,"(1, 2, 3, 4, 5, 6, 12)","{'l2_regularization': 1.0, 'learning_rate': 0.05, 'max_depth': 5, 'max_iter': 600, 'max_leaf_nodes': 31, 'min_samples_leaf': 20}",5,4231.57551940224,961.5820781391752,10659.209969455242,3108.136541105315,1.284521503601915,0.30834708719449716,0.16873995870416808,0.04186092314037148
GradientBoosting,"(1, 12, 24)","{'l2_regularization': 1.0, 'learning_rate': 0.05, 'max_depth': 5, 'max_iter': 600, 'max_leaf_nodes': 31, 'min_samples_leaf': 20}",5,4297.920273030288,790.9855828820668,10659.312718213549,1679.3737015584788,1.3258498492385782,0.33962362449030337,0.16147545953107395,0.039610848683679305
GradientBoosting,"(1, 2, 3, 4, 5, 6, 12)","{'l2_regularization': 1.0, 'learning_rate': 0.05, 'max_depth': 5, 'max_iter': 300, 'max_leaf_nodes': 63, 'min_samples_leaf': 20}",5,4248.257439525029,939.0541058480522,10662.862230084636,3110.5407247589037,1.2885634851609988,0.299544955377371,0.16937652148100818,0.04095477555881056
GradientBoosting,"(1, 2, 3, 4, 5, 6, 12)","{'l2_regularization': 1.0, 'learning_rate': 0.05, 'max_depth': 5, 'max_iter': 600, 'max_leaf_nodes': 63, 'min_samples_leaf': 20}",5,4248.579648530286,938.685288873213,10662.870373162908,3110.5352804653025,1.2887153652780776,0.2993770440344626,0.16938872984546494,0.04094012731036615
GradientBoosting,"(1, 2, 3, 4, 5, 6, 12, 24)","{'l2_regularization': 1.0, 'learning_rate': 0.05, 'max_depth': 5, 'max_iter': 600, 'max_leaf_nodes': 31, 'min_samples_leaf': 20}",5,4306.571170492828,882.7360894567303,10663.848942435092,1551.4170515275475,1.3191714829105194,0.3553898591819479,0.16208530228555135,0.043577975739669476
GradientBoosting,"(1, 2, 3, 4, 5, 6, 12, 24)","{'l2_regularization': 1.0, 'learning_rate': 0.05, 'max_depth': 5, 'max_iter': 300, 'max_leaf_nodes': 31, 'min_samples_leaf': 20}",5,4306.571170492828,882.7360894567303,10663.848942435092,1551.4170515275475,1.3191714829105194,0.3553898591819479,0.16208530228555135,0.043577975739669476
GradientBoosting,"(1, 2, 3, 12, 24)","{'l2_regularization': 1.0, 'learning_rate': 0.05, 'max_depth': 5, 'max_iter': 600, 'max_leaf_nodes': 63, 'min_samples_leaf': 20}",5,4273.912394611684,810.2787584065705,10666.312357182887,1637.6194590801833,1.3081840340826054,0.3262953322238333,0.16072506439520545,0.04078770238534972
GradientBoosting,"(1, 2, 3, 12, 24)","{'l2_regularization': 1.0, 'learning_rate': 0.05, 'max_depth': None, 'max_iter': 600, 'max_leaf_nodes': 63, 'min_samples_leaf': 20}",5,4209.96874067401,807.8717717666796,10666.462077276521,1532.7407991308373,1.283659315721614,0.3226975716805023,0.15837732862896037,0.04078194228924729
GradientBoosting,"(1, 2, 3, 12, 24)","{'l2_regularization': 1.0, 'learning_rate': 0.05, 'max_depth': None, 'max_iter': 300, 'max_leaf_nodes': 63, 'min_samples_leaf': 20}",5,4209.96874067401,807.8717717666796,10666.462077276521,1532.7407991308373,1.283659315721614,0.3226975716805023,0.15837732862896037,0.04078194228924729
GradientBoosting,"(1, 2, 3, 12, 24)","{'l2_regularization': 0.0, 'learning_rate': 0.1, 'max_depth': 5, 'max_iter': 300, 'max_leaf_nodes': 31, 'min_samples_leaf': 50}",5,4352.166386017396,872.3921214203807,10676.04620326811,1631.2376008645847,1.3345507613349217,0.36430987571024603,0.16375840837539707,0.04329794069819952
GradientBoosting,"(1, 2, 3, 12, 24)","{'l2_regularization': 0.0, 'learning_rate': 0.1, 'max_depth': 5, 'max_iter': 300, 'max_leaf_nodes': 63, 'min_samples_leaf': 50}",5,4352.166386017396,872.3921214203807,10676.04620326811,1631.2376008645847,1.3345507613349217,0.36430987571024603,0.16375840837539707,0.04329794069819952
GradientBoosting,"(1, 2, 3, 12, 24)","{'l2_regularization': 0.0, 'learning_rate': 0.1, 'max_depth': 5, 'max_iter': 600, 'max_leaf_nodes': 31, 'min_samples_leaf': 50}",5,4349.4793669115725,874.61361471719,10678.92446495383,1628.1180583353193,1.3330468647953517,0.36542146164434014,0.16366664557597516,0.04338245580057134
GradientBoosting,"(1, 2, 3, 12, 24)","{'l2_regularization': 0.0, 'learning_rate': 0.1, 'max_depth': 5, 'max_iter': 600, 'max_leaf_nodes': 63, 'min_samples_leaf': 50}",5,4349.4793669115725,874.61361471719,10678.92446495383,1628.1180583353193,1.3330468647953517,0.36542146164434014,0.16366664557597516,0.04338245580057134
GradientBoosting,"(1, 2, 3, 4, 5, 6, 12, 24)","{'l2_regularization': 0.0, 'learning_rate': 0.05, 'max_depth': None, 'max_iter': 600, 'max_leaf_nodes': 31, 'min_samples_leaf': 50}",5,4280.092803458579,922.8259233831185,10681.622512095977,1688.6576033393599,1.315092953001027,0.38015679538761415,0.161163847735533,0.04495318569909818
GradientBoosting,"(1, 2, 12, 24)","{'l2_regularization': 1.0, 'learning_rate': 0.05, 'max_depth': None, 'max_iter': 600, 'max_leaf_nodes': 31, 'min_samples_leaf': 20}",5,4252.926891371577,808.3976251923556,10688.301723054721,1782.935868036539,1.3161406976267538,0.343985850518163,0.1598730504480072,0.04033691568789741
GradientBoosting,"(1, 2, 3, 4, 5, 6, 12, 24)","{'l2_regularization': 1.0, 'learning_rate': 0.05, 'max_depth': None, 'max_iter': 600, 'max_leaf_nodes': 63, 'min_samples_leaf': 50}",5,4172.162664344812,761.5163844283607,10698.176671568717,1805.4663548795113,1.2656576106362547,0.29231463472067726,0.15691230257820837,0.03937198840587266
GradientBoosting,"(1, 2, 3, 4, 5, 6, 12, 24)","{'l2_regularization': 1.0, 'learning_rate': 0.05, 'max_depth': None, 'max_iter': 600, 'max_leaf_nodes': 31, 'min_samples_leaf': 20}",5,4253.449431192419,897.1542682034092,10698.369100411532,1602.999030401863,1.3084212937550501,0.36849674285985,0.1600964668960429,0.04381176317049746
GradientBoosting,"(1, 2, 3, 12, 24)","{'l2_regularization': 0.0, 'learning_rate': 0.05, 'max_depth': 5, 'max_iter': 300, 'max_leaf_nodes': 63, 'min_samples_leaf': 20}",5,4264.268601024463,866.3219006407138,10702.051614539227,1495.1668986795687,1.3080964905339711,0.35387184871262517,0.1604624604420546,0.0427163371818648
GradientBoosting,"(1, 2, 3, 12, 24)","{'l2_regularization': 0.0, 'learning_rate': 0.05, 'max_depth': 5, 'max_iter': 600, 'max_leaf_nodes': 63, 'min_samples_leaf': 20}",5,4264.268601024463,866.3219006407138,10702.051614539227,1495.1668986795687,1.3080964905339711,0.35387184871262517,0.1604624604420546,0.0427163371818648
GradientBoosting,"(1, 2, 12, 24)","{'l2_regularization': 1.0, 'learning_rate': 0.05, 'max_depth': None, 'max_iter': 300, 'max_leaf_nodes': 31, 'min_samples_leaf': 20}",5,4273.575168280449,838.2789350942161,10702.641160662704,1790.8082843436666,1.323816767448824,0.3581850893784734,0.16067789288303633,0.04136814350385273
GradientBoosting,"(1, 2, 3, 4, 5, 6, 12, 24)","{'l2_regularization': 1.0, 'learning_rate': 0.05, 'max_depth': None, 'max_iter': 300, 'max_leaf_nodes': 31, 'min_samples_leaf': 20}",5,4259.3117004906635,892.2028722881122,10703.907597207139,1596.9704791281365,1.3102618882878887,0.36721230315251685,0.160311772911857,0.043656036655725185
GradientBoosting,"(1, 2, 12, 24)","{'l2_regularization': 1.0, 'learning_rate': 0.05, 'max_depth': None, 'max_iter': 600, 'max_leaf_nodes': 63, 'min_samples_leaf': 50}",5,4246.219025645815,657.1490780523972,10719.683097858371,1711.1877407453826,1.2879541117286526,0.2639801770897492,0.15943256625937102,0.03555536355203439
GradientBoosting,"(1, 2, 12, 24)","{'l2_regularization': 0.0, 'learning_rate': 0.05, 'max_depth': 5, 'max_iter': 600, 'max_leaf_nodes': 31, 'min_samples_leaf': 20}",5,4296.521270318215,812.8671866662972,10720.936704151047,1526.8773667854637,1.323055754579709,0.3500843649035944,0.16150984630478932,0.040591804324711336
GradientBoosting,"(1, 2, 12, 24)","{'l2_regularization': 0.0, 'learning_rate': 0.05, 'max_depth': 5, 'max_iter': 300, 'max_leaf_nodes': 31, 'min_samples_leaf': 20}",5,4296.521270318215,812.8671866662972,10720.936704151047,1526.8773667854637,1.323055754579709,0.3500843649035944,0.16150984630478932,0.040591804324711336
GradientBoosting,"(1, 12, 24)","{'l2_regularization': 1.0, 'learning_rate': 0.05, 'max_depth': None, 'max_iter': 300, 'max_leaf_nodes': 63, 'min_samples_leaf': 20}",5,4263.808804787572,684.1655954134327,10722.466209456097,1624.7446058922926,1.3013699207576341,0.2990086879813629,0.16003440250226775,0.03580183434686436
GradientBoosting,"(1, 2, 3, 12, 24)","{'l2_regularization': 0.0, 'learning_rate': 0.05, 'max_depth': 5, 'max_iter': 600, 'max_leaf_nodes': 31, 'min_samples_leaf': 20}",5,4267.323679124561,869.5538433324123,10724.027947983235,1509.0848737478166,1.3098924603093207,0.3548493758196011,0.1605873898064884,0.042866442214121635
GradientBoosting,"(1, 2, 3, 12, 24)","{'l2_regularization': 0.0, 'learning_rate': 0.05, 'max_depth': 5, 'max_iter': 300, 'max_leaf_nodes': 31, 'min_samples_leaf': 20}",5,4267.323679124561,869.5538433324123,10724.027947983235,1509.0848737478166,1.3098924603093207,0.3548493758196011,0.1605873898064884,0.042866442214121635
GradientBoosting,"(1, 2, 12, 24)","{'l2_regularization': 0.0, 'learning_rate': 0.1, 'max_depth': None, 'max_iter': 600, 'max_leaf_nodes': 63, 'min_samples_leaf': 20}",5,4263.204154309183,762.1540148722585,10733.101188119777,1979.0070977273806,1.304195867504686,0.3103281660623714,0.16021846742376866,0.03909110307361636
GradientBoosting,"(1, 2, 12, 24)","{'l2_regularization': 0.0, 'learning_rate': 0.1, 'max_depth': None, 'max_iter': 300, 'max_leaf_nodes': 63, 'min_samples_leaf': 20}",5,4263.204154309183,762.1540148722585,10733.101188119777,1979.0070977273806,1.304195867504686,0.3103281660623714,0.16021846742376866,0.03909110307361636
GradientBoosting,"(1, 12, 24)","{'l2_regularization': 1.0, 'learning_rate': 0.05, 'max_depth': None, 'max_iter': 600, 'max_leaf_nodes': 63, 'min_samples_leaf': 20}",5,4264.132561319333,684.6235778445414,10735.086849457035,1633.402559466003,1.301256710118499,0.298795913645358,0.16004702210227262,0.035817305050478684
GradientBoosting,"(1, 2, 3, 4, 5, 6, 12, 24)","{'l2_regularization': 1.0, 'learning_rate': 0.05, 'max_depth': None, 'max_iter': 300, 'max_leaf_nodes': 31, 'min_samples_leaf': 50}",5,4237.448389444614,812.6467555744746,10741.399536089804,1600.1881433289395,1.3011249065195731,0.34124445790267544,0.1594270086326069,0.04113235407659464
GradientBoosting,"(1, 2, 12, 24)","{'l2_regularization': 1.0, 'learning_rate': 0.1, 'max_depth': 5, 'max_iter': 300, 'max_leaf_nodes': 63, 'min_samples_leaf': 50}",5,4342.772649393877,795.87676649818,10748.656508254891,1705.0715258839905,1.3359774925141614,0.3503379005841704,0.16315205714987652,0.03995566985795218
GradientBoosting,"(1, 2, 12, 24)","{'l2_regularization': 1.0, 'learning_rate': 0.1, 'max_depth': 5, 'max_iter': 300, 'max_leaf_nodes': 31, 'min_samples_leaf': 50}",5,4342.772649393877,795.87676649818,10748.656508254891,1705.0715258839905,1.3359774925141614,0.3503379005841704,0.16315205714987652,0.03995566985795218
GradientBoosting,"(1, 2, 12, 24)","{'l2_regularization': 1.0, 'learning_rate': 0.1, 'max_depth': 5, 'max_iter': 600, 'max_leaf_nodes': 63, 'min_samples_leaf': 50}",5,4342.772649393877,795.87676649818,10748.656508254891,1705.0715258839905,1.3359774925141614,0.3503379005841704,0.16315205714987652,0.03995566985795218
GradientBoosting,"(1, 2, 12, 24)","{'l2_regularization': 1.0, 'learning_rate': 0.1, 'max_depth': 5, 'max_iter': 600, 'max_leaf_nodes': 31, 'min_samples_leaf': 50}",5,4342.772649393877,795.87676649818,10748.656508254891,1705.0715258839905,1.3359774925141614,0.3503379005841704,0.16315205714987652,0.03995566985795218
GradientBoosting,"(1, 2, 3, 4, 5, 6, 12, 24)","{'l2_regularization': 0.0, 'learning_rate': 0.1, 'max_depth': 5, 'max_iter': 600, 'max_leaf_nodes': 31, 'min_samples_leaf': 50}",5,4364.225075807956,862.6195712717117,10751.819209289108,1631.403182933386,1.3373982870585654,0.3538125527217508,0.16420679170921867,0.043092306606855015
GradientBoosting,"(1, 2, 3, 4, 5, 6, 12, 24)","{'l2_regularization': 0.0, 'learning_rate': 0.1, 'max_depth': 5, 'max_iter': 600, 'max_leaf_nodes': 63, 'min_samples_leaf': 50}",5,4364.225075807956,862.6195712717117,10751.819209289108,1631.403182933386,1.3373982870585654,0.3538125527217508,0.16420679170921867,0.043092306606855015
GradientBoosting,"(1, 2, 3, 4, 5, 6, 12, 24)","{'l2_regularization': 0.0, 'learning_rate': 0.1, 'max_depth': 5, 'max_iter': 300, 'max_leaf_nodes': 31, 'min_samples_leaf': 50}",5,4364.225075807956,862.6195712717117,10751.819209289108,1631.403182933386,1.3373982870585654,0.3538125527217508,0.16420679170921867,0.043092306606855015
GradientBoosting,"(1, 2, 3, 4, 5, 6, 12, 24)","{'l2_regularization': 0.0, 'learning_rate': 0.1, 'max_depth': 5, 'max_iter': 300, 'max_leaf_nodes': 63, 'min_samples_leaf': 50}",5,4364.225075807956,862.6195712717117,10751.819209289108,1631.403182933386,1.3373982870585654,0.3538125527217508,0.16420679170921867,0.043092306606855015
GradientBoosting,"(1, 12, 24)","{'l2_regularization': 0.0, 'learning_rate': 0.05, 'max_depth': 5, 'max_iter': 600, 'max_leaf_nodes': 31, 'min_samples_leaf': 50}",5,4391.7296846288,761.3347980793945,10756.748584600919,1651.0543390830649,1.348355607380292,0.35200864758870504,0.16494581848499784,0.038930738233721826
GradientBoosting,"(1, 12, 24)","{'l2_regularization': 0.0, 'learning_rate': 0.05, 'max_depth': 5, 'max_iter': 600, 'max_leaf_nodes': 63, 'min_samples_leaf': 50}",5,4391.7296846288,761.3347980793945,10756.748584600919,1651.0543390830649,1.348355607380292,0.35200864758870504,0.16494581848499784,0.038930738233721826
GradientBoosting,"(1, 12, 24)","{'l2_regularization': 1.0, 'learning_rate': 0.1, 'max_depth': 5, 'max_iter': 300, 'max_leaf_nodes': 63, 'min_samples_leaf': 50}",5,4370.077935579506,768.9242223422243,10765.487790676318,1742.336445752083,1.344577055692828,0.34214080322351514,0.16411105107358917,0.03900539908463239
GradientBoosting,"(1, 12, 24)","{'l2_regularization': 1.0, 'learning_rate': 0.1, 'max_depth': 5, 'max_iter': 300, 'max_leaf_nodes': 31, 'min_samples_leaf': 50}",5,4370.077935579506,768.9242223422243,10765.487790676318,1742.336445752083,1.344577055692828,0.34214080322351514,0.16411105107358917,0.03900539908463239
GradientBoosting,"(1, 2, 3, 4, 5, 6, 12, 24)","{'l2_regularization': 0.0, 'learning_rate': 0.1, 'max_depth': 3, 'max_iter': 600, 'max_leaf_nodes': 31, 'min_samples_leaf': 50}",5,5225.581392117272,1858.4153488253405,10766.021545908923,1775.7524357104223,1.6702100377979896,0.739724533641137,0.19743370032149066,0.0794253422888158
GradientBoosting,"(1, 2, 3, 4, 5, 6, 12, 24)","{'l2_regularization': 0.0, 'learning_rate': 0.1, 'max_depth': 3, 'max_iter': 300, 'max_leaf_nodes': 31, 'min_samples_leaf': 50}",5,5225.581392117272,1858.4153488253405,10766.021545908923,1775.7524357104223,1.6702100377979896,0.739724533641137,0.19743370032149066,0.0794253422888158
GradientBoosting,"(1, 2, 3, 4, 5, 6, 12, 24)","{'l2_regularization': 0.0, 'learning_rate': 0.1, 'max_depth': 3, 'max_iter': 300, 'max_leaf_nodes': 63, 'min_samples_leaf': 50}",5,5225.581392117272,1858.4153488253405,10766.021545908923,1775.7524357104223,1.6702100377979896,0.739724533641137,0.19743370032149066,0.0794253422888158
GradientBoosting,"(1, 2, 3, 4, 5, 6, 12, 24)","{'l2_regularization': 0.0, 'learning_rate': 0.1, 'max_depth': 3, 'max_iter': 600, 'max_leaf_nodes': 63, 'min_samples_leaf': 50}",5,5225.581392117272,1858.4153488253405,10766.021545908923,1775.7524357104223,1.6702100377979896,0.739724533641137,0.19743370032149066,0.0794253422888158
GradientBoosting,"(1, 2, 3, 4, 5, 6, 12)","{'l2_regularization': 1.0, 'learning_rate': 0.05, 'max_depth': None, 'max_iter': 600, 'max_leaf_nodes': 63, 'min_samples_leaf': 20}",5,4126.459372273612,898.666260984849,10767.746271310312,3083.229399891832,1.2284442632952313,0.24956602943239836,0.16456351058612023,0.03947128404697088
GradientBoosting,"(1, 12, 24)","{'l2_regularization': 1.0, 'learning_rate': 0.1, 'max_depth': 5, 'max_iter': 600, 'max_leaf_nodes': 31, 'min_samples_leaf': 50}",5,4371.194975212414,768.0522042203731,10768.558743825593,1737.9083429449622,1.3459418708743338,0.3414535174512775,0.16415298548088222,0.0389808277078616
GradientBoosting,"(1, 12, 24)","{'l2_regularization': 1.0, 'learning_rate': 0.1, 'max_depth': 5, 'max_iter': 600, 'max_leaf_nodes': 63, 'min_samples_leaf': 50}",5,4371.194975212414,768.0522042203731,10768.558743825593,1737.9083429449622,1.3459418708743338,0.3414535174512775,0.16415298548088222,0.0389808277078616
GradientBoosting,"(1, 12, 24)","{'l2_regularization': 1.0, 'learning_rate': 0.1, 'max_depth': None, 'max_iter': 600, 'max_leaf_nodes': 31, 'min_samples_leaf': 20}",5,4410.088040113629,815.4921266764635,10770.675233749376,1766.6156084140339,1.3644722248218661,0.3678915046413366,0.1656038645954207,0.040297885728289885
GradientBoosting,"(1, 12, 24)","{'l2_regularization': 1.0, 'learning_rate': 0.1, 'max_depth': None, 'max_iter': 300, 'max_leaf_nodes': 31, 'min_samples_leaf': 20}",5,4410.088040113629,815.4921266764635,10770.675233749376,1766.6156084140339,1.3644722248218661,0.3678915046413366,0.1656038645954207,0.040297885728289885
GradientBoosting,"(1, 2, 3, 4, 5, 6, 12)","{'l2_regularization': 1.0, 'learning_rate': 0.05, 'max_depth': None, 'max_iter': 300, 'max_leaf_nodes': 63, 'min_samples_leaf': 20}",5,4126.070562139381,898.826672100961,10771.005398494628,3081.325250828151,1.2280503462037011,0.24989976197716068,0.164547525558789,0.03947506120389442
GradientBoosting,"(1, 12, 24)","{'l2_regularization': 0.0, 'learning_rate': 0.05, 'max_depth': None, 'max_iter': 600, 'max_leaf_nodes': 31, 'min_samples_leaf': 50}",5,4392.996696655836,769.5891967438472,10780.584220271943,1696.6683883148296,1.3502845314135166,0.35484557619661694,0.16496400310457526,0.038978569372785814
GradientBoosting,"(1, 2, 12, 24)","{'l2_regularization': 0.0, 'learning_rate': 0.1, 'max_depth': 5, 'max_iter': 300, 'max_leaf_nodes': 31, 'min_samples_leaf': 20}",5,4308.011308231293,827.1645700116957,10782.269191287889,1589.2309412901238,1.3286462601697484,0.35565795919448895,0.16189960087666516,0.040892907210511635
GradientBoosting,"(1, 2, 12, 24)","{'l2_regularization': 0.0, 'learning_rate': 0.1, 'max_depth': 5, 'max_iter': 600, 'max_leaf_nodes': 31, 'min_samples_leaf': 20}",5,4312.00224821341,824.0884536208939,10785.205512793435,1585.8315372062764,1.3302328119198166,0.3546815036908275,0.16204617779819283,0.04079583452205763
GradientBoosting,"(1, 2, 3, 4, 5, 6, 12, 24)","{'l2_regularization': 0.0, 'learning_rate': 0.05, 'max_depth': None, 'max_iter': 300, 'max_leaf_nodes': 31, 'min_samples_leaf': 50}",5,4302.419597201304,903.3156005229368,10797.625804278538,1560.2178575474209,1.3193417772933425,0.3771182183644134,0.16197234896403492,0.044321359925933605
GradientBoosting,"(1, 2, 3, 4, 5, 6, 12, 24)","{'l2_regularization': 1.0, 'learning_rate': 0.05, 'max_depth': 5, 'max_iter': 600, 'max_leaf_nodes': 31, 'min_samples_leaf': 50}",5,4319.526610543924,798.6695663897315,10801.784909182086,1702.2947042268856,1.3222601738308406,0.3366539507252679,0.16243079700834404,0.040743722819268274
GradientBoosting,"(1, 2, 3, 4, 5, 6, 12, 24)","{'l2_regularization': 1.0, 'learning_rate': 0.05, 'max_depth': 5, 'max_iter': 600, 'max_leaf_nodes': 63, 'min_samples_leaf': 50}",5,4319.526610543924,798.6695663897315,10801.784909182086,1702.2947042268856,1.3222601738308406,0.3366539507252679,0.16243079700834404,0.040743722819268274
GradientBoosting,"(1, 2, 3, 4, 5, 6, 12, 24)","{'l2_regularization': 1.0, 'learning_rate': 0.05, 'max_depth': None, 'max_iter': 300, 'max_leaf_nodes': 63, 'min_samples_leaf': 50}",5,4183.757733463345,746.8266946556475,10820.92260309464,1677.5119934729098,1.2653119040346326,0.2898659120551345,0.15731919151401172,0.03888876546544908
GradientBoosting,"(1, 2, 12, 24)","{'l2_regularization': 1.0, 'learning_rate': 0.05, 'max_depth': None, 'max_iter': 300, 'max_leaf_nodes': 63, 'min_samples_leaf': 50}",5,4250.3667533292555,660.9059287239512,10824.76271589947,1608.029194828477,1.2877003829327294,0.27245512964977897,0.15959311930753148,0.03565348861683833
GradientBoosting,"(1, 12, 24)","{'l2_regularization': 0.0, 'learning_rate': 0.1, 'max_depth': None, 'max_iter': 600, 'max_leaf_nodes': 63, 'min_samples_leaf': 20}",5,4316.905283496872,678.01876709398,10825.784336840014,1784.9585877738432,1.3162524729135454,0.28209323638169914,0.16204080645710162,0.036059766741593655
GradientBoosting,"(1, 12, 24)","{'l2_regularization': 0.0, 'learning_rate': 0.1, 'max_depth': None, 'max_iter': 300, 'max_leaf_nodes': 63, 'min_samples_leaf': 20}",5,4316.905283496872,678.01876709398,10825.784336840014,1784.9585877738432,1.3162524729135454,0.28209323638169914,0.16204080645710162,0.036059766741593655
GradientBoosting,"(1, 12, 24)","{'l2_regularization': 1.0, 'learning_rate': 0.05, 'max_depth': 5, 'max_iter': 600, 'max_leaf_nodes': 31, 'min_samples_leaf': 50}",5,4350.1113384302325,717.5974756076686,10829.828171235937,1796.8126043380641,1.3371755190738523,0.33654004348264754,0.16329250880948723,0.037193589940816243
GradientBoosting,"(1, 12, 24)","{'l2_regularization': 1.0, 'learning_rate': 0.05, 'max_depth': 5, 'max_iter': 600, 'max_leaf_nodes': 63, 'min_samples_leaf': 50}",5,4350.1113384302325,717.5974756076686,10829.828171235937,1796.8126043380641,1.3371755190738523,0.33654004348264754,0.16329250880948723,0.037193589940816243
GradientBoosting,"(1, 2, 12, 24)","{'l2_regularization': 0.0, 'learning_rate': 0.05, 'max_depth': 5, 'max_iter': 600, 'max_leaf_nodes': 31, 'min_samples_leaf': 50}",5,4362.861113641367,769.2171785930149,10829.917373117953,1740.603309921931,1.3422173020639871,0.34790706910478275,0.16388476321491063,0.03919288437983
GradientBoosting,"(1, 2, 12, 24)","{'l2_regularization': 0.0, 'learning_rate': 0.05, 'max_depth': 5, 'max_iter': 600, 'max_leaf_nodes': 63, 'min_samples_leaf': 50}",5,4362.861113641367,769.2171785930149,10829.917373117953,1740.603309921931,1.3422173020639871,0.34790706910478275,0.16388476321491063,0.03919288437983
GradientBoosting,"(1, 2, 3, 12, 24)","{'l2_regularization': 1.0, 'learning_rate': 0.05, 'max_depth': 5, 'max_iter': 600, 'max_leaf_nodes': 31, 'min_samples_leaf': 50}",5,4352.117064935022,806.5394733748806,10832.570106254389,1820.2664018827418,1.3326072404273495,0.3435507191688056,0.16363609756318412,0.04103516134381815
GradientBoosting,"(1, 2, 3, 12, 24)","{'l2_regularization': 1.0, 'learning_rate': 0.05, 'max_depth': 5, 'max_iter': 600, 'max_leaf_nodes': 63, 'min_samples_leaf': 50}",5,4352.117064935022,806.5394733748806,10832.570106254389,1820.2664018827418,1.3326072404273495,0.3435507191688056,0.16363609756318412,0.04103516134381815
GradientBoosting,"(1, 2, 12, 24)","{'l2_regularization': 0.0, 'learning_rate': 0.1, 'max_depth': 5, 'max_iter': 300, 'max_leaf_nodes': 63, 'min_samples_leaf': 20}",5,4309.832177276435,825.893381148338,10836.006403669662,1637.0144286564473,1.3269989116851584,0.35327501382750975,0.16198340903683386,0.04093982328384188
GradientBoosting,"(1, 2, 12, 24)","{'l2_regularization': 0.0, 'learning_rate': 0.1, 'max_depth': 5, 'max_iter': 600, 'max_leaf_nodes': 63, 'min_samples_leaf': 20}",5,4313.823117258552,822.8036804579374,10838.942725175208,1633.617868355018,1.3285854634352263,0.3522993723015518,0.16212998595836153,0.04084256133069476
GradientBoosting,"(1, 2, 3, 12, 24)","{'l2_regularization': 0.0, 'learning_rate': 0.05, 'max_depth': None, 'max_iter': 600, 'max_leaf_nodes': 31, 'min_samples_leaf': 50}",5,4365.122229126411,945.0917501199358,10839.680677626566,1903.0407737549313,1.3417608678615394,0.39048219270228646,0.16435542557526744,0.045863932291609025
GradientBoosting,"(1, 2, 3, 12, 24)","{'l2_regularization': 0.0, 'learning_rate': 0.05, 'max_depth': 5, 'max_iter': 600, 'max_leaf_nodes': 63, 'min_samples_leaf': 50}",5,4347.037334642688,814.6481206551795,10842.849684753583,1692.8178604002435,1.327321585091062,0.3490056737090207,0.1634655346498054,0.041282847303924966
GradientBoosting,"(1, 2, 3, 12, 24)","{'l2_regularization': 0.0, 'learning_rate': 0.05, 'max_depth': 5, 'max_iter': 600, 'max_leaf_nodes': 31, 'min_samples_leaf': 50}",5,4347.037334642688,814.6481206551795,10842.849684753583,1692.8178604002435,1.327321585091062,0.3490056737090207,0.1634655346498054,0.041282847303924966
GradientBoosting,"(1, 12, 24)","{'l2_regularization': 0.0, 'learning_rate': 0.05, 'max_depth': None, 'max_iter': 300, 'max_leaf_nodes': 31, 'min_samples_leaf': 50}",5,4387.739779164555,773.2677866544493,10844.457503189351,1629.6833734984416,1.3468927837675124,0.35657339188068693,0.164771567397549,0.039096061876179804
GradientBoosting,"(1, 12, 24)","{'l2_regularization': 1.0, 'learning_rate': 0.05, 'max_depth': None, 'max_iter': 600, 'max_leaf_nodes': 31, 'min_samples_leaf': 50}",5,4360.5993182649945,666.253341529555,10864.548286889232,1750.9960592247678,1.3398802970355277,0.320557893044403,0.1636144429509348,0.03536362603700266
GradientBoosting,"(1, 12, 24)","{'l2_regularization': 0.0, 'learning_rate': 0.05, 'max_depth': 5, 'max_iter': 300, 'max_leaf_nodes': 31, 'min_samples_leaf': 50}",5,4413.745046967873,761.587327631362,10868.162153164929,1561.613334402381,1.353598146875986,0.35154928498384685,0.1657835410053982,0.0390865093408203
GradientBoosting,"(1, 12, 24)","{'l2_regularization': 0.0, 'learning_rate': 0.05, 'max_depth': 5, 'max_iter': 300, 'max_leaf_nodes': 63, 'min_samples_leaf': 50}",5,4413.745046967873,761.587327631362,10868.162153164929,1561.613334402381,1.353598146875986,0.35154928498384685,0.1657835410053982,0.0390865093408203
GradientBoosting,"(1, 2, 3, 4, 5, 6, 12, 24)","{'l2_regularization': 1.0, 'learning_rate': 0.05, 'max_depth': 5, 'max_iter': 300, 'max_leaf_nodes': 63, 'min_samples_leaf': 50}",5,4327.947524776197,791.1774786450084,10869.09992800483,1642.6110015769586,1.3241204481468045,0.3351827140229832,0.16273429030801456,0.040498134580631964
GradientBoosting,"(1, 2, 3, 4, 5, 6, 12, 24)","{'l2_regularization': 1.0, 'learning_rate': 0.05, 'max_depth': 5, 'max_iter': 300, 'max_leaf_nodes': 31, 'min_samples_leaf': 50}",5,4327.947524776197,791.1774786450084,10869.09992800483,1642.6110015769586,1.3241204481468045,0.3351827140229832,0.16273429030801456,0.040498134580631964
GradientBoosting,"(1, 2, 12, 24)","{'l2_regularization': 1.0, 'learning_rate': 0.05, 'max_depth': None, 'max_iter': 600, 'max_leaf_nodes': 31, 'min_samples_leaf': 50}",5,4320.167199221485,722.85105907726,10870.259079047062,1810.4053532524867,1.3233159492433666,0.3267480517608863,0.1622478205273264,0.037590275756188354
GradientBoosting,"(1, 2, 12, 24)","{'l2_regularization': 1.0, 'learning_rate': 0.05, 'max_depth': 5, 'max_iter': 600, 'max_leaf_nodes': 63, 'min_samples_leaf': 20}",5,4287.78257639879,781.8123853134887,10870.464650939017,1966.39086844064,1.3180506726169048,0.33444718199471024,0.1610856665578348,0.03931402156566173
GradientBoosting,"(1, 2, 12, 24)","{'l2_regularization': 1.0, 'learning_rate': 0.05, 'max_depth': 5, 'max_iter': 300, 'max_leaf_nodes': 63, 'min_samples_leaf': 20}",5,4290.38408365861,779.7621765828137,10878.06904968269,1958.217384418931,1.3183953086061146,0.3342451179145734,0.16118121320278184,0.0392502806444437
GradientBoosting,"(1, 2, 12, 24)","{'l2_regularization': 1.0, 'learning_rate': 0.05, 'max_depth': 5, 'max_iter': 600, 'max_leaf_nodes': 31, 'min_samples_leaf': 50}",5,4348.753906573007,771.4888861280525,10879.35741500582,1998.7642420702348,1.3391001779475615,0.34608655603401395,0.16336905081330882,0.03934485508229448
GradientBoosting,"(1, 2, 12, 24)","{'l2_regularization': 1.0, 'learning_rate': 0.05, 'max_depth': 5, 'max_iter': 600, 'max_leaf_nodes': 63, 'min_samples_leaf': 50}",5,4348.753906573007,771.4888861280525,10879.35741500582,1998.7642420702348,1.3391001779475615,0.34608655603401395,0.16336905081330882,0.03934485508229448
GradientBoosting,"(1, 2, 12, 24)","{'l2_regularization': 0.0, 'learning_rate': 0.1, 'max_depth': None, 'max_iter': 600, 'max_leaf_nodes': 31, 'min_samples_leaf': 50}",5,4409.419003246633,859.9259476793641,10880.746607168587,1876.4747626907906,1.3562253846326429,0.3601971932077995,0.16586194675464244,0.04283154475846208
GradientBoosting,"(1, 12, 24)","{'l2_regularization': 0.0, 'learning_rate': 0.1, 'max_depth': None, 'max_iter': 300, 'max_leaf_nodes': 63, 'min_samples_leaf': 50}",5,4355.434193376868,605.3033501694424,10881.68971589097,1798.4785399372665,1.3204159789140675,0.24408185578286545,0.16341322099254926,0.033861894315783084
GradientBoosting,"(1, 12, 24)","{'l2_regularization': 0.0, 'learning_rate': 0.1, 'max_depth': None, 'max_iter': 600, 'max_leaf_nodes': 63, 'min_samples_leaf': 50}",5,4355.434193376868,605.3033501694424,10881.68971589097,1798.4785399372665,1.3204159789140675,0.24408185578286545,0.16341322099254926,0.033861894315783084
GradientBoosting,"(1, 2, 12, 24)","{'l2_regularization': 0.0, 'learning_rate': 0.1, 'max_depth': None, 'max_iter': 300, 'max_leaf_nodes': 31, 'min_samples_leaf': 50}",5,4406.682876566401,861.7776472838322,10887.197381398302,1869.1666284509126,1.354176978614821,0.3612336839487091,0.1657614558859511,0.04289089126007482
GradientBoosting,"(1, 2, 12, 24)","{'l2_regularization': 0.0, 'learning_rate': 0.05, 'max_depth': 5, 'max_iter': 300, 'max_leaf_nodes': 31, 'min_samples_leaf': 50}",5,4373.905159808183,759.4183990930659,10892.129652779771,1674.8876009135279,1.343701120721963,0.34670857539335587,0.16428652095270538,0.0388729428221796
GradientBoosting,"(1, 2, 12, 24)","{'l2_regularization': 0.0, 'learning_rate': 0.05, 'max_depth': 5, 'max_iter': 300, 'max_leaf_nodes': 63, 'min_samples_leaf': 50}",5,4373.905159808183,759.4183990930659,10892.129652779771,1674.8876009135279,1.343701120721963,0.34670857539335587,0.16428652095270538,0.0388729428221796
GradientBoosting,"(1, 2, 12, 24)","{'l2_regularization': 1.0, 'learning_rate': 0.05, 'max_depth': 5, 'max_iter': 600, 'max_leaf_nodes': 31, 'min_samples_leaf': 20}",5,4290.6905967432585,786.0503438564533,10894.625164297639,1971.4127951936885,1.3178339760112243,0.33404355564333427,0.1611990173321142,0.03945957821437738
GradientBoosting,"(1, 2, 3, 12, 24)","{'l2_regularization': 1.0, 'learning_rate': 0.05, 'max_depth': 5, 'max_iter': 300, 'max_leaf_nodes': 31, 'min_samples_leaf': 50}",5,4360.952406909271,795.1557442197485,10900.013500921088,1737.084812789084,1.3335903677217942,0.34184364410603246,0.16395207899904524,0.04065079117234149
GradientBoosting,"(1, 2, 3, 12, 24)","{'l2_regularization': 1.0, 'learning_rate': 0.05, 'max_depth': 5, 'max_iter': 300, 'max_leaf_nodes': 63, 'min_samples_leaf': 50}",5,4360.952406909271,795.1557442197485,10900.013500921088,1737.084812789084,1.3335903677217942,0.34184364410603246,0.16395207899904524,0.04065079117234149
GradientBoosting,"(1, 2, 12, 24)","{'l2_regularization': 1.0, 'learning_rate': 0.05, 'max_depth': 5, 'max_iter': 300, 'max_leaf_nodes': 31, 'min_samples_leaf': 20}",5,4293.292104003078,784.0015681134656,10902.229563041312,1963.1666342550539,1.3181786120004342,0.333841470963785,0.16129456397706124,0.03939579788868951
GradientBoosting,"(1, 2, 12, 24)","{'l2_regularization': 0.0, 'learning_rate': 0.1, 'max_depth': 5, 'max_iter': 600, 'max_leaf_nodes': 31, 'min_samples_leaf': 50}",5,4400.109145748478,832.235874250093,10910.736262414313,1955.4808104033539,1.3533018136202553,0.3670218252942504,0.1653557206580129,0.041460041697015844
GradientBoosting,"(1, 2, 12, 24)","{'l2_regularization': 0.0, 'learning_rate': 0.1, 'max_depth': 5, 'max_iter': 600, 'max_leaf_nodes': 63, 'min_samples_leaf': 50}",5,4400.109145748478,832.235874250093,10910.736262414313,1955.4808104033539,1.3533018136202553,0.3670218252942504,0.1653557206580129,0.041460041697015844
GradientBoosting,"(1, 2, 12, 24)","{'l2_regularization': 0.0, 'learning_rate': 0.1, 'max_depth': 5, 'max_iter': 300, 'max_leaf_nodes': 63, 'min_samples_leaf': 50}",5,4403.696446992666,829.2683574987853,10912.732600550838,1951.772035153931,1.353779302068876,0.36682457713139666,0.16549055633773968,0.041374869906690245
GradientBoosting,"(1, 2, 12, 24)","{'l2_regularization': 0.0, 'learning_rate': 0.1, 'max_depth': 5, 'max_iter': 300, 'max_leaf_nodes': 31, 'min_samples_leaf': 50}",5,4403.696446992666,829.2683574987853,10912.732600550838,1951.772035153931,1.353779302068876,0.36682457713139666,0.16549055633773968,0.041374869906690245
GradientBoosting,"(1, 2, 3, 12, 24)","{'l2_regularization': 0.0, 'learning_rate': 0.1, 'max_depth': None, 'max_iter': 300, 'max_leaf_nodes': 63, 'min_samples_leaf': 50}",5,4291.64808250711,776.866440890055,10914.232546087862,1642.5425515186605,1.2907790853388286,0.2760619603457006,0.16144729016766343,0.04052274733924427
GradientBoosting,"(1, 2, 3, 4, 5, 6, 12, 24)","{'l2_regularization': 0.0, 'learning_rate': 0.1, 'max_depth': None, 'max_iter': 600, 'max_leaf_nodes': 63, 'min_samples_leaf': 20}",5,4259.312967885495,803.3567982589606,10923.69866154839,1877.9454170315091,1.294136377980885,0.31496130006331724,0.16012989224933444,0.0406472430579702
GradientBoosting,"(1, 2, 3, 4, 5, 6, 12, 24)","{'l2_regularization': 0.0, 'learning_rate': 0.1, 'max_depth': None, 'max_iter': 300, 'max_leaf_nodes': 63, 'min_samples_leaf': 20}",5,4259.312967885495,803.3567982589606,10923.69866154839,1877.9454170315091,1.294136377980885,0.31496130006331724,0.16012989224933444,0.0406472430579702
GradientBoosting,"(1, 12, 24)","{'l2_regularization': 0.0, 'learning_rate': 0.1, 'max_depth': 5, 'max_iter': 300, 'max_leaf_nodes': 31, 'min_samples_leaf': 20}",5,4360.8171622999525,782.2766907350451,10924.244119900803,1881.4927306486584,1.3466272013549845,0.3416486400476947,0.16376243741864538,0.03930297648017773
GradientBoosting,"(1, 12, 24)","{'l2_regularization': 0.0, 'learning_rate': 0.1, 'max_depth': 5, 'max_iter': 600, 'max_leaf_nodes': 31, 'min_samples_leaf': 20}",5,4360.8171622999525,782.2766907350451,10924.244119900803,1881.4927306486584,1.3466272013549845,0.3416486400476947,0.16376243741864538,0.03930297648017773
GradientBoosting,"(1, 2, 3, 12, 24)","{'l2_regularization': 0.0, 'learning_rate': 0.1, 'max_depth': None, 'max_iter': 600, 'max_leaf_nodes': 63, 'min_samples_leaf': 50}",5,4298.521678731661,769.9404095233776,10924.776530138948,1631.1291018843785,1.2921607299798585,0.2748246902887711,0.16168461018604133,0.040286753675840864
GradientBoosting,"(1, 2, 3, 4, 5, 6, 12, 24)","{'l2_regularization': 0.0, 'learning_rate': 0.05, 'max_depth': 5, 'max_iter': 600, 'max_leaf_nodes': 63, 'min_samples_leaf': 50}",5,4335.513062020708,820.3162706106693,10936.437680891508,1846.4671393546746,1.3239712656065867,0.338891735934208,0.16304557970662095,0.041488127272779694
GradientBoosting,"(1, 2, 3, 4, 5, 6, 12, 24)","{'l2_regularization': 0.0, 'learning_rate': 0.05, 'max_depth': 5, 'max_iter': 600, 'max_leaf_nodes': 31, 'min_samples_leaf': 50}",5,4335.513062020708,820.3162706106693,10936.437680891508,1846.4671393546746,1.3239712656065867,0.338891735934208,0.16304557970662095,0.041488127272779694
GradientBoosting,"(1, 2, 3, 12, 24)","{'l2_regularization': 0.0, 'learning_rate': 0.05, 'max_depth': 5, 'max_iter': 300, 'max_leaf_nodes': 63, 'min_samples_leaf': 50}",5,4376.44889907358,790.1471141211607,10937.336900730053,1592.2908744548013,1.3358849589456816,0.34293304628579097,0.1645093846856903,0.04044670985945229
GradientBoosting,"(1, 2, 3, 12, 24)","{'l2_regularization': 0.0, 'learning_rate': 0.05, 'max_depth': 5, 'max_iter': 300, 'max_leaf_nodes': 31, 'min_samples_leaf': 50}",5,4376.44889907358,790.1471141211607,10937.336900730053,1592.2908744548013,1.3358849589456816,0.34293304628579097,0.1645093846856903,0.04044670985945229
GradientBoosting,"(1, 2, 3, 12, 24)","{'l2_regularization': 0.0, 'learning_rate': 0.05, 'max_depth': None, 'max_iter': 300, 'max_leaf_nodes': 31, 'min_samples_leaf': 50}",5,4372.883191444652,938.1279142284687,10943.29265799591,1778.5860195476741,1.3414790543063906,0.3903359808561001,0.1646321161827348,0.04563044699672237
GradientBoosting,"(1, 12, 24)","{'l2_regularization': 0.0, 'learning_rate': 0.1, 'max_depth': 5, 'max_iter': 300, 'max_leaf_nodes': 63, 'min_samples_leaf': 20}",5,4319.76407110028,746.3154926627624,10949.27549401887,1894.045537972228,1.3266723683405535,0.3100915009062907,0.16221473506829776,0.0381345862408392
GradientBoosting,"(1, 2, 3, 12, 24)","{'l2_regularization': 1.0, 'learning_rate': 0.05, 'max_depth': None, 'max_iter': 600, 'max_leaf_nodes': 31, 'min_samples_leaf': 50}",5,4292.486842656756,777.8509678005148,10949.331775103274,1946.6323793496001,1.3137253454379025,0.33876229859618306,0.16135526890868176,0.03971694553508652
GradientBoosting,"(1, 12, 24)","{'l2_regularization': 0.0, 'learning_rate': 0.1, 'max_depth': 5, 'max_iter': 600, 'max_leaf_nodes': 63, 'min_samples_leaf': 20}",5,4317.633919349862,743.2181157692409,10949.932734051321,1894.4153324602685,1.326498462822151,0.3097662971596169,0.16213170457963497,0.03802911245491401
GradientBoosting,"(1, 12, 24)","{'l2_regularization': 0.0, 'learning_rate': 0.05, 'max_depth': 5, 'max_iter': 600, 'max_leaf_nodes': 63, 'min_samples_leaf': 20}",5,4312.797795903997,753.3566627913622,10953.150709915204,1732.6045555336668,1.3286345669119088,0.3293818193680094,0.16196431839671632,0.03833727908426859
GradientBoosting,"(1, 12, 24)","{'l2_regularization': 1.0, 'learning_rate': 0.05, 'max_depth': 5, 'max_iter': 300, 'max_leaf_nodes': 31, 'min_samples_leaf': 50}",5,4362.971798307506,705.2905043745283,10955.094636143407,1650.6201489215518,1.3388930822459042,0.33524690568429183,0.16375119282526693,0.03677393021359723
GradientBoosting,"(1, 12, 24)","{'l2_regularization': 1.0, 'learning_rate': 0.05, 'max_depth': 5, 'max_iter': 300, 'max_leaf_nodes': 63, 'min_samples_leaf': 50}",5,4362.971798307506,705.2905043745283,10955.094636143407,1650.6201489215518,1.3388930822459042,0.33524690568429183,0.16375119282526693,0.03677393021359723
GradientBoosting,"(1, 2, 12, 24)","{'l2_regularization': 1.0, 'learning_rate': 0.05, 'max_depth': None, 'max_iter': 300, 'max_leaf_nodes': 31, 'min_samples_leaf': 50}",5,4326.189622105542,713.8943518139791,10958.943476606495,1720.7913152740578,1.3237186107746863,0.32588915650008354,0.16245322293117742,0.03726572632126432
GradientBoosting,"(1, 12, 24)","{'l2_regularization': 1.0, 'learning_rate': 0.05, 'max_depth': None, 'max_iter': 300, 'max_leaf_nodes': 31, 'min_samples_leaf': 50}",5,4365.05988556095,672.3082692334182,10964.964570169339,1654.4799175621024,1.3390855190940993,0.3244127714785076,0.16378670835453368,0.035576638283696435
GradientBoosting,"(1, 12, 24)","{'l2_regularization': 0.0, 'learning_rate': 0.05, 'max_depth': 5, 'max_iter': 300, 'max_leaf_nodes': 63, 'min_samples_leaf': 20}",5,4353.607818799485,815.5650705594319,10971.22801449561,1743.4105318170973,1.3425922352886261,0.3556161764378073,0.1635550389370189,0.040466992118442166
GradientBoosting,"(1, 2, 3, 12, 24)","{'l2_regularization': 0.0, 'learning_rate': 0.05, 'max_depth': None, 'max_iter': 600, 'max_leaf_nodes': 63, 'min_samples_leaf': 50}",5,4307.325805118394,786.6633749133766,10974.641361318962,1848.8289567696888,1.3010606189345189,0.29092864874429375,0.16202680196027966,0.04087765755910113
GradientBoosting,"(1, 2, 12, 24)","{'l2_regularization': 1.0, 'learning_rate': 0.05, 'max_depth': 5, 'max_iter': 300, 'max_leaf_nodes': 31, 'min_samples_leaf': 50}",5,4366.678257066005,754.334871535889,10979.11142071446,1883.7758635841346,1.3428563445481083,0.3437799629105804,0.16401465888258107,0.03878415610092953
GradientBoosting,"(1, 2, 12, 24)","{'l2_regularization': 1.0, 'learning_rate': 0.05, 'max_depth': 5, 'max_iter': 300, 'max_leaf_nodes': 63, 'min_samples_leaf': 50}",5,4366.678257066005,754.334871535889,10979.11142071446,1883.7758635841346,1.3428563445481083,0.3437799629105804,0.16401465888258107,0.03878415610092953
GradientBoosting,"(1, 12, 24)","{'l2_regularization': 0.0, 'learning_rate': 0.05, 'max_depth': None, 'max_iter': 600, 'max_leaf_nodes': 31, 'min_samples_leaf': 20}",5,4447.437246951794,923.4284611940419,10982.940727398181,2148.8489799758827,1.383054565159733,0.4164235269277588,0.16718835047421762,0.0443794942215414
GradientBoosting,"(1, 12, 24)","{'l2_regularization': 0.0, 'learning_rate': 0.05, 'max_depth': None, 'max_iter': 300, 'max_leaf_nodes': 31, 'min_samples_leaf': 20}",5,4446.139447545761,924.4280208719126,10985.087215899755,2146.6184497231534,1.3816840995699784,0.4171719487697789,0.16714068565275972,0.044411682877830316
GradientBoosting,"(1, 2, 12, 24)","{'l2_regularization': 0.0, 'learning_rate': 0.05, 'max_depth': None, 'max_iter': 600, 'max_leaf_nodes': 31, 'min_samples_leaf': 50}",5,4372.169110223602,817.947684108773,10988.197668125456,1907.2464301627513,1.3388970876542015,0.3562264553382829,0.16431806302774388,0.040924593915567874
GradientBoosting,"(1, 2, 3, 4, 5, 6, 12)","{'l2_regularization': 1.0, 'learning_rate': 0.1, 'max_depth': None, 'max_iter': 600, 'max_leaf_nodes': 31, 'min_samples_leaf': 20}",5,4291.494162693813,978.7740547573891,10988.986485518768,2924.498332777723,1.2928936309794234,0.32438158638678777,0.17106133876133728,0.042045451007063396
GradientBoosting,"(1, 2, 3, 4, 5, 6, 12)","{'l2_regularization': 1.0, 'learning_rate': 0.1, 'max_depth': None, 'max_iter': 300, 'max_leaf_nodes': 31, 'min_samples_leaf': 20}",5,4291.494162693813,978.7740547573891,10988.986485518768,2924.498332777723,1.2928936309794234,0.32438158638678777,0.17106133876133728,0.042045451007063396
GradientBoosting,"(1, 12, 24)","{'l2_regularization': 0.0, 'learning_rate': 0.05, 'max_depth': 5, 'max_iter': 300, 'max_leaf_nodes': 31, 'min_samples_leaf': 20}",5,4343.810377036575,805.9217210782472,10990.729043257708,1754.1014842628595,1.3394066553252542,0.35275739939748696,0.16315788807039527,0.04002387593728335
GradientBoosting,"(1, 12, 24)","{'l2_regularization': 0.0, 'learning_rate': 0.05, 'max_depth': 5, 'max_iter': 600, 'max_leaf_nodes': 31, 'min_samples_leaf': 20}",5,4341.929333504877,802.9481234898769,10993.020995164154,1755.6914181550412,1.3387132662256946,0.351444713807083,0.16308456748954836,0.03992165965723896
GradientBoosting,"(1, 2, 3, 12, 24)","{'l2_regularization': 1.0, 'learning_rate': 0.05, 'max_depth': None, 'max_iter': 300, 'max_leaf_nodes': 31, 'min_samples_leaf': 50}",5,4304.824245290022,766.1733334133115,10998.176792932765,1898.3074984994419,1.3169910841977384,0.3362657525954371,0.16179149482879862,0.039329925987011016
GradientBoosting,"(1, 2, 12, 24)","{'l2_regularization': 0.0, 'learning_rate': 0.1, 'max_depth': None, 'max_iter': 300, 'max_leaf_nodes': 63, 'min_samples_leaf': 50}",5,4308.352293730871,666.0311274435632,11017.323328499715,2025.3704320158442,1.3006556243717253,0.2589508466076265,0.1617684619226567,0.036087154550271186
GradientBoosting,"(1, 2, 3, 12)","{'l2_regularization': 1.0, 'learning_rate': 0.05, 'max_depth': None, 'max_iter': 300, 'max_leaf_nodes': 63, 'min_samples_leaf': 20}",5,4220.851992270825,883.2548020717337,11019.070103878817,2784.694643420131,1.2560141501804687,0.254441086777254,0.16829985552845422,0.03894584922018724
GradientBoosting,"(1, 2, 3, 12)","{'l2_regularization': 1.0, 'learning_rate': 0.05, 'max_depth': None, 'max_iter': 600, 'max_leaf_nodes': 63, 'min_samples_leaf': 20}",5,4220.851992270825,883.2548020717337,11019.070103878817,2784.694643420131,1.2560141501804687,0.254441086777254,0.16829985552845422,0.03894584922018724
GradientBoosting,"(1, 12, 24)","{'l2_regularization': 0.0, 'learning_rate': 0.05, 'max_depth': None, 'max_iter': 600, 'max_leaf_nodes': 63, 'min_samples_leaf': 50}",5,4362.604348754763,635.7511189486537,11022.095649773624,1938.3308106112077,1.3234616672676431,0.2638105410247905,0.1637500636543514,0.035126307253468055
GradientBoosting,"(1, 2, 12, 24)","{'l2_regularization': 0.0, 'learning_rate': 0.1, 'max_depth': None, 'max_iter': 600, 'max_leaf_nodes': 63, 'min_samples_leaf': 50}",5,4320.770293105945,656.2935277697247,11027.60267690355,2014.0979463645544,1.3048055943379684,0.25653886051232067,0.16221509324488198,0.035776837168188795
GradientBoosting,"(1, 2, 3, 12, 24)","{'l2_regularization': 0.0, 'learning_rate': 0.05, 'max_depth': None, 'max_iter': 300, 'max_leaf_nodes': 63, 'min_samples_leaf': 50}",5,4304.806474039362,790.490457194755,11033.664632232427,1790.0329224196548,1.29833344409636,0.2930717576856394,0.16194670205760114,0.04101200882966665
GradientBoosting,"(1, 2, 3, 4, 5, 6, 12, 24)","{'l2_regularization': 0.0, 'learning_rate': 0.05, 'max_depth': 5, 'max_iter': 300, 'max_leaf_nodes': 63, 'min_samples_leaf': 50}",5,4363.4962186612465,796.7153245356704,11043.418091506845,1738.940662253669,1.3316473451018065,0.33368646037417193,0.16405342164900988,0.04072109644690203
GradientBoosting,"(1, 2, 3, 4, 5, 6, 12, 24)","{'l2_regularization': 0.0, 'learning_rate': 0.05, 'max_depth': 5, 'max_iter': 300, 'max_leaf_nodes': 31, 'min_samples_leaf': 50}",5,4363.4962186612465,796.7153245356704,11043.418091506845,1738.940662253669,1.3316473451018065,0.33368646037417193,0.16405342164900988,0.04072109644690203
GradientBoosting,"(1, 2, 3, 12)","{'l2_regularization': 1.0, 'learning_rate': 0.05, 'max_depth': 5, 'max_iter': 600, 'max_leaf_nodes': 31, 'min_samples_leaf': 20}",5,4296.9863111119475,1009.7987173198516,11047.723953227756,3269.5678569576426,1.294862786324365,0.3199901451750763,0.17136269010037597,0.04373684807121
GradientBoosting,"(1, 2, 3, 12)","{'l2_regularization': 1.0, 'learning_rate': 0.05, 'max_depth': 5, 'max_iter': 300, 'max_leaf_nodes': 31, 'min_samples_leaf': 20}",5,4298.386208488849,1008.5204399340181,11047.953209348987,3269.34610910773,1.2953150820011752,0.31960270181689454,0.17141675154644392,0.043686131337762286
GradientBoosting,"(1, 2, 3, 4, 5, 6, 12, 24)","{'l2_regularization': 0.0, 'learning_rate': 0.05, 'max_depth': None, 'max_iter': 600, 'max_leaf_nodes': 63, 'min_samples_leaf': 50}",5,4237.493666431619,831.515797078957,11079.680103064627,2146.7737251964404,1.2749094854178602,0.2845524351384334,0.15948974857415238,0.042410907319837494
GradientBoosting,"(1, 2, 3, 12)","{'l2_regularization': 1.0, 'learning_rate': 0.05, 'max_depth': 5, 'max_iter': 600, 'max_leaf_nodes': 63, 'min_samples_leaf': 20}",5,4317.660222769377,976.0815270391766,11086.427108579393,3294.0786023743867,1.3006475604288128,0.306248084266202,0.1721598275172737,0.042474784776873935
GradientBoosting,"(1, 2, 3, 12)","{'l2_regularization': 1.0, 'learning_rate': 0.05, 'max_depth': 5, 'max_iter': 300, 'max_leaf_nodes': 63, 'min_samples_leaf': 20}",5,4317.660222769377,976.0815270391766,11086.427108579393,3294.0786023743867,1.3006475604288128,0.306248084266202,0.1721598275172737,0.042474784776873935
GradientBoosting,"(1, 12, 24)","{'l2_regularization': 0.0, 'learning_rate': 0.05, 'max_depth': None, 'max_iter': 300, 'max_leaf_nodes': 63, 'min_samples_leaf': 50}",5,4359.1065837017995,636.9760229445819,11091.835930463012,1879.2690997355348,1.3195486248895563,0.2652988600200531,0.1636216574753641,0.035158076871536846
GradientBoosting,"(1, 2, 12, 24)","{'l2_regularization': 0.0, 'learning_rate': 0.05, 'max_depth': None, 'max_iter': 300, 'max_leaf_nodes': 31, 'min_samples_leaf': 50}",5,4394.751115537865,817.4358990644879,11103.438622125414,1783.0601890871942,1.3443917214332248,0.361114751462048,0.16514892282330726,0.04091293486425865
GradientBoosting,"(1, 2, 3, 12)","{'l2_regularization': 1.0, 'learning_rate': 0.1, 'max_depth': 5, 'max_iter': 300, 'max_leaf_nodes': 31, 'min_samples_leaf': 20}",5,4315.5568029935675,943.2699499812736,11117.305519554353,2751.5547050595605,1.296800773948777,0.30858815525528266,0.17207240860518844,0.041163026087700956
GradientBoosting,"(1, 2, 3, 12)","{'l2_regularization': 1.0, 'learning_rate': 0.1, 'max_depth': 5, 'max_iter': 600, 'max_leaf_nodes': 31, 'min_samples_leaf': 20}",5,4315.5568029935675,943.2699499812736,11117.305519554353,2751.5547050595605,1.296800773948777,0.30858815525528266,0.17207240860518844,0.041163026087700956
GradientBoosting,"(1, 2, 3, 12)","{'l2_regularization': 1.0, 'learning_rate': 0.1, 'max_depth': None, 'max_iter': 300, 'max_leaf_nodes': 31, 'min_samples_leaf': 20}",5,4330.637803526277,990.2267329404157,11121.191191381242,2975.0709091982426,1.3144208095708154,0.326403182312366,0.17265070517330697,0.042702540703610944
GradientBoosting,"(1, 2, 3, 12)","{'l2_regularization': 1.0, 'learning_rate': 0.1, 'max_depth': None, 'max_iter': 600, 'max_leaf_nodes': 31, 'min_samples_leaf': 20}",5,4330.637803526277,990.2267329404157,11121.191191381242,2975.0709091982426,1.3144208095708154,0.326403182312366,0.17265070517330697,0.042702540703610944
GradientBoosting,"(1, 2, 3, 12, 24)","{'l2_regularization': 0.0, 'learning_rate': 0.1, 'max_depth': None, 'max_iter': 300, 'max_leaf_nodes': 63, 'min_samples_leaf': 20}",5,4266.962815606812,790.4317936373936,11125.421776422329,2052.9336494578693,1.290652163909003,0.3081869001638256,0.1604691184867163,0.0404758354057776
GradientBoosting,"(1, 2, 3, 12, 24)","{'l2_regularization': 0.0, 'learning_rate': 0.1, 'max_depth': None, 'max_iter': 600, 'max_leaf_nodes': 63, 'min_samples_leaf': 20}",5,4266.962815606812,790.4317936373936,11125.421776422329,2052.9336494578693,1.290652163909003,0.3081869001638256,0.1604691184867163,0.0404758354057776
GradientBoosting,"(1, 2, 3, 12)","{'l2_regularization': 1.0, 'learning_rate': 0.1, 'max_depth': 5, 'max_iter': 300, 'max_leaf_nodes': 63, 'min_samples_leaf': 20}",5,4321.300854186753,946.4067399239892,11131.771082038682,2735.881861363177,1.2977637120340748,0.3129453385055322,0.17228142127281626,0.0411507469338627
GradientBoosting,"(1, 2, 3, 12)","{'l2_regularization': 1.0, 'learning_rate': 0.1, 'max_depth': 5, 'max_iter': 600, 'max_leaf_nodes': 63, 'min_samples_leaf': 20}",5,4321.300854186753,946.4067399239892,11131.771082038682,2735.881861363177,1.2977637120340748,0.3129453385055322,0.17228142127281626,0.0411507469338627
GradientBoosting,"(1, 2, 3, 12)","{'l2_regularization': 1.0, 'learning_rate': 0.1, 'max_depth': 5, 'max_iter': 600, 'max_leaf_nodes': 31, 'min_samples_leaf': 50}",5,4353.970233850518,955.7730763541339,11153.106627610377,3501.7744379338283,1.3132982720339519,0.29165519797977824,0.1736141479678495,0.041902581752272
GradientBoosting,"(1, 2, 3, 12)","{'l2_regularization': 1.0, 'learning_rate': 0.1, 'max_depth': 5, 'max_iter': 600, 'max_leaf_nodes': 63, 'min_samples_leaf': 50}",5,4353.970233850518,955.7730763541339,11153.106627610377,3501.7744379338283,1.3132982720339519,0.29165519797977824,0.1736141479678495,0.041902581752272
GradientBoosting,"(1, 2, 3, 12)","{'l2_regularization': 1.0, 'learning_rate': 0.1, 'max_depth': 5, 'max_iter': 300, 'max_leaf_nodes': 63, 'min_samples_leaf': 50}",5,4354.828401039385,954.9472810704278,11154.655693534098,3500.240281832732,1.3134501412865567,0.29151341420670607,0.17364728879657287,0.04187016249323949
GradientBoosting,"(1, 2, 3, 12)","{'l2_regularization': 1.0, 'learning_rate': 0.1, 'max_depth': 5, 'max_iter': 300, 'max_leaf_nodes': 31, 'min_samples_leaf': 50}",5,4354.828401039385,954.9472810704278,11154.655693534098,3500.240281832732,1.3134501412865567,0.29151341420670607,0.17364728879657287,0.04187016249323949
GradientBoosting,"(1, 12)","{'l2_regularization': 1.0, 'learning_rate': 0.05, 'max_depth': 5, 'max_iter': 600, 'max_leaf_nodes': 63, 'min_samples_leaf': 20}",5,4315.158236106448,857.8964937734503,11173.180864983045,2588.0781822527924,1.3156224999698882,0.3097199232816745,0.17191802139213186,0.03725072207978275
GradientBoosting,"(1, 12)","{'l2_regularization': 1.0, 'learning_rate': 0.05, 'max_depth': 5, 'max_iter': 300, 'max_leaf_nodes': 63, 'min_samples_leaf': 20}",5,4315.158236106448,857.8964937734503,11173.180864983045,2588.0781822527924,1.3156224999698882,0.3097199232816745,0.17191802139213186,0.03725072207978275
GradientBoosting,"(1, 2, 3, 4, 5, 6, 12, 24)","{'l2_regularization': 0.0, 'learning_rate': 0.05, 'max_depth': None, 'max_iter': 300, 'max_leaf_nodes': 63, 'min_samples_leaf': 50}",5,4254.155679082825,817.6925332424956,11204.801982571724,2018.8738713805676,1.2756451851262656,0.2837839403415325,0.16008931819320266,0.04196551082846488
GradientBoosting,"(1, 12)","{'l2_regularization': 1.0, 'learning_rate': 0.05, 'max_depth': 5, 'max_iter': 600, 'max_leaf_nodes': 31, 'min_samples_leaf': 20}",5,4317.23234301829,855.7325971325444,11216.219747431649,2585.2816579564746,1.3124774367650347,0.3075743434686538,0.1719943904130523,0.03712049411366471
GradientBoosting,"(1, 2, 3, 4, 5, 6, 12)","{'l2_regularization': 1.0, 'learning_rate': 0.1, 'max_depth': None, 'max_iter': 600, 'max_leaf_nodes': 63, 'min_samples_leaf': 50}",5,4153.969383094265,856.8693533722586,11219.4239564741,3401.669463978145,1.2213131694433157,0.2087263769782105,0.16578536056628995,0.038938889062501876
GradientBoosting,"(1, 2, 3, 4, 5, 6, 12)","{'l2_regularization': 0.0, 'learning_rate': 0.1, 'max_depth': 5, 'max_iter': 600, 'max_leaf_nodes': 63, 'min_samples_leaf': 20}",5,4318.085933197524,999.2390312546711,11220.756328115018,3247.878108874365,1.2952870324907724,0.31102986573240426,0.17226190905588645,0.04355880144015982
GradientBoosting,"(1, 2, 3, 4, 5, 6, 12)","{'l2_regularization': 0.0, 'learning_rate': 0.1, 'max_depth': 5, 'max_iter': 300, 'max_leaf_nodes': 63, 'min_samples_leaf': 20}",5,4318.085933197524,999.2390312546711,11220.756328115018,3247.878108874365,1.2952870324907724,0.31102986573240426,0.17226190905588645,0.04355880144015982
GradientBoosting,"(1, 2, 12)","{'l2_regularization': 1.0, 'learning_rate': 0.05, 'max_depth': 5, 'max_iter': 300, 'max_leaf_nodes': 63, 'min_samples_leaf': 20}",5,4301.0445177700885,900.5772291617221,11225.283379908307,3040.873595617277,1.299928565205129,0.3055748004081366,0.1713973548403867,0.03916993765256157
GradientBoosting,"(1, 2, 3, 4, 5, 6, 12)","{'l2_regularization': 1.0, 'learning_rate': 0.1, 'max_depth': 5, 'max_iter': 300, 'max_leaf_nodes': 63, 'min_samples_leaf': 50}",5,4314.187702098716,927.4512393897377,11226.397721150934,3348.335082276564,1.306456277190576,0.2894844873065681,0.1720136562652676,0.04079880551696331
GradientBoosting,"(1, 2, 3, 4, 5, 6, 12)","{'l2_regularization': 1.0, 'learning_rate': 0.1, 'max_depth': 5, 'max_iter': 300, 'max_leaf_nodes': 31, 'min_samples_leaf': 50}",5,4314.187702098716,927.4512393897377,11226.397721150934,3348.335082276564,1.306456277190576,0.2894844873065681,0.1720136562652676,0.04079880551696331
GradientBoosting,"(1, 2, 12)","{'l2_regularization': 1.0, 'learning_rate': 0.05, 'max_depth': 5, 'max_iter': 600, 'max_leaf_nodes': 63, 'min_samples_leaf': 20}",5,4300.133440300604,901.4107721957205,11227.269561719802,3038.758694751417,1.2997881013628465,0.3056865463081949,0.17136217071454077,0.03920327756390387
GradientBoosting,"(1, 2, 3, 4, 5, 6, 12)","{'l2_regularization': 1.0, 'learning_rate': 0.1, 'max_depth': 5, 'max_iter': 600, 'max_leaf_nodes': 63, 'min_samples_leaf': 50}",5,4305.421512706849,935.2880140237153,11227.499376917598,3347.365996865172,1.302126671868212,0.2933673309617657,0.17167512225352535,0.04110930085989192
GradientBoosting,"(1, 2, 3, 4, 5, 6, 12)","{'l2_regularization': 1.0, 'learning_rate': 0.1, 'max_depth': 5, 'max_iter': 600, 'max_leaf_nodes': 31, 'min_samples_leaf': 50}",5,4305.421512706849,935.2880140237153,11227.499376917598,3347.365996865172,1.302126671868212,0.2933673309617657,0.17167512225352535,0.04110930085989192
GradientBoosting,"(1, 12)","{'l2_regularization': 1.0, 'learning_rate': 0.05, 'max_depth': 5, 'max_iter': 300, 'max_leaf_nodes': 31, 'min_samples_leaf': 20}",5,4331.146739581239,870.139029705373,11229.574414416682,2577.1853360615105,1.3184925978490825,0.3173097544559699,0.17253665023501158,0.0375733713118005
GradientBoosting,"(1, 2, 3, 4, 5, 6, 12)","{'l2_regularization': 1.0, 'learning_rate': 0.1, 'max_depth': None, 'max_iter': 300, 'max_leaf_nodes': 63, 'min_samples_leaf': 50}",5,4154.581376226942,856.3458667040981,11229.692179273869,3392.8997726842263,1.2211232372194734,0.20891904254820298,0.1658089946085291,0.03891845172737964
GradientBoosting,"(1, 12)","{'l2_regularization': 1.0, 'learning_rate': 0.1, 'max_depth': None, 'max_iter': 300, 'max_leaf_nodes': 63, 'min_samples_leaf': 50}",5,4290.043668889162,675.0273824575265,11232.350141012232,2768.729293707928,1.2679457809879366,0.17008101756889088,0.17096000490810265,0.03143827537637941
GradientBoosting,"(1, 2, 12)","{'l2_regularization': 1.0, 'learning_rate': 0.05, 'max_depth': 5, 'max_iter': 300, 'max_leaf_nodes': 31, 'min_samples_leaf': 20}",5,4311.918555500985,913.5303982105756,11236.011194041577,3031.1465676551657,1.3025688769829777,0.3072925627083454,0.1718345462383662,0.03967397748539018
GradientBoosting,"(1, 2, 12)","{'l2_regularization': 1.0, 'learning_rate': 0.05, 'max_depth': 5, 'max_iter': 600, 'max_leaf_nodes': 31, 'min_samples_leaf': 20}",5,4311.0074780315,914.3629679630573,11237.997375853074,3029.0178408576703,1.3024284131406958,0.30740489062781085,0.17179936211252023,0.03970728157344073
GradientBoosting,"(1, 12)","{'l2_regularization': 1.0, 'learning_rate': 0.1, 'max_depth': None, 'max_iter': 600, 'max_leaf_nodes': 63, 'min_samples_leaf': 50}",5,4307.891773323966,671.333382957381,11249.099332980495,2763.4696895211487,1.2733546304506178,0.1712349995665987,0.17165264960341658,0.031224673878178014
GradientBoosting,"(1, 2, 3, 4, 5, 6, 12)","{'l2_regularization': 1.0, 'learning_rate': 0.05, 'max_depth': None, 'max_iter': 600, 'max_leaf_nodes': 31, 'min_samples_leaf': 20}",5,4361.875753419838,1087.3167161123292,11254.969700464066,3473.5548946620447,1.3241500611627903,0.3745129057569804,0.1738342577947008,0.045981282705200306
GradientBoosting,"(1, 2, 3, 4, 5, 6, 12)","{'l2_regularization': 1.0, 'learning_rate': 0.05, 'max_depth': None, 'max_iter': 300, 'max_leaf_nodes': 31, 'min_samples_leaf': 20}",5,4361.875753419838,1087.3167161123292,11254.969700464066,3473.5548946620447,1.3241500611627903,0.3745129057569804,0.1738342577947008,0.045981282705200306
GradientBoosting,"(1, 2, 12)","{'l2_regularization': 1.0, 'learning_rate': 0.1, 'max_depth': 5, 'max_iter': 600, 'max_leaf_nodes': 31, 'min_samples_leaf': 20}",5,4340.477904175057,977.3392575584028,11262.553551786626,3407.70697297933,1.3121918442364184,0.31647849727096156,0.17300956530082812,0.0423043784404611
GradientBoosting,"(1, 2, 12)","{'l2_regularization': 1.0, 'learning_rate': 0.1, 'max_depth': 5, 'max_iter': 300, 'max_leaf_nodes': 31, 'min_samples_leaf': 20}",5,4340.477904175057,977.3392575584028,11262.553551786626,3407.70697297933,1.3121918442364184,0.31647849727096156,0.17300956530082812,0.0423043784404611
GradientBoosting,"(1, 2, 12)","{'l2_regularization': 1.0, 'learning_rate': 0.1, 'max_depth': 5, 'max_iter': 300, 'max_leaf_nodes': 63, 'min_samples_leaf': 20}",5,4321.594950505145,941.1048629458672,11264.94380420949,3306.269636732712,1.3062233180571772,0.3140388807923376,0.17221545221734255,0.04072718694726857
GradientBoosting,"(1, 2, 12)","{'l2_regularization': 1.0, 'learning_rate': 0.1, 'max_depth': 5, 'max_iter': 600, 'max_leaf_nodes': 63, 'min_samples_leaf': 20}",5,4321.594950505145,941.1048629458672,11264.94380420949,3306.269636732712,1.3062233180571772,0.3140388807923376,0.17221545221734255,0.04072718694726857
GradientBoosting,"(1, 2, 12)","{'l2_regularization': 0.0, 'learning_rate': 0.1, 'max_depth': 5, 'max_iter': 300, 'max_leaf_nodes': 31, 'min_samples_leaf': 20}",5,4342.8199768303375,906.6782340255644,11265.585552355315,3070.185035207181,1.312668532646415,0.30843021106151475,0.1730497482836184,0.03934138249382832
GradientBoosting,"(1, 2, 12)","{'l2_regularization': 0.0, 'learning_rate': 0.1, 'max_depth': 5, 'max_iter': 600, 'max_leaf_nodes': 31, 'min_samples_leaf': 20}",5,4342.8199768303375,906.6782340255644,11265.585552355315,3070.185035207181,1.312668532646415,0.30843021106151475,0.1730497482836184,0.03934138249382832
GradientBoosting,"(1, 2, 3, 4, 5, 6, 12)","{'l2_regularization': 1.0, 'learning_rate': 0.1, 'max_depth': None, 'max_iter': 600, 'max_leaf_nodes': 31, 'min_samples_leaf': 50}",5,4336.120028504507,1076.6615851437314,11270.622011201474,3129.5052828177627,1.3142144744852877,0.38311426396395587,0.1727060585371079,0.0451451903103601
GradientBoosting,"(1, 2, 12, 24)","{'l2_regularization': 0.0, 'learning_rate': 0.05, 'max_depth': None, 'max_iter': 600, 'max_leaf_nodes': 63, 'min_samples_leaf': 50}",5,4341.4150259034,712.4052974390128,11272.414558048618,2354.9749374263906,1.3079318838250527,0.27700608045354913,0.16308628179406398,0.037833426234175446
GradientBoosting,"(1, 2, 3, 12)","{'l2_regularization': 1.0, 'learning_rate': 0.1, 'max_depth': None, 'max_iter': 300, 'max_leaf_nodes': 63, 'min_samples_leaf': 20}",5,4255.358594450131,948.4882255666146,11286.085610044716,3331.843673954244,1.253540155076642,0.2551228086444615,0.16979605871788106,0.04194032762871616
GradientBoosting,"(1, 2, 3, 12)","{'l2_regularization': 1.0, 'learning_rate': 0.1, 'max_depth': None, 'max_iter': 600, 'max_leaf_nodes': 63, 'min_samples_leaf': 20}",5,4255.358594450131,948.4882255666146,11286.085610044716,3331.843673954244,1.253540155076642,0.2551228086444615,0.16979605871788106,0.04194032762871616
GradientBoosting,"(1, 2, 3, 4, 5, 6, 12)","{'l2_regularization': 1.0, 'learning_rate': 0.1, 'max_depth': None, 'max_iter': 300, 'max_leaf_nodes': 31, 'min_samples_leaf': 50}",5,4339.9029239943975,1073.1996410416848,11288.07000380853,3111.696336261684,1.3150454603615167,0.38241982529234825,0.1728521469603609,0.04500503983887992
GradientBoosting,"(1, 2, 3, 4, 5, 6, 12)","{'l2_regularization': 0.0, 'learning_rate': 0.1, 'max_depth': 5, 'max_iter': 300, 'max_leaf_nodes': 31, 'min_samples_leaf': 20}",5,4338.933303230419,999.1735922356462,11298.537724969161,3232.915802125181,1.3006722618095157,0.31626878551220217,0.17305431939377208,0.043363175598423
GradientBoosting,"(1, 2, 3, 4, 5, 6, 12)","{'l2_regularization': 0.0, 'learning_rate': 0.1, 'max_depth': 5, 'max_iter': 600, 'max_leaf_nodes': 31, 'min_samples_leaf': 20}",5,4338.933303230419,999.1735922356462,11298.537724969161,3232.915802125181,1.3006722618095157,0.31626878551220217,0.17305431939377208,0.043363175598423
GradientBoosting,"(1, 12)","{'l2_regularization': 1.0, 'learning_rate': 0.1, 'max_depth': 5, 'max_iter': 600, 'max_leaf_nodes': 31, 'min_samples_leaf': 50}",5,4379.771314883445,808.4305314984562,11299.835168160535,2882.8819426538557,1.3278499701242215,0.2791411848145324,0.17450323306897186,0.03569553277991161
GradientBoosting,"(1, 12)","{'l2_regularization': 1.0, 'learning_rate': 0.1, 'max_depth': 5, 'max_iter': 600, 'max_leaf_nodes': 63, 'min_samples_leaf': 50}",5,4379.771314883445,808.4305314984562,11299.835168160535,2882.8819426538557,1.3278499701242215,0.2791411848145324,0.17450323306897186,0.03569553277991161
GradientBoosting,"(1, 2, 3, 4, 5, 6, 12)","{'l2_regularization': 0.0, 'learning_rate': 0.05, 'max_depth': 5, 'max_iter': 600, 'max_leaf_nodes': 63, 'min_samples_leaf': 20}",5,4286.22612458239,990.7413310672359,11302.389072386755,3306.5553063517136,1.2834363828318218,0.30700722206669195,0.17089705883506642,0.042872027600336635
GradientBoosting,"(1, 2, 3, 4, 5, 6, 12)","{'l2_regularization': 0.0, 'learning_rate': 0.05, 'max_depth': 5, 'max_iter': 300, 'max_leaf_nodes': 63, 'min_samples_leaf': 20}",5,4286.22612458239,990.7413310672359,11302.389072386755,3306.5553063517136,1.2834363828318218,0.30700722206669195,0.17089705883506642,0.042872027600336635
GradientBoosting,"(1, 12)","{'l2_regularization': 1.0, 'learning_rate': 0.1, 'max_depth': 5, 'max_iter': 300, 'max_leaf_nodes': 31, 'min_samples_leaf': 50}",5,4395.3837539782835,822.8341105896641,11302.841617175221,2874.2302001248795,1.3364347941379586,0.2941864946227785,0.17511161562119745,0.036129473954525836
GradientBoosting,"(1, 12)","{'l2_regularization': 1.0, 'learning_rate': 0.1, 'max_depth': 5, 'max_iter': 300, 'max_leaf_nodes': 63, 'min_samples_leaf': 50}",5,4395.3837539782835,822.8341105896641,11302.841617175221,2874.2302001248795,1.3364347941379586,0.2941864946227785,0.17511161562119745,0.036129473954525836
GradientBoosting,"(1, 12)","{'l2_regularization': 1.0, 'learning_rate': 0.1, 'max_depth': 5, 'max_iter': 300, 'max_leaf_nodes': 63, 'min_samples_leaf': 20}",5,4344.1932293614445,839.885579989893,11305.130738621834,2577.3562699457384,1.3224241699348505,0.2935915766689044,0.17304263874189102,0.03647508668346047
GradientBoosting,"(1, 12)","{'l2_regularization': 1.0, 'learning_rate': 0.1, 'max_depth': 5, 'max_iter': 600, 'max_leaf_nodes': 63, 'min_samples_leaf': 20}",5,4344.1932293614445,839.885579989893,11305.130738621834,2577.3562699457384,1.3224241699348505,0.2935915766689044,0.17304263874189102,0.03647508668346047
GradientBoosting,"(1, 2, 3, 4, 5, 6, 12)","{'l2_regularization': 0.0, 'learning_rate': 0.05, 'max_depth': 5, 'max_iter': 600, 'max_leaf_nodes': 31, 'min_samples_leaf': 20}",5,4317.139372648953,996.07392101414,11314.86900822145,3296.718987580335,1.2938975797681387,0.30967689498355677,0.17211030036024905,0.04306779924426925
GradientBoosting,"(1, 2, 3, 4, 5, 6, 12)","{'l2_regularization': 0.0, 'learning_rate': 0.05, 'max_depth': 5, 'max_iter': 300, 'max_leaf_nodes': 31, 'min_samples_leaf': 20}",5,4317.139372648953,996.07392101414,11314.86900822145,3296.718987580335,1.2938975797681387,0.30967689498355677,0.17211030036024905,0.04306779924426925
GradientBoosting,"(1, 2, 12)","{'l2_regularization': 1.0, 'learning_rate': 0.1, 'max_depth': None, 'max_iter': 600, 'max_leaf_nodes': 63, 'min_samples_leaf': 20}",5,4286.210106523366,837.9027437955004,11339.899712649203,3277.7023726427874,1.2690387605091482,0.23286942033822236,0.17088825450095854,0.037301046808903456
GradientBoosting,"(1, 2, 12)","{'l2_regularization': 1.0, 'learning_rate': 0.1, 'max_depth': None, 'max_iter': 300, 'max_leaf_nodes': 63, 'min_samples_leaf': 20}",5,4286.210106523366,837.9027437955004,11339.899712649203,3277.7023726427874,1.2690387605091482,0.23286942033822236,0.17088825450095854,0.037301046808903456
GradientBoosting,"(1, 2, 3, 12)","{'l2_regularization': 0.0, 'learning_rate': 0.05, 'max_depth': 5, 'max_iter': 600, 'max_leaf_nodes': 63, 'min_samples_leaf': 20}",5,4320.377697881106,992.69397013848,11340.16658236317,3284.536954067206,1.2945236959111703,0.30921838814066216,0.17225285206868438,0.042959812565613154
GradientBoosting,"(1, 2, 3, 12)","{'l2_regularization': 0.0, 'learning_rate': 0.05, 'max_depth': 5, 'max_iter': 300, 'max_leaf_nodes': 63, 'min_samples_leaf': 20}",5,4320.377697881106,992.69397013848,11340.16658236317,3284.536954067206,1.2945236959111703,0.30921838814066216,0.17225285206868438,0.042959812565613154
GradientBoosting,"(1, 2, 12, 24)","{'l2_regularization': 0.0, 'learning_rate': 0.05, 'max_depth': None, 'max_iter': 300, 'max_leaf_nodes': 63, 'min_samples_leaf': 50}",5,4338.391474471279,715.2595632705106,11361.19767226701,2269.1026498158226,1.3044267303269712,0.2795915312555962,0.1629762869847285,0.03792742000466559
GradientBoosting,"(1, 2, 3, 12)","{'l2_regularization': 0.0, 'learning_rate': 0.05, 'max_depth': 5, 'max_iter': 300, 'max_leaf_nodes': 31, 'min_samples_leaf': 20}",5,4308.797644715754,998.7147380909469,11363.789417440737,3286.18187746806,1.2912017863273522,0.31103318290630827,0.17181037912469227,0.043256880297807415
GradientBoosting,"(1, 2, 3, 12)","{'l2_regularization': 0.0, 'learning_rate': 0.05, 'max_depth': 5, 'max_iter': 600, 'max_leaf_nodes': 31, 'min_samples_leaf': 20}",5,4308.797644715754,998.7147380909469,11363.789417440737,3286.18187746806,1.2912017863273522,0.31103318290630827,0.17181037912469227,0.043256880297807415
GradientBoosting,"(1, 2, 12)","{'l2_regularization': 0.0, 'learning_rate': 0.1, 'max_depth': 5, 'max_iter': 600, 'max_leaf_nodes': 63, 'min_samples_leaf': 20}",5,4390.089799304253,951.5511481558898,11371.885462698327,3068.7715932616247,1.3298365014409181,0.32703267274111114,0.17491668370862382,0.040917296010325004
GradientBoosting,"(1, 2, 12)","{'l2_regularization': 0.0, 'learning_rate': 0.1, 'max_depth': 5, 'max_iter': 300, 'max_leaf_nodes': 63, 'min_samples_leaf': 20}",5,4390.089799304253,951.5511481558898,11371.885462698327,3068.7715932616247,1.3298365014409181,0.32703267274111114,0.17491668370862382,0.040917296010325004
GradientBoosting,"(1, 12)","{'l2_regularization': 0.0, 'learning_rate': 0.1, 'max_depth': 5, 'max_iter': 600, 'max_leaf_nodes': 63, 'min_samples_leaf': 50}",5,4428.754763655762,817.0867169774359,11405.88364705472,2752.167666738704,1.3387016499764892,0.2778666913501763,0.17640237324571056,0.0358734462110285
GradientBoosting,"(1, 12)","{'l2_regularization': 0.0, 'learning_rate': 0.1, 'max_depth': 5, 'max_iter': 600, 'max_leaf_nodes': 31, 'min_samples_leaf': 50}",5,4428.754763655762,817.0867169774359,11405.88364705472,2752.167666738704,1.3387016499764892,0.2778666913501763,0.17640237324571056,0.0358734462110285
GradientBoosting,"(1, 2, 3, 12)","{'l2_regularization': 0.0, 'learning_rate': 0.1, 'max_depth': 5, 'max_iter': 300, 'max_leaf_nodes': 63, 'min_samples_leaf': 20}",5,4319.549357165553,961.0853815159408,11408.33675008571,3233.9340135947864,1.297388647765672,0.3003107515932002,0.17217569890686224,0.041690254709989556
GradientBoosting,"(1, 2, 3, 12)","{'l2_regularization': 0.0, 'learning_rate': 0.1, 'max_depth': 5, 'max_iter': 600, 'max_leaf_nodes': 63, 'min_samples_leaf': 20}",5,4319.549357165553,961.0853815159408,11408.33675008571,3233.9340135947864,1.297388647765672,0.3003107515932002,0.17217569890686224,0.041690254709989556
GradientBoosting,"(1, 12)","{'l2_regularization': 1.0, 'learning_rate': 0.1, 'max_depth': 5, 'max_iter': 300, 'max_leaf_nodes': 31, 'min_samples_leaf': 20}",5,4346.549883606912,842.4848314847038,11415.369588918635,2651.675956636335,1.3145760134062479,0.2725960762329744,0.17317392691156036,0.036830280218314373
GradientBoosting,"(1, 12)","{'l2_regularization': 1.0, 'learning_rate': 0.1, 'max_depth': 5, 'max_iter': 600, 'max_leaf_nodes': 31, 'min_samples_leaf': 20}",5,4352.702282267911,849.4913344614712,11419.357745509418,2652.839808032624,1.3178529454764374,0.27832948290423903,0.17341390899197,0.03705082541852674
GradientBoosting,"(1, 12)","{'l2_regularization': 0.0, 'learning_rate': 0.1, 'max_depth': 5, 'max_iter': 300, 'max_leaf_nodes': 31, 'min_samples_leaf': 50}",5,4443.118996088837,828.259001618098,11420.44842145798,2734.579027859686,1.3433105577340076,0.2844759172217213,0.17696170306791353,0.03620202574883303
GradientBoosting,"(1, 12)","{'l2_regularization': 0.0, 'learning_rate': 0.1, 'max_depth': 5, 'max_iter': 300, 'max_leaf_nodes': 63, 'min_samples_leaf': 50}",5,4443.118996088837,828.259001618098,11420.44842145798,2734.579027859686,1.3433105577340076,0.2844759172217213,0.17696170306791353,0.03620202574883303
GradientBoosting,"(1, 12)","{'l2_regularization': 1.0, 'learning_rate': 0.1, 'max_depth': None, 'max_iter': 600, 'max_leaf_nodes': 63, 'min_samples_leaf': 20}",5,4290.049578482316,750.9549256350637,11441.552472934207,2867.4175785243624,1.265870385236113,0.20283989750438716,0.17094698598569985,0.033719102727630595
GradientBoosting,"(1, 12)","{'l2_regularization': 1.0, 'learning_rate': 0.1, 'max_depth': None, 'max_iter': 300, 'max_leaf_nodes': 63, 'min_samples_leaf': 20}",5,4290.049578482316,750.9549256350637,11441.552472934207,2867.4175785243624,1.265870385236113,0.20283989750438716,0.17094698598569985,0.033719102727630595
GradientBoosting,"(1, 2, 3, 12)","{'l2_regularization': 1.0, 'learning_rate': 0.1, 'max_depth': None, 'max_iter': 300, 'max_leaf_nodes': 31, 'min_samples_leaf': 50}",5,4404.734343954845,1033.2290518003974,11447.683380810946,3070.4813618535736,1.3370917010768366,0.35293378737857195,0.1754558984542462,0.04378729234090004
GradientBoosting,"(1, 2, 3, 12)","{'l2_regularization': 1.0, 'learning_rate': 0.1, 'max_depth': None, 'max_iter': 600, 'max_leaf_nodes': 31, 'min_samples_leaf': 50}",5,4404.734343954845,1033.2290518003974,11447.683380810946,3070.4813618535736,1.3370917010768366,0.35293378737857195,0.1754558984542462,0.04378729234090004
GradientBoosting,"(1, 2, 12)","{'l2_regularization': 0.0, 'learning_rate': 0.05, 'max_depth': 5, 'max_iter': 300, 'max_leaf_nodes': 63, 'min_samples_leaf': 20}",5,4326.973649589525,935.9737911314078,11447.935820049253,3097.9038806353656,1.3037919079708222,0.3120696918872934,0.17235431949047467,0.04006320179712385
GradientBoosting,"(1, 2, 3, 12)","{'l2_regularization': 0.0, 'learning_rate': 0.1, 'max_depth': 5, 'max_iter': 600, 'max_leaf_nodes': 31, 'min_samples_leaf': 20}",5,4350.709616268623,1002.3183266118357,11448.360972010687,3300.610041246644,1.3079608939018494,0.31449817519915196,0.17342417666600138,0.0432366282695099
GradientBoosting,"(1, 2, 3, 12)","{'l2_regularization': 0.0, 'learning_rate': 0.1, 'max_depth': 5, 'max_iter': 300, 'max_leaf_nodes': 31, 'min_samples_leaf': 20}",5,4350.709616268623,1002.3183266118357,11448.360972010687,3300.610041246644,1.3079608939018494,0.31449817519915196,0.17342417666600138,0.0432366282695099
GradientBoosting,"(1, 2, 12)","{'l2_regularization': 0.0, 'learning_rate': 0.05, 'max_depth': 5, 'max_iter': 600, 'max_leaf_nodes': 63, 'min_samples_leaf': 20}",5,4327.228330161144,935.7502035709778,11448.650952443302,3097.2042153960224,1.3037850323600417,0.3120751307705359,0.17236415478284273,0.040054121522847215
GradientBoosting,"(1, 2, 12)","{'l2_regularization': 1.0, 'learning_rate': 0.05, 'max_depth': None, 'max_iter': 300, 'max_leaf_nodes': 31, 'min_samples_leaf': 20}",5,4401.304798950065,1064.9096292433012,11472.24865920739,3169.863186502771,1.3413376010281048,0.37938107366741863,0.1752382216025481,0.044386161203709515
GradientBoosting,"(1, 2, 12)","{'l2_regularization': 1.0, 'learning_rate': 0.05, 'max_depth': None, 'max_iter': 600, 'max_leaf_nodes': 31, 'min_samples_leaf': 20}",5,4401.304798950065,1064.9096292433012,11472.24865920739,3169.863186502771,1.3413376010281048,0.37938107366741863,0.1752382216025481,0.044386161203709515
GradientBoosting,"(1, 2, 12)","{'l2_regularization': 0.0, 'learning_rate': 0.1, 'max_depth': 5, 'max_iter': 600, 'max_leaf_nodes': 63, 'min_samples_leaf': 50}",5,4381.385590212067,882.8744532285967,11472.847906013465,3348.218609829097,1.323342576840425,0.28523713347480467,0.17455482125424138,0.03850667771330324
GradientBoosting,"(1, 2, 12)","{'l2_regularization': 0.0, 'learning_rate': 0.1, 'max_depth': 5, 'max_iter': 600, 'max_leaf_nodes': 31, 'min_samples_leaf': 50}",5,4381.385590212067,882.8744532285967,11472.847906013465,3348.218609829097,1.323342576840425,0.28523713347480467,0.17455482125424138,0.03850667771330324
GradientBoosting,"(1, 2, 12)","{'l2_regularization': 0.0, 'learning_rate': 0.1, 'max_depth': 5, 'max_iter': 300, 'max_leaf_nodes': 63, 'min_samples_leaf': 50}",5,4384.280460966392,880.0014261618123,11477.967215899142,3342.9865050591025,1.324043926070904,0.2846147097762644,0.17466661580557127,0.03839288658560096
GradientBoosting,"(1, 2, 12)","{'l2_regularization': 0.0, 'learning_rate': 0.1, 'max_depth': 5, 'max_iter': 300, 'max_leaf_nodes': 31, 'min_samples_leaf': 50}",5,4384.280460966392,880.0014261618123,11477.967215899142,3342.9865050591025,1.324043926070904,0.2846147097762644,0.17466661580557127,0.03839288658560096
GradientBoosting,"(1, 2, 12)","{'l2_regularization': 0.0, 'learning_rate': 0.05, 'max_depth': 5, 'max_iter': 600, 'max_leaf_nodes': 31, 'min_samples_leaf': 20}",5,4352.848824609102,957.5333295952307,11479.716254815165,3115.893388045195,1.3119110606182862,0.31751373122184934,0.17338956965831737,0.04091968060060235
GradientBoosting,"(1, 2, 12)","{'l2_regularization': 0.0, 'learning_rate': 0.05, 'max_depth': 5, 'max_iter': 300, 'max_leaf_nodes': 31, 'min_samples_leaf': 20}",5,4352.848824609102,957.5333295952307,11479.716254815165,3115.893388045195,1.3119110606182862,0.31751373122184934,0.17338956965831737,0.04091968060060235
GradientBoosting,"(1, 2, 3, 4, 5, 6, 12)","{'l2_regularization': 1.0, 'learning_rate': 0.05, 'max_depth': None, 'max_iter': 600, 'max_leaf_nodes': 63, 'min_samples_leaf': 50}",5,4153.777136520994,852.8035441419271,11487.925856044,3335.6044682899487,1.2181106435332922,0.2157554675159418,0.16571340557682473,0.038442449683708156
GradientBoosting,"(1, 12)","{'l2_regularization': 1.0, 'learning_rate': 0.1, 'max_depth': None, 'max_iter': 300, 'max_leaf_nodes': 31, 'min_samples_leaf': 20}",5,4389.108754862634,846.5930118643063,11490.853968359075,2429.3211006138595,1.3337662565159216,0.30784234950101125,0.17479163809927717,0.036460349715435915
GradientBoosting,"(1, 12)","{'l2_regularization': 1.0, 'learning_rate': 0.1, 'max_depth': None, 'max_iter': 600, 'max_leaf_nodes': 31, 'min_samples_leaf': 20}",5,4389.108754862634,846.5930118643063,11490.853968359075,2429.3211006138595,1.3337662565159216,0.30784234950101125,0.17479163809927717,0.036460349715435915
GradientBoosting,"(1, 2, 3, 12)","{'l2_regularization': 1.0, 'learning_rate': 0.05, 'max_depth': None, 'max_iter': 600, 'max_leaf_nodes': 31, 'min_samples_leaf': 20}",5,4414.9497627910705,1133.8639113199133,11499.189266596088,3638.780782831318,1.3377571159613328,0.3784503374972126,0.17594706655188933,0.04782546718046827
GradientBoosting,"(1, 2, 3, 12)","{'l2_regularization': 1.0, 'learning_rate': 0.05, 'max_depth': None, 'max_iter': 300, 'max_leaf_nodes': 31, 'min_samples_leaf': 20}",5,4414.033549238925,1134.7924709954107,11501.76179820962,3637.1324755743967,1.3373920927256842,0.37878540067716165,0.1759123516035721,0.04786336047757687
GradientBoosting,"(1, 2, 12)","{'l2_regularization': 1.0, 'learning_rate': 0.1, 'max_depth': None, 'max_iter': 600, 'max_leaf_nodes': 31, 'min_samples_leaf': 20}",5,4383.760055336892,995.0116194603803,11505.439445319167,3386.982677655493,1.3290212509511883,0.33820233903605107,0.17461871683747138,0.042247404280435476
GradientBoosting,"(1, 2, 12)","{'l2_regularization': 1.0, 'learning_rate': 0.1, 'max_depth': None, 'max_iter': 300, 'max_leaf_nodes': 31, 'min_samples_leaf': 20}",5,4383.760055336892,995.0116194603803,11505.439445319167,3386.982677655493,1.3290212509511883,0.33820233903605107,0.17461871683747138,0.042247404280435476
GradientBoosting,"(1, 2, 12)","{'l2_regularization': 1.0, 'learning_rate': 0.1, 'max_depth': 5, 'max_iter': 300, 'max_leaf_nodes': 31, 'min_samples_leaf': 50}",5,4371.7393552138,889.0629312434972,11507.077196874625,3871.12779115835,1.3270736403245063,0.2872344228340061,0.17426153384932724,0.03914178150885534
GradientBoosting,"(1, 2, 12)","{'l2_regularization': 1.0, 'learning_rate': 0.1, 'max_depth': 5, 'max_iter': 300, 'max_leaf_nodes': 63, 'min_samples_leaf': 50}",5,4371.7393552138,889.0629312434972,11507.077196874625,3871.12779115835,1.3270736403245063,0.2872344228340061,0.17426153384932724,0.03914178150885534
GradientBoosting,"(1, 2, 12)","{'l2_regularization': 1.0, 'learning_rate': 0.1, 'max_depth': 5, 'max_iter': 600, 'max_leaf_nodes': 31, 'min_samples_leaf': 50}",5,4373.6418713430585,887.1876797639819,11510.969047145762,3867.4296578962467,1.3274532968881794,0.28689450305760356,0.17433500550147285,0.03906805739600158
GradientBoosting,"(1, 2, 12)","{'l2_regularization': 1.0, 'learning_rate': 0.1, 'max_depth': 5, 'max_iter': 600, 'max_leaf_nodes': 63, 'min_samples_leaf': 50}",5,4373.6418713430585,887.1876797639819,11510.969047145762,3867.4296578962467,1.3274532968881794,0.28689450305760356,0.17433500550147285,0.03906805739600158
GradientBoosting,"(1, 2, 3, 12)","{'l2_regularization': 1.0, 'learning_rate': 0.1, 'max_depth': None, 'max_iter': 600, 'max_leaf_nodes': 63, 'min_samples_leaf': 50}",5,4259.259805000646,856.5147407949405,11532.264010148587,3454.202865645711,1.2545892085434072,0.2143208212294427,0.16993361520013767,0.03884080102692966
GradientBoosting,"(1, 2, 3, 12)","{'l2_regularization': 1.0, 'learning_rate': 0.1, 'max_depth': None, 'max_iter': 300, 'max_leaf_nodes': 63, 'min_samples_leaf': 50}",5,4259.259805000646,856.5147407949405,11532.264010148587,3454.202865645711,1.2545892085434072,0.2143208212294427,0.16993361520013767,0.03884080102692966
GradientBoosting,"(1, 12)","{'l2_regularization': 1.0, 'learning_rate': 0.05, 'max_depth': None, 'max_iter': 600, 'max_leaf_nodes': 31, 'min_samples_leaf': 20}",5,4423.62924395045,1027.2643163183452,11532.654257529546,2789.15027947366,1.3478186421155223,0.3802715804621281,0.17606228789675643,0.04255129459908271
GradientBoosting,"(1, 12)","{'l2_regularization': 1.0, 'learning_rate': 0.05, 'max_depth': None, 'max_iter': 300, 'max_leaf_nodes': 31, 'min_samples_leaf': 20}",5,4423.62924395045,1027.2643163183452,11532.654257529546,2789.15027947366,1.3478186421155223,0.3802715804621281,0.17606228789675643,0.04255129459908271
GradientBoosting,"(1, 2, 3, 12)","{'l2_regularization': 0.0, 'learning_rate': 0.05, 'max_depth': 5, 'max_iter': 600, 'max_leaf_nodes': 63, 'min_samples_leaf': 50}",5,4345.543328696779,926.3386626806613,11557.789035060665,3499.7152964980323,1.3037394416114079,0.2942466850455061,0.17328841700728434,0.04085132375643327
GradientBoosting,"(1, 2, 3, 12)","{'l2_regularization': 0.0, 'learning_rate': 0.05, 'max_depth': 5, 'max_iter': 600, 'max_leaf_nodes': 31, 'min_samples_leaf': 50}",5,4345.543328696779,926.3386626806613,11557.789035060665,3499.7152964980323,1.3037394416114079,0.2942466850455061,0.17328841700728434,0.04085132375643327
GradientBoosting,"(1, 12)","{'l2_regularization': 1.0, 'learning_rate': 0.1, 'max_depth': None, 'max_iter': 600, 'max_leaf_nodes': 31, 'min_samples_leaf': 50}",5,4407.90500357098,802.6076321950306,11558.821880016036,2720.5128280326335,1.323205154104088,0.27946969046453907,0.1754937468806581,0.03481002412899234
GradientBoosting,"(1, 12)","{'l2_regularization': 1.0, 'learning_rate': 0.1, 'max_depth': None, 'max_iter': 300, 'max_leaf_nodes': 31, 'min_samples_leaf': 50}",5,4401.593371206522,809.1930901779491,11560.579956503916,2718.2043605993736,1.3210583853171178,0.28128393586646305,0.1752500033189499,0.03507329662878502
GradientBoosting,"(1, 2, 3, 4, 5, 6, 12)","{'l2_regularization': 0.0, 'learning_rate': 0.05, 'max_depth': 5, 'max_iter': 600, 'max_leaf_nodes': 63, 'min_samples_leaf': 50}",5,4317.130632581453,932.315381730611,11579.288550912937,3537.3331147107847,1.2989063531342526,0.29664563417112644,0.17214081589959904,0.04100785432295055
GradientBoosting,"(1, 2, 3, 4, 5, 6, 12)","{'l2_regularization': 0.0, 'learning_rate': 0.05, 'max_depth': 5, 'max_iter': 600, 'max_leaf_nodes': 31, 'min_samples_leaf': 50}",5,4317.130632581453,932.315381730611,11579.288550912937,3537.3331147107847,1.2989063531342526,0.29664563417112644,0.17214081589959904,0.04100785432295055
GradientBoosting,"(1, 2, 3, 4, 5, 6, 12)","{'l2_regularization': 1.0, 'learning_rate': 0.05, 'max_depth': None, 'max_iter': 300, 'max_leaf_nodes': 63, 'min_samples_leaf': 50}",5,4158.454068225916,837.7647716045878,11580.80496915234,3298.4414228726337,1.2155859752389229,0.21185433148396962,0.16588092388218093,0.037831935499041666
GradientBoosting,"(1, 2, 12)","{'l2_regularization': 1.0, 'learning_rate': 0.05, 'max_depth': None, 'max_iter': 600, 'max_leaf_nodes': 63, 'min_samples_leaf': 20}",5,4291.309473439117,863.5292319013,11606.920040008985,3031.1429012011213,1.2632557621384344,0.24566165535593282,0.17104253791326557,0.03792058539458888
GradientBoosting,"(1, 2, 12)","{'l2_regularization': 1.0, 'learning_rate': 0.05, 'max_depth': None, 'max_iter': 300, 'max_leaf_nodes': 63, 'min_samples_leaf': 20}",5,4291.309473439117,863.5292319013,11606.920040008985,3031.1429012011213,1.2632557621384344,0.24566165535593282,0.17104253791326557,0.03792058539458888
GradientBoosting,"(1, 2, 3, 4, 5, 6, 12)","{'l2_regularization': 1.0, 'learning_rate': 0.05, 'max_depth': 5, 'max_iter': 600, 'max_leaf_nodes': 63, 'min_samples_leaf': 50}",5,4328.064332051394,923.2628698594799,11614.623359921638,3688.981287233184,1.2980212184730768,0.2828106249026903,0.17257584776507554,0.04067960635996204
GradientBoosting,"(1, 2, 3, 4, 5, 6, 12)","{'l2_regularization': 1.0, 'learning_rate': 0.05, 'max_depth': 5, 'max_iter': 600, 'max_leaf_nodes': 31, 'min_samples_leaf': 50}",5,4328.064332051394,923.2628698594799,11614.623359921638,3688.981287233184,1.2980212184730768,0.2828106249026903,0.17257584776507554,0.04067960635996204
GradientBoosting,"(1, 2, 12)","{'l2_regularization': 1.0, 'learning_rate': 0.05, 'max_depth': 5, 'max_iter': 600, 'max_leaf_nodes': 63, 'min_samples_leaf': 50}",5,4343.517314796738,887.7180602095747,11627.461607048688,3568.347960318938,1.3136060919856003,0.28050902178163933,0.17306557771665654,0.03879779429471962
GradientBoosting,"(1, 2, 12)","{'l2_regularization': 1.0, 'learning_rate': 0.05, 'max_depth': 5, 'max_iter': 600, 'max_leaf_nodes': 31, 'min_samples_leaf': 50}",5,4343.517314796738,887.7180602095747,11627.461607048688,3568.347960318938,1.3136060919856003,0.28050902178163933,0.17306557771665654,0.03879779429471962
GradientBoosting,"(1, 2, 3, 12)","{'l2_regularization': 0.0, 'learning_rate': 0.05, 'max_depth': 5, 'max_iter': 300, 'max_leaf_nodes': 63, 'min_samples_leaf': 50}",5,4369.571243502665,907.0474034595586,11651.032060530022,3439.2778113716718,1.3063635631750699,0.28991710916362123,0.1742544372120094,0.0402189696774031
GradientBoosting,"(1, 2, 3, 12)","{'l2_regularization': 0.0, 'learning_rate': 0.05, 'max_depth': 5, 'max_iter': 300, 'max_leaf_nodes': 31, 'min_samples_leaf': 50}",5,4369.571243502665,907.0474034595586,11651.032060530022,3439.2778113716718,1.3063635631750699,0.28991710916362123,0.1742544372120094,0.0402189696774031
GradientBoosting,"(1, 2, 12)","{'l2_regularization': 0.0, 'learning_rate': 0.05, 'max_depth': 5, 'max_iter': 600, 'max_leaf_nodes': 63, 'min_samples_leaf': 50}",5,4376.56830103168,868.3785024270074,11658.063595735513,3376.142903549325,1.318231019421993,0.2902133004118583,0.17443252975486054,0.03826408130292431
GradientBoosting,"(1, 2, 12)","{'l2_regularization': 0.0, 'learning_rate': 0.05, 'max_depth': 5, 'max_iter': 600, 'max_leaf_nodes': 31, 'min_samples_leaf': 50}",5,4376.56830103168,868.3785024270074,11658.063595735513,3376.142903549325,1.318231019421993,0.2902133004118583,0.17443252975486054,0.03826408130292431
GradientBoosting,"(1, 2, 12)","{'l2_regularization': 1.0, 'learning_rate': 0.1, 'max_depth': None, 'max_iter': 600, 'max_leaf_nodes': 63, 'min_samples_leaf': 50}",5,4250.065396345626,785.4516988653924,11663.402267636597,4061.5021653751855,1.246651564855472,0.17188332904953596,0.16947503085257062,0.03594621541405002
GradientBoosting,"(1, 2, 12)","{'l2_regularization': 1.0, 'learning_rate': 0.1, 'max_depth': None, 'max_iter': 300, 'max_leaf_nodes': 63, 'min_samples_leaf': 50}",5,4250.294248389151,785.2392136790328,11664.119701868734,4060.885414216194,1.2465634388423574,0.17197676033821732,0.16948386869498158,0.03593797684599966
GradientBoosting,"(1, 2, 3, 4, 5, 6, 12)","{'l2_regularization': 0.0, 'learning_rate': 0.1, 'max_depth': 5, 'max_iter': 600, 'max_leaf_nodes': 31, 'min_samples_leaf': 50}",5,4386.0372159803865,929.2161483879383,11687.057035082156,3516.5357852796465,1.3085014142519746,0.27871235296255303,0.17493492055330162,0.04113240301675414
GradientBoosting,"(1, 2, 3, 4, 5, 6, 12)","{'l2_regularization': 0.0, 'learning_rate': 0.1, 'max_depth': 5, 'max_iter': 600, 'max_leaf_nodes': 63, 'min_samples_leaf': 50}",5,4386.0372159803865,929.2161483879383,11687.057035082156,3516.5357852796465,1.3085014142519746,0.27871235296255303,0.17493492055330162,0.04113240301675414
GradientBoosting,"(1, 2, 3, 4, 5, 6, 12)","{'l2_regularization': 0.0, 'learning_rate': 0.1, 'max_depth': 5, 'max_iter': 300, 'max_leaf_nodes': 63, 'min_samples_leaf': 50}",5,4386.0372159803865,929.2161483879383,11687.057035082156,3516.5357852796465,1.3085014142519746,0.27871235296255303,0.17493492055330162,0.04113240301675414
GradientBoosting,"(1, 2, 3, 4, 5, 6, 12)","{'l2_regularization': 0.0, 'learning_rate': 0.1, 'max_depth': 5, 'max_iter': 300, 'max_leaf_nodes': 31, 'min_samples_leaf': 50}",5,4386.0372159803865,929.2161483879383,11687.057035082156,3516.5357852796465,1.3085014142519746,0.27871235296255303,0.17493492055330162,0.04113240301675414
GradientBoosting,"(1, 2, 3, 4, 5, 6, 12)","{'l2_regularization': 0.0, 'learning_rate': 0.05, 'max_depth': 5, 'max_iter': 300, 'max_leaf_nodes': 63, 'min_samples_leaf': 50}",5,4356.062566416285,906.3145259049932,11691.073169952515,3476.647147013995,1.3075779111969437,0.2904548597157653,0.17368996270480452,0.04009559524335469
GradientBoosting,"(1, 2, 3, 4, 5, 6, 12)","{'l2_regularization': 0.0, 'learning_rate': 0.05, 'max_depth': 5, 'max_iter': 300, 'max_leaf_nodes': 31, 'min_samples_leaf': 50}",5,4356.062566416285,906.3145259049932,11691.073169952515,3476.647147013995,1.3075779111969437,0.2904548597157653,0.17368996270480452,0.04009559524335469
GradientBoosting,"(1, 2, 3, 4, 5, 6, 12)","{'l2_regularization': 1.0, 'learning_rate': 0.05, 'max_depth': None, 'max_iter': 600, 'max_leaf_nodes': 31, 'min_samples_leaf': 50}",5,4339.997802665733,1038.3184031288217,11691.607690860503,3437.7089572824584,1.3070677438526745,0.36256752088967903,0.17294463632161095,0.04413069785998414
GradientBoosting,"(1, 2, 3, 4, 5, 6, 12)","{'l2_regularization': 1.0, 'learning_rate': 0.05, 'max_depth': 5, 'max_iter': 300, 'max_leaf_nodes': 31, 'min_samples_leaf': 50}",5,4355.887202770354,921.813812357941,11706.07643240617,3654.1084715792813,1.3031787700640922,0.281945558522075,0.17370646781018545,0.040751781465308105
GradientBoosting,"(1, 2, 3, 4, 5, 6, 12)","{'l2_regularization': 1.0, 'learning_rate': 0.05, 'max_depth': 5, 'max_iter': 300, 'max_leaf_nodes': 63, 'min_samples_leaf': 50}",5,4355.887202770354,921.813812357941,11706.07643240617,3654.1084715792813,1.3031787700640922,0.281945558522075,0.17370646781018545,0.040751781465308105
GradientBoosting,"(1, 2, 3, 12)","{'l2_regularization': 0.0, 'learning_rate': 0.1, 'max_depth': 5, 'max_iter': 300, 'max_leaf_nodes': 31, 'min_samples_leaf': 50}",5,4414.343714407916,970.8305825073137,11711.753114982357,3755.0048317929986,1.318948379068002,0.2834482090092996,0.17615651358281056,0.04303857890199974
GradientBoosting,"(1, 2, 3, 12)","{'l2_regularization': 0.0, 'learning_rate': 0.1, 'max_depth': 5, 'max_iter': 300, 'max_leaf_nodes': 63, 'min_samples_leaf': 50}",5,4414.343714407916,970.8305825073137,11711.753114982357,3755.0048317929986,1.318948379068002,0.2834482090092996,0.17615651358281056,0.04303857890199974
GradientBoosting,"(1, 2, 3, 12)","{'l2_regularization': 0.0, 'learning_rate': 0.1, 'max_depth': 5, 'max_iter': 600, 'max_leaf_nodes': 63, 'min_samples_leaf': 50}",5,4414.343714407916,970.8305825073137,11711.753114982357,3755.0048317929986,1.318948379068002,0.2834482090092996,0.17615651358281056,0.04303857890199974
GradientBoosting,"(1, 2, 3, 12)","{'l2_regularization': 0.0, 'learning_rate': 0.1, 'max_depth': 5, 'max_iter': 600, 'max_leaf_nodes': 31, 'min_samples_leaf': 50}",5,4414.343714407916,970.8305825073137,11711.753114982357,3755.0048317929986,1.318948379068002,0.2834482090092996,0.17615651358281056,0.04303857890199974
GradientBoosting,"(1, 12)","{'l2_regularization': 1.0, 'learning_rate': 0.05, 'max_depth': None, 'max_iter': 600, 'max_leaf_nodes': 63, 'min_samples_leaf': 50}",5,4304.126624737805,669.1331718104493,11722.214373212704,2799.9548353403006,1.2720289091090269,0.18823761404829778,0.17148709625697217,0.031014519070930398
GradientBoosting,"(1, 2, 3, 12)","{'l2_regularization': 1.0, 'learning_rate': 0.05, 'max_depth': None, 'max_iter': 600, 'max_leaf_nodes': 63, 'min_samples_leaf': 50}",5,4230.46625472672,857.4533153220436,11733.469035719807,3267.922060449054,1.243529926703753,0.21758651261267287,0.1687718629434017,0.03869552820669879
GradientBoosting,"(1, 12)","{'l2_regularization': 1.0, 'learning_rate': 0.05, 'max_depth': 5, 'max_iter': 600, 'max_leaf_nodes': 31, 'min_samples_leaf': 50}",5,4377.468817576695,826.0985546035931,11748.713019182465,3277.703386043937,1.325596660669143,0.2875630286272365,0.17438936606111163,0.036318549265285945
GradientBoosting,"(1, 12)","{'l2_regularization': 1.0, 'learning_rate': 0.05, 'max_depth': 5, 'max_iter': 600, 'max_leaf_nodes': 63, 'min_samples_leaf': 50}",5,4377.468817576695,826.0985546035931,11748.713019182465,3277.703386043937,1.325596660669143,0.2875630286272365,0.17438936606111163,0.036318549265285945
GradientBoosting,"(1, 2, 12)","{'l2_regularization': 0.0, 'learning_rate': 0.05, 'max_depth': 5, 'max_iter': 300, 'max_leaf_nodes': 31, 'min_samples_leaf': 50}",5,4411.424602100068,839.3005141004268,11769.684565675914,3292.3875318469104,1.3246280232912206,0.2849751113439946,0.1758016529429839,0.03719042338476239
GradientBoosting,"(1, 2, 12)","{'l2_regularization': 0.0, 'learning_rate': 0.05, 'max_depth': 5, 'max_iter': 300, 'max_leaf_nodes': 63, 'min_samples_leaf': 50}",5,4411.424602100068,839.3005141004268,11769.684565675914,3292.3875318469104,1.3246280232912206,0.2849751113439946,0.1758016529429839,0.03719042338476239
GradientBoosting,"(1, 2, 12)","{'l2_regularization': 1.0, 'learning_rate': 0.05, 'max_depth': None, 'max_iter': 600, 'max_leaf_nodes': 31, 'min_samples_leaf': 50}",5,4417.4884426908175,993.0436120865542,11787.567393051117,3520.8585883512737,1.3297070268410374,0.3434083260128633,0.17587222391965024,0.04193005396753291
GradientBoosting,"(1, 12)","{'l2_regularization': 1.0, 'learning_rate': 0.05, 'max_depth': None, 'max_iter': 600, 'max_leaf_nodes': 31, 'min_samples_leaf': 50}",5,4443.466304635362,899.7377666980725,11788.27305694693,2867.728889147577,1.3384426407086147,0.3320404398386898,0.17687366047339706,0.038094421133176466
GradientBoosting,"(1, 2, 3, 4, 5, 6, 12)","{'l2_regularization': 1.0, 'learning_rate': 0.05, 'max_depth': None, 'max_iter': 300, 'max_leaf_nodes': 31, 'min_samples_leaf': 50}",5,4360.212292789829,1019.8562159102281,11802.068336952754,3388.1327570379303,1.3115526479625308,0.3587268764514777,0.17376150752449773,0.04347791466820033
GradientBoosting,"(1, 2, 12)","{'l2_regularization': 1.0, 'learning_rate': 0.05, 'max_depth': 5, 'max_iter': 300, 'max_leaf_nodes': 63, 'min_samples_leaf': 50}",5,4381.233788260161,856.7405034582181,11811.728519755226,3451.62560184328,1.3167896644078632,0.2781442667405331,0.17459287906734705,0.037815042614385154
GradientBoosting,"(1, 2, 12)","{'l2_regularization': 1.0, 'learning_rate': 0.05, 'max_depth': 5, 'max_iter': 300, 'max_leaf_nodes': 31, 'min_samples_leaf': 50}",5,4381.233788260161,856.7405034582181,11811.728519755226,3451.62560184328,1.3167896644078632,0.2781442667405331,0.17459287906734705,0.037815042614385154
GradientBoosting,"(1, 2, 3, 12)","{'l2_regularization': 1.0, 'learning_rate': 0.05, 'max_depth': None, 'max_iter': 600, 'max_leaf_nodes': 31, 'min_samples_leaf': 50}",5,4419.760471838966,1063.7947803016057,11822.513657869586,3621.3280284596353,1.332287902555734,0.3606911348969334,0.17611717711425873,0.045253305279800954
GradientBoosting,"(1, 2, 12)","{'l2_regularization': 1.0, 'learning_rate': 0.1, 'max_depth': None, 'max_iter': 300, 'max_leaf_nodes': 31, 'min_samples_leaf': 50}",5,4452.813652932279,1010.4281653702635,11825.041458951146,3454.9894543337386,1.34747041194773,0.3545587496295092,0.17723815149010674,0.04228184487910801
GradientBoosting,"(1, 2, 12)","{'l2_regularization': 1.0, 'learning_rate': 0.1, 'max_depth': None, 'max_iter': 600, 'max_leaf_nodes': 31, 'min_samples_leaf': 50}",5,4457.693393772815,1005.7593640872726,11828.705916870764,3450.9424384334657,1.3492241025036418,0.35312166302397074,0.1774265980509969,0.042091880898881134
GradientBoosting,"(1, 12)","{'l2_regularization': 0.0, 'learning_rate': 0.05, 'max_depth': 5, 'max_iter': 600, 'max_leaf_nodes': 31, 'min_samples_leaf': 20}",5,4384.51844569631,859.0371164782066,11846.027027700147,2725.4687026857646,1.3154612503932075,0.2896029879878903,0.17471221132121054,0.037505937929807054
GradientBoosting,"(1, 12)","{'l2_regularization': 0.0, 'learning_rate': 0.05, 'max_depth': 5, 'max_iter': 300, 'max_leaf_nodes': 31, 'min_samples_leaf': 20}",5,4415.185993176529,898.4274177132363,11847.521733740785,2723.7045407477854,1.330180846815495,0.31768954476793476,0.17590933513412121,0.03877306225086811
GradientBoosting,"(1, 2, 3, 4, 5, 6, 12)","{'l2_regularization': 0.0, 'learning_rate': 0.05, 'max_depth': None, 'max_iter': 600, 'max_leaf_nodes': 31, 'min_samples_leaf': 20}",5,4436.900136391729,1125.0132208807925,11860.11553744622,3781.170802077704,1.3406566313758146,0.3899466435282294,0.17686974336940334,0.04753751963106082
GradientBoosting,"(1, 2, 3, 4, 5, 6, 12)","{'l2_regularization': 0.0, 'learning_rate': 0.05, 'max_depth': None, 'max_iter': 300, 'max_leaf_nodes': 31, 'min_samples_leaf': 20}",5,4436.900136391729,1125.0132208807925,11860.11553744622,3781.170802077704,1.3406566313758146,0.3899466435282294,0.17686974336940334,0.04753751963106082
GradientBoosting,"(1, 2, 3, 12)","{'l2_regularization': 1.0, 'learning_rate': 0.05, 'max_depth': None, 'max_iter': 300, 'max_leaf_nodes': 63, 'min_samples_leaf': 50}",5,4249.149138062659,858.524685709222,11860.924008110516,3179.1164024634004,1.2466526453279496,0.2235337441331967,0.16951060029780723,0.03870501344698897
GradientBoosting,"(1, 12)","{'l2_regularization': 1.0, 'learning_rate': 0.05, 'max_depth': None, 'max_iter': 300, 'max_leaf_nodes': 63, 'min_samples_leaf': 50}",5,4310.395784666149,668.7571693261388,11862.761084176193,2730.6213747672564,1.2688641305812127,0.189818511135426,0.1717489790784369,0.031068950159209453
GradientBoosting,"(1, 12)","{'l2_regularization': 0.0, 'learning_rate': 0.05, 'max_depth': 5, 'max_iter': 600, 'max_leaf_nodes': 31, 'min_samples_leaf': 50}",5,4419.67073609417,818.6635167349175,11875.171332806243,3210.5874321019314,1.3314429367690626,0.27830006501103177,0.17609720521070396,0.03624094606457847
GradientBoosting,"(1, 12)","{'l2_regularization': 0.0, 'learning_rate': 0.05, 'max_depth': 5, 'max_iter': 600, 'max_leaf_nodes': 63, 'min_samples_leaf': 50}",5,4419.67073609417,818.6635167349175,11875.171332806243,3210.5874321019314,1.3314429367690626,0.27830006501103177,0.17609720521070396,0.03624094606457847
GradientBoosting,"(1, 2, 3, 4, 5, 6, 12)","{'l2_regularization': 0.0, 'learning_rate': 0.1, 'max_depth': None, 'max_iter': 600, 'max_leaf_nodes': 31, 'min_samples_leaf': 20}",5,4440.377442775918,1103.7773434287874,11880.711779934249,3736.831712103992,1.338553024539963,0.37489031342622986,0.17707432489554978,0.047070468087601444
GradientBoosting,"(1, 2, 3, 4, 5, 6, 12)","{'l2_regularization': 0.0, 'learning_rate': 0.1, 'max_depth': None, 'max_iter': 300, 'max_leaf_nodes': 31, 'min_samples_leaf': 20}",5,4440.377442775918,1103.7773434287874,11880.711779934249,3736.831712103992,1.338553024539963,0.37489031342622986,0.17707432489554978,0.047070468087601444
GradientBoosting,"(1, 12)","{'l2_regularization': 0.0, 'learning_rate': 0.05, 'max_depth': 5, 'max_iter': 600, 'max_leaf_nodes': 63, 'min_samples_leaf': 20}",5,4384.83269901061,861.8829728846011,11881.334971614566,2740.2285414232283,1.3142597699756737,0.29470207718872826,0.17469224087992016,0.037386225113420594
GradientBoosting,"(1, 12)","{'l2_regularization': 1.0, 'learning_rate': 0.05, 'max_depth': None, 'max_iter': 300, 'max_leaf_nodes': 63, 'min_samples_leaf': 20}",5,4297.249843950865,765.1378110022222,11883.91575157247,3157.7405230731706,1.2678319554264708,0.21702763798388947,0.1713051534658021,0.034589308814081364
GradientBoosting,"(1, 12)","{'l2_regularization': 1.0, 'learning_rate': 0.05, 'max_depth': None, 'max_iter': 600, 'max_leaf_nodes': 63, 'min_samples_leaf': 20}",5,4297.249843950865,765.1378110022222,11883.91575157247,3157.7405230731706,1.2678319554264708,0.21702763798388947,0.1713051534658021,0.034589308814081364
GradientBoosting,"(1, 12)","{'l2_regularization': 0.0, 'learning_rate': 0.05, 'max_depth': 5, 'max_iter': 300, 'max_leaf_nodes': 63, 'min_samples_leaf': 20}",5,4384.02907706986,862.8144170835546,11884.143354295713,2738.5620757936535,1.3136353279182302,0.29528572430547634,0.17466179198067128,0.03742401553256051
GradientBoosting,"(1, 2, 12)","{'l2_regularization': 1.0, 'learning_rate': 0.05, 'max_depth': None, 'max_iter': 300, 'max_leaf_nodes': 31, 'min_samples_leaf': 50}",5,4460.333610400963,1010.3322703842543,11887.58510679172,3439.6723891440097,1.3420239314545064,0.360766930216592,0.17756197724527195,0.04247893928412474
GradientBoosting,"(1, 2, 12)","{'l2_regularization': 1.0, 'learning_rate': 0.05, 'max_depth': None, 'max_iter': 600, 'max_leaf_nodes': 63, 'min_samples_leaf': 50}",5,4266.214339006538,788.3352158684022,11895.926041727074,3847.122611693638,1.2530092555007908,0.19054334486015895,0.17006420491170196,0.03577472434334359
GradientBoosting,"(1, 12)","{'l2_regularization': 1.0, 'learning_rate': 0.05, 'max_depth': 5, 'max_iter': 300, 'max_leaf_nodes': 63, 'min_samples_leaf': 50}",5,4410.358057701289,800.6985847189899,11896.183958391368,3178.587750320129,1.3309264949499657,0.28207622208375915,0.17572569193298865,0.035564169313813926
GradientBoosting,"(1, 12)","{'l2_regularization': 1.0, 'learning_rate': 0.05, 'max_depth': 5, 'max_iter': 300, 'max_leaf_nodes': 31, 'min_samples_leaf': 50}",5,4410.358057701289,800.6985847189899,11896.183958391368,3178.587750320129,1.3309264949499657,0.28207622208375915,0.17572569193298865,0.035564169313813926
GradientBoosting,"(1, 12)","{'l2_regularization': 0.0, 'learning_rate': 0.1, 'max_depth': 5, 'max_iter': 600, 'max_leaf_nodes': 31, 'min_samples_leaf': 20}",5,4417.834710091882,897.6472184441268,11903.953998524878,3259.4449676513514,1.3336947672043482,0.318441882436749,0.17602603675183656,0.03888056362342281
GradientBoosting,"(1, 12)","{'l2_regularization': 0.0, 'learning_rate': 0.1, 'max_depth': 5, 'max_iter': 300, 'max_leaf_nodes': 31, 'min_samples_leaf': 20}",5,4417.834710091882,897.6472184441268,11903.953998524878,3259.4449676513514,1.3336947672043482,0.318441882436749,0.17602603675183656,0.03888056362342281
GradientBoosting,"(1, 2, 3, 12)","{'l2_regularization': 1.0, 'learning_rate': 0.05, 'max_depth': 5, 'max_iter': 600, 'max_leaf_nodes': 63, 'min_samples_leaf': 50}",5,4369.140578894146,939.1446984039561,11907.790772357326,3756.685568564864,1.3111645278896613,0.29105588566902024,0.17419829656141456,0.041302211044762185
GradientBoosting,"(1, 2, 3, 12)","{'l2_regularization': 1.0, 'learning_rate': 0.05, 'max_depth': 5, 'max_iter': 600, 'max_leaf_nodes': 31, 'min_samples_leaf': 50}",5,4369.140578894146,939.1446984039561,11907.790772357326,3756.685568564864,1.3111645278896613,0.29105588566902024,0.17419829656141456,0.041302211044762185
GradientBoosting,"(1, 12)","{'l2_regularization': 1.0, 'learning_rate': 0.05, 'max_depth': None, 'max_iter': 300, 'max_leaf_nodes': 31, 'min_samples_leaf': 50}",5,4469.931348730899,915.6117221290039,11909.059687421493,2778.916631677325,1.3448099571144005,0.34846096898423984,0.17790806248008081,0.03858594645403487
GradientBoosting,"(1, 2, 3, 12)","{'l2_regularization': 1.0, 'learning_rate': 0.05, 'max_depth': None, 'max_iter': 300, 'max_leaf_nodes': 31, 'min_samples_leaf': 50}",5,4465.148317487641,1089.9252711488505,11928.0981421508,3564.1775665896766,1.345437609753446,0.37640912159367584,0.17789390242874795,0.04607072883505987
GradientBoosting,"(1, 2, 3, 12)","{'l2_regularization': 0.0, 'learning_rate': 0.05, 'max_depth': None, 'max_iter': 600, 'max_leaf_nodes': 31, 'min_samples_leaf': 20}",5,4424.661032639446,1135.1006759324737,11928.819368098919,4092.8534862713936,1.3361183074413492,0.37926158099708385,0.17641767056162752,0.04815181755120228
GradientBoosting,"(1, 2, 3, 12)","{'l2_regularization': 0.0, 'learning_rate': 0.05, 'max_depth': None, 'max_iter': 300, 'max_leaf_nodes': 31, 'min_samples_leaf': 20}",5,4424.661032639446,1135.1006759324737,11928.819368098919,4092.8534862713936,1.3361183074413492,0.37926158099708385,0.17641767056162752,0.04815181755120228
GradientBoosting,"(1, 2, 12)","{'l2_regularization': 1.0, 'learning_rate': 0.05, 'max_depth': None, 'max_iter': 300, 'max_leaf_nodes': 63, 'min_samples_leaf': 50}",5,4266.4251235682195,787.5346205895223,11993.184986720842,3769.6931965634058,1.2478890901775286,0.1941046958719206,0.170067117450211,0.03572306512754471
GradientBoosting,"(1, 2, 3, 12)","{'l2_regularization': 0.0, 'learning_rate': 0.1, 'max_depth': None, 'max_iter': 600, 'max_leaf_nodes': 31, 'min_samples_leaf': 20}",5,4461.148773162513,1103.7599494180697,11998.332611009053,3891.446512614726,1.347923670861006,0.35349159191296,0.17791050015505064,0.04728876607367679
GradientBoosting,"(1, 2, 3, 12)","{'l2_regularization': 0.0, 'learning_rate': 0.1, 'max_depth': None, 'max_iter': 300, 'max_leaf_nodes': 31, 'min_samples_leaf': 20}",5,4461.148773162513,1103.7599494180697,11998.332611009053,3891.446512614726,1.347923670861006,0.35349159191296,0.17791050015505064,0.04728876607367679
GradientBoosting,"(1, 12)","{'l2_regularization': 0.0, 'learning_rate': 0.05, 'max_depth': 5, 'max_iter': 300, 'max_leaf_nodes': 31, 'min_samples_leaf': 50}",5,4434.0658653245755,803.211057420924,12000.27368746853,3108.822579914449,1.3304282586026768,0.2783730004950695,0.17666959180810612,0.03570582121216187
GradientBoosting,"(1, 12)","{'l2_regularization': 0.0, 'learning_rate': 0.05, 'max_depth': 5, 'max_iter': 300, 'max_leaf_nodes': 63, 'min_samples_leaf': 50}",5,4434.0658653245755,803.211057420924,12000.27368746853,3108.822579914449,1.3304282586026768,0.2783730004950695,0.17666959180810612,0.03570582121216187
GradientBoosting,"(1, 12)","{'l2_regularization': 0.0, 'learning_rate': 0.1, 'max_depth': 5, 'max_iter': 600, 'max_leaf_nodes': 63, 'min_samples_leaf': 20}",5,4447.307234745097,907.7545228230857,12008.835383461324,3230.360354854099,1.3422118704262178,0.32316347962686365,0.17720766299843285,0.0393586864918051
GradientBoosting,"(1, 12)","{'l2_regularization': 0.0, 'learning_rate': 0.1, 'max_depth': 5, 'max_iter': 300, 'max_leaf_nodes': 63, 'min_samples_leaf': 20}",5,4447.307234745097,907.7545228230857,12008.835383461324,3230.360354854099,1.3422118704262178,0.32316347962686365,0.17720766299843285,0.0393586864918051
GradientBoosting,"(1, 2, 3, 12)","{'l2_regularization': 1.0, 'learning_rate': 0.05, 'max_depth': 5, 'max_iter': 300, 'max_leaf_nodes': 31, 'min_samples_leaf': 50}",5,4387.762447085939,928.7737766699709,12016.97060171752,3696.2068647895,1.310763409811638,0.2908722207339373,0.1749532580247218,0.04098562926762855
GradientBoosting,"(1, 2, 3, 12)","{'l2_regularization': 1.0, 'learning_rate': 0.05, 'max_depth': 5, 'max_iter': 300, 'max_leaf_nodes': 63, 'min_samples_leaf': 50}",5,4387.762447085939,928.7737766699709,12016.97060171752,3696.2068647895,1.310763409811638,0.2908722207339373,0.1749532580247218,0.04098562926762855
GradientBoosting,"(1, 2, 12)","{'l2_regularization': 0.0, 'learning_rate': 0.1, 'max_depth': None, 'max_iter': 600, 'max_leaf_nodes': 31, 'min_samples_leaf': 20}",5,4489.106998403426,1079.200939353568,12095.555982452704,3622.585209256457,1.3561976379609941,0.3702674768636522,0.17883410223896484,0.04543119811467383
GradientBoosting,"(1, 2, 12)","{'l2_regularization': 0.0, 'learning_rate': 0.1, 'max_depth': None, 'max_iter': 300, 'max_leaf_nodes': 31, 'min_samples_leaf': 20}",5,4489.106998403426,1079.200939353568,12095.555982452704,3622.585209256457,1.3561976379609941,0.3702674768636522,0.17883410223896484,0.04543119811467383
GradientBoosting,"(1, 2, 3, 12)","{'l2_regularization': 0.0, 'learning_rate': 0.1, 'max_depth': None, 'max_iter': 600, 'max_leaf_nodes': 31, 'min_samples_leaf': 50}",5,4419.992507044786,1053.793588107747,12153.65236122049,4231.272202661493,1.3245131208719612,0.3243216059545179,0.17621409520555242,0.04528188094807986
GradientBoosting,"(1, 2, 3, 12)","{'l2_regularization': 0.0, 'learning_rate': 0.1, 'max_depth': None, 'max_iter': 300, 'max_leaf_nodes': 31, 'min_samples_leaf': 50}",5,4419.992507044786,1053.793588107747,12153.65236122049,4231.272202661493,1.3245131208719612,0.3243216059545179,0.17621409520555242,0.04528188094807986
GradientBoosting,"(1, 2, 3, 4, 5, 6, 12)","{'l2_regularization': 0.0, 'learning_rate': 0.05, 'max_depth': None, 'max_iter': 600, 'max_leaf_nodes': 31, 'min_samples_leaf': 50}",5,4400.468536398592,1095.1703154891725,12171.813104195706,3720.1745574412735,1.3124571198996509,0.36280404772193925,0.17538869719334912,0.0463589119597179
GradientBoosting,"(1, 2, 12)","{'l2_regularization': 0.0, 'learning_rate': 0.05, 'max_depth': None, 'max_iter': 600, 'max_leaf_nodes': 31, 'min_samples_leaf': 20}",5,4481.881026511334,1116.1379795589012,12192.362638033323,4116.225356510215,1.3544233232692924,0.3820468253454486,0.17856114194814418,0.04686832791114511
GradientBoosting,"(1, 2, 12)","{'l2_regularization': 0.0, 'learning_rate': 0.05, 'max_depth': None, 'max_iter': 300, 'max_leaf_nodes': 31, 'min_samples_leaf': 20}",5,4481.881026511334,1116.1379795589012,12192.362638033323,4116.225356510215,1.3544233232692924,0.3820468253454486,0.17856114194814418,0.04686832791114511
GradientBoosting,"(1, 12)","{'l2_regularization': 0.0, 'learning_rate': 0.1, 'max_depth': None, 'max_iter': 600, 'max_leaf_nodes': 31, 'min_samples_leaf': 50}",5,4465.872564458785,893.4663841674617,12328.571868223768,3486.188710064067,1.332582392679282,0.3006323472331397,0.1778515107275754,0.03831999801112446
GradientBoosting,"(1, 2, 3, 4, 5, 6, 12)","{'l2_regularization': 0.0, 'learning_rate': 0.1, 'max_depth': None, 'max_iter': 600, 'max_leaf_nodes': 31, 'min_samples_leaf': 50}",5,4375.571231677855,1041.146252517751,12334.511786492523,3845.3492812315953,1.2982709618277328,0.33125477496366773,0.1743777486139672,0.04442741056698207
GradientBoosting,"(1, 2, 3, 4, 5, 6, 12)","{'l2_regularization': 0.0, 'learning_rate': 0.1, 'max_depth': None, 'max_iter': 300, 'max_leaf_nodes': 31, 'min_samples_leaf': 50}",5,4375.571231677855,1041.146252517751,12334.511786492523,3845.3492812315953,1.2982709618277328,0.33125477496366773,0.1743777486139672,0.04442741056698207
GradientBoosting,"(1, 2, 3, 4, 5, 6, 12)","{'l2_regularization': 0.0, 'learning_rate': 0.05, 'max_depth': None, 'max_iter': 300, 'max_leaf_nodes': 31, 'min_samples_leaf': 50}",5,4428.8598528136845,1075.1259337744143,12334.99718442666,3648.4308277869777,1.317495922197782,0.35804202351475284,0.17652961635784634,0.045658328901925616
GradientBoosting,"(1, 12)","{'l2_regularization': 0.0, 'learning_rate': 0.1, 'max_depth': None, 'max_iter': 300, 'max_leaf_nodes': 31, 'min_samples_leaf': 50}",5,4461.987475051252,897.4504360639191,12340.978471019209,3471.216333220034,1.330939813125561,0.30204263431576506,0.17770147576434162,0.03847960471231764
GradientBoosting,"(1, 2, 3, 12)","{'l2_regularization': 0.0, 'learning_rate': 0.1, 'max_depth': None, 'max_iter': 300, 'max_leaf_nodes': 63, 'min_samples_leaf': 50}",5,4481.170417456573,1027.793135965418,12402.142390260764,4493.457988442722,1.3068161958491604,0.2868207427918286,0.17865647477013852,0.04426824458962535
GradientBoosting,"(1, 2, 3, 12)","{'l2_regularization': 0.0, 'learning_rate': 0.1, 'max_depth': None, 'max_iter': 600, 'max_leaf_nodes': 63, 'min_samples_leaf': 50}",5,4491.6336820586075,1017.413847458046,12409.949345411209,4486.267717870245,1.3099878168475607,0.28376141279012707,0.1790605466859169,0.04385763299355562
GradientBoosting,"(1, 2, 12)","{'l2_regularization': 0.0, 'learning_rate': 0.1, 'max_depth': None, 'max_iter': 600, 'max_leaf_nodes': 31, 'min_samples_leaf': 50}",5,4464.674050739403,967.2885574779151,12435.739481726767,4076.1294735555853,1.332971848440223,0.305714020145612,0.17788763070150582,0.041596079839971836
GradientBoosting,"(1, 2, 3, 4, 5, 6, 12)","{'l2_regularization': 0.0, 'learning_rate': 0.05, 'max_depth': None, 'max_iter': 600, 'max_leaf_nodes': 63, 'min_samples_leaf': 50}",5,4369.247112910451,1012.7706634120422,12443.70967228829,4020.7467232819286,1.2660932882420852,0.2831182571590357,0.17424635459275684,0.0439145745195209
GradientBoosting,"(1, 2, 12)","{'l2_regularization': 0.0, 'learning_rate': 0.1, 'max_depth': None, 'max_iter': 300, 'max_leaf_nodes': 31, 'min_samples_leaf': 50}",5,4464.643637847304,967.3183457432646,12449.194292836488,4062.2268575527287,1.3325626322982427,0.30608142480569567,0.17788645621189453,0.04159726736751095
GradientBoosting,"(1, 12)","{'l2_regularization': 0.0, 'learning_rate': 0.05, 'max_depth': None, 'max_iter': 600, 'max_leaf_nodes': 31, 'min_samples_leaf': 50}",5,4528.424681155836,961.5148747633059,12472.837412939896,3487.2651162378293,1.350738123443191,0.339202863840119,0.18031060318486924,0.04068325027443923
GradientBoosting,"(1, 2, 3, 4, 5, 6, 12)","{'l2_regularization': 0.0, 'learning_rate': 0.05, 'max_depth': None, 'max_iter': 300, 'max_leaf_nodes': 63, 'min_samples_leaf': 20}",5,4297.217834228412,1100.9698104920901,12473.216230822052,6014.007986031373,1.2556736470470415,0.28826104790177653,0.17149865450607887,0.047819915460712084
GradientBoosting,"(1, 2, 3, 4, 5, 6, 12)","{'l2_regularization': 0.0, 'learning_rate': 0.05, 'max_depth': None, 'max_iter': 600, 'max_leaf_nodes': 63, 'min_samples_leaf': 20}",5,4297.217834228412,1100.9698104920901,12473.216230822052,6014.007986031373,1.2556736470470415,0.28826104790177653,0.17149865450607887,0.047819915460712084
GradientBoosting,"(1, 2, 3, 12)","{'l2_regularization': 0.0, 'learning_rate': 0.05, 'max_depth': None, 'max_iter': 600, 'max_leaf_nodes': 63, 'min_samples_leaf': 50}",5,4433.129191178285,959.8054596913901,12514.012377307858,3947.062536133721,1.2880693265820644,0.26835512455184685,0.17684446826919512,0.04225475304771256
GradientBoosting,"(1, 2, 3, 12)","{'l2_regularization': 0.0, 'learning_rate': 0.05, 'max_depth': None, 'max_iter': 600, 'max_leaf_nodes': 31, 'min_samples_leaf': 50}",5,4529.320417012126,1125.960535224134,12525.246577867587,4005.8060094289,1.3541776338729048,0.374243124267174,0.18053976020708704,0.04767057421960399
GradientBoosting,"(1, 12)","{'l2_regularization': 0.0, 'learning_rate': 0.1, 'max_depth': None, 'max_iter': 600, 'max_leaf_nodes': 63, 'min_samples_leaf': 50}",5,4589.763046445133,957.3071072498495,12538.144506689712,3609.7287485257734,1.3470783572819653,0.29950130324032603,0.18271351573366731,0.04044615058017469
GradientBoosting,"(1, 12)","{'l2_regularization': 0.0, 'learning_rate': 0.1, 'max_depth': None, 'max_iter': 300, 'max_leaf_nodes': 63, 'min_samples_leaf': 50}",5,4587.542276556464,959.523372703775,12540.13504957137,3607.3908460647795,1.346456785464304,0.3000196736934319,0.18262775371028864,0.04053596115813441
GradientBoosting,"(1, 12)","{'l2_regularization': 0.0, 'learning_rate': 0.05, 'max_depth': None, 'max_iter': 300, 'max_leaf_nodes': 31, 'min_samples_leaf': 50}",5,4540.146246102598,970.5003957826308,12542.144442561656,3423.0489989370403,1.3532742107009486,0.3468412048043544,0.1807731054174182,0.04098733885972921
GradientBoosting,"(1, 2, 12)","{'l2_regularization': 0.0, 'learning_rate': 0.05, 'max_depth': None, 'max_iter': 600, 'max_leaf_nodes': 31, 'min_samples_leaf': 50}",5,4505.724373910978,1080.0423390266396,12542.737405417825,4301.372841411545,1.345945264851061,0.35865957051276565,0.17943094294414622,0.04532943940439172
GradientBoosting,"(1, 2, 3, 4, 5, 6, 12)","{'l2_regularization': 0.0, 'learning_rate': 0.05, 'max_depth': None, 'max_iter': 300, 'max_leaf_nodes': 63, 'min_samples_leaf': 50}",5,4380.90971697233,1004.3487597129051,12565.560041548684,3941.8527754324164,1.2656515899624237,0.2822280444092826,0.1747094724643678,0.04361258000662617
GradientBoosting,"(1, 2, 3, 4, 5, 6, 12)","{'l2_regularization': 0.0, 'learning_rate': 0.1, 'max_depth': None, 'max_iter': 300, 'max_leaf_nodes': 63, 'min_samples_leaf': 20}",5,4362.410694721568,1072.6155339312945,12582.796356628738,5687.410022925311,1.2836157295717563,0.29326625365715087,0.17412857556648742,0.04693110078239796
GradientBoosting,"(1, 2, 3, 4, 5, 6, 12)","{'l2_regularization': 0.0, 'learning_rate': 0.1, 'max_depth': None, 'max_iter': 600, 'max_leaf_nodes': 63, 'min_samples_leaf': 20}",5,4362.410694721568,1072.6155339312945,12582.796356628738,5687.410022925311,1.2836157295717563,0.29326625365715087,0.17412857556648742,0.04693110078239796
GradientBoosting,"(1, 2, 3, 12)","{'l2_regularization': 0.0, 'learning_rate': 0.05, 'max_depth': None, 'max_iter': 300, 'max_leaf_nodes': 63, 'min_samples_leaf': 50}",5,4439.979323798942,956.9932755999691,12595.300408548563,3878.369532814904,1.287719140069358,0.2687076434238932,0.17712321391945168,0.04218211730755905
GradientBoosting,"(1, 2, 3, 12)","{'l2_regularization': 0.0, 'learning_rate': 0.05, 'max_depth': None, 'max_iter': 300, 'max_leaf_nodes': 31, 'min_samples_leaf': 50}",5,4539.099903097547,1118.6418019584444,12604.270292479521,3946.8581338703443,1.354561203686982,0.373445099285151,0.18092934501124502,0.04740676477441576
GradientBoosting,"(1, 12)","{'l2_regularization': 0.0, 'learning_rate': 0.1, 'max_depth': None, 'max_iter': 600, 'max_leaf_nodes': 31, 'min_samples_leaf': 20}",5,4523.183154382949,1031.182487526968,12679.006132122997,3719.704451779777,1.364961447887064,0.36024263658027134,0.180206769841511,0.04367925103655315
GradientBoosting,"(1, 12)","{'l2_regularization': 0.0, 'learning_rate': 0.1, 'max_depth': None, 'max_iter': 300, 'max_leaf_nodes': 31, 'min_samples_leaf': 20}",5,4523.183154382949,1031.182487526968,12679.006132122997,3719.704451779777,1.364961447887064,0.36024263658027134,0.180206769841511,0.04367925103655315
GradientBoosting,"(1, 2, 12)","{'l2_regularization': 0.0, 'learning_rate': 0.05, 'max_depth': None, 'max_iter': 600, 'max_leaf_nodes': 63, 'min_samples_leaf': 50}",5,4411.39382756749,883.2920021520395,12692.370828134237,4221.835318537873,1.281958264620138,0.23661792761329323,0.17579417514119836,0.038699085259126555
GradientBoosting,"(1, 2, 12)","{'l2_regularization': 0.0, 'learning_rate': 0.05, 'max_depth': None, 'max_iter': 300, 'max_leaf_nodes': 31, 'min_samples_leaf': 50}",5,4524.483311514685,1067.6151662338075,12703.662066072668,4181.43997824471,1.3463321349940416,0.3583011260665106,0.18019132972688667,0.04491495694193319
GradientBoosting,"(1, 12)","{'l2_regularization': 0.0, 'learning_rate': 0.05, 'max_depth': None, 'max_iter': 600, 'max_leaf_nodes': 31, 'min_samples_leaf': 20}",5,4539.905795960205,1042.8017340663212,12710.796137012356,4001.67481511332,1.3645807643500898,0.3760466953900348,0.18087908850494075,0.04407495427088965
GradientBoosting,"(1, 12)","{'l2_regularization': 0.0, 'learning_rate': 0.05, 'max_depth': None, 'max_iter': 300, 'max_leaf_nodes': 31, 'min_samples_leaf': 20}",5,4539.905795960205,1042.8017340663212,12710.796137012356,4001.67481511332,1.3645807643500898,0.3760466953900348,0.18087908850494075,0.04407495427088965
GradientBoosting,"(1, 12)","{'l2_regularization': 0.0, 'learning_rate': 0.05, 'max_depth': None, 'max_iter': 600, 'max_leaf_nodes': 63, 'min_samples_leaf': 50}",5,4443.113539521879,796.6696314549525,12738.278530940495,3732.532178143348,1.290445561150881,0.2172042937985328,0.17704428483035625,0.03556262738734051
GradientBoosting,"(1, 2, 3, 4, 5, 6, 12)","{'l2_regularization': 0.0, 'learning_rate': 0.1, 'max_depth': None, 'max_iter': 600, 'max_leaf_nodes': 63, 'min_samples_leaf': 50}",5,4487.190715128717,1120.0786282051515,12785.88239266783,4272.752536855769,1.3048277011133753,0.32893652060532846,0.17885411009777236,0.047504039450892904
GradientBoosting,"(1, 2, 3, 4, 5, 6, 12)","{'l2_regularization': 0.0, 'learning_rate': 0.1, 'max_depth': None, 'max_iter': 300, 'max_leaf_nodes': 63, 'min_samples_leaf': 50}",5,4487.319393769789,1119.9554538521088,12788.488595459266,4270.100735190631,1.304805691950969,0.32895684710842776,0.17885907942875992,0.047499125738454696
GradientBoosting,"(1, 2, 12)","{'l2_regularization': 0.0, 'learning_rate': 0.05, 'max_depth': None, 'max_iter': 300, 'max_leaf_nodes': 63, 'min_samples_leaf': 50}",5,4412.951062945082,884.9101679597186,12793.6789814636,4135.573193734389,1.2775615359136592,0.24022928051004255,0.17585672079210007,0.03875663812392855
GradientBoosting,"(1, 12)","{'l2_regularization': 0.0, 'learning_rate': 0.05, 'max_depth': None, 'max_iter': 300, 'max_leaf_nodes': 63, 'min_samples_leaf': 50}",5,4458.141833749017,811.429874372491,12841.041927592945,3655.7362126268295,1.2933884243673899,0.23107394486424718,0.17764009971190986,0.03605081571606412
GradientBoosting,"(1, 2, 12)","{'l2_regularization': 0.0, 'learning_rate': 0.1, 'max_depth': None, 'max_iter': 600, 'max_leaf_nodes': 63, 'min_samples_leaf': 50}",5,4546.846962126098,985.7188988530681,12853.1882410056,4407.65162366274,1.3265105724127584,0.27297574776677336,0.18114472699471343,0.04235779251094835
GradientBoosting,"(1, 2, 12)","{'l2_regularization': 0.0, 'learning_rate': 0.1, 'max_depth': None, 'max_iter': 300, 'max_leaf_nodes': 63, 'min_samples_leaf': 50}",5,4544.505101530884,986.705863389332,12894.33908469231,4372.413061972031,1.3242253753296374,0.2740154820236248,0.18104744761025474,0.042379272429470656
GradientBoosting,"(1, 2, 3, 12)","{'l2_regularization': 0.0, 'learning_rate': 0.05, 'max_depth': None, 'max_iter': 300, 'max_leaf_nodes': 63, 'min_samples_leaf': 20}",5,4409.00816580668,1124.8884761514742,12966.792575074764,6370.147661567094,1.2849372972160629,0.2914874292065174,0.1759331279990326,0.048762862495426766
GradientBoosting,"(1, 2, 3, 12)","{'l2_regularization': 0.0, 'learning_rate': 0.05, 'max_depth': None, 'max_iter': 600, 'max_leaf_nodes': 63, 'min_samples_leaf': 20}",5,4409.00816580668,1124.8884761514742,12966.792575074764,6370.147661567094,1.2849372972160629,0.2914874292065174,0.1759331279990326,0.048762862495426766
GradientBoosting,"(1, 2, 3, 12)","{'l2_regularization': 0.0, 'learning_rate': 0.1, 'max_depth': None, 'max_iter': 600, 'max_leaf_nodes': 63, 'min_samples_leaf': 20}",5,4476.090358020821,1102.3772740396346,12986.256787498536,5983.922694745343,1.3046285963935182,0.2917453394127216,0.17862998322873286,0.048058593257889456
GradientBoosting,"(1, 2, 3, 12)","{'l2_regularization': 0.0, 'learning_rate': 0.1, 'max_depth': None, 'max_iter': 300, 'max_leaf_nodes': 63, 'min_samples_leaf': 20}",5,4476.090358020821,1102.3772740396346,12986.256787498536,5983.922694745343,1.3046285963935182,0.2917453394127216,0.17862998322873286,0.048058593257889456
GradientBoosting,"(1, 2, 12)","{'l2_regularization': 0.0, 'learning_rate': 0.05, 'max_depth': None, 'max_iter': 600, 'max_leaf_nodes': 63, 'min_samples_leaf': 20}",5,4430.441131473241,1042.2830161044992,13093.670576479952,6277.743565941289,1.2891091915953274,0.2766081403167849,0.17674731639169455,0.04549346102964602
GradientBoosting,"(1, 2, 12)","{'l2_regularization': 0.0, 'learning_rate': 0.05, 'max_depth': None, 'max_iter': 300, 'max_leaf_nodes': 63, 'min_samples_leaf': 20}",5,4430.441131473241,1042.2830161044992,13093.670576479952,6277.743565941289,1.2891091915953274,0.2766081403167849,0.17674731639169455,0.04549346102964602
GradientBoosting,"(1, 2, 12)","{'l2_regularization': 0.0, 'learning_rate': 0.1, 'max_depth': None, 'max_iter': 600, 'max_leaf_nodes': 63, 'min_samples_leaf': 20}",5,4491.4629857912205,1060.9747664628653,13132.165833043482,6032.5400187609175,1.309338585593213,0.28631824954291324,0.17917237216794338,0.04619321011801202
GradientBoosting,"(1, 2, 12)","{'l2_regularization': 0.0, 'learning_rate': 0.1, 'max_depth': None, 'max_iter': 300, 'max_leaf_nodes': 63, 'min_samples_leaf': 20}",5,4491.4629857912205,1060.9747664628653,13132.165833043482,6032.5400187609175,1.309338585593213,0.28631824954291324,0.17917237216794338,0.04619321011801202
GradientBoosting,"(1, 12)","{'l2_regularization': 0.0, 'learning_rate': 0.1, 'max_depth': None, 'max_iter': 600, 'max_leaf_nodes': 63, 'min_samples_leaf': 20}",5,4520.004478626896,953.1042690868276,13419.55665306928,4887.445721598551,1.3173573522966848,0.2780385909186361,0.180201206928672,0.041665617949648105
GradientBoosting,"(1, 12)","{'l2_regularization': 0.0, 'learning_rate': 0.1, 'max_depth': None, 'max_iter': 300, 'max_leaf_nodes': 63, 'min_samples_leaf': 20}",5,4520.004478626896,953.1042690868276,13419.55665306928,4887.445721598551,1.3173573522966848,0.2780385909186361,0.180201206928672,0.041665617949648105
GradientBoosting,"(1, 12)","{'l2_regularization': 0.0, 'learning_rate': 0.05, 'max_depth': None, 'max_iter': 300, 'max_leaf_nodes': 63, 'min_samples_leaf': 20}",5,4490.481176421307,920.8551254674885,13433.536057050154,5069.086483261657,1.3015681180268772,0.2613927538017499,0.1790950334003712,0.040695401033871384
GradientBoosting,"(1, 12)","{'l2_regularization': 0.0, 'learning_rate': 0.05, 'max_depth': None, 'max_iter': 600, 'max_leaf_nodes': 63, 'min_samples_leaf': 20}",5,4490.481176421307,920.8551254674885,13433.536057050154,5069.086483261657,1.3015681180268772,0.2613927538017499,0.1790950334003712,0.040695401033871384
