model_type,lag_set,params,folds,MAE_mean,MAE_std,RMSE_mean,RMSE_std,sMAPE_mean,sMAPE_std,MASE_mean,MASE_std
RandomForest,"(1, 12, 24)","{'bootstrap': True, 'max_depth': 10, 'max_features': 'sqrt', 'min_samples_leaf': 1, 'min_samples_split': 2, 'n_estimators': 250}",5,11697.59831,2074.377405,17883.03593,1621.856904,4.27955977,1.089636811,0.881851976,0.1563829
RandomForest,"(1, 12, 24)","{'bootstrap': True, 'max_depth': 10, 'max_features': 'sqrt', 'min_samples_leaf': 1, 'min_samples_split': 2, 'n_estimators': 500}",5,11706.07361,2056.568926,17926.38848,1642.313267,4.281233963,1.08257294,0.882271124,0.153899825
RandomForest,"(1, 12, 24)","{'bootstrap': True, 'max_depth': 10, 'max_features': 'sqrt', 'min_samples_leaf': 1, 'min_samples_split': 5, 'n_estimators': 500}",5,11813.90515,2078.723718,17998.82741,1647.805442,4.306144628,1.078621544,0.890609115,0.156679723
RandomForest,"(1, 12, 24)","{'bootstrap': True, 'max_depth': 10, 'max_features': 'sqrt', 'min_samples_leaf': 1, 'min_samples_split': 5, 'n_estimators': 250}",5,11883.33283,2070.883367,18042.58725,1662.561716,4.313131218,1.081829058,0.895927716,0.156626784
RandomForest,"(1, 12, 24)","{'bootstrap': True, 'max_depth': 10, 'max_features': 'sqrt', 'min_samples_leaf': 2, 'min_samples_split': 2, 'n_estimators': 250}",5,11849.01518,1965.816983,18055.93595,1657.148963,4.33696537,1.04272704,0.893389486,0.1490511
RandomForest,"(1, 12, 24)","{'bootstrap': True, 'max_depth': 10, 'max_features': 'sqrt', 'min_samples_leaf': 2, 'min_samples_split': 2, 'n_estimators': 500}",5,11809.50914,1972.623227,18078.4037,1735.042955,4.311156115,1.034614807,0.8903149,0.14895377
RandomForest,"(1, 12, 24)","{'bootstrap': True, 'max_depth': 10, 'max_features': 'sqrt', 'min_samples_leaf': 2, 'min_samples_split': 5, 'n_estimators': 500}",5,11762.55662,2003.229378,18089.43009,1668.212609,4.281064392,1.052582475,0.886703254,0.150852496
RandomForest,"(1, 12, 24)","{'bootstrap': True, 'max_depth': 10, 'max_features': 'sqrt', 'min_samples_leaf': 2, 'min_samples_split': 5, 'n_estimators': 250}",5,11814.97093,2005.472095,18203.61605,1762.762923,4.296187714,1.043717321,0.890561065,0.150410682
RandomForest,"(1, 12, 24)","{'bootstrap': True, 'max_depth': 10, 'max_features': 'sqrt', 'min_samples_leaf': 4, 'min_samples_split': 5, 'n_estimators': 500}",5,11812.91906,2034.261641,18398.18231,1821.509181,4.294658655,1.067034974,0.890512871,0.153195439
RandomForest,"(1, 12, 24)","{'bootstrap': True, 'max_depth': 10, 'max_features': 'sqrt', 'min_samples_leaf': 4, 'min_samples_split': 2, 'n_estimators': 500}",5,11812.91906,2034.261641,18398.18231,1821.509181,4.294658655,1.067034974,0.890512871,0.153195439
RandomForest,"(1, 12, 24)","{'bootstrap': True, 'max_depth': 10, 'max_features': 'sqrt', 'min_samples_leaf': 4, 'min_samples_split': 2, 'n_estimators': 250}",5,11896.6103,2043.407074,18480.46967,1830.877511,4.317736805,1.074613972,0.896813887,0.153773169
RandomForest,"(1, 12, 24)","{'bootstrap': True, 'max_depth': 10, 'max_features': 'sqrt', 'min_samples_leaf': 4, 'min_samples_split': 5, 'n_estimators': 250}",5,11896.6103,2043.407074,18480.46967,1830.877511,4.317736805,1.074613972,0.896813887,0.153773169
RandomForest,"(1, 12, 24)","{'bootstrap': True, 'max_depth': 20, 'max_features': 'sqrt', 'min_samples_leaf': 1, 'min_samples_split': 2, 'n_estimators': 500}",5,12286.47242,2136.902549,18520.43835,1440.115541,4.451203299,1.207297556,0.926456912,0.162268324
RandomForest,"(1, 12, 24)","{'bootstrap': True, 'max_depth': 20, 'max_features': 'sqrt', 'min_samples_leaf': 1, 'min_samples_split': 5, 'n_estimators': 500}",5,12256.1851,2148.642253,18522.89547,1426.415527,4.441805948,1.218555978,0.924089625,0.162710138
RandomForest,"(1, 12, 24)","{'bootstrap': True, 'max_depth': None, 'max_features': 'sqrt', 'min_samples_leaf': 1, 'min_samples_split': 2, 'n_estimators': 500}",5,12291.03897,2190.634876,18553.59868,1458.767641,4.458669586,1.235836242,0.926731727,0.165975843
RandomForest,"(1, 12, 24)","{'bootstrap': True, 'max_depth': 20, 'max_features': 'sqrt', 'min_samples_leaf': 2, 'min_samples_split': 2, 'n_estimators': 500}",5,12220.23058,2098.329518,18580.71151,1390.327906,4.429946956,1.198758295,0.921322695,0.158679042
RandomForest,"(1, 12, 24)","{'bootstrap': True, 'max_depth': None, 'max_features': 'sqrt', 'min_samples_leaf': 1, 'min_samples_split': 5, 'n_estimators': 500}",5,12408.31267,2162.50451,18614.23266,1484.4947,4.498570427,1.226545758,0.935648276,0.164390189
RandomForest,"(1, 12, 24)","{'bootstrap': True, 'max_depth': 20, 'max_features': 'sqrt', 'min_samples_leaf': 1, 'min_samples_split': 2, 'n_estimators': 250}",5,12323.52197,2115.93432,18618.49857,1422.182729,4.45862116,1.205056468,0.929190174,0.16049022
RandomForest,"(1, 12, 24)","{'bootstrap': True, 'max_depth': 20, 'max_features': 'sqrt', 'min_samples_leaf': 1, 'min_samples_split': 5, 'n_estimators': 250}",5,12339.36776,2124.081603,18632.90057,1501.021791,4.474893002,1.207506392,0.930424267,0.161284248
RandomForest,"(1, 12, 24)","{'bootstrap': True, 'max_depth': None, 'max_features': 'sqrt', 'min_samples_leaf': 1, 'min_samples_split': 5, 'n_estimators': 250}",5,12429.62206,2133.297044,18639.59024,1454.801806,4.501681553,1.217940091,0.937062201,0.161140447
RandomForest,"(1, 12, 24)","{'bootstrap': True, 'max_depth': None, 'max_features': 'sqrt', 'min_samples_leaf': 2, 'min_samples_split': 5, 'n_estimators': 500}",5,12310.64077,2130.579897,18641.11748,1459.937496,4.466238021,1.212788443,0.928385129,0.162433439
RandomForest,"(1, 12, 24)","{'bootstrap': True, 'max_depth': 20, 'max_features': 'sqrt', 'min_samples_leaf': 2, 'min_samples_split': 5, 'n_estimators': 500}",5,12345.10647,2156.94944,18672.36753,1459.086975,4.461507063,1.221777704,0.930898145,0.163977866
RandomForest,"(1, 12, 24)","{'bootstrap': True, 'max_depth': None, 'max_features': 'sqrt', 'min_samples_leaf': 1, 'min_samples_split': 2, 'n_estimators': 250}",5,12330.31812,2155.347566,18680.56815,1420.482994,4.464585461,1.226209576,0.929699045,0.163353857
RandomForest,"(1, 12, 24)","{'bootstrap': True, 'max_depth': 20, 'max_features': 'sqrt', 'min_samples_leaf': 2, 'min_samples_split': 2, 'n_estimators': 250}",5,12255.09385,2133.064486,18683.9124,1417.879757,4.43616847,1.215384367,0.923921587,0.161083187
RandomForest,"(1, 12, 24)","{'bootstrap': True, 'max_depth': 20, 'max_features': 'sqrt', 'min_samples_leaf': 2, 'min_samples_split': 5, 'n_estimators': 250}",5,12393.70762,2176.755843,18728.40837,1512.127718,4.472150321,1.227503811,0.934557863,0.165487722
RandomForest,"(1, 12, 24)","{'bootstrap': True, 'max_depth': None, 'max_features': 'sqrt', 'min_samples_leaf': 2, 'min_samples_split': 2, 'n_estimators': 250}",5,12396.26216,2102.504322,18759.75516,1492.259246,4.493563531,1.207480159,0.934856012,0.160688908
RandomForest,"(1, 12, 24)","{'bootstrap': True, 'max_depth': None, 'max_features': 'sqrt', 'min_samples_leaf': 2, 'min_samples_split': 2, 'n_estimators': 500}",5,12402.88653,2137.186116,18778.9175,1525.463314,4.494556089,1.215046919,0.935280149,0.162820243
RandomForest,"(1, 12, 24)","{'bootstrap': True, 'max_depth': None, 'max_features': 'sqrt', 'min_samples_leaf': 2, 'min_samples_split': 5, 'n_estimators': 250}",5,12379.19263,2097.747697,18830.96593,1358.686887,4.480087886,1.206930543,0.93363734,0.160517062
RandomForest,"(1, 12, 24)","{'bootstrap': True, 'max_depth': None, 'max_features': 'sqrt', 'min_samples_leaf': 4, 'min_samples_split': 5, 'n_estimators': 500}",5,12379.8324,2080.116762,19085.05936,1601.522213,4.466963658,1.183712331,0.93362842,0.158886913
RandomForest,"(1, 12, 24)","{'bootstrap': True, 'max_depth': None, 'max_features': 'sqrt', 'min_samples_leaf': 4, 'min_samples_split': 2, 'n_estimators': 500}",5,12379.8324,2080.116762,19085.05936,1601.522213,4.466963658,1.183712331,0.93362842,0.158886913
RandomForest,"(1, 12, 24)","{'bootstrap': True, 'max_depth': 20, 'max_features': 'sqrt', 'min_samples_leaf': 4, 'min_samples_split': 2, 'n_estimators': 500}",5,12384.23401,2069.804111,19124.50644,1612.164484,4.470429518,1.183398491,0.933981694,0.158311328
RandomForest,"(1, 12, 24)","{'bootstrap': True, 'max_depth': 20, 'max_features': 'sqrt', 'min_samples_leaf': 4, 'min_samples_split': 5, 'n_estimators': 500}",5,12384.23401,2069.804111,19124.50644,1612.164484,4.470429518,1.183398491,0.933981694,0.158311328
RandomForest,"(1, 12, 24)","{'bootstrap': True, 'max_depth': None, 'max_features': 'sqrt', 'min_samples_leaf': 4, 'min_samples_split': 5, 'n_estimators': 250}",5,12381.39987,2114.553971,19127.87029,1819.170519,4.473330195,1.192590767,0.933751213,0.161410434
RandomForest,"(1, 12, 24)","{'bootstrap': True, 'max_depth': None, 'max_features': 'sqrt', 'min_samples_leaf': 4, 'min_samples_split': 2, 'n_estimators': 250}",5,12381.39987,2114.553971,19127.87029,1819.170519,4.473330195,1.192590767,0.933751213,0.161410434
RandomForest,"(1, 12, 24)","{'bootstrap': True, 'max_depth': 20, 'max_features': 'sqrt', 'min_samples_leaf': 4, 'min_samples_split': 5, 'n_estimators': 250}",5,12447.44758,2073.777569,19285.90564,1688.789145,4.48390976,1.189471118,0.938825709,0.159029684
RandomForest,"(1, 12, 24)","{'bootstrap': True, 'max_depth': 20, 'max_features': 'sqrt', 'min_samples_leaf': 4, 'min_samples_split': 2, 'n_estimators': 250}",5,12447.44758,2073.777569,19285.90564,1688.789145,4.48390976,1.189471118,0.938825709,0.159029684
RandomForest,"(1, 2, 12, 24)","{'bootstrap': True, 'max_depth': 10, 'max_features': 'sqrt', 'min_samples_leaf': 1, 'min_samples_split': 2, 'n_estimators': 500}",5,13220.99389,2543.732361,19432.61814,1624.531603,4.788444805,1.408042718,0.996880522,0.192552455
RandomForest,"(1, 2, 12, 24)","{'bootstrap': True, 'max_depth': 10, 'max_features': 'sqrt', 'min_samples_leaf': 1, 'min_samples_split': 2, 'n_estimators': 250}",5,13245.66472,2551.624574,19598.94282,1548.331923,4.799013521,1.397438097,0.998804879,0.193435967
RandomForest,"(1, 2, 12, 24)","{'bootstrap': True, 'max_depth': 10, 'max_features': 'sqrt', 'min_samples_leaf': 1, 'min_samples_split': 5, 'n_estimators': 500}",5,13282.42489,2593.275568,19668.41852,1689.904489,4.794912952,1.428581053,1.001426002,0.195836103
RandomForest,"(1, 2, 12, 24)","{'bootstrap': True, 'max_depth': 10, 'max_features': 'sqrt', 'min_samples_leaf': 2, 'min_samples_split': 2, 'n_estimators': 250}",5,13353.87194,2507.651624,19751.72782,1524.918865,4.824497834,1.411302951,1.00701273,0.190459517
RandomForest,"(1, 2, 12, 24)","{'bootstrap': True, 'max_depth': 10, 'max_features': 'sqrt', 'min_samples_leaf': 2, 'min_samples_split': 2, 'n_estimators': 500}",5,13358.96529,2522.264617,19793.77987,1565.654591,4.822017245,1.419068575,1.007473182,0.19188254
RandomForest,"(1, 2, 12, 24)","{'bootstrap': True, 'max_depth': 10, 'max_features': 'sqrt', 'min_samples_leaf': 1, 'min_samples_split': 5, 'n_estimators': 250}",5,13413.56303,2531.231091,19794.65077,1592.458686,4.831141591,1.403418805,1.011421368,0.191770709
RandomForest,"(1, 12)","{'bootstrap': True, 'max_depth': 20, 'max_features': 'sqrt', 'min_samples_leaf': 1, 'min_samples_split': 2, 'n_estimators': 500}",5,13215.74432,2921.885955,19824.95554,3081.876499,4.926701781,1.387090254,1.022005073,0.232569835
RandomForest,"(1, 2, 12, 24)","{'bootstrap': True, 'max_depth': 10, 'max_features': 'sqrt', 'min_samples_leaf': 2, 'min_samples_split': 5, 'n_estimators': 500}",5,13408.39841,2566.552195,19874.31297,1609.961907,4.833373358,1.430024391,1.011204635,0.195180325
RandomForest,"(1, 12)","{'bootstrap': True, 'max_depth': 20, 'max_features': 'sqrt', 'min_samples_leaf': 1, 'min_samples_split': 2, 'n_estimators': 250}",5,13257.39053,2918.301771,19890.97091,3117.113597,4.934590997,1.391477776,1.025282471,0.232646553
RandomForest,"(1, 12)","{'bootstrap': True, 'max_depth': None, 'max_features': 'sqrt', 'min_samples_leaf': 1, 'min_samples_split': 2, 'n_estimators': 500}",5,13249.14586,2892.275129,19908.79914,3041.682931,4.940515168,1.391886447,1.024610865,0.230392549
RandomForest,"(1, 2, 12, 24)","{'bootstrap': True, 'max_depth': 10, 'max_features': 'sqrt', 'min_samples_leaf': 4, 'min_samples_split': 5, 'n_estimators': 500}",5,13354.3071,2594.310157,19981.37889,1702.292673,4.80205982,1.418896508,1.007087733,0.197038228
RandomForest,"(1, 2, 12, 24)","{'bootstrap': True, 'max_depth': 10, 'max_features': 'sqrt', 'min_samples_leaf': 4, 'min_samples_split': 2, 'n_estimators': 500}",5,13354.3071,2594.310157,19981.37889,1702.292673,4.80205982,1.418896508,1.007087733,0.197038228
RandomForest,"(1, 2, 12, 24)","{'bootstrap': True, 'max_depth': 10, 'max_features': 'sqrt', 'min_samples_leaf': 4, 'min_samples_split': 5, 'n_estimators': 250}",5,13433.15366,2608.776125,20024.61336,1823.702443,4.844016139,1.415022579,1.013017359,0.198035009
RandomForest,"(1, 2, 12, 24)","{'bootstrap': True, 'max_depth': 10, 'max_features': 'sqrt', 'min_samples_leaf': 4, 'min_samples_split': 2, 'n_estimators': 250}",5,13433.15366,2608.776125,20024.61336,1823.702443,4.844016139,1.415022579,1.013017359,0.198035009
RandomForest,"(1, 12)","{'bootstrap': True, 'max_depth': None, 'max_features': 'sqrt', 'min_samples_leaf': 1, 'min_samples_split': 2, 'n_estimators': 250}",5,13314.4308,2855.885221,20060.93614,2940.764484,4.971025813,1.383458206,1.029675625,0.228011536
RandomForest,"(1, 12)","{'bootstrap': True, 'max_depth': None, 'max_features': 'sqrt', 'min_samples_leaf': 1, 'min_samples_split': 5, 'n_estimators': 250}",5,13312.75678,2894.546268,20061.19487,3081.474043,4.971313289,1.398989875,1.029293891,0.229648146
RandomForest,"(1, 12)","{'bootstrap': True, 'max_depth': None, 'max_features': 'sqrt', 'min_samples_leaf': 1, 'min_samples_split': 5, 'n_estimators': 500}",5,13302.41263,2861.11797,20061.6871,3045.955153,4.965437798,1.375549647,1.028759927,0.228413756
RandomForest,"(1, 2, 12, 24)","{'bootstrap': True, 'max_depth': 10, 'max_features': 'sqrt', 'min_samples_leaf': 2, 'min_samples_split': 5, 'n_estimators': 250}",5,13570.01541,2585.319918,20139.69361,1559.54694,4.876281878,1.439038072,1.02359329,0.197577651
RandomForest,"(1, 12)","{'bootstrap': True, 'max_depth': 20, 'max_features': 'sqrt', 'min_samples_leaf': 1, 'min_samples_split': 5, 'n_estimators': 500}",5,13328.91725,2937.674631,20210.32907,3266.671387,4.957639313,1.386981641,1.030732005,0.233775915
RandomForest,"(1, 12)","{'bootstrap': True, 'max_depth': 20, 'max_features': 'sqrt', 'min_samples_leaf': 1, 'min_samples_split': 5, 'n_estimators': 250}",5,13422.80146,2947.152903,20250.02123,3264.322612,4.999690051,1.396925786,1.038028512,0.234907352
RandomForest,"(1, 12)","{'bootstrap': True, 'max_depth': None, 'max_features': 'sqrt', 'min_samples_leaf': 2, 'min_samples_split': 5, 'n_estimators': 500}",5,13426.86008,2907.114352,20407.50279,3255.907245,5.014287825,1.384757885,1.038414112,0.23208921
RandomForest,"(1, 12)","{'bootstrap': True, 'max_depth': None, 'max_features': 'sqrt', 'min_samples_leaf': 2, 'min_samples_split': 2, 'n_estimators': 500}",5,13379.7174,2978.06687,20421.53653,3338.885322,4.977579137,1.411648531,1.034773497,0.237367666
RandomForest,"(1, 12)","{'bootstrap': True, 'max_depth': None, 'max_features': 'sqrt', 'min_samples_leaf': 2, 'min_samples_split': 2, 'n_estimators': 250}",5,13360.80554,2978.713351,20435.71012,3165.359564,4.97427544,1.413330151,1.033158485,0.236716941
RandomForest,"(1, 12)","{'bootstrap': True, 'max_depth': 20, 'max_features': 'sqrt', 'min_samples_leaf': 2, 'min_samples_split': 2, 'n_estimators': 250}",5,13466.57345,2995.935595,20440.32195,3274.581241,5.002286962,1.40698266,1.041624935,0.239483434
RandomForest,"(1, 12)","{'bootstrap': True, 'max_depth': 20, 'max_features': 'sqrt', 'min_samples_leaf': 2, 'min_samples_split': 2, 'n_estimators': 500}",5,13469.30619,3031.21958,20510.90744,3508.902378,5.003572861,1.413947485,1.042052396,0.243177951
RandomForest,"(1, 12)","{'bootstrap': True, 'max_depth': None, 'max_features': 'sqrt', 'min_samples_leaf': 2, 'min_samples_split': 5, 'n_estimators': 250}",5,13507.968,2930.436877,20538.73586,3210.681219,5.049553489,1.397329681,1.044785855,0.234425634
RandomForest,"(1, 12)","{'bootstrap': True, 'max_depth': 20, 'max_features': 'sqrt', 'min_samples_leaf': 2, 'min_samples_split': 5, 'n_estimators': 500}",5,13451.35159,3007.239559,20602.42249,3627.213326,4.999556996,1.4012267,1.040553871,0.240759723
RandomForest,"(1, 2, 12, 24)","{'bootstrap': True, 'max_depth': 20, 'max_features': 'sqrt', 'min_samples_leaf': 1, 'min_samples_split': 5, 'n_estimators': 500}",5,14202.72889,2725.377364,20604.34072,1658.195034,5.128659069,1.595746389,1.070915652,0.206421632
RandomForest,"(1, 2, 12)","{'bootstrap': True, 'max_depth': 10, 'max_features': 'sqrt', 'min_samples_leaf': 1, 'min_samples_split': 2, 'n_estimators': 500}",5,14296.221,3275.712715,20634.77489,2490.164502,5.24952922,1.642169874,1.104844162,0.256398287
RandomForest,"(1, 2, 12, 24)","{'bootstrap': True, 'max_depth': 20, 'max_features': 'sqrt', 'min_samples_leaf': 1, 'min_samples_split': 2, 'n_estimators': 500}",5,14194.85579,2756.178745,20662.33235,1670.014067,5.123890867,1.613584777,1.070375995,0.208951999
RandomForest,"(1, 2, 12, 24)","{'bootstrap': True, 'max_depth': 20, 'max_features': 'sqrt', 'min_samples_leaf': 1, 'min_samples_split': 5, 'n_estimators': 250}",5,14249.13292,2697.013112,20674.49116,1653.783833,5.137913681,1.588284294,1.074534421,0.204909569
RandomForest,"(1, 2, 12, 24)","{'bootstrap': True, 'max_depth': 20, 'max_features': 'sqrt', 'min_samples_leaf': 2, 'min_samples_split': 5, 'n_estimators': 500}",5,14158.69821,2728.452066,20681.49443,1712.683867,5.107822744,1.600588082,1.067577452,0.206552845
RandomForest,"(1, 2, 12, 24)","{'bootstrap': True, 'max_depth': None, 'max_features': 'sqrt', 'min_samples_leaf': 1, 'min_samples_split': 2, 'n_estimators': 500}",5,14309.91808,2741.900878,20722.88003,1751.851511,5.157991589,1.601988714,1.079257199,0.208880566
RandomForest,"(1, 2, 12, 24)","{'bootstrap': True, 'max_depth': None, 'max_features': 'sqrt', 'min_samples_leaf': 2, 'min_samples_split': 2, 'n_estimators': 500}",5,14239.97426,2698.743656,20748.56206,1671.320965,5.131112064,1.591668692,1.073746457,0.204551778
RandomForest,"(1, 2, 12, 24)","{'bootstrap': True, 'max_depth': 20, 'max_features': 'sqrt', 'min_samples_leaf': 2, 'min_samples_split': 2, 'n_estimators': 500}",5,14209.20264,2665.166894,20756.54273,1564.431938,5.119759503,1.584364454,1.071471475,0.202289014
RandomForest,"(1, 2, 12, 24)","{'bootstrap': True, 'max_depth': 20, 'max_features': 'sqrt', 'min_samples_leaf': 2, 'min_samples_split': 5, 'n_estimators': 250}",5,14224.46039,2741.112677,20781.02477,1739.069352,5.123855891,1.60616242,1.072604216,0.207824272
RandomForest,"(1, 2, 12, 24)","{'bootstrap': True, 'max_depth': None, 'max_features': 'sqrt', 'min_samples_leaf': 1, 'min_samples_split': 2, 'n_estimators': 250}",5,14316.25177,2770.611236,20789.46947,1628.442654,5.155526838,1.621558101,1.0796205,0.210538886
RandomForest,"(1, 2, 12, 24)","{'bootstrap': True, 'max_depth': None, 'max_features': 'sqrt', 'min_samples_leaf': 2, 'min_samples_split': 5, 'n_estimators': 500}",5,14294.17443,2685.047555,20798.93752,1644.577969,5.150854329,1.595063051,1.077969153,0.204209385
RandomForest,"(1, 2, 12)","{'bootstrap': True, 'max_depth': 10, 'max_features': 'sqrt', 'min_samples_leaf': 2, 'min_samples_split': 2, 'n_estimators': 250}",5,14361.51802,3285.786261,20799.63684,2557.23383,5.283760612,1.660697802,1.109728399,0.256618808
RandomForest,"(1, 2, 12)","{'bootstrap': True, 'max_depth': 10, 'max_features': 'sqrt', 'min_samples_leaf': 1, 'min_samples_split': 5, 'n_estimators': 500}",5,14407.94162,3214.976615,20801.44199,2538.790282,5.29200627,1.627183326,1.113708212,0.252637402
RandomForest,"(1, 12)","{'bootstrap': True, 'max_depth': 20, 'max_features': 'sqrt', 'min_samples_leaf': 2, 'min_samples_split': 5, 'n_estimators': 250}",5,13593.75341,3020.314442,20810.57714,3598.353409,5.059978304,1.413475167,1.051702358,0.24248391
RandomForest,"(1, 2, 12, 24)","{'bootstrap': True, 'max_depth': None, 'max_features': 'sqrt', 'min_samples_leaf': 2, 'min_samples_split': 2, 'n_estimators': 250}",5,14274.25941,2696.251999,20814.48102,1682.04886,5.14371336,1.595670632,1.076424721,0.204825394
RandomForest,"(1, 2, 12)","{'bootstrap': True, 'max_depth': 10, 'max_features': 'sqrt', 'min_samples_leaf': 2, 'min_samples_split': 2, 'n_estimators': 500}",5,14386.91667,3248.446803,20840.8109,2515.061534,5.291432617,1.644560066,1.111915069,0.254565326
RandomForest,"(1, 2, 12, 24)","{'bootstrap': True, 'max_depth': None, 'max_features': 'sqrt', 'min_samples_leaf': 2, 'min_samples_split': 5, 'n_estimators': 250}",5,14279.04019,2682.675239,20846.36155,1680.569646,5.138323459,1.595569513,1.076772273,0.203781857
RandomForest,"(1, 2, 12, 24)","{'bootstrap': True, 'max_depth': None, 'max_features': 'sqrt', 'min_samples_leaf': 1, 'min_samples_split': 5, 'n_estimators': 500}",5,14277.51378,2684.854907,20854.53866,1561.902464,5.136407147,1.585634697,1.076671433,0.204022348
RandomForest,"(1, 2, 12, 24)","{'bootstrap': True, 'max_depth': 20, 'max_features': 'sqrt', 'min_samples_leaf': 4, 'min_samples_split': 2, 'n_estimators': 250}",5,14228.16896,2665.85004,20865.7489,1778.968871,5.110899557,1.561804475,1.072953571,0.202574486
RandomForest,"(1, 2, 12, 24)","{'bootstrap': True, 'max_depth': 20, 'max_features': 'sqrt', 'min_samples_leaf': 4, 'min_samples_split': 5, 'n_estimators': 250}",5,14228.16896,2665.85004,20865.7489,1778.968871,5.110899557,1.561804475,1.072953571,0.202574486
RandomForest,"(1, 2, 12, 24)","{'bootstrap': True, 'max_depth': None, 'max_features': 'sqrt', 'min_samples_leaf': 1, 'min_samples_split': 5, 'n_estimators': 250}",5,14272.48814,2632.516898,20867.66592,1418.157923,5.132559918,1.56433846,1.076392793,0.20066305
RandomForest,"(1, 2, 12)","{'bootstrap': True, 'max_depth': 10, 'max_features': 'sqrt', 'min_samples_leaf': 1, 'min_samples_split': 2, 'n_estimators': 250}",5,14482.64378,3272.104563,20879.2602,2505.238139,5.28908058,1.646220591,1.119461229,0.256960748
RandomForest,"(1, 2, 12)","{'bootstrap': True, 'max_depth': 10, 'max_features': 'sqrt', 'min_samples_leaf': 1, 'min_samples_split': 5, 'n_estimators': 250}",5,14489.70432,3162.125014,20884.26894,2440.570934,5.305506831,1.620228137,1.119976952,0.248451839
RandomForest,"(1, 2, 12, 24)","{'bootstrap': True, 'max_depth': 20, 'max_features': 'sqrt', 'min_samples_leaf': 2, 'min_samples_split': 2, 'n_estimators': 250}",5,14276.72373,2599.756666,20885.58118,1570.091637,5.129354039,1.555076425,1.076829843,0.198818659
RandomForest,"(1, 2, 12, 24)","{'bootstrap': True, 'max_depth': 20, 'max_features': 'sqrt', 'min_samples_leaf': 4, 'min_samples_split': 2, 'n_estimators': 500}",5,14227.09263,2673.62111,20900.45598,1692.245545,5.108767695,1.570269338,1.072753488,0.202599561
RandomForest,"(1, 2, 12, 24)","{'bootstrap': True, 'max_depth': 20, 'max_features': 'sqrt', 'min_samples_leaf': 4, 'min_samples_split': 5, 'n_estimators': 500}",5,14227.09263,2673.62111,20900.45598,1692.245545,5.108767695,1.570269338,1.072753488,0.202599561
RandomForest,"(1, 2, 12, 24)","{'bootstrap': True, 'max_depth': 20, 'max_features': 'sqrt', 'min_samples_leaf': 1, 'min_samples_split': 2, 'n_estimators': 250}",5,14346.77197,2726.704958,20910.35822,1727.90726,5.158092892,1.601452239,1.082136139,0.208284903
RandomForest,"(1, 2, 12)","{'bootstrap': True, 'max_depth': 10, 'max_features': 'sqrt', 'min_samples_leaf': 2, 'min_samples_split': 5, 'n_estimators': 500}",5,14408.48206,3274.252806,20967.11951,2504.151493,5.278492877,1.651278677,1.113701979,0.256965434
RandomForest,"(1, 2, 12)","{'bootstrap': True, 'max_depth': 10, 'max_features': 'sqrt', 'min_samples_leaf': 2, 'min_samples_split': 5, 'n_estimators': 250}",5,14425.40301,3325.120026,20976.55174,2512.077071,5.283822279,1.672514171,1.115027176,0.260939119
RandomForest,"(1, 2, 12, 24)","{'bootstrap': True, 'max_depth': None, 'max_features': 'sqrt', 'min_samples_leaf': 4, 'min_samples_split': 2, 'n_estimators': 500}",5,14225.34608,2680.301062,20982.73362,1597.938062,5.113345543,1.584845515,1.07271923,0.203530233
RandomForest,"(1, 2, 12, 24)","{'bootstrap': True, 'max_depth': None, 'max_features': 'sqrt', 'min_samples_leaf': 4, 'min_samples_split': 5, 'n_estimators': 500}",5,14225.34608,2680.301062,20982.73362,1597.938062,5.113345543,1.584845515,1.07271923,0.203530233
RandomForest,"(1, 2, 12, 24)","{'bootstrap': True, 'max_depth': None, 'max_features': 'sqrt', 'min_samples_leaf': 4, 'min_samples_split': 5, 'n_estimators': 250}",5,14265.65869,2665.793516,21027.86125,1595.775874,5.126061946,1.573556049,1.075926922,0.203264086
RandomForest,"(1, 2, 12, 24)","{'bootstrap': True, 'max_depth': None, 'max_features': 'sqrt', 'min_samples_leaf': 4, 'min_samples_split': 2, 'n_estimators': 250}",5,14265.65869,2665.793516,21027.86125,1595.775874,5.126061946,1.573556049,1.075926922,0.203264086
RandomForest,"(1, 12)","{'bootstrap': True, 'max_depth': None, 'max_features': 'sqrt', 'min_samples_leaf': 4, 'min_samples_split': 5, 'n_estimators': 500}",5,13425.61015,3022.08876,21066.29597,3555.71537,4.963536618,1.396800863,1.038101903,0.239666609
RandomForest,"(1, 12)","{'bootstrap': True, 'max_depth': None, 'max_features': 'sqrt', 'min_samples_leaf': 4, 'min_samples_split': 2, 'n_estimators': 500}",5,13425.61015,3022.08876,21066.29597,3555.71537,4.963536618,1.396800863,1.038101903,0.239666609
RandomForest,"(1, 12)","{'bootstrap': True, 'max_depth': 20, 'max_features': 'sqrt', 'min_samples_leaf': 4, 'min_samples_split': 5, 'n_estimators': 500}",5,13583.34425,3041.08317,21266.77392,3506.991044,5.021891145,1.404569147,1.050639191,0.24292328
RandomForest,"(1, 12)","{'bootstrap': True, 'max_depth': 20, 'max_features': 'sqrt', 'min_samples_leaf': 4, 'min_samples_split': 2, 'n_estimators': 500}",5,13583.34425,3041.08317,21266.77392,3506.991044,5.021891145,1.404569147,1.050639191,0.24292328
RandomForest,"(1, 2, 12)","{'bootstrap': True, 'max_depth': 10, 'max_features': 'sqrt', 'min_samples_leaf': 4, 'min_samples_split': 2, 'n_estimators': 500}",5,14499.77694,3182.166137,21292.52884,2441.487801,5.300008459,1.621669141,1.120827849,0.25032581
RandomForest,"(1, 2, 12)","{'bootstrap': True, 'max_depth': 10, 'max_features': 'sqrt', 'min_samples_leaf': 4, 'min_samples_split': 5, 'n_estimators': 500}",5,14499.77694,3182.166137,21292.52884,2441.487801,5.300008459,1.621669141,1.120827849,0.25032581
RandomForest,"(1, 2, 3, 12, 24)","{'bootstrap': True, 'max_depth': 10, 'max_features': 'sqrt', 'min_samples_leaf': 2, 'min_samples_split': 2, 'n_estimators': 250}",5,14515.50834,2759.489033,21305.93344,1768.512711,5.202575344,1.622756472,1.094911327,0.210895621
RandomForest,"(1, 2, 3, 12, 24)","{'bootstrap': True, 'max_depth': 10, 'max_features': 'sqrt', 'min_samples_leaf': 2, 'min_samples_split': 2, 'n_estimators': 500}",5,14511.20157,2778.902419,21351.12556,1701.356645,5.191366618,1.628489922,1.094499671,0.2119378
RandomForest,"(1, 2, 12)","{'bootstrap': True, 'max_depth': 10, 'max_features': 'sqrt', 'min_samples_leaf': 4, 'min_samples_split': 5, 'n_estimators': 250}",5,14552.86304,3214.737266,21357.33341,2503.646703,5.318932389,1.624393434,1.124953948,0.252914691
RandomForest,"(1, 2, 12)","{'bootstrap': True, 'max_depth': 10, 'max_features': 'sqrt', 'min_samples_leaf': 4, 'min_samples_split': 2, 'n_estimators': 250}",5,14552.86304,3214.737266,21357.33341,2503.646703,5.318932389,1.624393434,1.124953948,0.252914691
RandomForest,"(1, 12)","{'bootstrap': True, 'max_depth': 20, 'max_features': 'sqrt', 'min_samples_leaf': 4, 'min_samples_split': 2, 'n_estimators': 250}",5,13844.60981,3188.263019,21398.0555,3601.436622,5.137602376,1.470829386,1.071330768,0.256847596
RandomForest,"(1, 12)","{'bootstrap': True, 'max_depth': 20, 'max_features': 'sqrt', 'min_samples_leaf': 4, 'min_samples_split': 5, 'n_estimators': 250}",5,13844.60981,3188.263019,21398.0555,3601.436622,5.137602376,1.470829386,1.071330768,0.256847596
RandomForest,"(1, 12)","{'bootstrap': True, 'max_depth': None, 'max_features': 'sqrt', 'min_samples_leaf': 4, 'min_samples_split': 2, 'n_estimators': 250}",5,13497.11719,3045.292955,21400.12743,3672.116717,4.985587604,1.404387431,1.043638728,0.24164025
RandomForest,"(1, 12)","{'bootstrap': True, 'max_depth': None, 'max_features': 'sqrt', 'min_samples_leaf': 4, 'min_samples_split': 5, 'n_estimators': 250}",5,13497.11719,3045.292955,21400.12743,3672.116717,4.985587604,1.404387431,1.043638728,0.24164025
RandomForest,"(1, 2, 3, 12, 24)","{'bootstrap': True, 'max_depth': 10, 'max_features': 'sqrt', 'min_samples_leaf': 1, 'min_samples_split': 2, 'n_estimators': 500}",5,14589.55941,2797.156062,21410.56333,1795.013164,5.196148097,1.618243424,1.100692442,0.214570175
RandomForest,"(1, 2, 3, 12, 24)","{'bootstrap': True, 'max_depth': 10, 'max_features': 'sqrt', 'min_samples_leaf': 2, 'min_samples_split': 5, 'n_estimators': 500}",5,14508.97207,2759.809431,21456.30509,1765.838637,5.163559704,1.618408884,1.094438398,0.210999628
RandomForest,"(1, 2, 3, 12, 24)","{'bootstrap': True, 'max_depth': 10, 'max_features': 'sqrt', 'min_samples_leaf': 2, 'min_samples_split': 5, 'n_estimators': 250}",5,14523.73019,2829.533825,21465.82917,1820.306898,5.184548473,1.64942172,1.095341982,0.215218488
RandomForest,"(1, 2, 3, 12, 24)","{'bootstrap': True, 'max_depth': 10, 'max_features': 'sqrt', 'min_samples_leaf': 1, 'min_samples_split': 5, 'n_estimators': 500}",5,14553.0414,2766.876143,21474.51406,1708.4762,5.182264374,1.625566054,1.097822752,0.211813213
RandomForest,"(1, 2, 12)","{'bootstrap': True, 'max_depth': None, 'max_features': 'sqrt', 'min_samples_leaf': 1, 'min_samples_split': 2, 'n_estimators': 500}",5,15054.1295,3058.008126,21524.86871,2075.880605,5.488668815,1.74682924,1.163687379,0.241153189
RandomForest,"(1, 2, 3, 12, 24)","{'bootstrap': True, 'max_depth': 10, 'max_features': 'sqrt', 'min_samples_leaf': 1, 'min_samples_split': 2, 'n_estimators': 250}",5,14592.44048,2782.817643,21525.81314,1808.046931,5.199554679,1.619290444,1.100922679,0.21357043
RandomForest,"(1, 2, 12)","{'bootstrap': True, 'max_depth': 20, 'max_features': 'sqrt', 'min_samples_leaf': 1, 'min_samples_split': 5, 'n_estimators': 250}",5,15099.30906,3034.020027,21530.63799,2190.149462,5.509765257,1.734152844,1.167192259,0.239369318
RandomForest,"(1, 2, 3, 12, 24)","{'bootstrap': True, 'max_depth': 10, 'max_features': 'sqrt', 'min_samples_leaf': 1, 'min_samples_split': 5, 'n_estimators': 250}",5,14573.9141,2820.284737,21539.72971,1718.344856,5.202988016,1.640223384,1.099211301,0.214928254
RandomForest,"(1, 2, 12)","{'bootstrap': True, 'max_depth': None, 'max_features': 'sqrt', 'min_samples_leaf': 1, 'min_samples_split': 5, 'n_estimators': 500}",5,15074.29527,3078.285504,21556.15164,2169.412816,5.499105522,1.747931957,1.165361305,0.243170037
RandomForest,"(1, 2, 12)","{'bootstrap': True, 'max_depth': 20, 'max_features': 'sqrt', 'min_samples_leaf': 1, 'min_samples_split': 5, 'n_estimators': 500}",5,15121.59525,3047.400941,21593.90769,2189.408373,5.51533686,1.736239943,1.169003231,0.24078718
RandomForest,"(1, 2, 12)","{'bootstrap': True, 'max_depth': None, 'max_features': 'sqrt', 'min_samples_leaf': 2, 'min_samples_split': 2, 'n_estimators': 500}",5,15005.24137,3096.727344,21604.71056,2064.302642,5.476216699,1.750664495,1.159626037,0.242875936
RandomForest,"(1, 2, 12)","{'bootstrap': True, 'max_depth': None, 'max_features': 'sqrt', 'min_samples_leaf': 1, 'min_samples_split': 2, 'n_estimators': 250}",5,15130.08698,3066.307583,21613.76812,2132.110618,5.49382783,1.75459629,1.169632222,0.242149678
RandomForest,"(1, 2, 12)","{'bootstrap': True, 'max_depth': None, 'max_features': 'sqrt', 'min_samples_leaf': 2, 'min_samples_split': 2, 'n_estimators': 250}",5,15034.83024,3123.612643,21637.47511,2128.621816,5.481741139,1.768426565,1.161822329,0.244559214
RandomForest,"(1, 2, 12)","{'bootstrap': True, 'max_depth': 20, 'max_features': 'sqrt', 'min_samples_leaf': 1, 'min_samples_split': 2, 'n_estimators': 500}",5,15114.17508,3070.665678,21678.77218,2121.827758,5.508023697,1.742549348,1.168706088,0.243728138
RandomForest,"(1, 2, 12)","{'bootstrap': True, 'max_depth': None, 'max_features': 'sqrt', 'min_samples_leaf': 1, 'min_samples_split': 5, 'n_estimators': 250}",5,15142.57222,3058.320726,21681.61315,2118.496122,5.508702944,1.747297974,1.170776183,0.242288533
RandomForest,"(1, 2, 12)","{'bootstrap': True, 'max_depth': 20, 'max_features': 'sqrt', 'min_samples_leaf': 2, 'min_samples_split': 5, 'n_estimators': 500}",5,15117.15629,3018.006508,21685.08076,2176.798569,5.49811285,1.723150341,1.168729836,0.238854068
RandomForest,"(1, 2, 3, 12, 24)","{'bootstrap': True, 'max_depth': 10, 'max_features': 'sqrt', 'min_samples_leaf': 4, 'min_samples_split': 2, 'n_estimators': 500}",5,14688.17726,2713.7472,21724.82916,1683.671082,5.209612983,1.595235068,1.108018754,0.208037177
RandomForest,"(1, 2, 3, 12, 24)","{'bootstrap': True, 'max_depth': 10, 'max_features': 'sqrt', 'min_samples_leaf': 4, 'min_samples_split': 5, 'n_estimators': 500}",5,14688.17726,2713.7472,21724.82916,1683.671082,5.209612983,1.595235068,1.108018754,0.208037177
RandomForest,"(1, 2, 12)","{'bootstrap': True, 'max_depth': 20, 'max_features': 'sqrt', 'min_samples_leaf': 1, 'min_samples_split': 2, 'n_estimators': 250}",5,15091.05045,3101.566482,21735.74594,2154.603303,5.494572193,1.753103894,1.166752253,0.245316312
RandomForest,"(1, 2, 12)","{'bootstrap': True, 'max_depth': None, 'max_features': 'sqrt', 'min_samples_leaf': 2, 'min_samples_split': 5, 'n_estimators': 500}",5,15090.43012,3061.843856,21747.66152,2126.87714,5.490655435,1.743486327,1.166452092,0.241248507
RandomForest,"(1, 2, 12)","{'bootstrap': True, 'max_depth': 20, 'max_features': 'sqrt', 'min_samples_leaf': 2, 'min_samples_split': 5, 'n_estimators': 250}",5,15182.61758,2975.011988,21759.87984,2220.44108,5.519406197,1.708582871,1.173854917,0.235905
RandomForest,"(1, 2, 12)","{'bootstrap': True, 'max_depth': None, 'max_features': 'sqrt', 'min_samples_leaf': 2, 'min_samples_split': 5, 'n_estimators': 250}",5,15150.37097,3066.836686,21774.1253,2185.904502,5.508411752,1.742889469,1.171165595,0.242002867
RandomForest,"(1, 2, 12)","{'bootstrap': True, 'max_depth': 20, 'max_features': 'sqrt', 'min_samples_leaf': 2, 'min_samples_split': 2, 'n_estimators': 500}",5,15108.64375,3056.080231,21804.68456,2122.549337,5.495787063,1.736363242,1.168115003,0.241937497
RandomForest,"(1, 2, 3, 12)","{'bootstrap': True, 'max_depth': 10, 'max_features': 'sqrt', 'min_samples_leaf': 2, 'min_samples_split': 2, 'n_estimators': 250}",5,15097.09561,3216.671499,21844.34557,2220.891369,5.485555153,1.772840161,1.16688371,0.25268841
RandomForest,"(1, 2, 3, 12)","{'bootstrap': True, 'max_depth': 10, 'max_features': 'sqrt', 'min_samples_leaf': 2, 'min_samples_split': 2, 'n_estimators': 500}",5,15083.7019,3212.343712,21878.44817,2138.329859,5.468782866,1.775567828,1.165870002,0.252436745
RandomForest,"(1, 2, 3, 12)","{'bootstrap': True, 'max_depth': 10, 'max_features': 'sqrt', 'min_samples_leaf': 1, 'min_samples_split': 2, 'n_estimators': 250}",5,15268.65556,3075.91401,21892.2717,2118.399178,5.532208911,1.718813217,1.180283881,0.242611148
RandomForest,"(1, 2, 3, 12, 24)","{'bootstrap': True, 'max_depth': 10, 'max_features': 'sqrt', 'min_samples_leaf': 4, 'min_samples_split': 2, 'n_estimators': 250}",5,14812.37597,2784.807878,21905.2888,1795.908229,5.24759579,1.62536076,1.117460597,0.213637822
RandomForest,"(1, 2, 3, 12, 24)","{'bootstrap': True, 'max_depth': 10, 'max_features': 'sqrt', 'min_samples_leaf': 4, 'min_samples_split': 5, 'n_estimators': 250}",5,14812.37597,2784.807878,21905.2888,1795.908229,5.24759579,1.62536076,1.117460597,0.213637822
RandomForest,"(1, 2, 3, 12)","{'bootstrap': True, 'max_depth': 10, 'max_features': 'sqrt', 'min_samples_leaf': 1, 'min_samples_split': 2, 'n_estimators': 500}",5,15217.24776,3141.220813,21906.47197,2156.190271,5.511059178,1.744180134,1.176452282,0.248124368
RandomForest,"(1, 2, 12)","{'bootstrap': True, 'max_depth': 20, 'max_features': 'sqrt', 'min_samples_leaf': 2, 'min_samples_split': 2, 'n_estimators': 250}",5,15172.39102,3039.042014,21958.03589,2143.700572,5.501829471,1.74515206,1.173151641,0.241146229
RandomForest,"(1, 2, 3, 12)","{'bootstrap': True, 'max_depth': 10, 'max_features': 'sqrt', 'min_samples_leaf': 1, 'min_samples_split': 5, 'n_estimators': 500}",5,15221.81337,3128.817587,21985.95211,2148.819968,5.500026156,1.749053134,1.176938449,0.24767815
RandomForest,"(1, 2, 3, 12)","{'bootstrap': True, 'max_depth': 10, 'max_features': 'sqrt', 'min_samples_leaf': 2, 'min_samples_split': 5, 'n_estimators': 500}",5,15227.61082,3206.452261,21995.43216,2249.051085,5.498879449,1.764154747,1.177389005,0.253598046
RandomForest,"(1, 2, 12)","{'bootstrap': True, 'max_depth': 20, 'max_features': 'sqrt', 'min_samples_leaf': 4, 'min_samples_split': 5, 'n_estimators': 500}",5,15117.12653,3052.625878,22001.1133,2153.589847,5.495053533,1.724093886,1.168581595,0.240871823
RandomForest,"(1, 2, 12)","{'bootstrap': True, 'max_depth': 20, 'max_features': 'sqrt', 'min_samples_leaf': 4, 'min_samples_split': 2, 'n_estimators': 500}",5,15117.12653,3052.625878,22001.1133,2153.589847,5.495053533,1.724093886,1.168581595,0.240871823
RandomForest,"(1, 2, 12)","{'bootstrap': True, 'max_depth': None, 'max_features': 'sqrt', 'min_samples_leaf': 4, 'min_samples_split': 5, 'n_estimators': 500}",5,15121.42006,3053.30407,22007.37761,2088.656067,5.488170972,1.732960273,1.168759454,0.240277145
RandomForest,"(1, 2, 12)","{'bootstrap': True, 'max_depth': None, 'max_features': 'sqrt', 'min_samples_leaf': 4, 'min_samples_split': 2, 'n_estimators': 500}",5,15121.42006,3053.30407,22007.37761,2088.656067,5.488170972,1.732960273,1.168759454,0.240277145
RandomForest,"(1, 2, 3, 12)","{'bootstrap': True, 'max_depth': 10, 'max_features': 'sqrt', 'min_samples_leaf': 1, 'min_samples_split': 5, 'n_estimators': 250}",5,15220.32712,3128.882622,22016.0649,2089.83721,5.497672429,1.760863424,1.176719066,0.247264218
RandomForest,"(1, 2, 12)","{'bootstrap': True, 'max_depth': None, 'max_features': 'sqrt', 'min_samples_leaf': 4, 'min_samples_split': 5, 'n_estimators': 250}",5,15140.76564,3056.544861,22037.10096,2096.366305,5.498104941,1.740075289,1.170371876,0.241025025
RandomForest,"(1, 2, 12)","{'bootstrap': True, 'max_depth': None, 'max_features': 'sqrt', 'min_samples_leaf': 4, 'min_samples_split': 2, 'n_estimators': 250}",5,15140.76564,3056.544861,22037.10096,2096.366305,5.498104941,1.740075289,1.170371876,0.241025025
RandomForest,"(1, 2, 3, 12)","{'bootstrap': True, 'max_depth': 10, 'max_features': 'sqrt', 'min_samples_leaf': 2, 'min_samples_split': 5, 'n_estimators': 250}",5,15271.22533,3161.638453,22079.45979,2147.258617,5.517015443,1.757710661,1.180884805,0.250778102
RandomForest,"(1, 2, 12)","{'bootstrap': True, 'max_depth': 20, 'max_features': 'sqrt', 'min_samples_leaf': 4, 'min_samples_split': 2, 'n_estimators': 250}",5,15144.41473,3068.613894,22113.27514,2149.871976,5.501869508,1.733052422,1.170595427,0.241691209
RandomForest,"(1, 2, 12)","{'bootstrap': True, 'max_depth': 20, 'max_features': 'sqrt', 'min_samples_leaf': 4, 'min_samples_split': 5, 'n_estimators': 250}",5,15144.41473,3068.613894,22113.27514,2149.871976,5.501869508,1.733052422,1.170595427,0.241691209
RandomForest,"(1, 2, 3, 12, 24)","{'bootstrap': True, 'max_depth': None, 'max_features': 'sqrt', 'min_samples_leaf': 1, 'min_samples_split': 5, 'n_estimators': 500}",5,15334.76619,2998.010199,22192.20649,1854.44979,5.487037625,1.795282894,1.156589861,0.228421081
RandomForest,"(1, 2, 3, 12, 24)","{'bootstrap': True, 'max_depth': None, 'max_features': 'sqrt', 'min_samples_leaf': 1, 'min_samples_split': 5, 'n_estimators': 250}",5,15387.84885,2995.905274,22329.75915,1819.243571,5.494025633,1.803613574,1.160623226,0.22842317
RandomForest,"(1, 2, 3, 12)","{'bootstrap': True, 'max_depth': 10, 'max_features': 'sqrt', 'min_samples_leaf': 4, 'min_samples_split': 2, 'n_estimators': 500}",5,15308.79782,3117.371316,22353.79745,2116.429154,5.512852604,1.739861695,1.183629642,0.246761439
RandomForest,"(1, 2, 3, 12)","{'bootstrap': True, 'max_depth': 10, 'max_features': 'sqrt', 'min_samples_leaf': 4, 'min_samples_split': 5, 'n_estimators': 500}",5,15308.79782,3117.371316,22353.79745,2116.429154,5.512852604,1.739861695,1.183629642,0.246761439
RandomForest,"(1, 2, 3, 12, 24)","{'bootstrap': True, 'max_depth': 20, 'max_features': 'sqrt', 'min_samples_leaf': 1, 'min_samples_split': 5, 'n_estimators': 500}",5,15359.16042,3001.083776,22383.72594,1804.908339,5.491724139,1.804505683,1.158347281,0.228304463
RandomForest,"(1, 2, 3, 12, 24)","{'bootstrap': True, 'max_depth': 20, 'max_features': 'sqrt', 'min_samples_leaf': 2, 'min_samples_split': 5, 'n_estimators': 500}",5,15378.36429,2923.977079,22393.08739,1834.368975,5.490521165,1.775268097,1.159936163,0.223278256
RandomForest,"(1, 2, 3, 12, 24)","{'bootstrap': True, 'max_depth': None, 'max_features': 'sqrt', 'min_samples_leaf': 1, 'min_samples_split': 2, 'n_estimators': 250}",5,15434.12569,3006.070507,22402.42257,1942.590979,5.519822093,1.811685565,1.164056692,0.228924253
RandomForest,"(1, 2, 3, 12)","{'bootstrap': True, 'max_depth': 10, 'max_features': 'sqrt', 'min_samples_leaf': 4, 'min_samples_split': 5, 'n_estimators': 250}",5,15325.67859,3074.564354,22405.31971,2148.925066,5.516624638,1.7300846,1.185028171,0.24390646
RandomForest,"(1, 2, 3, 12)","{'bootstrap': True, 'max_depth': 10, 'max_features': 'sqrt', 'min_samples_leaf': 4, 'min_samples_split': 2, 'n_estimators': 250}",5,15325.67859,3074.564354,22405.31971,2148.925066,5.516624638,1.7300846,1.185028171,0.24390646
RandomForest,"(1, 2, 3, 12, 24)","{'bootstrap': True, 'max_depth': None, 'max_features': 'sqrt', 'min_samples_leaf': 2, 'min_samples_split': 2, 'n_estimators': 500}",5,15359.55297,2956.001689,22412.38978,1882.869954,5.48812377,1.785050539,1.15853692,0.225664534
RandomForest,"(1, 2, 3, 12, 24)","{'bootstrap': True, 'max_depth': None, 'max_features': 'sqrt', 'min_samples_leaf': 2, 'min_samples_split': 5, 'n_estimators': 500}",5,15384.42273,2930.241809,22423.01769,1878.512638,5.488876714,1.786824735,1.160492336,0.224172242
RandomForest,"(1, 2, 3, 12, 24)","{'bootstrap': True, 'max_depth': 20, 'max_features': 'sqrt', 'min_samples_leaf': 2, 'min_samples_split': 5, 'n_estimators': 250}",5,15387.48185,2938.375316,22436.27983,1868.052826,5.493924708,1.788076581,1.160596852,0.22418867
RandomForest,"(1, 2, 3, 12, 24)","{'bootstrap': True, 'max_depth': 20, 'max_features': 'sqrt', 'min_samples_leaf': 1, 'min_samples_split': 2, 'n_estimators': 500}",5,15463.92,3011.715087,22439.53418,1981.893817,5.517800469,1.797969486,1.166558001,0.230514682
RandomForest,"(1, 2, 3, 12, 24)","{'bootstrap': True, 'max_depth': None, 'max_features': 'sqrt', 'min_samples_leaf': 2, 'min_samples_split': 5, 'n_estimators': 250}",5,15374.35273,2953.523116,22446.08155,1925.868489,5.487950753,1.800554832,1.159689676,0.225638791
RandomForest,"(1, 2, 3, 12, 24)","{'bootstrap': True, 'max_depth': None, 'max_features': 'sqrt', 'min_samples_leaf': 1, 'min_samples_split': 2, 'n_estimators': 500}",5,15476.11709,2990.344471,22454.25824,2008.863225,5.53104598,1.791278355,1.167415436,0.228652558
RandomForest,"(1, 2, 3, 12, 24)","{'bootstrap': True, 'max_depth': 20, 'max_features': 'sqrt', 'min_samples_leaf': 2, 'min_samples_split': 2, 'n_estimators': 500}",5,15423.19875,2980.968483,22483.16909,1957.365282,5.497139687,1.788562874,1.163432796,0.227997572
RandomForest,"(1, 2, 3, 12, 24)","{'bootstrap': True, 'max_depth': 20, 'max_features': 'sqrt', 'min_samples_leaf': 1, 'min_samples_split': 5, 'n_estimators': 250}",5,15386.79693,3012.872184,22510.92155,1759.842133,5.499453374,1.817363895,1.160386608,0.22898158
RandomForest,"(1, 2, 3, 12, 24)","{'bootstrap': True, 'max_depth': None, 'max_features': 'sqrt', 'min_samples_leaf': 2, 'min_samples_split': 2, 'n_estimators': 250}",5,15375.61353,2936.654327,22513.01907,1840.968875,5.491717344,1.786143564,1.159607737,0.223609971
RandomForest,"(1, 2, 3, 12, 24)","{'bootstrap': True, 'max_depth': None, 'max_features': 'sqrt', 'min_samples_leaf': 4, 'min_samples_split': 5, 'n_estimators': 500}",5,15405.02217,2962.141154,22559.61789,1959.140484,5.484937395,1.778232225,1.162089111,0.226720908
RandomForest,"(1, 2, 3, 12, 24)","{'bootstrap': True, 'max_depth': None, 'max_features': 'sqrt', 'min_samples_leaf': 4, 'min_samples_split': 2, 'n_estimators': 500}",5,15405.02217,2962.141154,22559.61789,1959.140484,5.484937395,1.778232225,1.162089111,0.226720908
RandomForest,"(1, 2, 3, 12)","{'bootstrap': True, 'max_depth': 20, 'max_features': 'sqrt', 'min_samples_leaf': 1, 'min_samples_split': 2, 'n_estimators': 250}",5,15848.27527,3097.988625,22579.51103,1986.2482,5.735444361,1.857435077,1.225436007,0.24612488
RandomForest,"(1, 2, 3, 12, 24)","{'bootstrap': True, 'max_depth': 20, 'max_features': 'sqrt', 'min_samples_leaf': 2, 'min_samples_split': 2, 'n_estimators': 250}",5,15469.42279,2991.734091,22584.60872,2045.050415,5.506782163,1.792642637,1.166981575,0.229068535
RandomForest,"(1, 2, 3, 12, 24)","{'bootstrap': True, 'max_depth': 20, 'max_features': 'sqrt', 'min_samples_leaf': 1, 'min_samples_split': 2, 'n_estimators': 250}",5,15539.60799,2991.432831,22586.12812,2013.481833,5.535963085,1.789623586,1.172302126,0.229234655
RandomForest,"(1, 2, 3, 12, 24)","{'bootstrap': True, 'max_depth': 20, 'max_features': 'sqrt', 'min_samples_leaf': 4, 'min_samples_split': 2, 'n_estimators': 500}",5,15425.3873,2913.644834,22589.38577,1877.161965,5.500213956,1.766783022,1.163609207,0.22311225
RandomForest,"(1, 2, 3, 12, 24)","{'bootstrap': True, 'max_depth': 20, 'max_features': 'sqrt', 'min_samples_leaf': 4, 'min_samples_split': 5, 'n_estimators': 500}",5,15425.3873,2913.644834,22589.38577,1877.161965,5.500213956,1.766783022,1.163609207,0.22311225
RandomForest,"(1, 2, 3, 12, 24)","{'bootstrap': True, 'max_depth': 20, 'max_features': 'sqrt', 'min_samples_leaf': 4, 'min_samples_split': 5, 'n_estimators': 250}",5,15442.25981,2963.829023,22601.35231,1986.003477,5.495999589,1.785258067,1.164926873,0.226982103
RandomForest,"(1, 2, 3, 12, 24)","{'bootstrap': True, 'max_depth': 20, 'max_features': 'sqrt', 'min_samples_leaf': 4, 'min_samples_split': 2, 'n_estimators': 250}",5,15442.25981,2963.829023,22601.35231,1986.003477,5.495999589,1.785258067,1.164926873,0.226982103
RandomForest,"(1, 12)","{'bootstrap': True, 'max_depth': 10, 'max_features': 'sqrt', 'min_samples_leaf': 1, 'min_samples_split': 5, 'n_estimators': 500}",5,14964.20981,3631.694952,22610.93723,4438.012735,5.585583596,1.444985596,1.157455432,0.290062022
RandomForest,"(1, 2, 3, 12)","{'bootstrap': True, 'max_depth': 20, 'max_features': 'sqrt', 'min_samples_leaf': 1, 'min_samples_split': 5, 'n_estimators': 250}",5,15847.12381,3119.504355,22672.61088,1959.174789,5.729817154,1.858244943,1.225227032,0.247231539
RandomForest,"(1, 2, 3, 12, 24)","{'bootstrap': True, 'max_depth': None, 'max_features': 'sqrt', 'min_samples_leaf': 4, 'min_samples_split': 5, 'n_estimators': 250}",5,15474.32842,2939.216985,22694.37288,1944.787142,5.499828141,1.770255401,1.167366333,0.225387079
RandomForest,"(1, 2, 3, 12, 24)","{'bootstrap': True, 'max_depth': None, 'max_features': 'sqrt', 'min_samples_leaf': 4, 'min_samples_split': 2, 'n_estimators': 250}",5,15474.32842,2939.216985,22694.37288,1944.787142,5.499828141,1.770255401,1.167366333,0.225387079
RandomForest,"(1, 2, 3, 12)","{'bootstrap': True, 'max_depth': 20, 'max_features': 'sqrt', 'min_samples_leaf': 1, 'min_samples_split': 2, 'n_estimators': 500}",5,15851.16419,3105.492155,22695.90541,1959.755792,5.721680931,1.866574859,1.225459006,0.24583287
RandomForest,"(1, 2, 3, 12)","{'bootstrap': True, 'max_depth': 20, 'max_features': 'sqrt', 'min_samples_leaf': 1, 'min_samples_split': 5, 'n_estimators': 500}",5,15857.1418,3127.934212,22714.93254,1960.610573,5.726620521,1.865702822,1.226004129,0.247901767
RandomForest,"(1, 12)","{'bootstrap': True, 'max_depth': 10, 'max_features': 'sqrt', 'min_samples_leaf': 2, 'min_samples_split': 5, 'n_estimators': 500}",5,15017.6502,3643.525919,22768.4263,4320.403069,5.619658433,1.453829041,1.161456813,0.290413586
RandomForest,"(1, 2, 3, 12)","{'bootstrap': True, 'max_depth': None, 'max_features': 'sqrt', 'min_samples_leaf': 1, 'min_samples_split': 2, 'n_estimators': 500}",5,15904.77795,3128.950695,22784.85174,2078.942751,5.739555345,1.866542673,1.229733973,0.248202059
RandomForest,"(1, 12)","{'bootstrap': True, 'max_depth': 10, 'max_features': 'sqrt', 'min_samples_leaf': 2, 'min_samples_split': 2, 'n_estimators': 250}",5,15076.36755,3723.976844,22854.58511,4358.737597,5.614261423,1.495285605,1.166277043,0.298270464
RandomForest,"(1, 2, 3, 12)","{'bootstrap': True, 'max_depth': None, 'max_features': 'sqrt', 'min_samples_leaf': 1, 'min_samples_split': 5, 'n_estimators': 500}",5,15915.65589,3087.360297,22860.63168,2065.261729,5.734599713,1.854609322,1.230658654,0.24539435
RandomForest,"(1, 12)","{'bootstrap': True, 'max_depth': 10, 'max_features': 'sqrt', 'min_samples_leaf': 1, 'min_samples_split': 2, 'n_estimators': 500}",5,15139.29328,3695.338228,22863.56865,4557.70885,5.661485683,1.485694736,1.170929866,0.295264165
RandomForest,"(1, 2, 3, 12)","{'bootstrap': True, 'max_depth': 20, 'max_features': 'sqrt', 'min_samples_leaf': 2, 'min_samples_split': 5, 'n_estimators': 500}",5,15886.274,3116.047512,22866.15555,2082.978299,5.727389541,1.863947474,1.2282013,0.246749632
RandomForest,"(1, 2, 3, 12)","{'bootstrap': True, 'max_depth': None, 'max_features': 'sqrt', 'min_samples_leaf': 1, 'min_samples_split': 5, 'n_estimators': 250}",5,15917.46838,3060.905104,22868.82961,2102.48111,5.737037813,1.841721357,1.230878014,0.24374156
RandomForest,"(1, 12)","{'bootstrap': True, 'max_depth': 10, 'max_features': 'sqrt', 'min_samples_leaf': 2, 'min_samples_split': 5, 'n_estimators': 250}",5,15083.00149,3667.109081,22870.05021,4390.834231,5.628410562,1.465272052,1.166582257,0.292800006
RandomForest,"(1, 2, 3, 12)","{'bootstrap': True, 'max_depth': None, 'max_features': 'sqrt', 'min_samples_leaf': 2, 'min_samples_split': 2, 'n_estimators': 500}",5,15910.95711,3085.9549,22878.88708,1981.145464,5.740959696,1.85395554,1.230256164,0.245146194
RandomForest,"(1, 12)","{'bootstrap': True, 'max_depth': 10, 'max_features': 'sqrt', 'min_samples_leaf': 1, 'min_samples_split': 5, 'n_estimators': 250}",5,15019.7307,3657.494437,22900.92099,4518.097056,5.589654481,1.457748142,1.161838341,0.292630632
RandomForest,"(1, 2, 3, 12)","{'bootstrap': True, 'max_depth': None, 'max_features': 'sqrt', 'min_samples_leaf': 2, 'min_samples_split': 2, 'n_estimators': 250}",5,15954.35554,3080.120969,22912.04117,2045.38631,5.759055841,1.846359219,1.233730248,0.245286478
RandomForest,"(1, 2, 3, 12)","{'bootstrap': True, 'max_depth': 20, 'max_features': 'sqrt', 'min_samples_leaf': 2, 'min_samples_split': 2, 'n_estimators': 500}",5,15933.0807,3058.767546,22925.90273,2049.27702,5.735059831,1.853157139,1.231935275,0.242967956
RandomForest,"(1, 2, 3, 12)","{'bootstrap': True, 'max_depth': 20, 'max_features': 'sqrt', 'min_samples_leaf': 2, 'min_samples_split': 5, 'n_estimators': 250}",5,15951.65907,3128.254107,22978.2166,2126.687654,5.744239603,1.862507242,1.233436153,0.248471725
RandomForest,"(1, 12)","{'bootstrap': True, 'max_depth': 10, 'max_features': 'sqrt', 'min_samples_leaf': 1, 'min_samples_split': 2, 'n_estimators': 250}",5,15280.56955,3847.468542,22992.00061,4729.981583,5.756065251,1.579530282,1.182504306,0.309912756
RandomForest,"(1, 2, 3, 12)","{'bootstrap': True, 'max_depth': 20, 'max_features': 'sqrt', 'min_samples_leaf': 4, 'min_samples_split': 5, 'n_estimators': 250}",5,15911.29501,3081.823805,23005.26249,2060.089778,5.732821582,1.839154847,1.230263463,0.244811855
RandomForest,"(1, 2, 3, 12)","{'bootstrap': True, 'max_depth': 20, 'max_features': 'sqrt', 'min_samples_leaf': 4, 'min_samples_split': 2, 'n_estimators': 250}",5,15911.29501,3081.823805,23005.26249,2060.089778,5.732821582,1.839154847,1.230263463,0.244811855
RandomForest,"(1, 2, 3, 12)","{'bootstrap': True, 'max_depth': None, 'max_features': 'sqrt', 'min_samples_leaf': 4, 'min_samples_split': 2, 'n_estimators': 250}",5,15875.78575,3106.053162,23008.33883,1974.670863,5.712032054,1.853980274,1.227335152,0.245773521
RandomForest,"(1, 2, 3, 12)","{'bootstrap': True, 'max_depth': None, 'max_features': 'sqrt', 'min_samples_leaf': 4, 'min_samples_split': 5, 'n_estimators': 250}",5,15875.78575,3106.053162,23008.33883,1974.670863,5.712032054,1.853980274,1.227335152,0.245773521
RandomForest,"(1, 2, 3, 12)","{'bootstrap': True, 'max_depth': None, 'max_features': 'sqrt', 'min_samples_leaf': 4, 'min_samples_split': 2, 'n_estimators': 500}",5,15882.61889,3107.981855,23014.47705,2033.025098,5.712671131,1.856588973,1.227876322,0.245973898
RandomForest,"(1, 2, 3, 12)","{'bootstrap': True, 'max_depth': None, 'max_features': 'sqrt', 'min_samples_leaf': 4, 'min_samples_split': 5, 'n_estimators': 500}",5,15882.61889,3107.981855,23014.47705,2033.025098,5.712671131,1.856588973,1.227876322,0.245973898
RandomForest,"(1, 2, 3, 12)","{'bootstrap': True, 'max_depth': None, 'max_features': 'sqrt', 'min_samples_leaf': 2, 'min_samples_split': 5, 'n_estimators': 500}",5,15947.5879,3091.546265,23014.86502,2023.972553,5.74046736,1.855984376,1.233191715,0.246023098
RandomForest,"(1, 2, 3, 12)","{'bootstrap': True, 'max_depth': None, 'max_features': 'sqrt', 'min_samples_leaf': 1, 'min_samples_split': 2, 'n_estimators': 250}",5,16054.03163,3080.765876,23023.22366,2108.988419,5.781566734,1.846838082,1.241611349,0.24623235
RandomForest,"(1, 12)","{'bootstrap': True, 'max_depth': 10, 'max_features': 'sqrt', 'min_samples_leaf': 2, 'min_samples_split': 2, 'n_estimators': 500}",5,15103.59257,3759.300928,23026.27898,4488.674786,5.627111819,1.502859397,1.168618454,0.301942814
RandomForest,"(1, 2, 3, 12)","{'bootstrap': True, 'max_depth': 20, 'max_features': 'sqrt', 'min_samples_leaf': 2, 'min_samples_split': 2, 'n_estimators': 250}",5,16033.75077,3025.575875,23047.17416,2082.821905,5.764119921,1.831696724,1.240023693,0.241940915
RandomForest,"(1, 2, 3, 12)","{'bootstrap': True, 'max_depth': 20, 'max_features': 'sqrt', 'min_samples_leaf': 4, 'min_samples_split': 5, 'n_estimators': 500}",5,15928.19138,3091.483131,23050.64719,2041.595071,5.735952423,1.849905183,1.231515247,0.245289169
RandomForest,"(1, 2, 3, 12)","{'bootstrap': True, 'max_depth': 20, 'max_features': 'sqrt', 'min_samples_leaf': 4, 'min_samples_split': 2, 'n_estimators': 500}",5,15928.19138,3091.483131,23050.64719,2041.595071,5.735952423,1.849905183,1.231515247,0.245289169
RandomForest,"(1, 2, 3, 12)","{'bootstrap': True, 'max_depth': None, 'max_features': 'sqrt', 'min_samples_leaf': 2, 'min_samples_split': 5, 'n_estimators': 250}",5,16042.78261,3070.361453,23121.13946,2103.137654,5.767958016,1.84351188,1.240806469,0.245675353
RandomForest,"(1, 12)","{'bootstrap': True, 'max_depth': 10, 'max_features': 'sqrt', 'min_samples_leaf': 4, 'min_samples_split': 2, 'n_estimators': 250}",5,15094.34701,3646.21534,23328.59315,4479.73206,5.629500116,1.483522897,1.167992851,0.293431106
RandomForest,"(1, 12)","{'bootstrap': True, 'max_depth': 10, 'max_features': 'sqrt', 'min_samples_leaf': 4, 'min_samples_split': 5, 'n_estimators': 250}",5,15094.34701,3646.21534,23328.59315,4479.73206,5.629500116,1.483522897,1.167992851,0.293431106
RandomForest,"(1, 12)","{'bootstrap': True, 'max_depth': 10, 'max_features': 'sqrt', 'min_samples_leaf': 4, 'min_samples_split': 2, 'n_estimators': 500}",5,15181.85564,3655.702761,23456.12761,4648.986495,5.652632357,1.470039411,1.174668603,0.294022792
RandomForest,"(1, 12)","{'bootstrap': True, 'max_depth': 10, 'max_features': 'sqrt', 'min_samples_leaf': 4, 'min_samples_split': 5, 'n_estimators': 500}",5,15181.85564,3655.702761,23456.12761,4648.986495,5.652632357,1.470039411,1.174668603,0.294022792
RandomForest,"(1, 2, 3, 4, 5, 6, 12, 24)","{'bootstrap': True, 'max_depth': 10, 'max_features': 'sqrt', 'min_samples_leaf': 1, 'min_samples_split': 2, 'n_estimators': 250}",5,16274.29033,3023.913767,24304.51321,2210.897409,5.725591734,1.889184454,1.227987351,0.233207031
RandomForest,"(1, 2, 3, 4, 5, 6, 12, 24)","{'bootstrap': True, 'max_depth': 10, 'max_features': 'sqrt', 'min_samples_leaf': 2, 'min_samples_split': 2, 'n_estimators': 500}",5,16285.00766,3011.844663,24388.91775,2289.5904,5.719483344,1.882477431,1.228802981,0.232359907
RandomForest,"(1, 2, 3, 4, 5, 6, 12, 24)","{'bootstrap': True, 'max_depth': 10, 'max_features': 'sqrt', 'min_samples_leaf': 2, 'min_samples_split': 2, 'n_estimators': 250}",5,16299.63293,3024.348312,24389.80537,2306.541018,5.726126339,1.887780252,1.229920565,0.233350368
RandomForest,"(1, 2, 3, 4, 5, 6, 12, 24)","{'bootstrap': True, 'max_depth': 10, 'max_features': 'sqrt', 'min_samples_leaf': 1, 'min_samples_split': 2, 'n_estimators': 500}",5,16290.71637,3020.01013,24400.5571,2240.196611,5.722543423,1.885584089,1.229222854,0.23291747
RandomForest,"(1, 2, 3, 4, 5, 6, 12, 24)","{'bootstrap': True, 'max_depth': 10, 'max_features': 'sqrt', 'min_samples_leaf': 1, 'min_samples_split': 5, 'n_estimators': 500}",5,16284.57779,3012.125395,24407.94041,2310.813631,5.721915621,1.875298446,1.228806962,0.232567274
RandomForest,"(1, 2, 3, 4, 5, 6, 12, 24)","{'bootstrap': True, 'max_depth': 10, 'max_features': 'sqrt', 'min_samples_leaf': 4, 'min_samples_split': 2, 'n_estimators': 250}",5,16296.12798,3049.893976,24446.72891,2337.583515,5.721596079,1.887729506,1.229666445,0.235236348
RandomForest,"(1, 2, 3, 4, 5, 6, 12, 24)","{'bootstrap': True, 'max_depth': 10, 'max_features': 'sqrt', 'min_samples_leaf': 4, 'min_samples_split': 5, 'n_estimators': 250}",5,16296.12798,3049.893976,24446.72891,2337.583515,5.721596079,1.887729506,1.229666445,0.235236348
RandomForest,"(1, 12)","{'bootstrap': True, 'max_depth': 10, 'max_features': 0.5, 'min_samples_leaf': 2, 'min_samples_split': 5, 'n_estimators': 500}",5,16781.57596,2924.770378,24457.58431,2123.686234,5.934379787,1.884451792,1.29800877,0.235787367
RandomForest,"(1, 2, 3, 4, 5, 6, 12, 24)","{'bootstrap': True, 'max_depth': 10, 'max_features': 'sqrt', 'min_samples_leaf': 1, 'min_samples_split': 5, 'n_estimators': 250}",5,16313.12728,2999.275857,24463.79618,2305.433009,5.733278912,1.874174912,1.230981746,0.231780384
RandomForest,"(1, 2, 3, 4, 5, 6, 12, 24)","{'bootstrap': True, 'max_depth': 10, 'max_features': 'sqrt', 'min_samples_leaf': 2, 'min_samples_split': 5, 'n_estimators': 250}",5,16305.1665,3025.146434,24487.85914,2384.027864,5.723642187,1.885339707,1.230403795,0.233721835
RandomForest,"(1, 12)","{'bootstrap': True, 'max_depth': 10, 'max_features': 0.5, 'min_samples_leaf': 2, 'min_samples_split': 5, 'n_estimators': 250}",5,16838.85017,2929.783069,24495.54434,2133.433272,5.95451951,1.891230398,1.302476321,0.236414083
RandomForest,"(1, 2, 3, 4, 5, 6, 12, 24)","{'bootstrap': True, 'max_depth': 10, 'max_features': 'sqrt', 'min_samples_leaf': 4, 'min_samples_split': 2, 'n_estimators': 500}",5,16307.87053,3038.637475,24505.06801,2364.757368,5.720196811,1.883133568,1.230573659,0.234531674
RandomForest,"(1, 2, 3, 4, 5, 6, 12, 24)","{'bootstrap': True, 'max_depth': 10, 'max_features': 'sqrt', 'min_samples_leaf': 4, 'min_samples_split': 5, 'n_estimators': 500}",5,16307.87053,3038.637475,24505.06801,2364.757368,5.720196811,1.883133568,1.230573659,0.234531674
RandomForest,"(1, 2, 3, 4, 5, 6, 12, 24)","{'bootstrap': True, 'max_depth': 10, 'max_features': 'sqrt', 'min_samples_leaf': 2, 'min_samples_split': 5, 'n_estimators': 500}",5,16323.2575,2996.506837,24562.91521,2372.012694,5.724457589,1.876674006,1.231768894,0.231657619
RandomForest,"(1, 12)","{'bootstrap': True, 'max_depth': 10, 'max_features': 0.5, 'min_samples_leaf': 2, 'min_samples_split': 2, 'n_estimators': 500}",5,16822.76234,2914.575011,24573.73595,2264.957936,5.938140904,1.877258403,1.301377587,0.235972264
RandomForest,"(1, 12)","{'bootstrap': True, 'max_depth': 10, 'max_features': 0.5, 'min_samples_leaf': 1, 'min_samples_split': 2, 'n_estimators': 500}",5,16825.90603,2857.87475,24580.01818,2141.258527,5.941899932,1.870377778,1.301471015,0.231077024
RandomForest,"(1, 2, 3, 4, 5, 6, 12)","{'bootstrap': True, 'max_depth': 10, 'max_features': 'sqrt', 'min_samples_leaf': 1, 'min_samples_split': 2, 'n_estimators': 250}",5,16557.808,2915.644667,24581.54261,2287.492558,5.86206557,1.870619929,1.280737129,0.234966668
RandomForest,"(1, 12)","{'bootstrap': True, 'max_depth': 10, 'max_features': 0.5, 'min_samples_leaf': 2, 'min_samples_split': 2, 'n_estimators': 250}",5,16835.85345,2904.889046,24593.86717,2265.887486,5.944896447,1.876997673,1.302420654,0.235409259
RandomForest,"(1, 12)","{'bootstrap': True, 'max_depth': 10, 'max_features': 0.5, 'min_samples_leaf': 1, 'min_samples_split': 5, 'n_estimators': 500}",5,16822.34438,2894.315166,24596.46585,2188.558182,5.936943593,1.873988112,1.301233096,0.233917217
RandomForest,"(1, 2, 3, 4, 5, 6, 12)","{'bootstrap': True, 'max_depth': 10, 'max_features': 'sqrt', 'min_samples_leaf': 1, 'min_samples_split': 5, 'n_estimators': 250}",5,16543.57508,2908.783192,24608.50795,2161.91254,5.854412759,1.861941621,1.279560582,0.234081028
RandomForest,"(1, 2, 3, 4, 5, 6, 12)","{'bootstrap': True, 'max_depth': 10, 'max_features': 'sqrt', 'min_samples_leaf': 1, 'min_samples_split': 2, 'n_estimators': 500}",5,16590.10608,2911.250806,24624.27284,2320.700165,5.863383949,1.870721385,1.283316856,0.235082957
RandomForest,"(1, 2, 3, 4, 5, 6, 12)","{'bootstrap': True, 'max_depth': 10, 'max_features': 'sqrt', 'min_samples_leaf': 2, 'min_samples_split': 2, 'n_estimators': 250}",5,16562.69659,2929.611704,24627.94695,2267.167936,5.853958353,1.86859035,1.281151317,0.236182276
RandomForest,"(1, 2, 3, 4, 5, 6, 12)","{'bootstrap': True, 'max_depth': 10, 'max_features': 'sqrt', 'min_samples_leaf': 1, 'min_samples_split': 5, 'n_estimators': 500}",5,16592.4918,2919.401031,24664.70399,2200.743527,5.862902226,1.874837324,1.283368403,0.23504133
RandomForest,"(1, 2, 3, 4, 5, 6, 12)","{'bootstrap': True, 'max_depth': 10, 'max_features': 'sqrt', 'min_samples_leaf': 2, 'min_samples_split': 2, 'n_estimators': 500}",5,16589.37666,2914.299357,24678.38086,2220.718361,5.856350438,1.869921178,1.283232604,0.235156019
RandomForest,"(1, 12)","{'bootstrap': True, 'max_depth': 10, 'max_features': 0.5, 'min_samples_leaf': 1, 'min_samples_split': 2, 'n_estimators': 250}",5,16866.82084,2844.193247,24701.4632,2148.96369,5.946398055,1.872910666,1.304631972,0.230107349
RandomForest,"(1, 12, 24)","{'bootstrap': True, 'max_depth': 10, 'max_features': 0.5, 'min_samples_leaf': 2, 'min_samples_split': 5, 'n_estimators': 500}",5,16774.33747,3027.79834,24716.48843,2171.892237,5.882920258,1.917644058,1.265819536,0.23443105
RandomForest,"(1, 12, 24)","{'bootstrap': True, 'max_depth': 10, 'max_features': 0.5, 'min_samples_leaf': 2, 'min_samples_split': 5, 'n_estimators': 250}",5,16789.16546,3021.901208,24733.64825,2182.233422,5.892522563,1.914801617,1.266980997,0.234225617
RandomForest,"(1, 2, 3, 4, 5, 6, 12)","{'bootstrap': True, 'max_depth': 10, 'max_features': 'sqrt', 'min_samples_leaf': 2, 'min_samples_split': 5, 'n_estimators': 500}",5,16634.18068,2901.728238,24747.44637,2293.220194,5.871034244,1.860774745,1.286779234,0.234682637
RandomForest,"(1, 12, 24)","{'bootstrap': True, 'max_depth': 10, 'max_features': 0.5, 'min_samples_leaf': 1, 'min_samples_split': 5, 'n_estimators': 500}",5,16788.88199,3031.389394,24754.69034,2064.913175,5.888097597,1.924838631,1.26680587,0.23418826
RandomForest,"(1, 12, 24)","{'bootstrap': True, 'max_depth': 10, 'max_features': 0.5, 'min_samples_leaf': 4, 'min_samples_split': 5, 'n_estimators': 500}",5,16797.11394,3008.600098,24766.93756,2138.161017,5.884693972,1.906111986,1.267460941,0.232751321
RandomForest,"(1, 12, 24)","{'bootstrap': True, 'max_depth': 10, 'max_features': 0.5, 'min_samples_leaf': 4, 'min_samples_split': 2, 'n_estimators': 500}",5,16797.11394,3008.600098,24766.93756,2138.161017,5.884693972,1.906111986,1.267460941,0.232751321
RandomForest,"(1, 12, 24)","{'bootstrap': True, 'max_depth': 10, 'max_features': 0.5, 'min_samples_leaf': 1, 'min_samples_split': 5, 'n_estimators': 250}",5,16801.82984,3031.62143,24779.42646,2034.128313,5.896393702,1.925542463,1.267798608,0.234296494
RandomForest,"(1, 12, 24)","{'bootstrap': True, 'max_depth': 10, 'max_features': 0.5, 'min_samples_leaf': 2, 'min_samples_split': 2, 'n_estimators': 250}",5,16810.92044,3008.019082,24784.17792,2052.453471,5.899210986,1.912924635,1.268516831,0.232763274
RandomForest,"(1, 12, 24)","{'bootstrap': True, 'max_depth': 10, 'max_features': 0.5, 'min_samples_leaf': 2, 'min_samples_split': 2, 'n_estimators': 500}",5,16808.74814,3010.55144,24792.0215,2090.467091,5.891181684,1.910490721,1.268358994,0.232971249
RandomForest,"(1, 12, 24)","{'bootstrap': True, 'max_depth': 10, 'max_features': 0.5, 'min_samples_leaf': 4, 'min_samples_split': 5, 'n_estimators': 250}",5,16829.7161,2998.826897,24793.92836,2124.810125,5.900410899,1.911685909,1.269923763,0.232095749
RandomForest,"(1, 12, 24)","{'bootstrap': True, 'max_depth': 10, 'max_features': 0.5, 'min_samples_leaf': 4, 'min_samples_split': 2, 'n_estimators': 250}",5,16829.7161,2998.826897,24793.92836,2124.810125,5.900410899,1.911685909,1.269923763,0.232095749
RandomForest,"(1, 2, 3, 4, 5, 6, 12, 24)","{'bootstrap': True, 'max_depth': 20, 'max_features': 'sqrt', 'min_samples_leaf': 2, 'min_samples_split': 2, 'n_estimators': 500}",5,16710.96034,3200.587142,24797.61859,2350.021583,5.895530934,1.987440559,1.260745768,0.245582217
RandomForest,"(1, 12)","{'bootstrap': True, 'max_depth': 10, 'max_features': 0.5, 'min_samples_leaf': 4, 'min_samples_split': 5, 'n_estimators': 500}",5,16855.53152,2865.674169,24801.25086,2170.536763,5.940027789,1.866157585,1.303859819,0.232196318
RandomForest,"(1, 12)","{'bootstrap': True, 'max_depth': 10, 'max_features': 0.5, 'min_samples_leaf': 4, 'min_samples_split': 2, 'n_estimators': 500}",5,16855.53152,2865.674169,24801.25086,2170.536763,5.940027789,1.866157585,1.303859819,0.232196318
RandomForest,"(1, 12)","{'bootstrap': True, 'max_depth': 10, 'max_features': 0.5, 'min_samples_leaf': 1, 'min_samples_split': 5, 'n_estimators': 250}",5,16946.32723,2898.501539,24814.3955,2356.733177,5.973118174,1.876206701,1.311041774,0.235494403
RandomForest,"(1, 2, 3, 4, 5, 6, 12)","{'bootstrap': True, 'max_depth': 10, 'max_features': 'sqrt', 'min_samples_leaf': 2, 'min_samples_split': 5, 'n_estimators': 250}",5,16677.7076,2883.512234,24817.97081,2291.659686,5.883509231,1.848661997,1.290225491,0.233798176
RandomForest,"(1, 12, 24)","{'bootstrap': True, 'max_depth': 10, 'max_features': 0.5, 'min_samples_leaf': 1, 'min_samples_split': 2, 'n_estimators': 500}",5,16818.63162,3022.574351,24825.78623,2169.037749,5.893248294,1.916645754,1.26913364,0.233977089
RandomForest,"(1, 2, 3, 4, 5, 6, 12, 24)","{'bootstrap': True, 'max_depth': None, 'max_features': 'sqrt', 'min_samples_leaf': 1, 'min_samples_split': 5, 'n_estimators': 500}",5,16728.92565,3190.061155,24842.73425,2317.62098,5.900384383,1.984996389,1.262131855,0.244977653
RandomForest,"(1, 2, 3, 4, 5, 6, 12, 24)","{'bootstrap': True, 'max_depth': None, 'max_features': 'sqrt', 'min_samples_leaf': 2, 'min_samples_split': 2, 'n_estimators': 500}",5,16738.10054,3209.852773,24844.85325,2455.641206,5.902720848,1.990909757,1.262897987,0.246755485
RandomForest,"(1, 2, 3, 4, 5, 6, 12, 24)","{'bootstrap': True, 'max_depth': 20, 'max_features': 'sqrt', 'min_samples_leaf': 2, 'min_samples_split': 2, 'n_estimators': 250}",5,16728.59407,3203.995574,24852.31818,2379.03983,5.897242069,1.98727522,1.262081517,0.245862098
RandomForest,"(1, 2, 3, 4, 5, 6, 12, 24)","{'bootstrap': True, 'max_depth': 20, 'max_features': 'sqrt', 'min_samples_leaf': 1, 'min_samples_split': 2, 'n_estimators': 500}",5,16735.60681,3206.681513,24853.30274,2460.900113,5.903454781,1.987138507,1.262694943,0.246472102
RandomForest,"(1, 12, 24)","{'bootstrap': True, 'max_depth': 10, 'max_features': 0.5, 'min_samples_leaf': 1, 'min_samples_split': 2, 'n_estimators': 250}",5,16853.33896,3004.467195,24853.33381,2155.621305,5.907853458,1.909911523,1.271774486,0.232816751
RandomForest,"(1, 2, 3, 4, 5, 6, 12, 24)","{'bootstrap': True, 'max_depth': None, 'max_features': 'sqrt', 'min_samples_leaf': 1, 'min_samples_split': 2, 'n_estimators': 500}",5,16736.09973,3189.644573,24854.22022,2425.65108,5.899452498,1.985819402,1.262736299,0.245221284
RandomForest,"(1, 2, 3, 4, 5, 6, 12)","{'bootstrap': True, 'max_depth': 10, 'max_features': 'sqrt', 'min_samples_leaf': 4, 'min_samples_split': 5, 'n_estimators': 500}",5,16670.34711,2912.201577,24856.20295,2343.140591,5.869709165,1.871011009,1.289587105,0.235559337
RandomForest,"(1, 2, 3, 4, 5, 6, 12)","{'bootstrap': True, 'max_depth': 10, 'max_features': 'sqrt', 'min_samples_leaf': 4, 'min_samples_split': 2, 'n_estimators': 500}",5,16670.34711,2912.201577,24856.20295,2343.140591,5.869709165,1.871011009,1.289587105,0.235559337
RandomForest,"(1, 2, 3, 4, 5, 6, 12, 24)","{'bootstrap': True, 'max_depth': None, 'max_features': 'sqrt', 'min_samples_leaf': 2, 'min_samples_split': 2, 'n_estimators': 250}",5,16745.8969,3181.810852,24864.44713,2450.600316,5.903615258,1.982287104,1.263490398,0.24474572
RandomForest,"(1, 12)","{'bootstrap': True, 'max_depth': None, 'max_features': 0.5, 'min_samples_leaf': 1, 'min_samples_split': 5, 'n_estimators': 500}",5,17225.8053,3053.142738,24869.08094,2245.630063,6.123333959,1.969368969,1.332306366,0.245612424
RandomForest,"(1, 12)","{'bootstrap': True, 'max_depth': 10, 'max_features': 0.5, 'min_samples_leaf': 4, 'min_samples_split': 2, 'n_estimators': 250}",5,16917.56526,2864.522146,24879.21439,2204.611455,5.958200296,1.868977413,1.308674816,0.232248252
RandomForest,"(1, 12)","{'bootstrap': True, 'max_depth': 10, 'max_features': 0.5, 'min_samples_leaf': 4, 'min_samples_split': 5, 'n_estimators': 250}",5,16917.56526,2864.522146,24879.21439,2204.611455,5.958200296,1.868977413,1.308674816,0.232248252
RandomForest,"(1, 2, 3, 4, 5, 6, 12, 24)","{'bootstrap': True, 'max_depth': None, 'max_features': 'sqrt', 'min_samples_leaf': 4, 'min_samples_split': 2, 'n_estimators': 500}",5,16738.18266,3173.709133,24880.88162,2347.507685,5.893607646,1.977073442,1.262846127,0.243870702
RandomForest,"(1, 2, 3, 4, 5, 6, 12, 24)","{'bootstrap': True, 'max_depth': None, 'max_features': 'sqrt', 'min_samples_leaf': 4, 'min_samples_split': 5, 'n_estimators': 500}",5,16738.18266,3173.709133,24880.88162,2347.507685,5.893607646,1.977073442,1.262846127,0.243870702
RandomForest,"(1, 2, 3, 4, 5, 6, 12, 24)","{'bootstrap': True, 'max_depth': None, 'max_features': 'sqrt', 'min_samples_leaf': 1, 'min_samples_split': 5, 'n_estimators': 250}",5,16747.82634,3187.367014,24888.07415,2337.467456,5.907878409,1.985923477,1.263577691,0.244885075
RandomForest,"(1, 2, 3, 4, 5, 6, 12, 24)","{'bootstrap': True, 'max_depth': 20, 'max_features': 'sqrt', 'min_samples_leaf': 1, 'min_samples_split': 2, 'n_estimators': 250}",5,16742.76668,3241.142565,24889.80475,2449.148619,5.907574287,1.996653539,1.263226042,0.248958066
RandomForest,"(1, 12)","{'bootstrap': True, 'max_depth': None, 'max_features': 0.5, 'min_samples_leaf': 2, 'min_samples_split': 5, 'n_estimators': 500}",5,17184.29922,3060.555146,24895.3656,2147.257407,6.107629798,1.977301565,1.32899138,0.245564213
RandomForest,"(1, 12)","{'bootstrap': True, 'max_depth': 20, 'max_features': 0.5, 'min_samples_leaf': 2, 'min_samples_split': 5, 'n_estimators': 250}",5,17269.45913,3095.251094,24898.17794,2189.596125,6.139433378,1.988840041,1.335591808,0.248320741
RandomForest,"(1, 2, 3, 4, 5, 6, 12)","{'bootstrap': True, 'max_depth': 20, 'max_features': 'sqrt', 'min_samples_leaf': 1, 'min_samples_split': 2, 'n_estimators': 250}",5,16899.48287,3069.658435,24900.12165,2241.149899,6.000224013,1.973526469,1.307047153,0.246280634
RandomForest,"(1, 2, 3, 4, 5, 6, 12, 24)","{'bootstrap': True, 'max_depth': None, 'max_features': 'sqrt', 'min_samples_leaf': 1, 'min_samples_split': 2, 'n_estimators': 250}",5,16775.51375,3224.940333,24910.75511,2440.024877,5.914922151,2.002431145,1.265727241,0.247917464
RandomForest,"(1, 2, 3, 4, 5, 6, 12, 24)","{'bootstrap': True, 'max_depth': None, 'max_features': 'sqrt', 'min_samples_leaf': 2, 'min_samples_split': 5, 'n_estimators': 250}",5,16779.21375,3188.060957,24912.45433,2416.588434,5.916026255,1.982895267,1.266016858,0.245306131
RandomForest,"(1, 2, 3, 4, 5, 6, 12, 24)","{'bootstrap': True, 'max_depth': 20, 'max_features': 'sqrt', 'min_samples_leaf': 2, 'min_samples_split': 5, 'n_estimators': 250}",5,16766.01401,3187.134664,24916.80276,2434.639293,5.909932794,1.981700409,1.264990816,0.24507248
RandomForest,"(1, 2, 3, 4, 5, 6, 12, 24)","{'bootstrap': True, 'max_depth': None, 'max_features': 'sqrt', 'min_samples_leaf': 2, 'min_samples_split': 5, 'n_estimators': 500}",5,16766.11271,3199.565548,24920.77607,2388.731472,5.909409285,1.987186968,1.265003777,0.246003346
RandomForest,"(1, 12)","{'bootstrap': True, 'max_depth': None, 'max_features': 0.5, 'min_samples_leaf': 1, 'min_samples_split': 5, 'n_estimators': 250}",5,17284.83904,3072.821507,24921.42356,2255.763239,6.139237296,1.97117534,1.33689691,0.24730931
RandomForest,"(1, 2, 3, 4, 5, 6, 12)","{'bootstrap': True, 'max_depth': 10, 'max_features': 'sqrt', 'min_samples_leaf': 4, 'min_samples_split': 5, 'n_estimators': 250}",5,16682.1312,2905.688864,24926.38363,2470.433823,5.874780608,1.864403881,1.290582608,0.235492789
RandomForest,"(1, 2, 3, 4, 5, 6, 12)","{'bootstrap': True, 'max_depth': 10, 'max_features': 'sqrt', 'min_samples_leaf': 4, 'min_samples_split': 2, 'n_estimators': 250}",5,16682.1312,2905.688864,24926.38363,2470.433823,5.874780608,1.864403881,1.290582608,0.235492789
RandomForest,"(1, 2, 3, 4, 5, 6, 12, 24)","{'bootstrap': True, 'max_depth': 20, 'max_features': 'sqrt', 'min_samples_leaf': 2, 'min_samples_split': 5, 'n_estimators': 500}",5,16764.68809,3187.831095,24936.66744,2441.492021,5.906606186,1.984382585,1.264880513,0.245078264
RandomForest,"(1, 12)","{'bootstrap': True, 'max_depth': 20, 'max_features': 0.5, 'min_samples_leaf': 1, 'min_samples_split': 2, 'n_estimators': 500}",5,17252.78145,3039.237235,24938.20954,2195.752934,6.125703699,1.965586351,1.334424638,0.24474176
RandomForest,"(1, 2, 3, 4, 5, 6, 12)","{'bootstrap': True, 'max_depth': 20, 'max_features': 'sqrt', 'min_samples_leaf': 1, 'min_samples_split': 5, 'n_estimators': 250}",5,16959.94822,2999.018699,24938.4453,2284.53074,6.016489375,1.943724984,1.311807712,0.241483856
RandomForest,"(1, 2, 3, 4, 5, 6, 12, 24)","{'bootstrap': True, 'max_depth': 20, 'max_features': 'sqrt', 'min_samples_leaf': 1, 'min_samples_split': 5, 'n_estimators': 500}",5,16763.38141,3205.873423,24941.47669,2452.763367,5.908360037,1.991089756,1.264770886,0.246334853
RandomForest,"(1, 12)","{'bootstrap': True, 'max_depth': 20, 'max_features': 0.5, 'min_samples_leaf': 2, 'min_samples_split': 5, 'n_estimators': 500}",5,17224.90879,3059.686668,24949.51848,2216.072843,6.121538086,1.972646201,1.33215578,0.245652831
RandomForest,"(1, 12)","{'bootstrap': True, 'max_depth': None, 'max_features': 0.5, 'min_samples_leaf': 1, 'min_samples_split': 2, 'n_estimators': 250}",5,17274.28246,3049.827134,24951.2757,2098.850831,6.1452468,1.968582606,1.336042073,0.24537956
RandomForest,"(1, 2, 3, 4, 5, 6, 12, 24)","{'bootstrap': True, 'max_depth': None, 'max_features': 'sqrt', 'min_samples_leaf': 4, 'min_samples_split': 2, 'n_estimators': 250}",5,16785.6528,3174.295422,24954.09561,2351.76393,5.907669785,1.977342927,1.266491399,0.244251594
RandomForest,"(1, 2, 3, 4, 5, 6, 12, 24)","{'bootstrap': True, 'max_depth': None, 'max_features': 'sqrt', 'min_samples_leaf': 4, 'min_samples_split': 5, 'n_estimators': 250}",5,16785.6528,3174.295422,24954.09561,2351.76393,5.907669785,1.977342927,1.266491399,0.244251594
RandomForest,"(1, 2, 3, 4, 5, 6, 12, 24)","{'bootstrap': True, 'max_depth': 20, 'max_features': 'sqrt', 'min_samples_leaf': 4, 'min_samples_split': 2, 'n_estimators': 250}",5,16725.15096,3176.828581,24957.59343,2478.876237,5.889527606,1.981835914,1.261916824,0.244297796
RandomForest,"(1, 2, 3, 4, 5, 6, 12, 24)","{'bootstrap': True, 'max_depth': 20, 'max_features': 'sqrt', 'min_samples_leaf': 4, 'min_samples_split': 5, 'n_estimators': 250}",5,16725.15096,3176.828581,24957.59343,2478.876237,5.889527606,1.981835914,1.261916824,0.244297796
RandomForest,"(1, 12)","{'bootstrap': True, 'max_depth': None, 'max_features': 0.5, 'min_samples_leaf': 2, 'min_samples_split': 2, 'n_estimators': 500}",5,17247.7089,3062.753448,24957.73041,2208.043864,6.122778181,1.980776944,1.334017922,0.246396475
RandomForest,"(1, 2, 3, 4, 5, 6, 12)","{'bootstrap': True, 'max_depth': 20, 'max_features': 'sqrt', 'min_samples_leaf': 1, 'min_samples_split': 5, 'n_estimators': 500}",5,16945.4688,3035.23078,24960.05587,2273.93989,6.00571032,1.958372679,1.310615211,0.243810159
RandomForest,"(1, 12)","{'bootstrap': True, 'max_depth': None, 'max_features': 0.5, 'min_samples_leaf': 1, 'min_samples_split': 2, 'n_estimators': 500}",5,17266.41359,3023.577338,24962.67572,2153.372578,6.1352146,1.961027506,1.335477949,0.243618547
RandomForest,"(1, 2, 3, 4, 5, 6, 12, 24)","{'bootstrap': True, 'max_depth': 20, 'max_features': 'sqrt', 'min_samples_leaf': 4, 'min_samples_split': 2, 'n_estimators': 500}",5,16725.57781,3166.497296,24963.03191,2459.715852,5.888797122,1.975348327,1.261931885,0.243485969
RandomForest,"(1, 2, 3, 4, 5, 6, 12, 24)","{'bootstrap': True, 'max_depth': 20, 'max_features': 'sqrt', 'min_samples_leaf': 4, 'min_samples_split': 5, 'n_estimators': 500}",5,16725.57781,3166.497296,24963.03191,2459.715852,5.888797122,1.975348327,1.261931885,0.243485969
RandomForest,"(1, 12)","{'bootstrap': True, 'max_depth': None, 'max_features': 0.5, 'min_samples_leaf': 2, 'min_samples_split': 5, 'n_estimators': 250}",5,17238.87892,3027.793452,24976.40459,2180.853744,6.121076879,1.971037257,1.33332711,0.243739432
RandomForest,"(1, 2, 3, 4, 5, 6, 12, 24)","{'bootstrap': True, 'max_depth': 20, 'max_features': 'sqrt', 'min_samples_leaf': 1, 'min_samples_split': 5, 'n_estimators': 250}",5,16777.6252,3183.78151,24977.22098,2345.279536,5.91382796,1.983449895,1.265794312,0.244505353
RandomForest,"(1, 12)","{'bootstrap': True, 'max_depth': 20, 'max_features': 0.5, 'min_samples_leaf': 1, 'min_samples_split': 5, 'n_estimators': 500}",5,17260.58382,3035.900105,25001.9715,2226.790263,6.131911206,1.971100114,1.334980942,0.244262375
RandomForest,"(1, 12)","{'bootstrap': True, 'max_depth': None, 'max_features': 0.5, 'min_samples_leaf': 2, 'min_samples_split': 2, 'n_estimators': 250}",5,17272.51944,3070.047803,25009.40177,2192.313464,6.13217116,1.991179536,1.335887698,0.24670948
RandomForest,"(1, 12, 24)","{'bootstrap': True, 'max_depth': None, 'max_features': 0.5, 'min_samples_leaf': 1, 'min_samples_split': 2, 'n_estimators': 250}",5,17182.12452,3115.948765,25010.84784,2170.796747,6.068143016,1.976750948,1.296329638,0.240018332
RandomForest,"(1, 12)","{'bootstrap': True, 'max_depth': 20, 'max_features': 0.5, 'min_samples_leaf': 2, 'min_samples_split': 2, 'n_estimators': 500}",5,17292.05731,3052.993576,25015.13748,2175.103004,6.137669061,1.971459236,1.337548245,0.246218631
RandomForest,"(1, 12, 24)","{'bootstrap': True, 'max_depth': 20, 'max_features': 0.5, 'min_samples_leaf': 1, 'min_samples_split': 5, 'n_estimators': 250}",5,17161.24119,3153.462711,25015.45794,2074.941231,6.058267032,1.986782232,1.294737068,0.242621491
RandomForest,"(1, 12, 24)","{'bootstrap': True, 'max_depth': 20, 'max_features': 0.5, 'min_samples_leaf': 4, 'min_samples_split': 2, 'n_estimators': 500}",5,17127.93571,3119.787804,25033.29408,2091.790451,6.044382392,1.975954662,1.292254686,0.240305743
RandomForest,"(1, 12, 24)","{'bootstrap': True, 'max_depth': 20, 'max_features': 0.5, 'min_samples_leaf': 4, 'min_samples_split': 5, 'n_estimators': 500}",5,17127.93571,3119.787804,25033.29408,2091.790451,6.044382392,1.975954662,1.292254686,0.240305743
RandomForest,"(1, 12, 24)","{'bootstrap': True, 'max_depth': 20, 'max_features': 0.5, 'min_samples_leaf': 1, 'min_samples_split': 5, 'n_estimators': 500}",5,17153.31074,3126.783923,25040.37265,2083.596153,6.054819478,1.983446899,1.294127063,0.240616522
RandomForest,"(1, 12, 24)","{'bootstrap': True, 'max_depth': 20, 'max_features': 0.5, 'min_samples_leaf': 2, 'min_samples_split': 2, 'n_estimators': 250}",5,17164.77481,3110.817042,25045.34545,2082.169785,6.058140665,1.965920135,1.294993988,0.239486181
RandomForest,"(1, 12, 24)","{'bootstrap': True, 'max_depth': 20, 'max_features': 0.5, 'min_samples_leaf': 4, 'min_samples_split': 2, 'n_estimators': 250}",5,17156.89685,3148.240746,25046.84429,2121.824901,6.056933657,1.981712635,1.294407598,0.24226702
RandomForest,"(1, 12, 24)","{'bootstrap': True, 'max_depth': 20, 'max_features': 0.5, 'min_samples_leaf': 4, 'min_samples_split': 5, 'n_estimators': 250}",5,17156.89685,3148.240746,25046.84429,2121.824901,6.056933657,1.981712635,1.294407598,0.24226702
RandomForest,"(1, 2, 3, 4, 5, 6, 12)","{'bootstrap': True, 'max_depth': 20, 'max_features': 'sqrt', 'min_samples_leaf': 1, 'min_samples_split': 2, 'n_estimators': 500}",5,16981.5615,3040.744744,25047.93871,2299.607805,6.014952166,1.96585098,1.313500384,0.244721071
RandomForest,"(1, 2, 3, 4, 5, 6, 12)","{'bootstrap': True, 'max_depth': None, 'max_features': 'sqrt', 'min_samples_leaf': 1, 'min_samples_split': 2, 'n_estimators': 500}",5,16973.80403,3049.820512,25048.26879,2259.850095,6.014696085,1.96603223,1.312867729,0.245224068
RandomForest,"(1, 12)","{'bootstrap': True, 'max_depth': 20, 'max_features': 0.5, 'min_samples_leaf': 1, 'min_samples_split': 2, 'n_estimators': 250}",5,17300.58545,3050.768351,25051.79152,2286.909211,6.138492034,1.974579173,1.338105577,0.245575458
RandomForest,"(1, 12, 24)","{'bootstrap': True, 'max_depth': 20, 'max_features': 0.5, 'min_samples_leaf': 2, 'min_samples_split': 2, 'n_estimators': 500}",5,17161.12283,3129.355907,25061.65876,2044.66797,6.054158403,1.979409669,1.294689361,0.240677075
RandomForest,"(1, 12, 24)","{'bootstrap': True, 'max_depth': None, 'max_features': 0.5, 'min_samples_leaf': 2, 'min_samples_split': 5, 'n_estimators': 250}",5,17175.58782,3169.865999,25069.57311,2131.064121,6.066966151,1.999618883,1.295789501,0.243697448
RandomForest,"(1, 12)","{'bootstrap': True, 'max_depth': 20, 'max_features': 0.5, 'min_samples_leaf': 1, 'min_samples_split': 5, 'n_estimators': 250}",5,17309.4436,3046.373016,25073.29704,2241.85876,6.140439362,1.97791412,1.338850764,0.245548161
RandomForest,"(1, 12, 24)","{'bootstrap': True, 'max_depth': None, 'max_features': 0.5, 'min_samples_leaf': 4, 'min_samples_split': 5, 'n_estimators': 500}",5,17154.49124,3091.700476,25078.36821,2141.583563,6.04621805,1.962853316,1.294261812,0.238303674
RandomForest,"(1, 12, 24)","{'bootstrap': True, 'max_depth': None, 'max_features': 0.5, 'min_samples_leaf': 4, 'min_samples_split': 2, 'n_estimators': 500}",5,17154.49124,3091.700476,25078.36821,2141.583563,6.04621805,1.962853316,1.294261812,0.238303674
RandomForest,"(1, 2, 3, 4, 5, 6, 12)","{'bootstrap': True, 'max_depth': None, 'max_features': 'sqrt', 'min_samples_leaf': 4, 'min_samples_split': 5, 'n_estimators': 500}",5,16967.19996,3034.006041,25078.70527,2281.76104,6.003754149,1.95410305,1.31238102,0.244185408
RandomForest,"(1, 2, 3, 4, 5, 6, 12)","{'bootstrap': True, 'max_depth': None, 'max_features': 'sqrt', 'min_samples_leaf': 4, 'min_samples_split': 2, 'n_estimators': 500}",5,16967.19996,3034.006041,25078.70527,2281.76104,6.003754149,1.95410305,1.31238102,0.244185408
RandomForest,"(1, 12, 24)","{'bootstrap': True, 'max_depth': None, 'max_features': 0.5, 'min_samples_leaf': 2, 'min_samples_split': 2, 'n_estimators': 250}",5,17198.61908,3175.677093,25081.2365,2136.911061,6.070240414,1.996245307,1.297530902,0.244194775
RandomForest,"(1, 12, 24)","{'bootstrap': True, 'max_depth': None, 'max_features': 0.5, 'min_samples_leaf': 2, 'min_samples_split': 5, 'n_estimators': 500}",5,17168.80445,3143.430856,25087.73559,2132.266815,6.05719479,1.98658899,1.295282416,0.241789651
RandomForest,"(1, 12, 24)","{'bootstrap': True, 'max_depth': None, 'max_features': 0.5, 'min_samples_leaf': 4, 'min_samples_split': 2, 'n_estimators': 250}",5,17179.64745,3124.430228,25096.02753,2285.179655,6.055585885,1.968968289,1.296246643,0.241122868
RandomForest,"(1, 12, 24)","{'bootstrap': True, 'max_depth': None, 'max_features': 0.5, 'min_samples_leaf': 4, 'min_samples_split': 5, 'n_estimators': 250}",5,17179.64745,3124.430228,25096.02753,2285.179655,6.055585885,1.968968289,1.296246643,0.241122868
RandomForest,"(1, 12, 24)","{'bootstrap': True, 'max_depth': None, 'max_features': 0.5, 'min_samples_leaf': 1, 'min_samples_split': 5, 'n_estimators': 500}",5,17168.53636,3120.316018,25105.85843,2046.375102,6.054893698,1.982319309,1.295266633,0.240118945
RandomForest,"(1, 2, 3, 4, 5, 6, 12)","{'bootstrap': True, 'max_depth': None, 'max_features': 'sqrt', 'min_samples_leaf': 2, 'min_samples_split': 2, 'n_estimators': 250}",5,16971.37282,3040.11304,25105.90278,2280.323502,6.005829927,1.959148794,1.312733928,0.244749609
RandomForest,"(1, 2, 3, 4, 5, 6, 12)","{'bootstrap': True, 'max_depth': None, 'max_features': 'sqrt', 'min_samples_leaf': 1, 'min_samples_split': 5, 'n_estimators': 250}",5,17010.93848,3057.966514,25108.40082,2285.344051,6.0266531,1.9673062,1.315823145,0.246266067
RandomForest,"(1, 2, 3, 4, 5, 6, 12)","{'bootstrap': True, 'max_depth': None, 'max_features': 'sqrt', 'min_samples_leaf': 2, 'min_samples_split': 5, 'n_estimators': 250}",5,17003.80008,3048.330493,25110.89678,2338.424254,6.018527172,1.958164855,1.31533508,0.24584553
RandomForest,"(1, 2, 3, 4, 5, 6, 12)","{'bootstrap': True, 'max_depth': 20, 'max_features': 'sqrt', 'min_samples_leaf': 2, 'min_samples_split': 5, 'n_estimators': 250}",5,17001.68872,3032.557967,25115.43576,2262.958525,6.01661104,1.956909569,1.315052932,0.244116316
RandomForest,"(1, 2, 3, 4, 5, 6, 12)","{'bootstrap': True, 'max_depth': 20, 'max_features': 'sqrt', 'min_samples_leaf': 2, 'min_samples_split': 5, 'n_estimators': 500}",5,17007.75973,3032.937821,25115.93178,2309.302394,6.017755824,1.957497434,1.31553233,0.244198692
RandomForest,"(1, 12, 24)","{'bootstrap': True, 'max_depth': 20, 'max_features': 0.5, 'min_samples_leaf': 2, 'min_samples_split': 5, 'n_estimators': 250}",5,17243.70956,3122.960754,25121.07061,2077.610563,6.081459774,1.978384996,1.300966043,0.24056106
RandomForest,"(1, 2, 3, 4, 5, 6, 12)","{'bootstrap': True, 'max_depth': None, 'max_features': 'sqrt', 'min_samples_leaf': 2, 'min_samples_split': 5, 'n_estimators': 500}",5,17010.77699,3044.765368,25122.9418,2340.599932,6.014737913,1.959915736,1.315867021,0.245549344
RandomForest,"(1, 12, 24)","{'bootstrap': True, 'max_depth': 20, 'max_features': 0.5, 'min_samples_leaf': 2, 'min_samples_split': 5, 'n_estimators': 500}",5,17210.31845,3134.128156,25129.19833,2068.543852,6.068653803,1.98295904,1.298433775,0.241259134
RandomForest,"(1, 2, 3, 4, 5, 6, 12)","{'bootstrap': True, 'max_depth': None, 'max_features': 'sqrt', 'min_samples_leaf': 1, 'min_samples_split': 5, 'n_estimators': 500}",5,17012.92263,3052.296305,25137.86023,2269.438075,6.022120023,1.971214348,1.315944794,0.245714758
RandomForest,"(1, 12, 24)","{'bootstrap': True, 'max_depth': None, 'max_features': 0.5, 'min_samples_leaf': 2, 'min_samples_split': 2, 'n_estimators': 500}",5,17208.93578,3181.923136,25138.85977,2131.669666,6.066675748,1.996375797,1.298298268,0.244587387
RandomForest,"(1, 2, 3, 4, 5, 6, 12)","{'bootstrap': True, 'max_depth': None, 'max_features': 'sqrt', 'min_samples_leaf': 4, 'min_samples_split': 5, 'n_estimators': 250}",5,16958.44048,3021.449751,25142.62915,2274.841826,6.003200235,1.950010695,1.311641213,0.242955445
RandomForest,"(1, 2, 3, 4, 5, 6, 12)","{'bootstrap': True, 'max_depth': None, 'max_features': 'sqrt', 'min_samples_leaf': 4, 'min_samples_split': 2, 'n_estimators': 250}",5,16958.44048,3021.449751,25142.62915,2274.841826,6.003200235,1.950010695,1.311641213,0.242955445
RandomForest,"(1, 2, 3, 4, 5, 6, 12)","{'bootstrap': True, 'max_depth': None, 'max_features': 'sqrt', 'min_samples_leaf': 2, 'min_samples_split': 2, 'n_estimators': 500}",5,16984.82229,3047.740445,25143.07253,2284.106125,6.009237037,1.965083041,1.313724377,0.245095872
RandomForest,"(1, 2, 3, 4, 5, 6, 12)","{'bootstrap': True, 'max_depth': 20, 'max_features': 'sqrt', 'min_samples_leaf': 4, 'min_samples_split': 5, 'n_estimators': 250}",5,16963.78717,3054.662669,25144.78179,2355.024145,5.998555281,1.960497219,1.31212615,0.245733152
RandomForest,"(1, 2, 3, 4, 5, 6, 12)","{'bootstrap': True, 'max_depth': 20, 'max_features': 'sqrt', 'min_samples_leaf': 4, 'min_samples_split': 2, 'n_estimators': 250}",5,16963.78717,3054.662669,25144.78179,2355.024145,5.998555281,1.960497219,1.31212615,0.245733152
RandomForest,"(1, 12)","{'bootstrap': True, 'max_depth': None, 'max_features': 0.5, 'min_samples_leaf': 4, 'min_samples_split': 2, 'n_estimators': 250}",5,17269.10316,2965.970581,25146.98273,2274.939329,6.115669781,1.948455356,1.335773275,0.239753377
RandomForest,"(1, 12)","{'bootstrap': True, 'max_depth': None, 'max_features': 0.5, 'min_samples_leaf': 4, 'min_samples_split': 5, 'n_estimators': 250}",5,17269.10316,2965.970581,25146.98273,2274.939329,6.115669781,1.948455356,1.335773275,0.239753377
RandomForest,"(1, 2, 3, 4, 5, 6, 12)","{'bootstrap': True, 'max_depth': None, 'max_features': 'sqrt', 'min_samples_leaf': 1, 'min_samples_split': 2, 'n_estimators': 250}",5,16974.98753,3034.57233,25148.54194,2404.725946,6.010485563,1.957192296,1.313049117,0.244502142
RandomForest,"(1, 12, 24)","{'bootstrap': True, 'max_depth': None, 'max_features': 0.5, 'min_samples_leaf': 1, 'min_samples_split': 2, 'n_estimators': 500}",5,17199.57164,3133.421548,25151.22974,2186.526762,6.064746959,1.985338421,1.29765005,0.241325539
RandomForest,"(1, 12, 24)","{'bootstrap': True, 'max_depth': None, 'max_features': 0.5, 'min_samples_leaf': 1, 'min_samples_split': 5, 'n_estimators': 250}",5,17220.87922,3119.766506,25158.32487,2082.946394,6.074122781,1.982963701,1.29922457,0.24019361
RandomForest,"(1, 2, 3, 4, 5, 6, 12)","{'bootstrap': True, 'max_depth': 20, 'max_features': 'sqrt', 'min_samples_leaf': 2, 'min_samples_split': 2, 'n_estimators': 500}",5,17043.69487,3040.7341,25174.0842,2389.136964,6.025311243,1.961588407,1.318401086,0.245259933
RandomForest,"(1, 2, 3, 4, 5, 6, 12)","{'bootstrap': True, 'max_depth': 20, 'max_features': 'sqrt', 'min_samples_leaf': 4, 'min_samples_split': 5, 'n_estimators': 500}",5,16990.14323,3041.168217,25174.43438,2303.635209,6.003984213,1.96136879,1.314147181,0.244687633
RandomForest,"(1, 2, 3, 4, 5, 6, 12)","{'bootstrap': True, 'max_depth': 20, 'max_features': 'sqrt', 'min_samples_leaf': 4, 'min_samples_split': 2, 'n_estimators': 500}",5,16990.14323,3041.168217,25174.43438,2303.635209,6.003984213,1.96136879,1.314147181,0.244687633
RandomForest,"(1, 2, 3, 4, 5, 6, 12)","{'bootstrap': True, 'max_depth': 20, 'max_features': 'sqrt', 'min_samples_leaf': 2, 'min_samples_split': 2, 'n_estimators': 250}",5,17051.75969,3030.067994,25188.0167,2459.339773,6.024322762,1.954858332,1.319125638,0.244969834
RandomForest,"(1, 12)","{'bootstrap': True, 'max_depth': None, 'max_features': 0.5, 'min_samples_leaf': 4, 'min_samples_split': 2, 'n_estimators': 500}",5,17298.20664,2967.136438,25189.32118,2282.340769,6.123978538,1.944099521,1.338076149,0.240122516
RandomForest,"(1, 12)","{'bootstrap': True, 'max_depth': None, 'max_features': 0.5, 'min_samples_leaf': 4, 'min_samples_split': 5, 'n_estimators': 500}",5,17298.20664,2967.136438,25189.32118,2282.340769,6.123978538,1.944099521,1.338076149,0.240122516
RandomForest,"(1, 12, 24)","{'bootstrap': True, 'max_depth': 20, 'max_features': 0.5, 'min_samples_leaf': 1, 'min_samples_split': 2, 'n_estimators': 500}",5,17197.83985,3109.078203,25200.05026,2276.090702,6.056616359,1.96759064,1.297658876,0.240187768
RandomForest,"(1, 12)","{'bootstrap': True, 'max_depth': 20, 'max_features': 0.5, 'min_samples_leaf': 4, 'min_samples_split': 2, 'n_estimators': 500}",5,17287.99194,3028.550521,25208.87759,2238.625491,6.11811426,1.962278931,1.337228344,0.244394061
RandomForest,"(1, 12)","{'bootstrap': True, 'max_depth': 20, 'max_features': 0.5, 'min_samples_leaf': 4, 'min_samples_split': 5, 'n_estimators': 500}",5,17287.99194,3028.550521,25208.87759,2238.625491,6.11811426,1.962278931,1.337228344,0.244394061
RandomForest,"(1, 12, 24)","{'bootstrap': True, 'max_depth': 20, 'max_features': 0.5, 'min_samples_leaf': 1, 'min_samples_split': 2, 'n_estimators': 250}",5,17203.20863,3101.883602,25222.77095,2306.358171,6.062393739,1.964418652,1.298120807,0.239932102
RandomForest,"(1, 12)","{'bootstrap': True, 'max_depth': 20, 'max_features': 0.5, 'min_samples_leaf': 2, 'min_samples_split': 2, 'n_estimators': 250}",5,17388.78042,3064.113738,25248.46546,2309.885643,6.158212784,1.969929525,1.345212901,0.248092348
RandomForest,"(1, 12)","{'bootstrap': True, 'max_depth': 20, 'max_features': 0.5, 'min_samples_leaf': 4, 'min_samples_split': 2, 'n_estimators': 250}",5,17327.15759,3013.26295,25321.97657,2267.838152,6.127812113,1.961381824,1.340261035,0.243312051
RandomForest,"(1, 12)","{'bootstrap': True, 'max_depth': 20, 'max_features': 0.5, 'min_samples_leaf': 4, 'min_samples_split': 5, 'n_estimators': 250}",5,17327.15759,3013.26295,25321.97657,2267.838152,6.127812113,1.961381824,1.340261035,0.243312051
RandomForest,"(1, 2, 12, 24)","{'bootstrap': True, 'max_depth': 10, 'max_features': 0.5, 'min_samples_leaf': 1, 'min_samples_split': 2, 'n_estimators': 250}",5,17804.45435,3351.024432,26240.34326,2408.415091,6.246316435,2.12893218,1.343202623,0.257153445
RandomForest,"(1, 2, 12, 24)","{'bootstrap': True, 'max_depth': 10, 'max_features': 0.5, 'min_samples_leaf': 1, 'min_samples_split': 2, 'n_estimators': 500}",5,17800.7048,3344.732951,26261.58893,2406.126319,6.242434932,2.127287492,1.342924532,0.25671682
RandomForest,"(1, 2, 12, 24)","{'bootstrap': True, 'max_depth': 10, 'max_features': 0.5, 'min_samples_leaf': 4, 'min_samples_split': 2, 'n_estimators': 250}",5,17834.33175,3399.425799,26293.09492,2426.599834,6.253869941,2.143789525,1.345434011,0.260625205
RandomForest,"(1, 2, 12, 24)","{'bootstrap': True, 'max_depth': 10, 'max_features': 0.5, 'min_samples_leaf': 4, 'min_samples_split': 5, 'n_estimators': 250}",5,17834.33175,3399.425799,26293.09492,2426.599834,6.253869941,2.143789525,1.345434011,0.260625205
RandomForest,"(1, 2, 12, 24)","{'bootstrap': True, 'max_depth': 10, 'max_features': 0.5, 'min_samples_leaf': 1, 'min_samples_split': 5, 'n_estimators': 500}",5,17825.47109,3374.318847,26330.29423,2405.051484,6.24645175,2.137111857,1.344782258,0.258847766
RandomForest,"(1, 2, 12, 24)","{'bootstrap': True, 'max_depth': 10, 'max_features': 0.5, 'min_samples_leaf': 4, 'min_samples_split': 2, 'n_estimators': 500}",5,17835.66581,3380.940786,26334.4403,2472.894727,6.251014259,2.138103307,1.345569737,0.259430648
RandomForest,"(1, 2, 12, 24)","{'bootstrap': True, 'max_depth': 10, 'max_features': 0.5, 'min_samples_leaf': 4, 'min_samples_split': 5, 'n_estimators': 500}",5,17835.66581,3380.940786,26334.4403,2472.894727,6.251014259,2.138103307,1.345569737,0.259430648
RandomForest,"(1, 2, 12, 24)","{'bootstrap': True, 'max_depth': 10, 'max_features': 0.5, 'min_samples_leaf': 2, 'min_samples_split': 5, 'n_estimators': 500}",5,17813.67487,3358.171892,26336.44779,2443.933062,6.24270909,2.131529983,1.343889261,0.257649006
RandomForest,"(1, 2, 12, 24)","{'bootstrap': True, 'max_depth': 10, 'max_features': 0.5, 'min_samples_leaf': 2, 'min_samples_split': 2, 'n_estimators': 500}",5,17822.64054,3363.083958,26338.86436,2453.307844,6.243351799,2.13100254,1.344582092,0.258082937
RandomForest,"(1, 2, 12, 24)","{'bootstrap': True, 'max_depth': 10, 'max_features': 0.5, 'min_samples_leaf': 1, 'min_samples_split': 5, 'n_estimators': 250}",5,17840.60913,3382.29657,26339.31433,2447.371165,6.250976561,2.138810237,1.345953705,0.259574206
RandomForest,"(1, 2, 12)","{'bootstrap': True, 'max_depth': 10, 'max_features': 0.5, 'min_samples_leaf': 2, 'min_samples_split': 2, 'n_estimators': 250}",5,17936.28799,3239.928922,26366.28372,2578.856184,6.304155075,2.091460068,1.387438833,0.260948598
RandomForest,"(1, 2, 12)","{'bootstrap': True, 'max_depth': 10, 'max_features': 0.5, 'min_samples_leaf': 2, 'min_samples_split': 2, 'n_estimators': 500}",5,17929.87599,3239.263767,26367.17478,2507.348611,6.299589186,2.095099195,1.386913032,0.260756064
RandomForest,"(1, 2, 12)","{'bootstrap': True, 'max_depth': 10, 'max_features': 0.5, 'min_samples_leaf': 4, 'min_samples_split': 2, 'n_estimators': 250}",5,17943.25238,3261.095009,26370.04214,2502.735201,6.304989538,2.100282758,1.387986137,0.262585954
RandomForest,"(1, 2, 12)","{'bootstrap': True, 'max_depth': 10, 'max_features': 0.5, 'min_samples_leaf': 4, 'min_samples_split': 5, 'n_estimators': 250}",5,17943.25238,3261.095009,26370.04214,2502.735201,6.304989538,2.100282758,1.387986137,0.262585954
RandomForest,"(1, 2, 12, 24)","{'bootstrap': True, 'max_depth': 10, 'max_features': 0.5, 'min_samples_leaf': 2, 'min_samples_split': 2, 'n_estimators': 250}",5,17842.27986,3367.929302,26379.78599,2495.336372,6.249770222,2.131520877,1.346079092,0.258524833
RandomForest,"(1, 2, 12)","{'bootstrap': True, 'max_depth': 10, 'max_features': 0.5, 'min_samples_leaf': 1, 'min_samples_split': 2, 'n_estimators': 500}",5,17946.58647,3242.274856,26395.1584,2517.215392,6.301859756,2.098650732,1.388199639,0.260953754
RandomForest,"(1, 2, 12, 24)","{'bootstrap': True, 'max_depth': 10, 'max_features': 0.5, 'min_samples_leaf': 2, 'min_samples_split': 5, 'n_estimators': 250}",5,17839.53712,3358.184681,26396.90264,2455.892677,6.249943663,2.134291541,1.345848986,0.257706141
RandomForest,"(1, 2, 12)","{'bootstrap': True, 'max_depth': 10, 'max_features': 0.5, 'min_samples_leaf': 4, 'min_samples_split': 2, 'n_estimators': 500}",5,17953.52964,3253.173519,26402.32479,2512.095525,6.304592485,2.10144559,1.388767052,0.261943805
RandomForest,"(1, 2, 12)","{'bootstrap': True, 'max_depth': 10, 'max_features': 0.5, 'min_samples_leaf': 4, 'min_samples_split': 5, 'n_estimators': 500}",5,17953.52964,3253.173519,26402.32479,2512.095525,6.304592485,2.10144559,1.388767052,0.261943805
RandomForest,"(1, 2, 12)","{'bootstrap': True, 'max_depth': 10, 'max_features': 0.5, 'min_samples_leaf': 2, 'min_samples_split': 5, 'n_estimators': 500}",5,17965.90627,3270.279258,26410.35451,2598.28981,6.308198677,2.102270365,1.389797056,0.263543052
RandomForest,"(1, 2, 12, 24)","{'bootstrap': True, 'max_depth': None, 'max_features': 0.5, 'min_samples_leaf': 4, 'min_samples_split': 2, 'n_estimators': 500}",5,17985.61575,3439.380834,26436.65756,2426.295547,6.326181047,2.171100572,1.356795541,0.263434745
RandomForest,"(1, 2, 12, 24)","{'bootstrap': True, 'max_depth': None, 'max_features': 0.5, 'min_samples_leaf': 4, 'min_samples_split': 5, 'n_estimators': 500}",5,17985.61575,3439.380834,26436.65756,2426.295547,6.326181047,2.171100572,1.356795541,0.263434745
RandomForest,"(1, 2, 12)","{'bootstrap': True, 'max_depth': 10, 'max_features': 0.5, 'min_samples_leaf': 1, 'min_samples_split': 5, 'n_estimators': 500}",5,17965.20827,3266.691445,26443.56982,2571.01286,6.305934313,2.102817814,1.38974217,0.26326649
RandomForest,"(1, 2, 12)","{'bootstrap': True, 'max_depth': 10, 'max_features': 0.5, 'min_samples_leaf': 2, 'min_samples_split': 5, 'n_estimators': 250}",5,17998.36216,3266.427545,26450.70595,2623.342166,6.317839596,2.097285759,1.392357159,0.26353655
RandomForest,"(1, 2, 12, 24)","{'bootstrap': True, 'max_depth': None, 'max_features': 0.5, 'min_samples_leaf': 1, 'min_samples_split': 2, 'n_estimators': 500}",5,17992.75402,3452.066225,26454.44672,2493.726853,6.326289829,2.176059803,1.357359371,0.26447478
RandomForest,"(1, 2, 12, 24)","{'bootstrap': True, 'max_depth': None, 'max_features': 0.5, 'min_samples_leaf': 2, 'min_samples_split': 2, 'n_estimators': 500}",5,18007.3575,3464.119911,26456.58145,2452.601417,6.332749781,2.178654759,1.358420204,0.265193079
RandomForest,"(1, 2, 12, 24)","{'bootstrap': True, 'max_depth': None, 'max_features': 0.5, 'min_samples_leaf': 2, 'min_samples_split': 2, 'n_estimators': 250}",5,18008.00455,3458.306719,26461.9428,2473.378028,6.334581863,2.176231466,1.358492829,0.264863929
RandomForest,"(1, 2, 12)","{'bootstrap': True, 'max_depth': 10, 'max_features': 0.5, 'min_samples_leaf': 1, 'min_samples_split': 2, 'n_estimators': 250}",5,17977.4713,3239.868316,26467.8054,2538.923728,6.313271238,2.094581694,1.390655647,0.261126838
RandomForest,"(1, 2, 12, 24)","{'bootstrap': True, 'max_depth': None, 'max_features': 0.5, 'min_samples_leaf': 1, 'min_samples_split': 2, 'n_estimators': 250}",5,18022.01273,3465.783322,26475.50419,2523.10723,6.336358833,2.181196424,1.359576595,0.265535392
RandomForest,"(1, 2, 12, 24)","{'bootstrap': True, 'max_depth': None, 'max_features': 0.5, 'min_samples_leaf': 4, 'min_samples_split': 2, 'n_estimators': 250}",5,18010.9568,3439.594806,26494.0574,2520.675324,6.332876636,2.170928954,1.35877,0.263741176
RandomForest,"(1, 2, 12, 24)","{'bootstrap': True, 'max_depth': None, 'max_features': 0.5, 'min_samples_leaf': 4, 'min_samples_split': 5, 'n_estimators': 250}",5,18010.9568,3439.594806,26494.0574,2520.675324,6.332876636,2.170928954,1.35877,0.263741176
RandomForest,"(1, 2, 12, 24)","{'bootstrap': True, 'max_depth': None, 'max_features': 0.5, 'min_samples_leaf': 2, 'min_samples_split': 5, 'n_estimators': 250}",5,18021.11102,3445.390813,26499.1904,2446.977672,6.33691649,2.172197777,1.35949794,0.264007849
RandomForest,"(1, 2, 12, 24)","{'bootstrap': True, 'max_depth': None, 'max_features': 0.5, 'min_samples_leaf': 2, 'min_samples_split': 5, 'n_estimators': 500}",5,18016.19593,3445.537189,26501.45397,2429.74247,6.333372584,2.173204486,1.359130639,0.264030572
RandomForest,"(1, 2, 12, 24)","{'bootstrap': True, 'max_depth': None, 'max_features': 0.5, 'min_samples_leaf': 1, 'min_samples_split': 5, 'n_estimators': 500}",5,18007.54651,3433.241547,26501.76435,2456.289425,6.328407214,2.166998162,1.358478553,0.263134175
RandomForest,"(1, 2, 12)","{'bootstrap': True, 'max_depth': 10, 'max_features': 0.5, 'min_samples_leaf': 1, 'min_samples_split': 5, 'n_estimators': 250}",5,17995.22832,3246.494211,26509.1163,2567.101155,6.31462381,2.094657443,1.392107823,0.26201924
RandomForest,"(1, 2, 12, 24)","{'bootstrap': True, 'max_depth': 20, 'max_features': 0.5, 'min_samples_leaf': 1, 'min_samples_split': 5, 'n_estimators': 250}",5,18005.62535,3453.314432,26512.08628,2409.671086,6.331721085,2.177008927,1.358270076,0.264311464
RandomForest,"(1, 2, 12, 24)","{'bootstrap': True, 'max_depth': 20, 'max_features': 0.5, 'min_samples_leaf': 4, 'min_samples_split': 5, 'n_estimators': 250}",5,18021.47314,3487.4133,26512.09744,2477.448666,6.338220541,2.186927825,1.359509166,0.267008701
RandomForest,"(1, 2, 12, 24)","{'bootstrap': True, 'max_depth': 20, 'max_features': 0.5, 'min_samples_leaf': 4, 'min_samples_split': 2, 'n_estimators': 250}",5,18021.47314,3487.4133,26512.09744,2477.448666,6.338220541,2.186927825,1.359509166,0.267008701
RandomForest,"(1, 2, 12, 24)","{'bootstrap': True, 'max_depth': 20, 'max_features': 0.5, 'min_samples_leaf': 2, 'min_samples_split': 2, 'n_estimators': 500}",5,18012.91627,3458.993938,26512.5761,2428.685164,6.330967155,2.176508597,1.358864378,0.264937169
RandomForest,"(1, 2, 12, 24)","{'bootstrap': True, 'max_depth': 20, 'max_features': 0.5, 'min_samples_leaf': 2, 'min_samples_split': 2, 'n_estimators': 250}",5,18014.1444,3445.633105,26516.19412,2459.174791,6.333524266,2.171028481,1.35896987,0.264013354
RandomForest,"(1, 2, 12, 24)","{'bootstrap': True, 'max_depth': 20, 'max_features': 0.5, 'min_samples_leaf': 4, 'min_samples_split': 2, 'n_estimators': 500}",5,18008.91185,3453.819941,26521.02137,2466.778133,6.331039741,2.177609802,1.358574712,0.264594702
RandomForest,"(1, 2, 12, 24)","{'bootstrap': True, 'max_depth': 20, 'max_features': 0.5, 'min_samples_leaf': 4, 'min_samples_split': 5, 'n_estimators': 500}",5,18008.91185,3453.819941,26521.02137,2466.778133,6.331039741,2.177609802,1.358574712,0.264594702
RandomForest,"(1, 2, 12)","{'bootstrap': True, 'max_depth': 20, 'max_features': 0.5, 'min_samples_leaf': 2, 'min_samples_split': 2, 'n_estimators': 500}",5,18145.74737,3364.691374,26523.93913,2534.905175,6.400355231,2.152147286,1.4036198,0.270383595
RandomForest,"(1, 2, 12)","{'bootstrap': True, 'max_depth': None, 'max_features': 0.5, 'min_samples_leaf': 4, 'min_samples_split': 5, 'n_estimators': 500}",5,18137.44381,3341.423022,26528.63605,2557.857281,6.391808722,2.143229137,1.403011672,0.26881145
RandomForest,"(1, 2, 12)","{'bootstrap': True, 'max_depth': None, 'max_features': 0.5, 'min_samples_leaf': 4, 'min_samples_split': 2, 'n_estimators': 500}",5,18137.44381,3341.423022,26528.63605,2557.857281,6.391808722,2.143229137,1.403011672,0.26881145
RandomForest,"(1, 2, 12, 24)","{'bootstrap': True, 'max_depth': 20, 'max_features': 0.5, 'min_samples_leaf': 1, 'min_samples_split': 2, 'n_estimators': 500}",5,18017.50953,3449.188867,26533.77878,2534.016778,6.332401905,2.174019801,1.359265938,0.2644617
RandomForest,"(1, 2, 12)","{'bootstrap': True, 'max_depth': 20, 'max_features': 0.5, 'min_samples_leaf': 4, 'min_samples_split': 2, 'n_estimators': 500}",5,18145.75724,3360.928315,26540.10571,2570.751387,6.395365259,2.149555659,1.403648593,0.270230677
RandomForest,"(1, 2, 12)","{'bootstrap': True, 'max_depth': 20, 'max_features': 0.5, 'min_samples_leaf': 4, 'min_samples_split': 5, 'n_estimators': 500}",5,18145.75724,3360.928315,26540.10571,2570.751387,6.395365259,2.149555659,1.403648593,0.270230677
RandomForest,"(1, 2, 12, 24)","{'bootstrap': True, 'max_depth': None, 'max_features': 0.5, 'min_samples_leaf': 1, 'min_samples_split': 5, 'n_estimators': 250}",5,18021.66564,3439.352727,26547.50875,2450.945855,6.332505931,2.168582613,1.359540531,0.263577329
RandomForest,"(1, 2, 12, 24)","{'bootstrap': True, 'max_depth': 20, 'max_features': 0.5, 'min_samples_leaf': 2, 'min_samples_split': 5, 'n_estimators': 250}",5,18022.67004,3463.049177,26548.15142,2470.17372,6.335097697,2.178101061,1.359555657,0.265034847
RandomForest,"(1, 2, 12)","{'bootstrap': True, 'max_depth': None, 'max_features': 0.5, 'min_samples_leaf': 1, 'min_samples_split': 2, 'n_estimators': 500}",5,18148.48251,3364.915293,26549.05771,2505.282816,6.396035282,2.153003402,1.403847754,0.270488703
RandomForest,"(1, 2, 12)","{'bootstrap': True, 'max_depth': 20, 'max_features': 0.5, 'min_samples_leaf': 2, 'min_samples_split': 5, 'n_estimators': 500}",5,18147.56984,3351.538037,26553.32486,2547.369075,6.395170074,2.146554356,1.403800492,0.269593933
RandomForest,"(1, 2, 12)","{'bootstrap': True, 'max_depth': None, 'max_features': 0.5, 'min_samples_leaf': 4, 'min_samples_split': 2, 'n_estimators': 250}",5,18152.82674,3338.788932,26555.07264,2542.334141,6.397347147,2.142056995,1.404208701,0.268673394
RandomForest,"(1, 2, 12)","{'bootstrap': True, 'max_depth': None, 'max_features': 0.5, 'min_samples_leaf': 4, 'min_samples_split': 5, 'n_estimators': 250}",5,18152.82674,3338.788932,26555.07264,2542.334141,6.397347147,2.142056995,1.404208701,0.268673394
RandomForest,"(1, 2, 12)","{'bootstrap': True, 'max_depth': 20, 'max_features': 0.5, 'min_samples_leaf': 1, 'min_samples_split': 5, 'n_estimators': 250}",5,18162.33075,3340.488748,26557.91969,2489.158198,6.40327057,2.144394324,1.404923315,0.268720377
RandomForest,"(1, 2, 12)","{'bootstrap': True, 'max_depth': None, 'max_features': 0.5, 'min_samples_leaf': 2, 'min_samples_split': 5, 'n_estimators': 500}",5,18147.36913,3364.052537,26559.28917,2511.0832,6.396893476,2.152180541,1.403749698,0.27035984
RandomForest,"(1, 2, 12)","{'bootstrap': True, 'max_depth': None, 'max_features': 0.5, 'min_samples_leaf': 1, 'min_samples_split': 2, 'n_estimators': 250}",5,18161.23678,3371.208113,26566.86125,2485.194948,6.401246018,2.150869206,1.404866312,0.27112837
RandomForest,"(1, 2, 12, 24)","{'bootstrap': True, 'max_depth': 20, 'max_features': 0.5, 'min_samples_leaf': 2, 'min_samples_split': 5, 'n_estimators': 500}",5,18019.40749,3443.498518,26568.45467,2429.413179,6.3318707,2.174035155,1.359328804,0.26368515
RandomForest,"(1, 2, 12)","{'bootstrap': True, 'max_depth': None, 'max_features': 0.5, 'min_samples_leaf': 2, 'min_samples_split': 2, 'n_estimators': 500}",5,18147.89421,3348.014523,26568.94265,2534.345553,6.394876759,2.148643567,1.403821452,0.269310285
RandomForest,"(1, 2, 12)","{'bootstrap': True, 'max_depth': 20, 'max_features': 0.5, 'min_samples_leaf': 1, 'min_samples_split': 5, 'n_estimators': 500}",5,18152.81657,3347.20692,26578.43204,2550.306479,6.396575439,2.147179508,1.404192467,0.26921293
RandomForest,"(1, 2, 12, 24)","{'bootstrap': True, 'max_depth': 20, 'max_features': 0.5, 'min_samples_leaf': 1, 'min_samples_split': 5, 'n_estimators': 500}",5,18022.53225,3448.953977,26581.47934,2456.088016,6.331712011,2.176649471,1.359591739,0.264215047
RandomForest,"(1, 2, 12)","{'bootstrap': True, 'max_depth': 20, 'max_features': 0.5, 'min_samples_leaf': 2, 'min_samples_split': 2, 'n_estimators': 250}",5,18182.6214,3352.751982,26583.64748,2534.890089,6.410320475,2.146336313,1.406528284,0.269806876
RandomForest,"(1, 2, 12)","{'bootstrap': True, 'max_depth': 20, 'max_features': 0.5, 'min_samples_leaf': 1, 'min_samples_split': 2, 'n_estimators': 500}",5,18143.73926,3372.855009,26585.57464,2659.935781,6.392024551,2.154042294,1.403537831,0.271304461
RandomForest,"(1, 2, 12)","{'bootstrap': True, 'max_depth': 20, 'max_features': 0.5, 'min_samples_leaf': 4, 'min_samples_split': 2, 'n_estimators': 250}",5,18176.0858,3379.746493,26586.15828,2596.613997,6.406242666,2.154429168,1.406048161,0.271918823
RandomForest,"(1, 2, 12)","{'bootstrap': True, 'max_depth': 20, 'max_features': 0.5, 'min_samples_leaf': 4, 'min_samples_split': 5, 'n_estimators': 250}",5,18176.0858,3379.746493,26586.15828,2596.613997,6.406242666,2.154429168,1.406048161,0.271918823
RandomForest,"(1, 2, 12, 24)","{'bootstrap': True, 'max_depth': 20, 'max_features': 0.5, 'min_samples_leaf': 1, 'min_samples_split': 2, 'n_estimators': 250}",5,18051.29137,3460.017568,26589.03957,2595.587239,6.343002841,2.176424059,1.361868403,0.265522301
RandomForest,"(1, 2, 12)","{'bootstrap': True, 'max_depth': None, 'max_features': 0.5, 'min_samples_leaf': 2, 'min_samples_split': 5, 'n_estimators': 250}",5,18153.0217,3378.308927,26592.4763,2543.966887,6.397979107,2.154663531,1.404166689,0.27132291
RandomForest,"(1, 2, 12)","{'bootstrap': True, 'max_depth': None, 'max_features': 0.5, 'min_samples_leaf': 2, 'min_samples_split': 2, 'n_estimators': 250}",5,18158.34909,3333.509223,26629.4183,2530.57909,6.397188318,2.143155729,1.404668843,0.268423255
RandomForest,"(1, 2, 12)","{'bootstrap': True, 'max_depth': 20, 'max_features': 0.5, 'min_samples_leaf': 2, 'min_samples_split': 5, 'n_estimators': 250}",5,18173.61619,3344.446488,26641.30948,2606.287486,6.403265538,2.142273359,1.405865444,0.26932872
RandomForest,"(1, 2, 3, 12)","{'bootstrap': True, 'max_depth': 10, 'max_features': 0.5, 'min_samples_leaf': 4, 'min_samples_split': 2, 'n_estimators': 500}",5,18037.77898,3302.246225,26668.08045,2557.902607,6.324976143,2.137300026,1.39525486,0.265514717
RandomForest,"(1, 2, 3, 12)","{'bootstrap': True, 'max_depth': 10, 'max_features': 0.5, 'min_samples_leaf': 4, 'min_samples_split': 5, 'n_estimators': 500}",5,18037.77898,3302.246225,26668.08045,2557.902607,6.324976143,2.137300026,1.39525486,0.265514717
RandomForest,"(1, 2, 3, 12)","{'bootstrap': True, 'max_depth': 10, 'max_features': 0.5, 'min_samples_leaf': 2, 'min_samples_split': 5, 'n_estimators': 500}",5,18025.60181,3300.128201,26672.20834,2596.363905,6.321140794,2.138378238,1.394313071,0.265337412
RandomForest,"(1, 2, 12)","{'bootstrap': True, 'max_depth': 20, 'max_features': 0.5, 'min_samples_leaf': 1, 'min_samples_split': 2, 'n_estimators': 250}",5,18187.8448,3360.955152,26679.93881,2693.098823,6.405056984,2.149000659,1.407021676,0.270798809
RandomForest,"(1, 2, 12)","{'bootstrap': True, 'max_depth': None, 'max_features': 0.5, 'min_samples_leaf': 1, 'min_samples_split': 5, 'n_estimators': 500}",5,18186.9922,3361.514594,26692.14314,2630.232726,6.403439205,2.152301355,1.406926759,0.27075972
RandomForest,"(1, 2, 12)","{'bootstrap': True, 'max_depth': None, 'max_features': 0.5, 'min_samples_leaf': 1, 'min_samples_split': 5, 'n_estimators': 250}",5,18199.72109,3370.618614,26696.27412,2662.420798,6.409061737,2.151807555,1.407946607,0.27160756
RandomForest,"(1, 2, 3, 12)","{'bootstrap': True, 'max_depth': 10, 'max_features': 0.5, 'min_samples_leaf': 1, 'min_samples_split': 2, 'n_estimators': 250}",5,18034.61647,3311.285832,26700.29,2653.965881,6.324126628,2.137621369,1.395090573,0.266546894
RandomForest,"(1, 2, 3, 12)","{'bootstrap': True, 'max_depth': 10, 'max_features': 0.5, 'min_samples_leaf': 1, 'min_samples_split': 2, 'n_estimators': 500}",5,18027.19491,3301.029689,26706.02173,2653.332221,6.321276821,2.136969622,1.394486455,0.265629748
RandomForest,"(1, 2, 3, 12)","{'bootstrap': True, 'max_depth': 10, 'max_features': 0.5, 'min_samples_leaf': 1, 'min_samples_split': 5, 'n_estimators': 500}",5,18032.37966,3298.133091,26707.71577,2583.054572,6.321084429,2.138158097,1.39483717,0.265192137
RandomForest,"(1, 2, 3, 12)","{'bootstrap': True, 'max_depth': 10, 'max_features': 0.5, 'min_samples_leaf': 1, 'min_samples_split': 5, 'n_estimators': 250}",5,18044.74309,3294.623441,26707.97073,2617.700015,6.325426572,2.135607761,1.395813072,0.265032941
RandomForest,"(1, 2, 3, 12)","{'bootstrap': True, 'max_depth': 10, 'max_features': 0.5, 'min_samples_leaf': 2, 'min_samples_split': 2, 'n_estimators': 250}",5,18051.70472,3318.846404,26708.52156,2593.572364,6.330311377,2.14297845,1.39637828,0.266969041
RandomForest,"(1, 2, 3, 12)","{'bootstrap': True, 'max_depth': 10, 'max_features': 0.5, 'min_samples_leaf': 2, 'min_samples_split': 2, 'n_estimators': 500}",5,18045.12423,3308.555443,26714.68974,2597.850911,6.326591414,2.139639239,1.395849333,0.266108647
RandomForest,"(1, 2, 3, 12)","{'bootstrap': True, 'max_depth': 10, 'max_features': 0.5, 'min_samples_leaf': 4, 'min_samples_split': 5, 'n_estimators': 250}",5,18061.77928,3312.810151,26718.3199,2532.826839,6.33156425,2.142667309,1.397095718,0.266258771
RandomForest,"(1, 2, 3, 12)","{'bootstrap': True, 'max_depth': 10, 'max_features': 0.5, 'min_samples_leaf': 4, 'min_samples_split': 2, 'n_estimators': 250}",5,18061.77928,3312.810151,26718.3199,2532.826839,6.33156425,2.142667309,1.397095718,0.266258771
RandomForest,"(1, 2, 3, 12, 24)","{'bootstrap': True, 'max_depth': 10, 'max_features': 0.5, 'min_samples_leaf': 4, 'min_samples_split': 2, 'n_estimators': 250}",5,17977.2734,3448.693772,26733.40573,2555.941302,6.29338724,2.186442735,1.356230794,0.264362388
RandomForest,"(1, 2, 3, 12, 24)","{'bootstrap': True, 'max_depth': 10, 'max_features': 0.5, 'min_samples_leaf': 4, 'min_samples_split': 5, 'n_estimators': 250}",5,17977.2734,3448.693772,26733.40573,2555.941302,6.29338724,2.186442735,1.356230794,0.264362388
RandomForest,"(1, 2, 3, 12)","{'bootstrap': True, 'max_depth': 10, 'max_features': 0.5, 'min_samples_leaf': 2, 'min_samples_split': 5, 'n_estimators': 250}",5,18043.58335,3307.42931,26734.54164,2623.934843,6.325695295,2.140181675,1.395740365,0.266062916
RandomForest,"(1, 2, 3, 12, 24)","{'bootstrap': True, 'max_depth': 10, 'max_features': 0.5, 'min_samples_leaf': 4, 'min_samples_split': 5, 'n_estimators': 500}",5,17984.72209,3445.04758,26739.33307,2571.848589,6.29391457,2.183246959,1.356797134,0.264120856
RandomForest,"(1, 2, 3, 12, 24)","{'bootstrap': True, 'max_depth': 10, 'max_features': 0.5, 'min_samples_leaf': 4, 'min_samples_split': 2, 'n_estimators': 500}",5,17984.72209,3445.04758,26739.33307,2571.848589,6.29391457,2.183246959,1.356797134,0.264120856
RandomForest,"(1, 2, 3, 12)","{'bootstrap': True, 'max_depth': 20, 'max_features': 0.5, 'min_samples_leaf': 2, 'min_samples_split': 5, 'n_estimators': 250}",5,18201.63931,3390.31182,26758.26634,2651.460264,6.407541905,2.17589103,1.407957268,0.272389283
RandomForest,"(1, 2, 3, 12)","{'bootstrap': True, 'max_depth': 20, 'max_features': 0.5, 'min_samples_leaf': 4, 'min_samples_split': 2, 'n_estimators': 500}",5,18174.94134,3381.567128,26778.58929,2566.598181,6.394453831,2.1762932,1.405795998,0.271273321
RandomForest,"(1, 2, 3, 12)","{'bootstrap': True, 'max_depth': 20, 'max_features': 0.5, 'min_samples_leaf': 4, 'min_samples_split': 5, 'n_estimators': 500}",5,18174.94134,3381.567128,26778.58929,2566.598181,6.394453831,2.1762932,1.405795998,0.271273321
RandomForest,"(1, 2, 3, 12, 24)","{'bootstrap': True, 'max_depth': 10, 'max_features': 0.5, 'min_samples_leaf': 2, 'min_samples_split': 5, 'n_estimators': 250}",5,18004.23941,3432.798981,26778.72061,2673.040302,6.294137678,2.177008416,1.358371676,0.263690785
RandomForest,"(1, 2, 3, 12, 24)","{'bootstrap': True, 'max_depth': 10, 'max_features': 0.5, 'min_samples_leaf': 2, 'min_samples_split': 5, 'n_estimators': 500}",5,17999.85695,3436.438557,26780.60796,2636.185012,6.294816566,2.179102797,1.358005923,0.263798623
RandomForest,"(1, 2, 3, 12, 24)","{'bootstrap': True, 'max_depth': 10, 'max_features': 0.5, 'min_samples_leaf': 1, 'min_samples_split': 2, 'n_estimators': 250}",5,18001.46276,3450.232871,26789.07696,2649.660211,6.296945897,2.182654654,1.35816796,0.264983554
RandomForest,"(1, 2, 3, 12, 24)","{'bootstrap': True, 'max_depth': 10, 'max_features': 0.5, 'min_samples_leaf': 1, 'min_samples_split': 2, 'n_estimators': 500}",5,18002.26139,3438.600353,26791.18511,2601.17525,6.296110612,2.179548414,1.358196451,0.263999624
RandomForest,"(1, 2, 3, 12, 24)","{'bootstrap': True, 'max_depth': 10, 'max_features': 0.5, 'min_samples_leaf': 1, 'min_samples_split': 5, 'n_estimators': 250}",5,17998.92775,3445.343924,26796.98818,2601.879292,6.294499842,2.18267198,1.357917431,0.264366781
RandomForest,"(1, 2, 3, 12, 24)","{'bootstrap': True, 'max_depth': 10, 'max_features': 0.5, 'min_samples_leaf': 2, 'min_samples_split': 2, 'n_estimators': 500}",5,17998.95179,3444.157621,26797.3316,2618.211022,6.295509335,2.18230668,1.357918229,0.264275785
RandomForest,"(1, 2, 3, 12)","{'bootstrap': True, 'max_depth': 20, 'max_features': 0.5, 'min_samples_leaf': 2, 'min_samples_split': 5, 'n_estimators': 500}",5,18194.9749,3389.072987,26803.68316,2638.357116,6.403031556,2.176460569,1.407442185,0.272286901
RandomForest,"(1, 2, 3, 12, 24)","{'bootstrap': True, 'max_depth': 10, 'max_features': 0.5, 'min_samples_leaf': 1, 'min_samples_split': 5, 'n_estimators': 500}",5,17999.78669,3428.106372,26809.13908,2608.40771,6.29488253,2.179474427,1.357984284,0.263113155
RandomForest,"(1, 2, 3, 12)","{'bootstrap': True, 'max_depth': None, 'max_features': 0.5, 'min_samples_leaf': 2, 'min_samples_split': 5, 'n_estimators': 250}",5,18225.17475,3384.519554,26810.91128,2604.131967,6.410988819,2.175377195,1.409786037,0.272019183
RandomForest,"(1, 2, 3, 12)","{'bootstrap': True, 'max_depth': None, 'max_features': 0.5, 'min_samples_leaf': 4, 'min_samples_split': 5, 'n_estimators': 500}",5,18185.03281,3370.96735,26816.46641,2620.305974,6.397215569,2.17141608,1.406645874,0.270798196
RandomForest,"(1, 2, 3, 12)","{'bootstrap': True, 'max_depth': None, 'max_features': 0.5, 'min_samples_leaf': 4, 'min_samples_split': 2, 'n_estimators': 500}",5,18185.03281,3370.96735,26816.46641,2620.305974,6.397215569,2.17141608,1.406645874,0.270798196
RandomForest,"(1, 2, 3, 12)","{'bootstrap': True, 'max_depth': None, 'max_features': 0.5, 'min_samples_leaf': 2, 'min_samples_split': 2, 'n_estimators': 250}",5,18198.65961,3385.448064,26819.56651,2609.270559,6.404647968,2.177487668,1.407679733,0.27181773
RandomForest,"(1, 2, 3, 12)","{'bootstrap': True, 'max_depth': 20, 'max_features': 0.5, 'min_samples_leaf': 4, 'min_samples_split': 5, 'n_estimators': 250}",5,18184.26753,3378.316549,26821.30879,2533.524598,6.395903098,2.175139693,1.406477783,0.270864801
RandomForest,"(1, 2, 3, 12)","{'bootstrap': True, 'max_depth': 20, 'max_features': 0.5, 'min_samples_leaf': 4, 'min_samples_split': 2, 'n_estimators': 250}",5,18184.26753,3378.316549,26821.30879,2533.524598,6.395903098,2.175139693,1.406477783,0.270864801
RandomForest,"(1, 2, 3, 12)","{'bootstrap': True, 'max_depth': None, 'max_features': 0.5, 'min_samples_leaf': 4, 'min_samples_split': 2, 'n_estimators': 250}",5,18190.59099,3380.389831,26830.89459,2633.85627,6.399364685,2.174049067,1.407065305,0.271450942
RandomForest,"(1, 2, 3, 12)","{'bootstrap': True, 'max_depth': None, 'max_features': 0.5, 'min_samples_leaf': 4, 'min_samples_split': 5, 'n_estimators': 250}",5,18190.59099,3380.389831,26830.89459,2633.85627,6.399364685,2.174049067,1.407065305,0.271450942
RandomForest,"(1, 2, 3, 12)","{'bootstrap': True, 'max_depth': 20, 'max_features': 0.5, 'min_samples_leaf': 1, 'min_samples_split': 5, 'n_estimators': 500}",5,18204.41166,3390.42373,26831.02685,2600.293246,6.402998629,2.180229606,1.408146844,0.272284338
RandomForest,"(1, 2, 3, 12)","{'bootstrap': True, 'max_depth': 20, 'max_features': 0.5, 'min_samples_leaf': 1, 'min_samples_split': 5, 'n_estimators': 250}",5,18215.72737,3395.558017,26833.0559,2645.450841,6.407821487,2.178533648,1.409067044,0.272880893
RandomForest,"(1, 2, 3, 12)","{'bootstrap': True, 'max_depth': None, 'max_features': 0.5, 'min_samples_leaf': 2, 'min_samples_split': 5, 'n_estimators': 500}",5,18215.50205,3382.872363,26833.22824,2627.4979,6.406495544,2.1755822,1.409047643,0.271931585
RandomForest,"(1, 2, 3, 12, 24)","{'bootstrap': True, 'max_depth': 10, 'max_features': 0.5, 'min_samples_leaf': 2, 'min_samples_split': 2, 'n_estimators': 250}",5,18001.98475,3442.050972,26835.27581,2599.654227,6.295436257,2.183561613,1.358126475,0.264032572
RandomForest,"(1, 2, 3, 12)","{'bootstrap': True, 'max_depth': 20, 'max_features': 0.5, 'min_samples_leaf': 2, 'min_samples_split': 2, 'n_estimators': 500}",5,18201.35549,3399.248025,26838.98723,2649.678648,6.402402403,2.182151768,1.407937632,0.273058538
RandomForest,"(1, 2, 3, 12, 24)","{'bootstrap': True, 'max_depth': 20, 'max_features': 0.5, 'min_samples_leaf': 4, 'min_samples_split': 5, 'n_estimators': 250}",5,18129.56615,3516.411539,26845.98341,2598.41178,6.365944354,2.217362389,1.367662135,0.269179308
RandomForest,"(1, 2, 3, 12, 24)","{'bootstrap': True, 'max_depth': 20, 'max_features': 0.5, 'min_samples_leaf': 4, 'min_samples_split': 2, 'n_estimators': 250}",5,18129.56615,3516.411539,26845.98341,2598.41178,6.365944354,2.217362389,1.367662135,0.269179308
RandomForest,"(1, 2, 3, 12)","{'bootstrap': True, 'max_depth': 20, 'max_features': 0.5, 'min_samples_leaf': 2, 'min_samples_split': 2, 'n_estimators': 250}",5,18217.68802,3392.331852,26858.1991,2658.65304,6.406223989,2.177670286,1.409232103,0.272701788
RandomForest,"(1, 2, 3, 12)","{'bootstrap': True, 'max_depth': None, 'max_features': 0.5, 'min_samples_leaf': 1, 'min_samples_split': 2, 'n_estimators': 500}",5,18203.0007,3381.747434,26859.45594,2669.466402,6.401868776,2.177205265,1.408065738,0.271754908
RandomForest,"(1, 2, 3, 12)","{'bootstrap': True, 'max_depth': None, 'max_features': 0.5, 'min_samples_leaf': 2, 'min_samples_split': 2, 'n_estimators': 500}",5,18204.43518,3382.153887,26863.81758,2628.287763,6.403146067,2.178222401,1.408153083,0.271693732
RandomForest,"(1, 2, 3, 12, 24)","{'bootstrap': True, 'max_depth': 20, 'max_features': 0.5, 'min_samples_leaf': 4, 'min_samples_split': 2, 'n_estimators': 500}",5,18145.6909,3520.184361,26868.64567,2576.323558,6.369629631,2.216946446,1.368880358,0.269482066
RandomForest,"(1, 2, 3, 12, 24)","{'bootstrap': True, 'max_depth': 20, 'max_features': 0.5, 'min_samples_leaf': 4, 'min_samples_split': 5, 'n_estimators': 500}",5,18145.6909,3520.184361,26868.64567,2576.323558,6.369629631,2.216946446,1.368880358,0.269482066
RandomForest,"(1, 2, 3, 12)","{'bootstrap': True, 'max_depth': None, 'max_features': 0.5, 'min_samples_leaf': 1, 'min_samples_split': 2, 'n_estimators': 250}",5,18223.5789,3380.855788,26877.12752,2664.741344,6.407119121,2.176463789,1.409657265,0.271709607
RandomForest,"(1, 2, 3, 12)","{'bootstrap': True, 'max_depth': 20, 'max_features': 0.5, 'min_samples_leaf': 1, 'min_samples_split': 2, 'n_estimators': 500}",5,18202.85308,3384.531808,26884.54665,2612.288672,6.400067247,2.178504334,1.408024525,0.27183663
RandomForest,"(1, 2, 3, 12)","{'bootstrap': True, 'max_depth': None, 'max_features': 0.5, 'min_samples_leaf': 1, 'min_samples_split': 5, 'n_estimators': 500}",5,18225.96231,3385.930973,26893.31852,2691.545145,6.40626423,2.177943496,1.409892778,0.272335658
RandomForest,"(1, 2, 3, 12, 24)","{'bootstrap': True, 'max_depth': None, 'max_features': 0.5, 'min_samples_leaf': 4, 'min_samples_split': 5, 'n_estimators': 500}",5,18169.4858,3522.701924,26900.39807,2673.573169,6.37507393,2.214755661,1.370749653,0.270007221
RandomForest,"(1, 2, 3, 12, 24)","{'bootstrap': True, 'max_depth': None, 'max_features': 0.5, 'min_samples_leaf': 4, 'min_samples_split': 2, 'n_estimators': 500}",5,18169.4858,3522.701924,26900.39807,2673.573169,6.37507393,2.214755661,1.370749653,0.270007221
RandomForest,"(1, 2, 3, 12, 24)","{'bootstrap': True, 'max_depth': None, 'max_features': 0.5, 'min_samples_leaf': 4, 'min_samples_split': 2, 'n_estimators': 250}",5,18171.13988,3517.493068,26902.29287,2675.220124,6.375951477,2.214910364,1.370867625,0.269593963
RandomForest,"(1, 2, 3, 12, 24)","{'bootstrap': True, 'max_depth': None, 'max_features': 0.5, 'min_samples_leaf': 4, 'min_samples_split': 5, 'n_estimators': 250}",5,18171.13988,3517.493068,26902.29287,2675.220124,6.375951477,2.214910364,1.370867625,0.269593963
RandomForest,"(1, 2, 3, 12)","{'bootstrap': True, 'max_depth': None, 'max_features': 0.5, 'min_samples_leaf': 1, 'min_samples_split': 5, 'n_estimators': 250}",5,18239.64921,3387.005481,26912.71585,2656.156656,6.409478084,2.17840527,1.410928592,0.272328243
RandomForest,"(1, 2, 3, 12, 24)","{'bootstrap': True, 'max_depth': None, 'max_features': 0.5, 'min_samples_leaf': 2, 'min_samples_split': 5, 'n_estimators': 500}",5,18176.79119,3517.352553,26918.54389,2612.557335,6.375058603,2.215721707,1.3712845,0.269545245
RandomForest,"(1, 2, 3, 12)","{'bootstrap': True, 'max_depth': 20, 'max_features': 0.5, 'min_samples_leaf': 1, 'min_samples_split': 2, 'n_estimators': 250}",5,18212.95583,3375.366652,26920.91331,2558.17327,6.402231629,2.17556516,1.408785601,0.271084766
RandomForest,"(1, 2, 3, 12, 24)","{'bootstrap': True, 'max_depth': None, 'max_features': 0.5, 'min_samples_leaf': 2, 'min_samples_split': 2, 'n_estimators': 500}",5,18163.68602,3509.7548,26927.82597,2612.385739,6.372808644,2.215334496,1.37027531,0.268886723
RandomForest,"(1, 2, 3, 12, 24)","{'bootstrap': True, 'max_depth': 20, 'max_features': 0.5, 'min_samples_leaf': 2, 'min_samples_split': 2, 'n_estimators': 250}",5,18158.9694,3530.998479,26936.98512,2623.214038,6.370191354,2.218409195,1.369911146,0.270412457
RandomForest,"(1, 2, 3, 12, 24)","{'bootstrap': True, 'max_depth': 20, 'max_features': 0.5, 'min_samples_leaf': 2, 'min_samples_split': 5, 'n_estimators': 250}",5,18170.44413,3518.34371,26939.62395,2623.937191,6.373412515,2.215603632,1.370816743,0.269658857
RandomForest,"(1, 2, 3, 12, 24)","{'bootstrap': True, 'max_depth': 20, 'max_features': 0.5, 'min_samples_leaf': 1, 'min_samples_split': 2, 'n_estimators': 250}",5,18171.19642,3523.292412,26941.30298,2604.98135,6.371524679,2.219735573,1.370836799,0.269855326
RandomForest,"(1, 2, 3, 12, 24)","{'bootstrap': True, 'max_depth': 20, 'max_features': 0.5, 'min_samples_leaf': 2, 'min_samples_split': 5, 'n_estimators': 500}",5,18164.54586,3517.460864,26941.86027,2616.176431,6.372811568,2.214182137,1.370368588,0.269579736
RandomForest,"(1, 2, 3, 12, 24)","{'bootstrap': True, 'max_depth': None, 'max_features': 0.5, 'min_samples_leaf': 2, 'min_samples_split': 2, 'n_estimators': 250}",5,18170.74605,3516.87723,26944.31251,2610.666134,6.373741981,2.217014773,1.370794728,0.26935804
RandomForest,"(1, 2, 3, 12, 24)","{'bootstrap': True, 'max_depth': 20, 'max_features': 0.5, 'min_samples_leaf': 1, 'min_samples_split': 5, 'n_estimators': 250}",5,18174.16262,3512.561053,26949.14096,2644.431454,6.373462533,2.215965879,1.37109753,0.26924811
RandomForest,"(1, 2, 3, 12, 24)","{'bootstrap': True, 'max_depth': 20, 'max_features': 0.5, 'min_samples_leaf': 1, 'min_samples_split': 5, 'n_estimators': 500}",5,18173.4169,3513.669941,26953.98444,2634.427833,6.372775362,2.213621671,1.37104959,0.269362559
RandomForest,"(1, 2, 3, 12, 24)","{'bootstrap': True, 'max_depth': 20, 'max_features': 0.5, 'min_samples_leaf': 1, 'min_samples_split': 2, 'n_estimators': 500}",5,18177.32464,3523.274774,26954.40547,2638.037361,6.373956789,2.216181432,1.371333677,0.270017461
RandomForest,"(1, 2, 3, 12, 24)","{'bootstrap': True, 'max_depth': None, 'max_features': 0.5, 'min_samples_leaf': 1, 'min_samples_split': 2, 'n_estimators': 500}",5,18163.54925,3504.600326,26956.70047,2602.980637,6.370670209,2.211064885,1.370289773,0.26862515
RandomForest,"(1, 2, 3, 12, 24)","{'bootstrap': True, 'max_depth': None, 'max_features': 0.5, 'min_samples_leaf': 2, 'min_samples_split': 5, 'n_estimators': 250}",5,18187.90974,3526.013916,26957.79512,2626.974601,6.377408318,2.21996164,1.372114158,0.27014825
RandomForest,"(1, 2, 3, 12, 24)","{'bootstrap': True, 'max_depth': 20, 'max_features': 0.5, 'min_samples_leaf': 2, 'min_samples_split': 2, 'n_estimators': 500}",5,18172.90707,3527.573297,26964.72145,2675.332793,6.373615373,2.217466103,1.370999732,0.270326471
RandomForest,"(1, 2, 3, 12, 24)","{'bootstrap': True, 'max_depth': None, 'max_features': 0.5, 'min_samples_leaf': 1, 'min_samples_split': 5, 'n_estimators': 250}",5,18177.80463,3527.400088,26969.67613,2620.80912,6.375998878,2.221137151,1.371354978,0.270261535
RandomForest,"(1, 2, 3, 12, 24)","{'bootstrap': True, 'max_depth': None, 'max_features': 0.5, 'min_samples_leaf': 1, 'min_samples_split': 5, 'n_estimators': 500}",5,18176.60541,3512.076097,26977.89168,2607.990627,6.373493524,2.215506498,1.371270989,0.269164077
RandomForest,"(1, 2, 3, 12, 24)","{'bootstrap': True, 'max_depth': None, 'max_features': 0.5, 'min_samples_leaf': 1, 'min_samples_split': 2, 'n_estimators': 250}",5,18173.28208,3497.577392,27015.38541,2612.191835,6.370114706,2.210765346,1.371030628,0.268148939
RandomForest,"(1, 2, 3, 4, 5, 6, 12)","{'bootstrap': True, 'max_depth': 10, 'max_features': 0.5, 'min_samples_leaf': 4, 'min_samples_split': 5, 'n_estimators': 250}",5,18092.39164,3314.750454,27100.92615,2824.388095,6.324622883,2.152954624,1.399567966,0.266889208
RandomForest,"(1, 2, 3, 4, 5, 6, 12)","{'bootstrap': True, 'max_depth': 10, 'max_features': 0.5, 'min_samples_leaf': 4, 'min_samples_split': 2, 'n_estimators': 250}",5,18092.39164,3314.750454,27100.92615,2824.388095,6.324622883,2.152954624,1.399567966,0.266889208
RandomForest,"(1, 2, 3, 4, 5, 6, 12)","{'bootstrap': True, 'max_depth': 10, 'max_features': 0.5, 'min_samples_leaf': 4, 'min_samples_split': 5, 'n_estimators': 500}",5,18094.21888,3316.120541,27126.61478,2835.816988,6.323842316,2.154278141,1.399708932,0.266985276
RandomForest,"(1, 2, 3, 4, 5, 6, 12)","{'bootstrap': True, 'max_depth': 10, 'max_features': 0.5, 'min_samples_leaf': 4, 'min_samples_split': 2, 'n_estimators': 500}",5,18094.21888,3316.120541,27126.61478,2835.816988,6.323842316,2.154278141,1.399708932,0.266985276
RandomForest,"(1, 2, 3, 4, 5, 6, 12, 24)","{'bootstrap': True, 'max_depth': 10, 'max_features': 0.5, 'min_samples_leaf': 4, 'min_samples_split': 2, 'n_estimators': 500}",5,18010.84484,3427.354316,27143.7232,2872.352603,6.279379005,2.177056334,1.358929907,0.263558819
RandomForest,"(1, 2, 3, 4, 5, 6, 12, 24)","{'bootstrap': True, 'max_depth': 10, 'max_features': 0.5, 'min_samples_leaf': 4, 'min_samples_split': 5, 'n_estimators': 500}",5,18010.84484,3427.354316,27143.7232,2872.352603,6.279379005,2.177056334,1.358929907,0.263558819
RandomForest,"(1, 2, 3, 4, 5, 6, 12, 24)","{'bootstrap': True, 'max_depth': 10, 'max_features': 0.5, 'min_samples_leaf': 4, 'min_samples_split': 2, 'n_estimators': 250}",5,18011.44939,3430.18987,27146.41563,2894.598994,6.280028951,2.177534257,1.358988348,0.263822563
RandomForest,"(1, 2, 3, 4, 5, 6, 12, 24)","{'bootstrap': True, 'max_depth': 10, 'max_features': 0.5, 'min_samples_leaf': 4, 'min_samples_split': 5, 'n_estimators': 250}",5,18011.44939,3430.18987,27146.41563,2894.598994,6.280028951,2.177534257,1.358988348,0.263822563
RandomForest,"(1, 2, 3, 4, 5, 6, 12, 24)","{'bootstrap': True, 'max_depth': 10, 'max_features': 0.5, 'min_samples_leaf': 2, 'min_samples_split': 5, 'n_estimators': 250}",5,18010.45803,3427.831874,27146.56746,2915.910483,6.278801969,2.178397871,1.358913277,0.263646307
RandomForest,"(1, 2, 3, 4, 5, 6, 12)","{'bootstrap': True, 'max_depth': 10, 'max_features': 0.5, 'min_samples_leaf': 2, 'min_samples_split': 2, 'n_estimators': 500}",5,18103.1284,3313.358115,27171.23844,2839.55617,6.324990096,2.154673545,1.400395824,0.266775043
RandomForest,"(1, 2, 3, 4, 5, 6, 12, 24)","{'bootstrap': True, 'max_depth': 10, 'max_features': 0.5, 'min_samples_leaf': 2, 'min_samples_split': 2, 'n_estimators': 250}",5,18019.11089,3430.820805,27173.01482,2932.279911,6.279613127,2.176080812,1.359593002,0.26398849
RandomForest,"(1, 2, 3, 4, 5, 6, 12, 24)","{'bootstrap': True, 'max_depth': 10, 'max_features': 0.5, 'min_samples_leaf': 2, 'min_samples_split': 5, 'n_estimators': 500}",5,18015.19046,3427.169531,27174.67993,2935.359174,6.27990464,2.178056394,1.359285888,0.263669917
RandomForest,"(1, 2, 3, 4, 5, 6, 12)","{'bootstrap': True, 'max_depth': 10, 'max_features': 0.5, 'min_samples_leaf': 2, 'min_samples_split': 2, 'n_estimators': 250}",5,18104.34629,3310.249764,27183.39695,2875.774542,6.324798624,2.152190669,1.400504811,0.266614603
RandomForest,"(1, 2, 3, 4, 5, 6, 12, 24)","{'bootstrap': True, 'max_depth': 10, 'max_features': 0.5, 'min_samples_leaf': 2, 'min_samples_split': 2, 'n_estimators': 500}",5,18020.63056,3429.744682,27185.29778,2916.870787,6.28066639,2.17762297,1.3597026,0.263886834
RandomForest,"(1, 2, 3, 4, 5, 6, 12)","{'bootstrap': True, 'max_depth': 10, 'max_features': 0.5, 'min_samples_leaf': 1, 'min_samples_split': 2, 'n_estimators': 250}",5,18102.20394,3318.126114,27191.00034,2884.361595,6.324358044,2.155518945,1.400327147,0.26713004
RandomForest,"(1, 2, 3, 4, 5, 6, 12, 24)","{'bootstrap': True, 'max_depth': 10, 'max_features': 0.5, 'min_samples_leaf': 1, 'min_samples_split': 5, 'n_estimators': 250}",5,18014.36982,3430.503148,27193.78758,2909.485339,6.279434107,2.180371763,1.359194034,0.263777394
RandomForest,"(1, 2, 3, 4, 5, 6, 12)","{'bootstrap': True, 'max_depth': 10, 'max_features': 0.5, 'min_samples_leaf': 1, 'min_samples_split': 2, 'n_estimators': 500}",5,18100.96211,3314.276823,27203.82693,2883.875936,6.322841252,2.154330019,1.400242458,0.266897546
RandomForest,"(1, 2, 3, 4, 5, 6, 12)","{'bootstrap': True, 'max_depth': 10, 'max_features': 0.5, 'min_samples_leaf': 1, 'min_samples_split': 5, 'n_estimators': 500}",5,18103.1737,3315.604084,27207.59117,2857.007606,6.323625784,2.155195908,1.400406975,0.266979
RandomForest,"(1, 2, 3, 4, 5, 6, 12)","{'bootstrap': True, 'max_depth': 10, 'max_features': 0.5, 'min_samples_leaf': 1, 'min_samples_split': 5, 'n_estimators': 250}",5,18103.42702,3319.140935,27209.96686,2872.09153,6.324316038,2.155014657,1.400436464,0.267287224
RandomForest,"(1, 2, 3, 4, 5, 6, 12)","{'bootstrap': True, 'max_depth': 10, 'max_features': 0.5, 'min_samples_leaf': 2, 'min_samples_split': 5, 'n_estimators': 500}",5,18102.31917,3310.023408,27210.74377,2852.062545,6.323554319,2.153803829,1.400347962,0.266597108
RandomForest,"(1, 2, 3, 4, 5, 6, 12, 24)","{'bootstrap': True, 'max_depth': 10, 'max_features': 0.5, 'min_samples_leaf': 1, 'min_samples_split': 5, 'n_estimators': 500}",5,18018.46296,3422.805988,27218.32998,2908.537786,6.280370952,2.178897182,1.359513189,0.263264953
RandomForest,"(1, 2, 3, 4, 5, 6, 12, 24)","{'bootstrap': True, 'max_depth': 10, 'max_features': 0.5, 'min_samples_leaf': 1, 'min_samples_split': 2, 'n_estimators': 500}",5,18028.47921,3430.061806,27221.93073,2931.922281,6.281921891,2.179968711,1.360298235,0.263932623
RandomForest,"(1, 2, 3, 4, 5, 6, 12)","{'bootstrap': True, 'max_depth': 20, 'max_features': 0.5, 'min_samples_leaf': 4, 'min_samples_split': 5, 'n_estimators': 500}",5,18236.9838,3362.217844,27230.531,2833.384001,6.392175116,2.176910938,1.410742586,0.270545249
RandomForest,"(1, 2, 3, 4, 5, 6, 12)","{'bootstrap': True, 'max_depth': 20, 'max_features': 0.5, 'min_samples_leaf': 4, 'min_samples_split': 2, 'n_estimators': 500}",5,18236.9838,3362.217844,27230.531,2833.384001,6.392175116,2.176910938,1.410742586,0.270545249
RandomForest,"(1, 2, 3, 4, 5, 6, 12)","{'bootstrap': True, 'max_depth': 10, 'max_features': 0.5, 'min_samples_leaf': 2, 'min_samples_split': 5, 'n_estimators': 250}",5,18110.96104,3313.854229,27242.81863,2887.853211,6.325595056,2.153557469,1.401032035,0.266957886
RandomForest,"(1, 2, 3, 4, 5, 6, 12)","{'bootstrap': True, 'max_depth': 20, 'max_features': 0.5, 'min_samples_leaf': 4, 'min_samples_split': 2, 'n_estimators': 250}",5,18236.24772,3366.491987,27245.01326,2836.771822,6.39258822,2.177366418,1.410690892,0.270881644
RandomForest,"(1, 2, 3, 4, 5, 6, 12)","{'bootstrap': True, 'max_depth': 20, 'max_features': 0.5, 'min_samples_leaf': 4, 'min_samples_split': 5, 'n_estimators': 250}",5,18236.24772,3366.491987,27245.01326,2836.771822,6.39258822,2.177366418,1.410690892,0.270881644
RandomForest,"(1, 2, 3, 4, 5, 6, 12, 24)","{'bootstrap': True, 'max_depth': 10, 'max_features': 0.5, 'min_samples_leaf': 1, 'min_samples_split': 2, 'n_estimators': 250}",5,18034.17779,3427.719226,27246.0144,2945.974266,6.282188588,2.179702317,1.360726994,0.26376058
RandomForest,"(1, 2, 3, 4, 5, 6, 12)","{'bootstrap': True, 'max_depth': 20, 'max_features': 0.5, 'min_samples_leaf': 2, 'min_samples_split': 5, 'n_estimators': 250}",5,18245.77997,3357.198239,27272.18246,2833.85698,6.39332156,2.175579029,1.411433692,0.270227254
RandomForest,"(1, 2, 3, 4, 5, 6, 12)","{'bootstrap': True, 'max_depth': None, 'max_features': 0.5, 'min_samples_leaf': 4, 'min_samples_split': 5, 'n_estimators': 250}",5,18242.42425,3356.474732,27274.00867,2847.186266,6.393824129,2.177694039,1.411151026,0.270076926
RandomForest,"(1, 2, 3, 4, 5, 6, 12)","{'bootstrap': True, 'max_depth': None, 'max_features': 0.5, 'min_samples_leaf': 4, 'min_samples_split': 2, 'n_estimators': 250}",5,18242.42425,3356.474732,27274.00867,2847.186266,6.393824129,2.177694039,1.411151026,0.270076926
RandomForest,"(1, 2, 3, 4, 5, 6, 12, 24)","{'bootstrap': True, 'max_depth': 20, 'max_features': 0.5, 'min_samples_leaf': 4, 'min_samples_split': 5, 'n_estimators': 500}",5,18181.81297,3478.25361,27275.29414,2871.574556,6.357186987,2.206424464,1.371751065,0.267065066
RandomForest,"(1, 2, 3, 4, 5, 6, 12, 24)","{'bootstrap': True, 'max_depth': 20, 'max_features': 0.5, 'min_samples_leaf': 4, 'min_samples_split': 2, 'n_estimators': 500}",5,18181.81297,3478.25361,27275.29414,2871.574556,6.357186987,2.206424464,1.371751065,0.267065066
RandomForest,"(1, 2, 3, 4, 5, 6, 12, 24)","{'bootstrap': True, 'max_depth': None, 'max_features': 0.5, 'min_samples_leaf': 4, 'min_samples_split': 5, 'n_estimators': 250}",5,18182.91928,3482.851875,27279.49011,2851.960402,6.356878444,2.208269044,1.371827963,0.267376828
RandomForest,"(1, 2, 3, 4, 5, 6, 12, 24)","{'bootstrap': True, 'max_depth': None, 'max_features': 0.5, 'min_samples_leaf': 4, 'min_samples_split': 2, 'n_estimators': 250}",5,18182.91928,3482.851875,27279.49011,2851.960402,6.356878444,2.208269044,1.371827963,0.267376828
RandomForest,"(1, 2, 3, 4, 5, 6, 12)","{'bootstrap': True, 'max_depth': 20, 'max_features': 0.5, 'min_samples_leaf': 2, 'min_samples_split': 5, 'n_estimators': 500}",5,18249.95597,3361.853703,27285.28105,2871.162551,6.394435091,2.178603648,1.411760405,0.270594889
RandomForest,"(1, 2, 3, 4, 5, 6, 12)","{'bootstrap': True, 'max_depth': None, 'max_features': 0.5, 'min_samples_leaf': 4, 'min_samples_split': 5, 'n_estimators': 500}",5,18247.98289,3362.246921,27287.30718,2886.786721,6.394702861,2.178784847,1.411595984,0.270577584
RandomForest,"(1, 2, 3, 4, 5, 6, 12)","{'bootstrap': True, 'max_depth': None, 'max_features': 0.5, 'min_samples_leaf': 4, 'min_samples_split': 2, 'n_estimators': 500}",5,18247.98289,3362.246921,27287.30718,2886.786721,6.394702861,2.178784847,1.411595984,0.270577584
RandomForest,"(1, 2, 3, 4, 5, 6, 12, 24)","{'bootstrap': True, 'max_depth': None, 'max_features': 0.5, 'min_samples_leaf': 4, 'min_samples_split': 2, 'n_estimators': 500}",5,18183.50671,3481.848771,27287.89826,2882.884874,6.357129644,2.206772374,1.371884529,0.267357162
RandomForest,"(1, 2, 3, 4, 5, 6, 12, 24)","{'bootstrap': True, 'max_depth': None, 'max_features': 0.5, 'min_samples_leaf': 4, 'min_samples_split': 5, 'n_estimators': 500}",5,18183.50671,3481.848771,27287.89826,2882.884874,6.357129644,2.206772374,1.371884529,0.267357162
RandomForest,"(1, 2, 3, 4, 5, 6, 12, 24)","{'bootstrap': True, 'max_depth': 20, 'max_features': 0.5, 'min_samples_leaf': 4, 'min_samples_split': 2, 'n_estimators': 250}",5,18180.84959,3477.256215,27288.66582,2908.140276,6.356116518,2.205801274,1.371682295,0.26700907
RandomForest,"(1, 2, 3, 4, 5, 6, 12, 24)","{'bootstrap': True, 'max_depth': 20, 'max_features': 0.5, 'min_samples_leaf': 4, 'min_samples_split': 5, 'n_estimators': 250}",5,18180.84959,3477.256215,27288.66582,2908.140276,6.356116518,2.205801274,1.371682295,0.26700907
RandomForest,"(1, 2, 3, 4, 5, 6, 12, 24)","{'bootstrap': True, 'max_depth': None, 'max_features': 0.5, 'min_samples_leaf': 2, 'min_samples_split': 2, 'n_estimators': 250}",5,18185.51862,3475.893244,27300.77935,2906.412806,6.357290422,2.203493464,1.372057659,0.267016219
RandomForest,"(1, 2, 3, 4, 5, 6, 12, 24)","{'bootstrap': True, 'max_depth': 20, 'max_features': 0.5, 'min_samples_leaf': 2, 'min_samples_split': 2, 'n_estimators': 500}",5,18190.02908,3487.542432,27301.03501,2881.500951,6.359249,2.207147172,1.37239546,0.267861511
RandomForest,"(1, 2, 3, 4, 5, 6, 12)","{'bootstrap': True, 'max_depth': 20, 'max_features': 0.5, 'min_samples_leaf': 2, 'min_samples_split': 2, 'n_estimators': 500}",5,18261.07926,3363.765259,27304.40543,2875.486972,6.397778192,2.179820088,1.412622511,0.270764454
RandomForest,"(1, 2, 3, 4, 5, 6, 12)","{'bootstrap': True, 'max_depth': None, 'max_features': 0.5, 'min_samples_leaf': 2, 'min_samples_split': 5, 'n_estimators': 250}",5,18269.37301,3364.023231,27305.18862,2828.096528,6.400466371,2.180558846,1.413224572,0.270614839
RandomForest,"(1, 2, 3, 4, 5, 6, 12)","{'bootstrap': True, 'max_depth': 20, 'max_features': 0.5, 'min_samples_leaf': 2, 'min_samples_split': 2, 'n_estimators': 250}",5,18255.28045,3363.451675,27305.45208,2848.253357,6.3966886,2.179638524,1.412159491,0.270667219
RandomForest,"(1, 2, 3, 4, 5, 6, 12, 24)","{'bootstrap': True, 'max_depth': 20, 'max_features': 0.5, 'min_samples_leaf': 2, 'min_samples_split': 2, 'n_estimators': 250}",5,18196.9089,3491.495617,27315.51495,2899.319266,6.361861317,2.209774897,1.372903538,0.268109479
RandomForest,"(1, 2, 3, 4, 5, 6, 12)","{'bootstrap': True, 'max_depth': None, 'max_features': 0.5, 'min_samples_leaf': 2, 'min_samples_split': 2, 'n_estimators': 500}",5,18263.15718,3362.626776,27315.75826,2849.237798,6.398170282,2.180383993,1.41277318,0.270634221
RandomForest,"(1, 2, 3, 4, 5, 6, 12)","{'bootstrap': True, 'max_depth': None, 'max_features': 0.5, 'min_samples_leaf': 2, 'min_samples_split': 5, 'n_estimators': 500}",5,18266.33924,3364.841674,27322.07233,2861.936449,6.398337863,2.180276516,1.413002558,0.270726967
RandomForest,"(1, 2, 3, 4, 5, 6, 12)","{'bootstrap': True, 'max_depth': None, 'max_features': 0.5, 'min_samples_leaf': 2, 'min_samples_split': 2, 'n_estimators': 250}",5,18268.77123,3360.870922,27323.96128,2797.96251,6.399830907,2.18019265,1.4131799,0.270389143
RandomForest,"(1, 2, 3, 4, 5, 6, 12)","{'bootstrap': True, 'max_depth': None, 'max_features': 0.5, 'min_samples_leaf': 1, 'min_samples_split': 5, 'n_estimators': 250}",5,18268.03016,3377.196015,27332.41709,2910.357964,6.400655951,2.182684887,1.413174225,0.271823339
RandomForest,"(1, 2, 3, 4, 5, 6, 12, 24)","{'bootstrap': True, 'max_depth': None, 'max_features': 0.5, 'min_samples_leaf': 2, 'min_samples_split': 2, 'n_estimators': 500}",5,18190.30787,3475.302066,27334.39391,2899.539698,6.35766201,2.204018353,1.372413032,0.266950786
RandomForest,"(1, 2, 3, 4, 5, 6, 12)","{'bootstrap': True, 'max_depth': None, 'max_features': 0.5, 'min_samples_leaf': 1, 'min_samples_split': 2, 'n_estimators': 250}",5,18261.92451,3370.290777,27336.05217,2854.431658,6.396517063,2.180778078,1.41267742,0.271199531
RandomForest,"(1, 2, 3, 4, 5, 6, 12, 24)","{'bootstrap': True, 'max_depth': None, 'max_features': 0.5, 'min_samples_leaf': 2, 'min_samples_split': 5, 'n_estimators': 500}",5,18193.3362,3473.579262,27338.27252,2878.718142,6.359075915,2.205846631,1.372637927,0.266812011
RandomForest,"(1, 2, 3, 4, 5, 6, 12)","{'bootstrap': True, 'max_depth': None, 'max_features': 0.5, 'min_samples_leaf': 1, 'min_samples_split': 5, 'n_estimators': 500}",5,18266.96937,3368.653309,27338.66425,2917.890105,6.39954739,2.181090495,1.413095239,0.271198787
RandomForest,"(1, 2, 3, 4, 5, 6, 12, 24)","{'bootstrap': True, 'max_depth': None, 'max_features': 0.5, 'min_samples_leaf': 2, 'min_samples_split': 5, 'n_estimators': 250}",5,18192.89703,3481.802687,27341.3384,2877.450751,6.359039731,2.208719334,1.3725951,0.267367607
RandomForest,"(1, 2, 3, 4, 5, 6, 12)","{'bootstrap': True, 'max_depth': None, 'max_features': 0.5, 'min_samples_leaf': 1, 'min_samples_split': 2, 'n_estimators': 500}",5,18264.08636,3366.416179,27342.1513,2883.583202,6.397878154,2.181433018,1.412860615,0.270985044
RandomForest,"(1, 2, 3, 4, 5, 6, 12, 24)","{'bootstrap': True, 'max_depth': 20, 'max_features': 0.5, 'min_samples_leaf': 1, 'min_samples_split': 2, 'n_estimators': 250}",5,18197.21677,3490.56777,27350.01705,2889.29544,6.359170769,2.209154973,1.372918756,0.268005186
RandomForest,"(1, 2, 3, 4, 5, 6, 12, 24)","{'bootstrap': True, 'max_depth': 20, 'max_features': 0.5, 'min_samples_leaf': 2, 'min_samples_split': 5, 'n_estimators': 250}",5,18195.44659,3480.414354,27361.93745,2919.876868,6.358629825,2.205460083,1.372807928,0.267359039
RandomForest,"(1, 2, 3, 4, 5, 6, 12, 24)","{'bootstrap': True, 'max_depth': None, 'max_features': 0.5, 'min_samples_leaf': 1, 'min_samples_split': 5, 'n_estimators': 250}",5,18204.21783,3491.506491,27364.2627,2893.232188,6.360456718,2.209031936,1.373473563,0.268194557
RandomForest,"(1, 2, 3, 4, 5, 6, 12, 24)","{'bootstrap': True, 'max_depth': 20, 'max_features': 0.5, 'min_samples_leaf': 2, 'min_samples_split': 5, 'n_estimators': 500}",5,18197.3584,3477.711372,27365.18429,2900.175708,6.359567673,2.206166757,1.372948177,0.267145171
RandomForest,"(1, 2, 3, 4, 5, 6, 12, 24)","{'bootstrap': True, 'max_depth': 20, 'max_features': 0.5, 'min_samples_leaf': 1, 'min_samples_split': 2, 'n_estimators': 500}",5,18202.78127,3490.746497,27367.5655,2938.783112,6.360866227,2.209130798,1.373360499,0.268116537
RandomForest,"(1, 2, 3, 4, 5, 6, 12)","{'bootstrap': True, 'max_depth': 20, 'max_features': 0.5, 'min_samples_leaf': 1, 'min_samples_split': 5, 'n_estimators': 500}",5,18270.95788,3371.089036,27368.0198,2857.70577,6.399016481,2.183447178,1.413378668,0.271281929
RandomForest,"(1, 2, 3, 4, 5, 6, 12)","{'bootstrap': True, 'max_depth': 20, 'max_features': 0.5, 'min_samples_leaf': 1, 'min_samples_split': 5, 'n_estimators': 250}",5,18275.6793,3369.270817,27368.28563,2829.921578,6.401244068,2.183798266,1.413734213,0.271115079
RandomForest,"(1, 2, 3, 4, 5, 6, 12, 24)","{'bootstrap': True, 'max_depth': None, 'max_features': 0.5, 'min_samples_leaf': 1, 'min_samples_split': 5, 'n_estimators': 500}",5,18200.91443,3483.401253,27368.4716,2861.702763,6.35972531,2.207985881,1.373204783,0.267514795
RandomForest,"(1, 2, 3, 4, 5, 6, 12)","{'bootstrap': True, 'max_depth': 20, 'max_features': 0.5, 'min_samples_leaf': 1, 'min_samples_split': 2, 'n_estimators': 250}",5,18277.9865,3360.24108,27371.49616,2880.434741,6.400707106,2.179235105,1.413952391,0.270621225
RandomForest,"(1, 2, 3, 4, 5, 6, 12)","{'bootstrap': True, 'max_depth': 20, 'max_features': 0.5, 'min_samples_leaf': 1, 'min_samples_split': 2, 'n_estimators': 500}",5,18278.51249,3362.236252,27379.98941,2876.590949,6.400519806,2.181720321,1.413983543,0.27072615
RandomForest,"(1, 2, 3, 4, 5, 6, 12, 24)","{'bootstrap': True, 'max_depth': 20, 'max_features': 0.5, 'min_samples_leaf': 1, 'min_samples_split': 5, 'n_estimators': 500}",5,18205.88951,3487.748879,27380.75652,2914.865136,6.360775032,2.208538356,1.373608417,0.267956059
RandomForest,"(1, 2, 3, 4, 5, 6, 12, 24)","{'bootstrap': True, 'max_depth': None, 'max_features': 0.5, 'min_samples_leaf': 1, 'min_samples_split': 2, 'n_estimators': 500}",5,18205.83174,3472.831422,27399.01111,2916.027108,6.360459576,2.205664837,1.373612936,0.266903903
RandomForest,"(1, 2, 3, 4, 5, 6, 12, 24)","{'bootstrap': True, 'max_depth': 20, 'max_features': 0.5, 'min_samples_leaf': 1, 'min_samples_split': 5, 'n_estimators': 250}",5,18215.26631,3490.215697,27420.89175,2911.381252,6.362363481,2.209943441,1.374302069,0.268087195
RandomForest,"(1, 2, 3, 4, 5, 6, 12, 24)","{'bootstrap': True, 'max_depth': None, 'max_features': 0.5, 'min_samples_leaf': 1, 'min_samples_split': 2, 'n_estimators': 250}",5,18210.69756,3473.64957,27431.84883,2924.416677,6.361143467,2.205643219,1.373982334,0.266977862
