model_type,lag_set,params,folds,MAE_mean,MAE_std,RMSE_mean,RMSE_std,sMAPE_mean,sMAPE_std,MASE_mean,MASE_std
SparseGP_RFF,"(1, 2, 3, 12)","{'alpha': 0.1, 'gamma_socio': 0.1, 'gamma_space': 0.1, 'gamma_time': 0.05, 'n_socio': 0, 'n_space': 500, 'n_time': 500, 'w_socio': 1.0, 'w_space': 1.0, 'w_time': 1.0}",5,13535.436620566328,1757.6433305447365,19613.26678916442,2025.560707009646,5.221986036549808,0.8271938288026955,0.5390943326931469,0.08302954090629436
SparseGP_RFF,"(1, 2, 3, 12)","{'alpha': 0.1, 'gamma_socio': 0.05, 'gamma_space': 0.1, 'gamma_time': 0.05, 'n_socio': 0, 'n_space': 500, 'n_time': 500, 'w_socio': 1.0, 'w_space': 1.0, 'w_time': 1.0}",5,13535.436620566328,1757.6433305447365,19613.26678916442,2025.560707009646,5.221986036549808,0.8271938288026955,0.5390943326931469,0.08302954090629436
SparseGP_RFF,"(1, 2, 3, 12)","{'alpha': 0.1, 'gamma_socio': 0.1, 'gamma_space': 0.1, 'gamma_time': 0.05, 'n_socio': 0, 'n_space': 200, 'n_time': 500, 'w_socio': 1.0, 'w_space': 1.0, 'w_time': 1.0}",5,13537.064993779839,1754.4731019999595,19617.127320353484,2029.5897842926931,5.2200643071983635,0.824519991023811,0.5391736444311019,0.08304726553222269
SparseGP_RFF,"(1, 2, 3, 12)","{'alpha': 0.1, 'gamma_socio': 0.05, 'gamma_space': 0.1, 'gamma_time': 0.05, 'n_socio': 0, 'n_space': 200, 'n_time': 500, 'w_socio': 1.0, 'w_space': 1.0, 'w_time': 1.0}",5,13537.064993779839,1754.4731019999595,19617.127320353484,2029.5897842926931,5.2200643071983635,0.824519991023811,0.5391736444311019,0.08304726553222269
SparseGP_RFF,"(1, 2, 3, 12)","{'alpha': 0.1, 'gamma_socio': 0.1, 'gamma_space': 0.05, 'gamma_time': 0.05, 'n_socio': 0, 'n_space': 500, 'n_time': 500, 'w_socio': 1.0, 'w_space': 1.0, 'w_time': 1.0}",5,13569.854651554004,1715.5481253119688,19663.992903071514,2002.0817308907515,5.224022433257726,0.8130370078229241,0.5404505277457416,0.08170195245183232
SparseGP_RFF,"(1, 2, 3, 12)","{'alpha': 0.1, 'gamma_socio': 0.05, 'gamma_space': 0.05, 'gamma_time': 0.05, 'n_socio': 0, 'n_space': 500, 'n_time': 500, 'w_socio': 1.0, 'w_space': 1.0, 'w_time': 1.0}",5,13569.854651554004,1715.5481253119688,19663.992903071514,2002.0817308907515,5.224022433257726,0.8130370078229241,0.5404505277457416,0.08170195245183232
SparseGP_RFF,"(1, 2, 3, 12)","{'alpha': 0.1, 'gamma_socio': 0.05, 'gamma_space': 0.05, 'gamma_time': 0.05, 'n_socio': 0, 'n_space': 200, 'n_time': 500, 'w_socio': 1.0, 'w_space': 1.0, 'w_time': 1.0}",5,13592.10229737424,1717.5781750252972,19691.627653606196,2011.6918766029025,5.232778059344772,0.8141479135132397,0.541333855465636,0.08178653158782025
SparseGP_RFF,"(1, 2, 3, 12)","{'alpha': 0.1, 'gamma_socio': 0.1, 'gamma_space': 0.05, 'gamma_time': 0.05, 'n_socio': 0, 'n_space': 200, 'n_time': 500, 'w_socio': 1.0, 'w_space': 1.0, 'w_time': 1.0}",5,13592.10229737424,1717.5781750252972,19691.627653606196,2011.6918766029025,5.232778059344772,0.8141479135132397,0.541333855465636,0.08178653158782025
SparseGP_RFF,"(1, 2, 3, 12)","{'alpha': 0.001, 'gamma_socio': 0.1, 'gamma_space': 0.1, 'gamma_time': 0.05, 'n_socio': 0, 'n_space': 500, 'n_time': 500, 'w_socio': 1.0, 'w_space': 1.0, 'w_time': 1.0}",5,13688.923625650667,1839.1647120855396,19898.795536458267,2162.1189560590515,5.298690719538822,0.8413225021637576,0.5453252057816189,0.08676738786941941
SparseGP_RFF,"(1, 2, 3, 12)","{'alpha': 0.001, 'gamma_socio': 0.05, 'gamma_space': 0.1, 'gamma_time': 0.05, 'n_socio': 0, 'n_space': 500, 'n_time': 500, 'w_socio': 1.0, 'w_space': 1.0, 'w_time': 1.0}",5,13688.923625650667,1839.1647120855396,19898.795536458267,2162.1189560590515,5.298690719538822,0.8413225021637576,0.5453252057816189,0.08676738786941941
SparseGP_RFF,"(1, 2, 3, 12)","{'alpha': 0.001, 'gamma_socio': 0.05, 'gamma_space': 0.1, 'gamma_time': 0.05, 'n_socio': 0, 'n_space': 200, 'n_time': 500, 'w_socio': 1.0, 'w_space': 1.0, 'w_time': 1.0}",5,13735.73272723077,1836.7805521232292,19944.088282316916,2172.0676946413246,5.312929899698471,0.8378775084181362,0.5472070493965722,0.08692949226580435
SparseGP_RFF,"(1, 2, 3, 12)","{'alpha': 0.001, 'gamma_socio': 0.1, 'gamma_space': 0.1, 'gamma_time': 0.05, 'n_socio': 0, 'n_space': 200, 'n_time': 500, 'w_socio': 1.0, 'w_space': 1.0, 'w_time': 1.0}",5,13735.73272723077,1836.7805521232292,19944.088282316916,2172.0676946413246,5.312929899698471,0.8378775084181362,0.5472070493965722,0.08692949226580435
SparseGP_RFF,"(1, 2, 3, 12)","{'alpha': 0.01, 'gamma_socio': 0.1, 'gamma_space': 0.1, 'gamma_time': 0.05, 'n_socio': 0, 'n_space': 500, 'n_time': 500, 'w_socio': 1.0, 'w_space': 1.0, 'w_time': 1.0}",5,13744.092989692794,1839.9913928616154,19953.95573249958,2185.050911284659,5.308117871755052,0.8394624981909409,0.5475483805283494,0.08709340785513604
SparseGP_RFF,"(1, 2, 3, 12)","{'alpha': 0.01, 'gamma_socio': 0.05, 'gamma_space': 0.1, 'gamma_time': 0.05, 'n_socio': 0, 'n_space': 500, 'n_time': 500, 'w_socio': 1.0, 'w_space': 1.0, 'w_time': 1.0}",5,13744.092989692794,1839.9913928616154,19953.95573249958,2185.050911284659,5.308117871755052,0.8394624981909409,0.5475483805283494,0.08709340785513604
SparseGP_RFF,"(1, 2, 3, 12)","{'alpha': 0.01, 'gamma_socio': 0.1, 'gamma_space': 0.1, 'gamma_time': 0.05, 'n_socio': 0, 'n_space': 200, 'n_time': 500, 'w_socio': 1.0, 'w_space': 1.0, 'w_time': 1.0}",5,13779.023442993717,1840.6271080530053,19986.50969822457,2195.8265336482095,5.320750933642389,0.8396015413866139,0.5489431099628372,0.0872143556034218
SparseGP_RFF,"(1, 2, 3, 12)","{'alpha': 0.01, 'gamma_socio': 0.05, 'gamma_space': 0.1, 'gamma_time': 0.05, 'n_socio': 0, 'n_space': 200, 'n_time': 500, 'w_socio': 1.0, 'w_space': 1.0, 'w_time': 1.0}",5,13779.023442993717,1840.6271080530053,19986.50969822457,2195.8265336482095,5.320750933642389,0.8396015413866139,0.5489431099628372,0.0872143556034218
SparseGP_RFF,"(1, 2, 3, 12)","{'alpha': 0.001, 'gamma_socio': 0.1, 'gamma_space': 0.05, 'gamma_time': 0.05, 'n_socio': 0, 'n_space': 500, 'n_time': 500, 'w_socio': 1.0, 'w_space': 1.0, 'w_time': 1.0}",5,13782.389887119765,1833.1000286931853,20001.12172578186,2196.972695640728,5.322097459130251,0.8311452655804898,0.5490950163862955,0.08713803500491918
SparseGP_RFF,"(1, 2, 3, 12)","{'alpha': 0.001, 'gamma_socio': 0.05, 'gamma_space': 0.05, 'gamma_time': 0.05, 'n_socio': 0, 'n_space': 500, 'n_time': 500, 'w_socio': 1.0, 'w_space': 1.0, 'w_time': 1.0}",5,13782.389887119765,1833.1000286931853,20001.12172578186,2196.972695640728,5.322097459130251,0.8311452655804898,0.5490950163862955,0.08713803500491918
SparseGP_RFF,"(1, 2, 3, 12)","{'alpha': 0.01, 'gamma_socio': 0.05, 'gamma_space': 0.05, 'gamma_time': 0.05, 'n_socio': 0, 'n_space': 500, 'n_time': 500, 'w_socio': 1.0, 'w_space': 1.0, 'w_time': 1.0}",5,13807.012406049893,1830.3095754339315,20023.016563360616,2196.8889754566053,5.325450807818251,0.8356416728215313,0.5500575849145399,0.08695224369169062
SparseGP_RFF,"(1, 2, 3, 12)","{'alpha': 0.01, 'gamma_socio': 0.1, 'gamma_space': 0.05, 'gamma_time': 0.05, 'n_socio': 0, 'n_space': 500, 'n_time': 500, 'w_socio': 1.0, 'w_space': 1.0, 'w_time': 1.0}",5,13807.012406049893,1830.3095754339315,20023.016563360616,2196.8889754566053,5.325450807818251,0.8356416728215313,0.5500575849145399,0.08695224369169062
SparseGP_RFF,"(1, 2, 3, 12)","{'alpha': 0.01, 'gamma_socio': 0.05, 'gamma_space': 0.05, 'gamma_time': 0.05, 'n_socio': 0, 'n_space': 200, 'n_time': 500, 'w_socio': 1.0, 'w_space': 1.0, 'w_time': 1.0}",5,13806.349255335232,1828.234382190767,20025.67895558234,2200.350585327038,5.323689081182795,0.8335151169991176,0.5500396586242049,0.08695245413516113
SparseGP_RFF,"(1, 2, 3, 12)","{'alpha': 0.01, 'gamma_socio': 0.1, 'gamma_space': 0.05, 'gamma_time': 0.05, 'n_socio': 0, 'n_space': 200, 'n_time': 500, 'w_socio': 1.0, 'w_space': 1.0, 'w_time': 1.0}",5,13806.349255335232,1828.234382190767,20025.67895558234,2200.350585327038,5.323689081182795,0.8335151169991176,0.5500396586242049,0.08695245413516113
SparseGP_RFF,"(1, 2, 3, 12)","{'alpha': 0.001, 'gamma_socio': 0.05, 'gamma_space': 0.05, 'gamma_time': 0.05, 'n_socio': 0, 'n_space': 200, 'n_time': 500, 'w_socio': 1.0, 'w_space': 1.0, 'w_time': 1.0}",5,13814.051005761256,1835.8891111040582,20029.442966771843,2205.7561144667866,5.3343797559192705,0.8325052110856987,0.5503510061777807,0.0872519395357883
SparseGP_RFF,"(1, 2, 3, 12)","{'alpha': 0.001, 'gamma_socio': 0.1, 'gamma_space': 0.05, 'gamma_time': 0.05, 'n_socio': 0, 'n_space': 200, 'n_time': 500, 'w_socio': 1.0, 'w_space': 1.0, 'w_time': 1.0}",5,13814.051005761256,1835.8891111040582,20029.442966771843,2205.7561144667866,5.3343797559192705,0.8325052110856987,0.5503510061777807,0.0872519395357883
SparseGP_RFF,"(1, 2, 12)","{'alpha': 0.001, 'gamma_socio': 0.1, 'gamma_space': 0.1, 'gamma_time': 0.05, 'n_socio': 0, 'n_space': 500, 'n_time': 200, 'w_socio': 1.0, 'w_space': 1.0, 'w_time': 1.0}",5,14002.121063734705,1984.7723086986157,20116.407529817843,2009.532688270869,5.411236191067463,0.8698950067494623,0.5572867656940612,0.09153906104478793
SparseGP_RFF,"(1, 2, 12)","{'alpha': 0.001, 'gamma_socio': 0.05, 'gamma_space': 0.1, 'gamma_time': 0.05, 'n_socio': 0, 'n_space': 500, 'n_time': 200, 'w_socio': 1.0, 'w_space': 1.0, 'w_time': 1.0}",5,14002.121063734705,1984.7723086986157,20116.407529817843,2009.532688270869,5.411236191067463,0.8698950067494623,0.5572867656940612,0.09153906104478793
SparseGP_RFF,"(1, 2, 12)","{'alpha': 0.1, 'gamma_socio': 0.1, 'gamma_space': 0.1, 'gamma_time': 0.05, 'n_socio': 0, 'n_space': 500, 'n_time': 200, 'w_socio': 1.0, 'w_space': 1.0, 'w_time': 1.0}",5,14023.971738193064,1917.8037330846093,20133.87054875541,1932.98686933371,5.404019047049064,0.8280052930466393,0.5580058788197806,0.08826856584168376
SparseGP_RFF,"(1, 2, 12)","{'alpha': 0.1, 'gamma_socio': 0.05, 'gamma_space': 0.1, 'gamma_time': 0.05, 'n_socio': 0, 'n_space': 500, 'n_time': 200, 'w_socio': 1.0, 'w_space': 1.0, 'w_time': 1.0}",5,14023.971738193064,1917.8037330846093,20133.87054875541,1932.98686933371,5.404019047049064,0.8280052930466393,0.5580058788197806,0.08826856584168376
SparseGP_RFF,"(1, 2, 12)","{'alpha': 0.1, 'gamma_socio': 0.1, 'gamma_space': 0.1, 'gamma_time': 0.05, 'n_socio': 0, 'n_space': 200, 'n_time': 200, 'w_socio': 1.0, 'w_space': 1.0, 'w_time': 1.0}",5,14037.53780615843,1923.3845051766125,20146.392830891502,1937.3902791299665,5.405833749305248,0.8264339012637025,0.5585323798791201,0.08839733706125329
SparseGP_RFF,"(1, 2, 12)","{'alpha': 0.1, 'gamma_socio': 0.05, 'gamma_space': 0.1, 'gamma_time': 0.05, 'n_socio': 0, 'n_space': 200, 'n_time': 200, 'w_socio': 1.0, 'w_space': 1.0, 'w_time': 1.0}",5,14037.53780615843,1923.3845051766125,20146.392830891502,1937.3902791299665,5.405833749305248,0.8264339012637025,0.5585323798791201,0.08839733706125329
SparseGP_RFF,"(1, 2, 12)","{'alpha': 0.001, 'gamma_socio': 0.1, 'gamma_space': 0.1, 'gamma_time': 0.05, 'n_socio': 0, 'n_space': 200, 'n_time': 200, 'w_socio': 1.0, 'w_space': 1.0, 'w_time': 1.0}",5,14062.696174231689,1976.3408807208928,20175.068885803845,1993.7476381796582,5.436502988033144,0.8670220472366166,0.5596603244588995,0.09105025572522302
SparseGP_RFF,"(1, 2, 12)","{'alpha': 0.001, 'gamma_socio': 0.05, 'gamma_space': 0.1, 'gamma_time': 0.05, 'n_socio': 0, 'n_space': 200, 'n_time': 200, 'w_socio': 1.0, 'w_space': 1.0, 'w_time': 1.0}",5,14062.696174231689,1976.3408807208928,20175.068885803845,1993.7476381796582,5.436502988033144,0.8670220472366166,0.5596603244588995,0.09105025572522302
SparseGP_RFF,"(1, 2, 12)","{'alpha': 0.01, 'gamma_socio': 0.1, 'gamma_space': 0.1, 'gamma_time': 0.05, 'n_socio': 0, 'n_space': 500, 'n_time': 200, 'w_socio': 1.0, 'w_space': 1.0, 'w_time': 1.0}",5,14061.664220706094,1980.936086677074,20186.612242795447,1995.4372939996028,5.428737437365087,0.8654213223730666,0.5596132499883236,0.09115861368492337
SparseGP_RFF,"(1, 2, 12)","{'alpha': 0.01, 'gamma_socio': 0.05, 'gamma_space': 0.1, 'gamma_time': 0.05, 'n_socio': 0, 'n_space': 500, 'n_time': 200, 'w_socio': 1.0, 'w_space': 1.0, 'w_time': 1.0}",5,14061.664220706094,1980.936086677074,20186.612242795447,1995.4372939996028,5.428737437365087,0.8654213223730666,0.5596132499883236,0.09115861368492337
SparseGP_RFF,"(1, 2, 12)","{'alpha': 0.1, 'gamma_socio': 0.05, 'gamma_space': 0.05, 'gamma_time': 0.05, 'n_socio': 0, 'n_space': 500, 'n_time': 200, 'w_socio': 1.0, 'w_space': 1.0, 'w_time': 1.0}",5,14084.593707606522,1890.2185198226873,20210.373329053593,1909.1347457720703,5.4084389013373055,0.80454665773724,0.5603935387332857,0.0872374056389879
SparseGP_RFF,"(1, 2, 12)","{'alpha': 0.1, 'gamma_socio': 0.1, 'gamma_space': 0.05, 'gamma_time': 0.05, 'n_socio': 0, 'n_space': 500, 'n_time': 200, 'w_socio': 1.0, 'w_space': 1.0, 'w_time': 1.0}",5,14084.593707606522,1890.2185198226873,20210.373329053593,1909.1347457720703,5.4084389013373055,0.80454665773724,0.5603935387332857,0.0872374056389879
SparseGP_RFF,"(1, 2, 12)","{'alpha': 0.01, 'gamma_socio': 0.1, 'gamma_space': 0.1, 'gamma_time': 0.05, 'n_socio': 0, 'n_space': 200, 'n_time': 200, 'w_socio': 1.0, 'w_space': 1.0, 'w_time': 1.0}",5,14101.802006480197,1987.2402944270011,20220.51681505657,1998.1793209267353,5.44662014362801,0.86699594497312,0.5611885686847925,0.09126393083105355
SparseGP_RFF,"(1, 2, 12)","{'alpha': 0.01, 'gamma_socio': 0.05, 'gamma_space': 0.1, 'gamma_time': 0.05, 'n_socio': 0, 'n_space': 200, 'n_time': 200, 'w_socio': 1.0, 'w_space': 1.0, 'w_time': 1.0}",5,14101.802006480197,1987.2402944270011,20220.51681505657,1998.1793209267353,5.44662014362801,0.86699594497312,0.5611885686847925,0.09126393083105355
SparseGP_RFF,"(1, 2, 12)","{'alpha': 0.1, 'gamma_socio': 0.1, 'gamma_space': 0.05, 'gamma_time': 0.05, 'n_socio': 0, 'n_space': 200, 'n_time': 200, 'w_socio': 1.0, 'w_space': 1.0, 'w_time': 1.0}",5,14108.109468834207,1891.3683373539984,20233.46544784496,1914.964662288276,5.417325020870546,0.8029037800476782,0.5613196720606672,0.08723807752834511
SparseGP_RFF,"(1, 2, 12)","{'alpha': 0.1, 'gamma_socio': 0.05, 'gamma_space': 0.05, 'gamma_time': 0.05, 'n_socio': 0, 'n_space': 200, 'n_time': 200, 'w_socio': 1.0, 'w_space': 1.0, 'w_time': 1.0}",5,14108.109468834207,1891.3683373539984,20233.46544784496,1914.964662288276,5.417325020870546,0.8029037800476782,0.5613196720606672,0.08723807752834511
SparseGP_RFF,"(1, 2, 12)","{'alpha': 0.001, 'gamma_socio': 0.05, 'gamma_space': 0.05, 'gamma_time': 0.05, 'n_socio': 0, 'n_space': 500, 'n_time': 200, 'w_socio': 1.0, 'w_space': 1.0, 'w_time': 1.0}",5,14135.78776405545,1997.9150349496258,20243.388085733466,2010.010730838819,5.463876706703663,0.8733967205984321,0.5625291469148263,0.09158989265361026
SparseGP_RFF,"(1, 2, 12)","{'alpha': 0.001, 'gamma_socio': 0.1, 'gamma_space': 0.05, 'gamma_time': 0.05, 'n_socio': 0, 'n_space': 500, 'n_time': 200, 'w_socio': 1.0, 'w_space': 1.0, 'w_time': 1.0}",5,14135.78776405545,1997.9150349496258,20243.388085733466,2010.010730838819,5.463876706703663,0.8733967205984321,0.5625291469148263,0.09158989265361026
SparseGP_RFF,"(1, 2, 12)","{'alpha': 0.01, 'gamma_socio': 0.1, 'gamma_space': 0.05, 'gamma_time': 0.05, 'n_socio': 0, 'n_space': 500, 'n_time': 200, 'w_socio': 1.0, 'w_space': 1.0, 'w_time': 1.0}",5,14142.462310606492,1992.5554153643102,20264.928661655893,2001.23198680353,5.45541303519226,0.8644296338923746,0.5627963137310992,0.09143140608316876
SparseGP_RFF,"(1, 2, 12)","{'alpha': 0.01, 'gamma_socio': 0.05, 'gamma_space': 0.05, 'gamma_time': 0.05, 'n_socio': 0, 'n_space': 500, 'n_time': 200, 'w_socio': 1.0, 'w_space': 1.0, 'w_time': 1.0}",5,14142.462310606492,1992.5554153643102,20264.928661655893,2001.23198680353,5.45541303519226,0.8644296338923746,0.5627963137310992,0.09143140608316876
SparseGP_RFF,"(1, 2, 12)","{'alpha': 0.01, 'gamma_socio': 0.05, 'gamma_space': 0.05, 'gamma_time': 0.05, 'n_socio': 0, 'n_space': 200, 'n_time': 200, 'w_socio': 1.0, 'w_space': 1.0, 'w_time': 1.0}",5,14148.047783145119,1989.09888968239,20270.24505638338,1996.2514711105434,5.457025375714039,0.8619169407224551,0.563005735778437,0.09121964288917228
SparseGP_RFF,"(1, 2, 12)","{'alpha': 0.01, 'gamma_socio': 0.1, 'gamma_space': 0.05, 'gamma_time': 0.05, 'n_socio': 0, 'n_space': 200, 'n_time': 200, 'w_socio': 1.0, 'w_space': 1.0, 'w_time': 1.0}",5,14148.047783145119,1989.09888968239,20270.24505638338,1996.2514711105434,5.457025375714039,0.8619169407224551,0.563005735778437,0.09121964288917228
SparseGP_RFF,"(1, 2, 12)","{'alpha': 0.001, 'gamma_socio': 0.1, 'gamma_space': 0.05, 'gamma_time': 0.05, 'n_socio': 0, 'n_space': 200, 'n_time': 200, 'w_socio': 1.0, 'w_space': 1.0, 'w_time': 1.0}",5,14169.406145341596,2004.6567233343105,20270.539419811357,2009.6195224187888,5.482051892344518,0.8791117625656301,0.5638477707459715,0.09169527478898223
SparseGP_RFF,"(1, 2, 12)","{'alpha': 0.001, 'gamma_socio': 0.05, 'gamma_space': 0.05, 'gamma_time': 0.05, 'n_socio': 0, 'n_space': 200, 'n_time': 200, 'w_socio': 1.0, 'w_space': 1.0, 'w_time': 1.0}",5,14169.406145341596,2004.6567233343105,20270.539419811357,2009.6195224187888,5.482051892344518,0.8791117625656301,0.5638477707459715,0.09169527478898223
SparseGP_RFF,"(1, 2, 3, 4, 5, 6, 12, 24)","{'alpha': 0.001, 'gamma_socio': 0.05, 'gamma_space': 0.1, 'gamma_time': 0.05, 'n_socio': 0, 'n_space': 500, 'n_time': 200, 'w_socio': 1.0, 'w_space': 1.0, 'w_time': 1.0}",5,14590.993205284656,3978.524754115756,20491.158926522632,3358.3679898240644,5.74552116802879,1.8947600036145942,0.5523921738430062,0.1881070131556365
SparseGP_RFF,"(1, 2, 3, 4, 5, 6, 12, 24)","{'alpha': 0.001, 'gamma_socio': 0.1, 'gamma_space': 0.1, 'gamma_time': 0.05, 'n_socio': 0, 'n_space': 500, 'n_time': 200, 'w_socio': 1.0, 'w_space': 1.0, 'w_time': 1.0}",5,14590.993205284656,3978.524754115756,20491.158926522632,3358.3679898240644,5.74552116802879,1.8947600036145942,0.5523921738430062,0.1881070131556365
SparseGP_RFF,"(1, 2, 3, 4, 5, 6, 12, 24)","{'alpha': 0.001, 'gamma_socio': 0.1, 'gamma_space': 0.1, 'gamma_time': 0.05, 'n_socio': 0, 'n_space': 200, 'n_time': 200, 'w_socio': 1.0, 'w_space': 1.0, 'w_time': 1.0}",5,14693.272535016662,3975.226196812447,20579.404522642784,3361.67816798733,5.7950791432367375,1.891568279989718,0.5561797189687504,0.1880752933310349
SparseGP_RFF,"(1, 2, 3, 4, 5, 6, 12, 24)","{'alpha': 0.001, 'gamma_socio': 0.05, 'gamma_space': 0.1, 'gamma_time': 0.05, 'n_socio': 0, 'n_space': 200, 'n_time': 200, 'w_socio': 1.0, 'w_space': 1.0, 'w_time': 1.0}",5,14693.272535016662,3975.226196812447,20579.404522642784,3361.67816798733,5.7950791432367375,1.891568279989718,0.5561797189687504,0.1880752933310349
SparseGP_RFF,"(1, 2, 3, 4, 5, 6, 12, 24)","{'alpha': 0.01, 'gamma_socio': 0.05, 'gamma_space': 0.1, 'gamma_time': 0.05, 'n_socio': 0, 'n_space': 500, 'n_time': 200, 'w_socio': 1.0, 'w_space': 1.0, 'w_time': 1.0}",5,14702.348122739035,3963.931630668243,20624.069643228788,3348.2689794428625,5.7902329334325655,1.8848862266887199,0.5564928964039654,0.18776164966353848
SparseGP_RFF,"(1, 2, 3, 4, 5, 6, 12, 24)","{'alpha': 0.01, 'gamma_socio': 0.1, 'gamma_space': 0.1, 'gamma_time': 0.05, 'n_socio': 0, 'n_space': 500, 'n_time': 200, 'w_socio': 1.0, 'w_space': 1.0, 'w_time': 1.0}",5,14702.348122739035,3963.931630668243,20624.069643228788,3348.2689794428625,5.7902329334325655,1.8848862266887199,0.5564928964039654,0.18776164966353848
SparseGP_RFF,"(1, 2, 3, 4, 5, 6, 12, 24)","{'alpha': 0.001, 'gamma_socio': 0.05, 'gamma_space': 0.05, 'gamma_time': 0.05, 'n_socio': 0, 'n_space': 500, 'n_time': 200, 'w_socio': 1.0, 'w_space': 1.0, 'w_time': 1.0}",5,14760.097867782966,3945.213238384984,20646.931296913008,3349.393694082384,5.824397211547887,1.878901588670039,0.558586442405028,0.1870918468005012
SparseGP_RFF,"(1, 2, 3, 4, 5, 6, 12, 24)","{'alpha': 0.001, 'gamma_socio': 0.1, 'gamma_space': 0.05, 'gamma_time': 0.05, 'n_socio': 0, 'n_space': 500, 'n_time': 200, 'w_socio': 1.0, 'w_space': 1.0, 'w_time': 1.0}",5,14760.097867782966,3945.213238384984,20646.931296913008,3349.393694082384,5.824397211547887,1.878901588670039,0.558586442405028,0.1870918468005012
SparseGP_RFF,"(1, 2, 3, 4, 5, 6, 12, 24)","{'alpha': 0.01, 'gamma_socio': 0.05, 'gamma_space': 0.1, 'gamma_time': 0.05, 'n_socio': 0, 'n_space': 200, 'n_time': 200, 'w_socio': 1.0, 'w_space': 1.0, 'w_time': 1.0}",5,14776.846045397344,3979.081594484742,20685.88292028721,3362.494562951,5.827060946167924,1.8902450734362557,0.5592941049406377,0.18842470905008984
SparseGP_RFF,"(1, 2, 3, 4, 5, 6, 12, 24)","{'alpha': 0.01, 'gamma_socio': 0.1, 'gamma_space': 0.1, 'gamma_time': 0.05, 'n_socio': 0, 'n_space': 200, 'n_time': 200, 'w_socio': 1.0, 'w_space': 1.0, 'w_time': 1.0}",5,14776.846045397344,3979.081594484742,20685.88292028721,3362.494562951,5.827060946167924,1.8902450734362557,0.5592941049406377,0.18842470905008984
SparseGP_RFF,"(1, 2, 3, 4, 5, 6, 12, 24)","{'alpha': 0.1, 'gamma_socio': 0.05, 'gamma_space': 0.1, 'gamma_time': 0.05, 'n_socio': 0, 'n_space': 500, 'n_time': 200, 'w_socio': 1.0, 'w_space': 1.0, 'w_time': 1.0}",5,14747.948771798125,3938.7423469408004,20691.83844192738,3325.6861504559092,5.805919474913485,1.8743916430356784,0.5581243269297882,0.18691777731656395
SparseGP_RFF,"(1, 2, 3, 4, 5, 6, 12, 24)","{'alpha': 0.1, 'gamma_socio': 0.1, 'gamma_space': 0.1, 'gamma_time': 0.05, 'n_socio': 0, 'n_space': 500, 'n_time': 200, 'w_socio': 1.0, 'w_space': 1.0, 'w_time': 1.0}",5,14747.948771798125,3938.7423469408004,20691.83844192738,3325.6861504559092,5.805919474913485,1.8743916430356784,0.5581243269297882,0.18691777731656395
SparseGP_RFF,"(1, 2, 3, 4, 5, 6, 12, 24)","{'alpha': 0.01, 'gamma_socio': 0.05, 'gamma_space': 0.05, 'gamma_time': 0.05, 'n_socio': 0, 'n_space': 500, 'n_time': 200, 'w_socio': 1.0, 'w_space': 1.0, 'w_time': 1.0}",5,14771.834602138051,3940.9427866683195,20694.823359848146,3334.553641115748,5.8196329378630764,1.8772789193870205,0.5590137084946177,0.18700122241424974
SparseGP_RFF,"(1, 2, 3, 4, 5, 6, 12, 24)","{'alpha': 0.01, 'gamma_socio': 0.1, 'gamma_space': 0.05, 'gamma_time': 0.05, 'n_socio': 0, 'n_space': 500, 'n_time': 200, 'w_socio': 1.0, 'w_space': 1.0, 'w_time': 1.0}",5,14771.834602138051,3940.9427866683195,20694.823359848146,3334.553641115748,5.8196329378630764,1.8772789193870205,0.5590137084946177,0.18700122241424974
SparseGP_RFF,"(1, 2, 3, 4, 5, 6, 12, 24)","{'alpha': 0.1, 'gamma_socio': 0.1, 'gamma_space': 0.05, 'gamma_time': 0.05, 'n_socio': 0, 'n_space': 500, 'n_time': 200, 'w_socio': 1.0, 'w_space': 1.0, 'w_time': 1.0}",5,14725.901847644325,3824.0824026637524,20699.693393237463,3254.2744892750284,5.777005424338294,1.8241854730950091,0.5570199015024256,0.18268774669014012
SparseGP_RFF,"(1, 2, 3, 4, 5, 6, 12, 24)","{'alpha': 0.1, 'gamma_socio': 0.05, 'gamma_space': 0.05, 'gamma_time': 0.05, 'n_socio': 0, 'n_space': 500, 'n_time': 200, 'w_socio': 1.0, 'w_space': 1.0, 'w_time': 1.0}",5,14725.901847644325,3824.0824026637524,20699.693393237463,3254.2744892750284,5.777005424338294,1.8241854730950091,0.5570199015024256,0.18268774669014012
SparseGP_RFF,"(1, 2, 3, 4, 5, 6, 12, 24)","{'alpha': 0.1, 'gamma_socio': 0.05, 'gamma_space': 0.1, 'gamma_time': 0.05, 'n_socio': 0, 'n_space': 200, 'n_time': 200, 'w_socio': 1.0, 'w_space': 1.0, 'w_time': 1.0}",5,14757.75514500029,3919.8934775807693,20699.695603990018,3314.4283251904335,5.807909471611553,1.864066401917817,0.5584413382943721,0.18621468482393094
SparseGP_RFF,"(1, 2, 3, 4, 5, 6, 12, 24)","{'alpha': 0.1, 'gamma_socio': 0.1, 'gamma_space': 0.1, 'gamma_time': 0.05, 'n_socio': 0, 'n_space': 200, 'n_time': 200, 'w_socio': 1.0, 'w_space': 1.0, 'w_time': 1.0}",5,14757.75514500029,3919.8934775807693,20699.695603990018,3314.4283251904335,5.807909471611553,1.864066401917817,0.5584413382943721,0.18621468482393094
SparseGP_RFF,"(1, 2, 3, 4, 5, 6, 12, 24)","{'alpha': 0.01, 'gamma_socio': 0.1, 'gamma_space': 0.05, 'gamma_time': 0.05, 'n_socio': 0, 'n_space': 200, 'n_time': 200, 'w_socio': 1.0, 'w_space': 1.0, 'w_time': 1.0}",5,14784.861908342253,3940.5989929905563,20708.388158948062,3340.4971257005855,5.82557797881186,1.8776655132953932,0.559496311276777,0.18700849481743592
SparseGP_RFF,"(1, 2, 3, 4, 5, 6, 12, 24)","{'alpha': 0.01, 'gamma_socio': 0.05, 'gamma_space': 0.05, 'gamma_time': 0.05, 'n_socio': 0, 'n_space': 200, 'n_time': 200, 'w_socio': 1.0, 'w_space': 1.0, 'w_time': 1.0}",5,14784.861908342253,3940.5989929905563,20708.388158948062,3340.4971257005855,5.82557797881186,1.8776655132953932,0.559496311276777,0.18700849481743592
SparseGP_RFF,"(1, 2, 3, 4, 5, 6, 12, 24)","{'alpha': 0.001, 'gamma_socio': 0.05, 'gamma_space': 0.05, 'gamma_time': 0.05, 'n_socio': 0, 'n_space': 200, 'n_time': 200, 'w_socio': 1.0, 'w_space': 1.0, 'w_time': 1.0}",5,14834.71443656959,3985.9247399880664,20711.876025546986,3382.6371097364195,5.862052150716411,1.9002734878861423,0.5614540559823118,0.18871499911417178
SparseGP_RFF,"(1, 2, 3, 4, 5, 6, 12, 24)","{'alpha': 0.001, 'gamma_socio': 0.1, 'gamma_space': 0.05, 'gamma_time': 0.05, 'n_socio': 0, 'n_space': 200, 'n_time': 200, 'w_socio': 1.0, 'w_space': 1.0, 'w_time': 1.0}",5,14834.71443656959,3985.9247399880664,20711.876025546986,3382.6371097364195,5.862052150716411,1.9002734878861423,0.5614540559823118,0.18871499911417178
SparseGP_RFF,"(1, 2, 3, 4, 5, 6, 12, 24)","{'alpha': 0.1, 'gamma_socio': 0.05, 'gamma_space': 0.05, 'gamma_time': 0.05, 'n_socio': 0, 'n_space': 200, 'n_time': 200, 'w_socio': 1.0, 'w_space': 1.0, 'w_time': 1.0}",5,14738.801099007926,3800.423102913863,20718.26802344783,3251.337571810175,5.779776068744587,1.8133892198266346,0.5574386514814693,0.1818471474810487
SparseGP_RFF,"(1, 2, 3, 4, 5, 6, 12, 24)","{'alpha': 0.1, 'gamma_socio': 0.1, 'gamma_space': 0.05, 'gamma_time': 0.05, 'n_socio': 0, 'n_space': 200, 'n_time': 200, 'w_socio': 1.0, 'w_space': 1.0, 'w_time': 1.0}",5,14738.801099007926,3800.423102913863,20718.26802344783,3251.337571810175,5.779776068744587,1.8133892198266346,0.5574386514814693,0.1818471474810487
SparseGP_RFF,"(1, 2, 3, 4, 5, 6, 12, 24)","{'alpha': 0.001, 'gamma_socio': 0.05, 'gamma_space': 0.1, 'gamma_time': 0.05, 'n_socio': 0, 'n_space': 500, 'n_time': 500, 'w_socio': 1.0, 'w_space': 1.0, 'w_time': 1.0}",5,14971.538567469495,2800.334928484873,21056.746622062215,2882.394318237984,6.103720430748145,1.2857390807448965,0.5627591858438392,0.1422377078667482
SparseGP_RFF,"(1, 2, 3, 4, 5, 6, 12, 24)","{'alpha': 0.001, 'gamma_socio': 0.1, 'gamma_space': 0.1, 'gamma_time': 0.05, 'n_socio': 0, 'n_space': 500, 'n_time': 500, 'w_socio': 1.0, 'w_space': 1.0, 'w_time': 1.0}",5,14971.538567469495,2800.334928484873,21056.746622062215,2882.394318237984,6.103720430748145,1.2857390807448965,0.5627591858438392,0.1422377078667482
SparseGP_RFF,"(1, 2, 3, 4, 5, 6, 12, 24)","{'alpha': 0.001, 'gamma_socio': 0.1, 'gamma_space': 0.1, 'gamma_time': 0.05, 'n_socio': 0, 'n_space': 200, 'n_time': 500, 'w_socio': 1.0, 'w_space': 1.0, 'w_time': 1.0}",5,15053.168485832251,2802.69291947662,21133.440573347285,2873.0394414115235,6.1455947083695435,1.2937219512969127,0.5657990731896679,0.14242269258861612
SparseGP_RFF,"(1, 2, 3, 4, 5, 6, 12, 24)","{'alpha': 0.001, 'gamma_socio': 0.05, 'gamma_space': 0.1, 'gamma_time': 0.05, 'n_socio': 0, 'n_space': 200, 'n_time': 500, 'w_socio': 1.0, 'w_space': 1.0, 'w_time': 1.0}",5,15053.168485832251,2802.69291947662,21133.440573347285,2873.0394414115235,6.1455947083695435,1.2937219512969127,0.5657990731896679,0.14242269258861612
SparseGP_RFF,"(1, 2, 3, 4, 5, 6, 12, 24)","{'alpha': 0.1, 'gamma_socio': 0.1, 'gamma_space': 0.1, 'gamma_time': 0.05, 'n_socio': 0, 'n_space': 500, 'n_time': 500, 'w_socio': 1.0, 'w_space': 1.0, 'w_time': 1.0}",5,15045.587548425197,2791.207757939764,21156.415643985863,2830.9500699389087,6.134727794274893,1.2881245443071574,0.5655340136144867,0.14216211947999646
SparseGP_RFF,"(1, 2, 3, 4, 5, 6, 12, 24)","{'alpha': 0.1, 'gamma_socio': 0.05, 'gamma_space': 0.1, 'gamma_time': 0.05, 'n_socio': 0, 'n_space': 500, 'n_time': 500, 'w_socio': 1.0, 'w_space': 1.0, 'w_time': 1.0}",5,15045.587548425197,2791.207757939764,21156.415643985863,2830.9500699389087,6.134727794274893,1.2881245443071574,0.5655340136144867,0.14216211947999646
SparseGP_RFF,"(1, 2, 3, 4, 5, 6, 12, 24)","{'alpha': 0.1, 'gamma_socio': 0.1, 'gamma_space': 0.05, 'gamma_time': 0.05, 'n_socio': 0, 'n_space': 500, 'n_time': 500, 'w_socio': 1.0, 'w_space': 1.0, 'w_time': 1.0}",5,15002.090460825222,2709.6758835977,21157.132110785507,2792.8523036187094,6.089001965480482,1.2384081593679965,0.5636812518760936,0.139036752228528
SparseGP_RFF,"(1, 2, 3, 4, 5, 6, 12, 24)","{'alpha': 0.1, 'gamma_socio': 0.05, 'gamma_space': 0.05, 'gamma_time': 0.05, 'n_socio': 0, 'n_space': 500, 'n_time': 500, 'w_socio': 1.0, 'w_space': 1.0, 'w_time': 1.0}",5,15002.090460825222,2709.6758835977,21157.132110785507,2792.8523036187094,6.089001965480482,1.2384081593679965,0.5636812518760936,0.139036752228528
SparseGP_RFF,"(1, 2, 3, 4, 5, 6, 12, 24)","{'alpha': 0.01, 'gamma_socio': 0.1, 'gamma_space': 0.1, 'gamma_time': 0.05, 'n_socio': 0, 'n_space': 500, 'n_time': 500, 'w_socio': 1.0, 'w_space': 1.0, 'w_time': 1.0}",5,15055.293378971644,2794.8316712689834,21161.600777990567,2850.441243438651,6.140913243027948,1.2877740426341706,0.5658770557140607,0.14220141821894974
SparseGP_RFF,"(1, 2, 3, 4, 5, 6, 12, 24)","{'alpha': 0.01, 'gamma_socio': 0.05, 'gamma_space': 0.1, 'gamma_time': 0.05, 'n_socio': 0, 'n_space': 500, 'n_time': 500, 'w_socio': 1.0, 'w_space': 1.0, 'w_time': 1.0}",5,15055.293378971644,2794.8316712689834,21161.600777990567,2850.441243438651,6.140913243027948,1.2877740426341706,0.5658770557140607,0.14220141821894974
SparseGP_RFF,"(1, 2, 3, 4, 5, 6, 12, 24)","{'alpha': 0.1, 'gamma_socio': 0.1, 'gamma_space': 0.1, 'gamma_time': 0.05, 'n_socio': 0, 'n_space': 200, 'n_time': 500, 'w_socio': 1.0, 'w_space': 1.0, 'w_time': 1.0}",5,15047.263838811054,2783.699810731085,21161.89858085743,2830.545640214356,6.131838836726717,1.2818974875248275,0.5655735564456154,0.14188868465506446
SparseGP_RFF,"(1, 2, 3, 4, 5, 6, 12, 24)","{'alpha': 0.1, 'gamma_socio': 0.05, 'gamma_space': 0.1, 'gamma_time': 0.05, 'n_socio': 0, 'n_space': 200, 'n_time': 500, 'w_socio': 1.0, 'w_space': 1.0, 'w_time': 1.0}",5,15047.263838811054,2783.699810731085,21161.89858085743,2830.545640214356,6.131838836726717,1.2818974875248275,0.5655735564456154,0.14188868465506446
SparseGP_RFF,"(1, 2, 3, 4, 5, 6, 12, 24)","{'alpha': 0.1, 'gamma_socio': 0.05, 'gamma_space': 0.05, 'gamma_time': 0.05, 'n_socio': 0, 'n_space': 200, 'n_time': 500, 'w_socio': 1.0, 'w_space': 1.0, 'w_time': 1.0}",5,15020.476861863286,2712.368307833338,21181.351799252,2805.4210713429875,6.094065931868695,1.23746663201067,0.56435429967701,0.13915546577599783
SparseGP_RFF,"(1, 2, 3, 4, 5, 6, 12, 24)","{'alpha': 0.1, 'gamma_socio': 0.1, 'gamma_space': 0.05, 'gamma_time': 0.05, 'n_socio': 0, 'n_space': 200, 'n_time': 500, 'w_socio': 1.0, 'w_space': 1.0, 'w_time': 1.0}",5,15020.476861863286,2712.368307833338,21181.351799252,2805.4210713429875,6.094065931868695,1.23746663201067,0.56435429967701,0.13915546577599783
SparseGP_RFF,"(1, 2, 3, 4, 5, 6, 12, 24)","{'alpha': 0.001, 'gamma_socio': 0.1, 'gamma_space': 0.05, 'gamma_time': 0.05, 'n_socio': 0, 'n_space': 500, 'n_time': 500, 'w_socio': 1.0, 'w_space': 1.0, 'w_time': 1.0}",5,15097.737720013984,2788.92042148778,21182.6092427584,2853.347688629416,6.166663407958056,1.2911138647690221,0.5674340746296886,0.14202489552819775
SparseGP_RFF,"(1, 2, 3, 4, 5, 6, 12, 24)","{'alpha': 0.001, 'gamma_socio': 0.05, 'gamma_space': 0.05, 'gamma_time': 0.05, 'n_socio': 0, 'n_space': 500, 'n_time': 500, 'w_socio': 1.0, 'w_space': 1.0, 'w_time': 1.0}",5,15097.737720013984,2788.92042148778,21182.6092427584,2853.347688629416,6.166663407958056,1.2911138647690221,0.5674340746296886,0.14202489552819775
SparseGP_RFF,"(1, 2, 3, 4, 5, 6, 12, 24)","{'alpha': 0.01, 'gamma_socio': 0.1, 'gamma_space': 0.1, 'gamma_time': 0.05, 'n_socio': 0, 'n_space': 200, 'n_time': 500, 'w_socio': 1.0, 'w_space': 1.0, 'w_time': 1.0}",5,15104.309996105521,2809.070970134438,21208.101534290363,2860.3485270521105,6.166435475687174,1.2973843931694091,0.5677367219150476,0.1428209983916609
SparseGP_RFF,"(1, 2, 3, 4, 5, 6, 12, 24)","{'alpha': 0.01, 'gamma_socio': 0.05, 'gamma_space': 0.1, 'gamma_time': 0.05, 'n_socio': 0, 'n_space': 200, 'n_time': 500, 'w_socio': 1.0, 'w_space': 1.0, 'w_time': 1.0}",5,15104.309996105521,2809.070970134438,21208.101534290363,2860.3485270521105,6.166435475687174,1.2973843931694091,0.5677367219150476,0.1428209983916609
SparseGP_RFF,"(1, 2, 3, 4, 5, 6, 12, 24)","{'alpha': 0.01, 'gamma_socio': 0.05, 'gamma_space': 0.05, 'gamma_time': 0.05, 'n_socio': 0, 'n_space': 500, 'n_time': 500, 'w_socio': 1.0, 'w_space': 1.0, 'w_time': 1.0}",5,15097.772296153475,2773.020557633999,21216.63421844302,2824.3410723694824,6.158613752025367,1.2851736989799154,0.5674136273809937,0.1414511029010885
SparseGP_RFF,"(1, 2, 3, 4, 5, 6, 12, 24)","{'alpha': 0.01, 'gamma_socio': 0.1, 'gamma_space': 0.05, 'gamma_time': 0.05, 'n_socio': 0, 'n_space': 500, 'n_time': 500, 'w_socio': 1.0, 'w_space': 1.0, 'w_time': 1.0}",5,15097.772296153475,2773.020557633999,21216.63421844302,2824.3410723694824,6.158613752025367,1.2851736989799154,0.5674136273809937,0.1414511029010885
SparseGP_RFF,"(1, 2, 3, 4, 5, 6, 12, 24)","{'alpha': 0.01, 'gamma_socio': 0.1, 'gamma_space': 0.05, 'gamma_time': 0.05, 'n_socio': 0, 'n_space': 200, 'n_time': 500, 'w_socio': 1.0, 'w_space': 1.0, 'w_time': 1.0}",5,15103.34704582823,2770.6843827383486,21226.368972787943,2829.8424897113136,6.159166297745499,1.2817053000081342,0.5676140623340291,0.14139003491438626
SparseGP_RFF,"(1, 2, 3, 4, 5, 6, 12, 24)","{'alpha': 0.01, 'gamma_socio': 0.05, 'gamma_space': 0.05, 'gamma_time': 0.05, 'n_socio': 0, 'n_space': 200, 'n_time': 500, 'w_socio': 1.0, 'w_space': 1.0, 'w_time': 1.0}",5,15103.34704582823,2770.6843827383486,21226.368972787943,2829.8424897113136,6.159166297745499,1.2817053000081342,0.5676140623340291,0.14139003491438626
SparseGP_RFF,"(1, 2, 3, 4, 5, 6, 12, 24)","{'alpha': 0.001, 'gamma_socio': 0.05, 'gamma_space': 0.05, 'gamma_time': 0.05, 'n_socio': 0, 'n_space': 200, 'n_time': 500, 'w_socio': 1.0, 'w_space': 1.0, 'w_time': 1.0}",5,15149.221652043207,2808.9610318006876,21230.207410447118,2863.874028457667,6.194754915364023,1.3069336395296534,0.5694040839572241,0.1428624016991988
SparseGP_RFF,"(1, 2, 3, 4, 5, 6, 12, 24)","{'alpha': 0.001, 'gamma_socio': 0.1, 'gamma_space': 0.05, 'gamma_time': 0.05, 'n_socio': 0, 'n_space': 200, 'n_time': 500, 'w_socio': 1.0, 'w_space': 1.0, 'w_time': 1.0}",5,15149.221652043207,2808.9610318006876,21230.207410447118,2863.874028457667,6.194754915364023,1.3069336395296534,0.5694040839572241,0.1428624016991988
SparseGP_RFF,"(1, 12, 24)","{'alpha': 0.1, 'gamma_socio': 0.05, 'gamma_space': 0.1, 'gamma_time': 0.05, 'n_socio': 0, 'n_space': 200, 'n_time': 200, 'w_socio': 1.0, 'w_space': 1.0, 'w_time': 1.0}",5,14926.718366686127,2643.365201096345,21281.736400690446,2805.8789548022914,5.831424227169373,1.3031310198208694,0.5606614369231991,0.13758353220578867
SparseGP_RFF,"(1, 12, 24)","{'alpha': 0.1, 'gamma_socio': 0.1, 'gamma_space': 0.1, 'gamma_time': 0.05, 'n_socio': 0, 'n_space': 200, 'n_time': 200, 'w_socio': 1.0, 'w_space': 1.0, 'w_time': 1.0}",5,14926.718366686127,2643.365201096345,21281.736400690446,2805.8789548022914,5.831424227169373,1.3031310198208694,0.5606614369231991,0.13758353220578867
SparseGP_RFF,"(1, 12, 24)","{'alpha': 0.1, 'gamma_socio': 0.05, 'gamma_space': 0.1, 'gamma_time': 0.05, 'n_socio': 0, 'n_space': 500, 'n_time': 200, 'w_socio': 1.0, 'w_space': 1.0, 'w_time': 1.0}",5,14937.098794436763,2658.7613962183736,21291.01799984357,2815.823764823163,5.839011875605653,1.3098140824960702,0.5610733116647074,0.13816057779626406
SparseGP_RFF,"(1, 12, 24)","{'alpha': 0.1, 'gamma_socio': 0.1, 'gamma_space': 0.1, 'gamma_time': 0.05, 'n_socio': 0, 'n_space': 500, 'n_time': 200, 'w_socio': 1.0, 'w_space': 1.0, 'w_time': 1.0}",5,14937.098794436763,2658.7613962183736,21291.01799984357,2815.823764823163,5.839011875605653,1.3098140824960702,0.5610733116647074,0.13816057779626406
SparseGP_RFF,"(1, 12, 24)","{'alpha': 0.1, 'gamma_socio': 0.1, 'gamma_space': 0.05, 'gamma_time': 0.05, 'n_socio': 0, 'n_space': 500, 'n_time': 200, 'w_socio': 1.0, 'w_space': 1.0, 'w_time': 1.0}",5,14952.97812966734,2623.823048370453,21336.57851295999,2789.0632874910484,5.834227002636611,1.2947521902464398,0.5616167616847737,0.13700053296617498
SparseGP_RFF,"(1, 12, 24)","{'alpha': 0.1, 'gamma_socio': 0.05, 'gamma_space': 0.05, 'gamma_time': 0.05, 'n_socio': 0, 'n_space': 500, 'n_time': 200, 'w_socio': 1.0, 'w_space': 1.0, 'w_time': 1.0}",5,14952.97812966734,2623.823048370453,21336.57851295999,2789.0632874910484,5.834227002636611,1.2947521902464398,0.5616167616847737,0.13700053296617498
SparseGP_RFF,"(1, 12, 24)","{'alpha': 0.1, 'gamma_socio': 0.05, 'gamma_space': 0.05, 'gamma_time': 0.05, 'n_socio': 0, 'n_space': 200, 'n_time': 200, 'w_socio': 1.0, 'w_space': 1.0, 'w_time': 1.0}",5,14952.91102970466,2606.2306861348407,21337.04406518637,2782.4926685154314,5.8334824292161915,1.2853154949770014,0.561591083530379,0.1363909746198814
SparseGP_RFF,"(1, 12, 24)","{'alpha': 0.1, 'gamma_socio': 0.1, 'gamma_space': 0.05, 'gamma_time': 0.05, 'n_socio': 0, 'n_space': 200, 'n_time': 200, 'w_socio': 1.0, 'w_space': 1.0, 'w_time': 1.0}",5,14952.91102970466,2606.2306861348407,21337.04406518637,2782.4926685154314,5.8334824292161915,1.2853154949770014,0.561591083530379,0.1363909746198814
SparseGP_RFF,"(1, 2, 3, 12, 24)","{'alpha': 0.001, 'gamma_socio': 0.1, 'gamma_space': 0.1, 'gamma_time': 0.1, 'n_socio': 0, 'n_space': 500, 'n_time': 200, 'w_socio': 1.0, 'w_space': 1.0, 'w_time': 1.0}",5,15562.389221717534,4840.966385257293,21342.125810683552,4202.113459119324,6.344487580723991,2.1659001375586167,0.5897795525993045,0.22646364827208604
SparseGP_RFF,"(1, 2, 3, 12, 24)","{'alpha': 0.001, 'gamma_socio': 0.05, 'gamma_space': 0.1, 'gamma_time': 0.1, 'n_socio': 0, 'n_space': 500, 'n_time': 200, 'w_socio': 1.0, 'w_space': 1.0, 'w_time': 1.0}",5,15562.389221717534,4840.966385257293,21342.125810683552,4202.113459119324,6.344487580723991,2.1659001375586167,0.5897795525993045,0.22646364827208604
SparseGP_RFF,"(1, 2, 12, 24)","{'alpha': 0.001, 'gamma_socio': 0.1, 'gamma_space': 0.1, 'gamma_time': 0.05, 'n_socio': 0, 'n_space': 500, 'n_time': 200, 'w_socio': 1.0, 'w_space': 1.0, 'w_time': 1.0}",5,15453.136567538624,4038.0358962360015,21352.653221834807,4064.694501614639,6.373320743203068,2.4424205442473346,0.573383919249557,0.1433223009427305
SparseGP_RFF,"(1, 2, 12, 24)","{'alpha': 0.001, 'gamma_socio': 0.05, 'gamma_space': 0.1, 'gamma_time': 0.05, 'n_socio': 0, 'n_space': 500, 'n_time': 200, 'w_socio': 1.0, 'w_space': 1.0, 'w_time': 1.0}",5,15453.136567538624,4038.0358962360015,21352.653221834807,4064.694501614639,6.373320743203068,2.4424205442473346,0.573383919249557,0.1433223009427305
SparseGP_RFF,"(1, 12, 24)","{'alpha': 0.001, 'gamma_socio': 0.1, 'gamma_space': 0.1, 'gamma_time': 0.05, 'n_socio': 0, 'n_space': 500, 'n_time': 200, 'w_socio': 1.0, 'w_space': 1.0, 'w_time': 1.0}",5,14991.616638692145,2765.107757398109,21352.685904247937,2926.7303200259025,5.853855687853487,1.3444163935740296,0.5632125822121304,0.14189968778412607
SparseGP_RFF,"(1, 12, 24)","{'alpha': 0.001, 'gamma_socio': 0.05, 'gamma_space': 0.1, 'gamma_time': 0.05, 'n_socio': 0, 'n_space': 500, 'n_time': 200, 'w_socio': 1.0, 'w_space': 1.0, 'w_time': 1.0}",5,14991.616638692145,2765.107757398109,21352.685904247937,2926.7303200259025,5.853855687853487,1.3444163935740296,0.5632125822121304,0.14189968778412607
SparseGP_RFF,"(1, 12, 24)","{'alpha': 0.001, 'gamma_socio': 0.05, 'gamma_space': 0.1, 'gamma_time': 0.05, 'n_socio': 0, 'n_space': 200, 'n_time': 200, 'w_socio': 1.0, 'w_space': 1.0, 'w_time': 1.0}",5,15017.09307699619,2730.2501999805354,21371.94237555063,2891.685543045618,5.867882548257157,1.332943531410951,0.5641049384058885,0.14063716943461674
SparseGP_RFF,"(1, 12, 24)","{'alpha': 0.001, 'gamma_socio': 0.1, 'gamma_space': 0.1, 'gamma_time': 0.05, 'n_socio': 0, 'n_space': 200, 'n_time': 200, 'w_socio': 1.0, 'w_space': 1.0, 'w_time': 1.0}",5,15017.09307699619,2730.2501999805354,21371.94237555063,2891.685543045618,5.867882548257157,1.332943531410951,0.5641049384058885,0.14063716943461674
SparseGP_RFF,"(1, 12, 24)","{'alpha': 0.01, 'gamma_socio': 0.1, 'gamma_space': 0.1, 'gamma_time': 0.05, 'n_socio': 0, 'n_space': 500, 'n_time': 200, 'w_socio': 1.0, 'w_space': 1.0, 'w_time': 1.0}",5,15011.583725040235,2683.721790602855,21382.32987636647,2844.4951546627067,5.862464912173456,1.3129800647383643,0.5638020684314228,0.13881605550743992
SparseGP_RFF,"(1, 12, 24)","{'alpha': 0.01, 'gamma_socio': 0.05, 'gamma_space': 0.1, 'gamma_time': 0.05, 'n_socio': 0, 'n_space': 500, 'n_time': 200, 'w_socio': 1.0, 'w_space': 1.0, 'w_time': 1.0}",5,15011.583725040235,2683.721790602855,21382.32987636647,2844.4951546627067,5.862464912173456,1.3129800647383643,0.5638020684314228,0.13881605550743992
SparseGP_RFF,"(1, 12, 24)","{'alpha': 0.001, 'gamma_socio': 0.1, 'gamma_space': 0.05, 'gamma_time': 0.05, 'n_socio': 0, 'n_space': 500, 'n_time': 200, 'w_socio': 1.0, 'w_space': 1.0, 'w_time': 1.0}",5,15037.015760079643,2662.755481744407,21393.035298026334,2833.06745877094,5.877192982595168,1.3060636097490963,0.5647491612357097,0.1381662714821316
SparseGP_RFF,"(1, 12, 24)","{'alpha': 0.001, 'gamma_socio': 0.05, 'gamma_space': 0.05, 'gamma_time': 0.05, 'n_socio': 0, 'n_space': 500, 'n_time': 200, 'w_socio': 1.0, 'w_space': 1.0, 'w_time': 1.0}",5,15037.015760079643,2662.755481744407,21393.035298026334,2833.06745877094,5.877192982595168,1.3060636097490963,0.5647491612357097,0.1381662714821316
SparseGP_RFF,"(1, 12, 24)","{'alpha': 0.01, 'gamma_socio': 0.05, 'gamma_space': 0.1, 'gamma_time': 0.05, 'n_socio': 0, 'n_space': 200, 'n_time': 200, 'w_socio': 1.0, 'w_space': 1.0, 'w_time': 1.0}",5,15034.523114609392,2673.0208040370217,21401.73444372313,2836.8583077111903,5.875902185354095,1.3111368775800476,0.5646568286031105,0.13852053854112698
SparseGP_RFF,"(1, 12, 24)","{'alpha': 0.01, 'gamma_socio': 0.1, 'gamma_space': 0.1, 'gamma_time': 0.05, 'n_socio': 0, 'n_space': 200, 'n_time': 200, 'w_socio': 1.0, 'w_space': 1.0, 'w_time': 1.0}",5,15034.523114609392,2673.0208040370217,21401.73444372313,2836.8583077111903,5.875902185354095,1.3111368775800476,0.5646568286031105,0.13852053854112698
SparseGP_RFF,"(1, 2, 3, 12, 24)","{'alpha': 0.001, 'gamma_socio': 0.1, 'gamma_space': 0.1, 'gamma_time': 0.1, 'n_socio': 0, 'n_space': 200, 'n_time': 200, 'w_socio': 1.0, 'w_space': 1.0, 'w_time': 1.0}",5,15638.577210147847,4801.216060697853,21408.35328386126,4168.490053295822,6.3817582899636625,2.1470118670739153,0.5925378874404733,0.22506596622651873
SparseGP_RFF,"(1, 2, 3, 12, 24)","{'alpha': 0.001, 'gamma_socio': 0.05, 'gamma_space': 0.1, 'gamma_time': 0.1, 'n_socio': 0, 'n_space': 200, 'n_time': 200, 'w_socio': 1.0, 'w_space': 1.0, 'w_time': 1.0}",5,15638.577210147847,4801.216060697853,21408.35328386126,4168.490053295822,6.3817582899636625,2.1470118670739153,0.5925378874404733,0.22506596622651873
SparseGP_RFF,"(1, 12, 24)","{'alpha': 0.001, 'gamma_socio': 0.05, 'gamma_space': 0.05, 'gamma_time': 0.05, 'n_socio': 0, 'n_space': 200, 'n_time': 200, 'w_socio': 1.0, 'w_space': 1.0, 'w_time': 1.0}",5,15064.181313510886,2653.2337962300044,21416.96438629708,2827.2494839440233,5.895498225629862,1.3039963649396054,0.5657792242138374,0.13795308989559354
SparseGP_RFF,"(1, 12, 24)","{'alpha': 0.001, 'gamma_socio': 0.1, 'gamma_space': 0.05, 'gamma_time': 0.05, 'n_socio': 0, 'n_space': 200, 'n_time': 200, 'w_socio': 1.0, 'w_space': 1.0, 'w_time': 1.0}",5,15064.181313510886,2653.2337962300044,21416.96438629708,2827.2494839440233,5.895498225629862,1.3039963649396054,0.5657792242138374,0.13795308989559354
SparseGP_RFF,"(1, 12, 24)","{'alpha': 0.01, 'gamma_socio': 0.1, 'gamma_space': 0.05, 'gamma_time': 0.05, 'n_socio': 0, 'n_space': 200, 'n_time': 200, 'w_socio': 1.0, 'w_space': 1.0, 'w_time': 1.0}",5,15045.934895021917,2642.863304048248,21425.742231799555,2816.205248273818,5.880320733640462,1.3005415165082814,0.5650545043815411,0.13751868927360297
SparseGP_RFF,"(1, 12, 24)","{'alpha': 0.01, 'gamma_socio': 0.05, 'gamma_space': 0.05, 'gamma_time': 0.05, 'n_socio': 0, 'n_space': 200, 'n_time': 200, 'w_socio': 1.0, 'w_space': 1.0, 'w_time': 1.0}",5,15045.934895021917,2642.863304048248,21425.742231799555,2816.205248273818,5.880320733640462,1.3005415165082814,0.5650545043815411,0.13751868927360297
SparseGP_RFF,"(1, 12, 24)","{'alpha': 0.01, 'gamma_socio': 0.1, 'gamma_space': 0.05, 'gamma_time': 0.05, 'n_socio': 0, 'n_space': 500, 'n_time': 200, 'w_socio': 1.0, 'w_space': 1.0, 'w_time': 1.0}",5,15049.602590509632,2649.2520475080532,21426.727929714867,2817.305161950044,5.882576103999315,1.302832410160911,0.5651941575577167,0.13772576292177685
SparseGP_RFF,"(1, 12, 24)","{'alpha': 0.01, 'gamma_socio': 0.05, 'gamma_space': 0.05, 'gamma_time': 0.05, 'n_socio': 0, 'n_space': 500, 'n_time': 200, 'w_socio': 1.0, 'w_space': 1.0, 'w_time': 1.0}",5,15049.602590509632,2649.2520475080532,21426.727929714867,2817.305161950044,5.882576103999315,1.302832410160911,0.5651941575577167,0.13772576292177685
SparseGP_RFF,"(1, 2, 12, 24)","{'alpha': 0.001, 'gamma_socio': 0.1, 'gamma_space': 0.1, 'gamma_time': 0.05, 'n_socio': 0, 'n_space': 200, 'n_time': 200, 'w_socio': 1.0, 'w_space': 1.0, 'w_time': 1.0}",5,15544.603132395167,4084.9180468540585,21445.367339104316,4123.363129910247,6.427218888288763,2.4876571863190713,0.5766256710904502,0.14420949020227838
SparseGP_RFF,"(1, 2, 12, 24)","{'alpha': 0.001, 'gamma_socio': 0.05, 'gamma_space': 0.1, 'gamma_time': 0.05, 'n_socio': 0, 'n_space': 200, 'n_time': 200, 'w_socio': 1.0, 'w_space': 1.0, 'w_time': 1.0}",5,15544.603132395167,4084.9180468540585,21445.367339104316,4123.363129910247,6.427218888288763,2.4876571863190713,0.5766256710904502,0.14420949020227838
SparseGP_RFF,"(1, 2, 3, 12, 24)","{'alpha': 0.001, 'gamma_socio': 0.1, 'gamma_space': 0.1, 'gamma_time': 0.05, 'n_socio': 0, 'n_space': 500, 'n_time': 200, 'w_socio': 1.0, 'w_space': 1.0, 'w_time': 1.0}",5,14817.571498147221,3650.4776931922947,21453.388133620207,3820.432127020086,5.898239889478361,1.9183977026688406,0.5591152829708632,0.17484084278755177
SparseGP_RFF,"(1, 2, 3, 12, 24)","{'alpha': 0.001, 'gamma_socio': 0.05, 'gamma_space': 0.1, 'gamma_time': 0.05, 'n_socio': 0, 'n_space': 500, 'n_time': 200, 'w_socio': 1.0, 'w_space': 1.0, 'w_time': 1.0}",5,14817.571498147221,3650.4776931922947,21453.388133620207,3820.432127020086,5.898239889478361,1.9183977026688406,0.5591152829708632,0.17484084278755177
SparseGP_RFF,"(1, 2, 3, 12, 24)","{'alpha': 0.001, 'gamma_socio': 0.1, 'gamma_space': 0.05, 'gamma_time': 0.1, 'n_socio': 0, 'n_space': 500, 'n_time': 200, 'w_socio': 1.0, 'w_space': 1.0, 'w_time': 1.0}",5,15692.11705882613,4755.033031554105,21465.13592797289,4133.637258338548,6.406629921110337,2.1319049742545566,0.5944109350692294,0.22335404078516177
SparseGP_RFF,"(1, 2, 3, 12, 24)","{'alpha': 0.001, 'gamma_socio': 0.05, 'gamma_space': 0.05, 'gamma_time': 0.1, 'n_socio': 0, 'n_space': 500, 'n_time': 200, 'w_socio': 1.0, 'w_space': 1.0, 'w_time': 1.0}",5,15692.11705882613,4755.033031554105,21465.13592797289,4133.637258338548,6.406629921110337,2.1319049742545566,0.5944109350692294,0.22335404078516177
SparseGP_RFF,"(1, 2, 12, 24)","{'alpha': 0.1, 'gamma_socio': 0.1, 'gamma_space': 0.1, 'gamma_time': 0.05, 'n_socio': 0, 'n_space': 500, 'n_time': 200, 'w_socio': 1.0, 'w_space': 1.0, 'w_time': 1.0}",5,15537.041039424486,4082.68809747405,21476.34222641146,4128.75729345346,6.427074106962212,2.5079745308385437,0.5760341175398358,0.142729026027584
SparseGP_RFF,"(1, 2, 12, 24)","{'alpha': 0.1, 'gamma_socio': 0.05, 'gamma_space': 0.1, 'gamma_time': 0.05, 'n_socio': 0, 'n_space': 500, 'n_time': 200, 'w_socio': 1.0, 'w_space': 1.0, 'w_time': 1.0}",5,15537.041039424486,4082.68809747405,21476.34222641146,4128.75729345346,6.427074106962212,2.5079745308385437,0.5760341175398358,0.142729026027584
SparseGP_RFF,"(1, 2, 3, 12, 24)","{'alpha': 0.01, 'gamma_socio': 0.1, 'gamma_space': 0.1, 'gamma_time': 0.1, 'n_socio': 0, 'n_space': 500, 'n_time': 200, 'w_socio': 1.0, 'w_space': 1.0, 'w_time': 1.0}",5,15684.277591289714,4791.144667813671,21480.0068384365,4155.24751359844,6.395113397159437,2.142638010535431,0.5941715959247167,0.22469849828764538
SparseGP_RFF,"(1, 2, 3, 12, 24)","{'alpha': 0.01, 'gamma_socio': 0.05, 'gamma_space': 0.1, 'gamma_time': 0.1, 'n_socio': 0, 'n_space': 500, 'n_time': 200, 'w_socio': 1.0, 'w_space': 1.0, 'w_time': 1.0}",5,15684.277591289714,4791.144667813671,21480.0068384365,4155.24751359844,6.395113397159437,2.142638010535431,0.5941715959247167,0.22469849828764538
SparseGP_RFF,"(1, 2, 12, 24)","{'alpha': 0.1, 'gamma_socio': 0.05, 'gamma_space': 0.1, 'gamma_time': 0.05, 'n_socio': 0, 'n_space': 200, 'n_time': 200, 'w_socio': 1.0, 'w_space': 1.0, 'w_time': 1.0}",5,15545.848617818023,4085.8817216349626,21490.664416387714,4133.008481945844,6.432005223059614,2.5140818219358927,0.5763311437999705,0.142711099170132
SparseGP_RFF,"(1, 2, 12, 24)","{'alpha': 0.1, 'gamma_socio': 0.1, 'gamma_space': 0.1, 'gamma_time': 0.05, 'n_socio': 0, 'n_space': 200, 'n_time': 200, 'w_socio': 1.0, 'w_space': 1.0, 'w_time': 1.0}",5,15545.848617818023,4085.8817216349626,21490.664416387714,4133.008481945844,6.432005223059614,2.5140818219358927,0.5763311437999705,0.142711099170132
SparseGP_RFF,"(1, 2, 12, 24)","{'alpha': 0.01, 'gamma_socio': 0.05, 'gamma_space': 0.1, 'gamma_time': 0.05, 'n_socio': 0, 'n_space': 500, 'n_time': 200, 'w_socio': 1.0, 'w_space': 1.0, 'w_time': 1.0}",5,15584.309406373966,4113.906562896604,21509.88756220931,4160.507414361038,6.444721211867932,2.5115132016100774,0.5779891661573356,0.14472975572527252
SparseGP_RFF,"(1, 2, 12, 24)","{'alpha': 0.01, 'gamma_socio': 0.1, 'gamma_space': 0.1, 'gamma_time': 0.05, 'n_socio': 0, 'n_space': 500, 'n_time': 200, 'w_socio': 1.0, 'w_space': 1.0, 'w_time': 1.0}",5,15584.309406373966,4113.906562896604,21509.88756220931,4160.507414361038,6.444721211867932,2.5115132016100774,0.5779891661573356,0.14472975572527252
SparseGP_RFF,"(1, 2, 12, 24)","{'alpha': 0.001, 'gamma_socio': 0.05, 'gamma_space': 0.05, 'gamma_time': 0.05, 'n_socio': 0, 'n_space': 500, 'n_time': 200, 'w_socio': 1.0, 'w_space': 1.0, 'w_time': 1.0}",5,15604.89169321415,4120.5317376050025,21511.525070615276,4170.341381982263,6.461148550819954,2.5207614548626407,0.5787011133369742,0.14471543074084234
SparseGP_RFF,"(1, 2, 12, 24)","{'alpha': 0.001, 'gamma_socio': 0.1, 'gamma_space': 0.05, 'gamma_time': 0.05, 'n_socio': 0, 'n_space': 500, 'n_time': 200, 'w_socio': 1.0, 'w_space': 1.0, 'w_time': 1.0}",5,15604.89169321415,4120.5317376050025,21511.525070615276,4170.341381982263,6.461148550819954,2.5207614548626407,0.5787011133369742,0.14471543074084234
SparseGP_RFF,"(1, 2, 12, 24)","{'alpha': 0.1, 'gamma_socio': 0.05, 'gamma_space': 0.05, 'gamma_time': 0.05, 'n_socio': 0, 'n_space': 500, 'n_time': 200, 'w_socio': 1.0, 'w_space': 1.0, 'w_time': 1.0}",5,15541.48574149529,4116.129952693486,21516.590866795854,4182.460256643327,6.427643494185996,2.5375422295849765,0.575984918271283,0.14303329456757863
SparseGP_RFF,"(1, 2, 12, 24)","{'alpha': 0.1, 'gamma_socio': 0.1, 'gamma_space': 0.05, 'gamma_time': 0.05, 'n_socio': 0, 'n_space': 500, 'n_time': 200, 'w_socio': 1.0, 'w_space': 1.0, 'w_time': 1.0}",5,15541.48574149529,4116.129952693486,21516.590866795854,4182.460256643327,6.427643494185996,2.5375422295849765,0.575984918271283,0.14303329456757863
SparseGP_RFF,"(1, 2, 3, 12, 24)","{'alpha': 0.001, 'gamma_socio': 0.05, 'gamma_space': 0.05, 'gamma_time': 0.1, 'n_socio': 0, 'n_space': 200, 'n_time': 200, 'w_socio': 1.0, 'w_space': 1.0, 'w_time': 1.0}",5,15759.635756537591,4763.735013428232,21522.32382766222,4144.829751140918,6.443095825024651,2.137853751069871,0.5969975621545904,0.22386666708337677
SparseGP_RFF,"(1, 2, 3, 12, 24)","{'alpha': 0.001, 'gamma_socio': 0.1, 'gamma_space': 0.05, 'gamma_time': 0.1, 'n_socio': 0, 'n_space': 200, 'n_time': 200, 'w_socio': 1.0, 'w_space': 1.0, 'w_time': 1.0}",5,15759.635756537591,4763.735013428232,21522.32382766222,4144.829751140918,6.443095825024651,2.137853751069871,0.5969975621545904,0.22386666708337677
SparseGP_RFF,"(1, 2, 3, 12, 24)","{'alpha': 0.001, 'gamma_socio': 0.1, 'gamma_space': 0.1, 'gamma_time': 0.05, 'n_socio': 0, 'n_space': 200, 'n_time': 200, 'w_socio': 1.0, 'w_space': 1.0, 'w_time': 1.0}",5,14898.78359252844,3628.1789767620335,21527.650555434502,3794.552403778026,5.933644442984248,1.91115715034081,0.5620532489044648,0.17397581743091292
SparseGP_RFF,"(1, 2, 3, 12, 24)","{'alpha': 0.001, 'gamma_socio': 0.05, 'gamma_space': 0.1, 'gamma_time': 0.05, 'n_socio': 0, 'n_space': 200, 'n_time': 200, 'w_socio': 1.0, 'w_space': 1.0, 'w_time': 1.0}",5,14898.78359252844,3628.1789767620335,21527.650555434502,3794.552403778026,5.933644442984248,1.91115715034081,0.5620532489044648,0.17397581743091292
SparseGP_RFF,"(1, 2, 3, 12, 24)","{'alpha': 0.01, 'gamma_socio': 0.05, 'gamma_space': 0.1, 'gamma_time': 0.1, 'n_socio': 0, 'n_space': 200, 'n_time': 200, 'w_socio': 1.0, 'w_space': 1.0, 'w_time': 1.0}",5,15739.508912761414,4779.945116717678,21527.99351812341,4147.884892676928,6.422986521471197,2.135727650633283,0.596230358311245,0.22439501591359678
SparseGP_RFF,"(1, 2, 3, 12, 24)","{'alpha': 0.01, 'gamma_socio': 0.1, 'gamma_space': 0.1, 'gamma_time': 0.1, 'n_socio': 0, 'n_space': 200, 'n_time': 200, 'w_socio': 1.0, 'w_space': 1.0, 'w_time': 1.0}",5,15739.508912761414,4779.945116717678,21527.99351812341,4147.884892676928,6.422986521471197,2.135727650633283,0.596230358311245,0.22439501591359678
SparseGP_RFF,"(1, 2, 3, 12, 24)","{'alpha': 0.01, 'gamma_socio': 0.05, 'gamma_space': 0.05, 'gamma_time': 0.1, 'n_socio': 0, 'n_space': 500, 'n_time': 200, 'w_socio': 1.0, 'w_space': 1.0, 'w_time': 1.0}",5,15737.801947084332,4739.836357553468,21536.447630397644,4115.475675211378,6.415329484894761,2.121960560654589,0.5960233777670192,0.22280124654247807
SparseGP_RFF,"(1, 2, 3, 12, 24)","{'alpha': 0.01, 'gamma_socio': 0.1, 'gamma_space': 0.05, 'gamma_time': 0.1, 'n_socio': 0, 'n_space': 500, 'n_time': 200, 'w_socio': 1.0, 'w_space': 1.0, 'w_time': 1.0}",5,15737.801947084332,4739.836357553468,21536.447630397644,4115.475675211378,6.415329484894761,2.121960560654589,0.5960233777670192,0.22280124654247807
SparseGP_RFF,"(1, 2, 3, 12, 24)","{'alpha': 0.1, 'gamma_socio': 0.05, 'gamma_space': 0.1, 'gamma_time': 0.1, 'n_socio': 0, 'n_space': 200, 'n_time': 200, 'w_socio': 1.0, 'w_space': 1.0, 'w_time': 1.0}",5,15718.5245841125,4718.886401362968,21537.28547744385,4094.779724387097,6.3989814389915765,2.1059852094842806,0.5952019292012427,0.22186692246033457
SparseGP_RFF,"(1, 2, 3, 12, 24)","{'alpha': 0.1, 'gamma_socio': 0.1, 'gamma_space': 0.1, 'gamma_time': 0.1, 'n_socio': 0, 'n_space': 200, 'n_time': 200, 'w_socio': 1.0, 'w_space': 1.0, 'w_time': 1.0}",5,15718.5245841125,4718.886401362968,21537.28547744385,4094.779724387097,6.3989814389915765,2.1059852094842806,0.5952019292012427,0.22186692246033457
SparseGP_RFF,"(1, 2, 3, 12, 24)","{'alpha': 0.1, 'gamma_socio': 0.05, 'gamma_space': 0.1, 'gamma_time': 0.1, 'n_socio': 0, 'n_space': 500, 'n_time': 200, 'w_socio': 1.0, 'w_space': 1.0, 'w_time': 1.0}",5,15726.664436035582,4739.903229161642,21541.613848057877,4109.133856369741,6.405990532650719,2.115979475967032,0.5955757192603895,0.22271663998665164
SparseGP_RFF,"(1, 2, 3, 12, 24)","{'alpha': 0.1, 'gamma_socio': 0.1, 'gamma_space': 0.1, 'gamma_time': 0.1, 'n_socio': 0, 'n_space': 500, 'n_time': 200, 'w_socio': 1.0, 'w_space': 1.0, 'w_time': 1.0}",5,15726.664436035582,4739.903229161642,21541.613848057877,4109.133856369741,6.405990532650719,2.115979475967032,0.5955757192603895,0.22271663998665164
SparseGP_RFF,"(1, 2, 3, 12, 24)","{'alpha': 0.01, 'gamma_socio': 0.1, 'gamma_space': 0.05, 'gamma_time': 0.1, 'n_socio': 0, 'n_space': 200, 'n_time': 200, 'w_socio': 1.0, 'w_space': 1.0, 'w_time': 1.0}",5,15743.033918695655,4740.337914749896,21544.157386589388,4120.1200204477955,6.417445512849691,2.1225904932648056,0.5962093176677057,0.2228240784755269
SparseGP_RFF,"(1, 2, 3, 12, 24)","{'alpha': 0.01, 'gamma_socio': 0.05, 'gamma_space': 0.05, 'gamma_time': 0.1, 'n_socio': 0, 'n_space': 200, 'n_time': 200, 'w_socio': 1.0, 'w_space': 1.0, 'w_time': 1.0}",5,15743.033918695655,4740.337914749896,21544.157386589388,4120.1200204477955,6.417445512849691,2.1225904932648056,0.5962093176677057,0.2228240784755269
SparseGP_RFF,"(1, 2, 12, 24)","{'alpha': 0.1, 'gamma_socio': 0.1, 'gamma_space': 0.05, 'gamma_time': 0.05, 'n_socio': 0, 'n_space': 200, 'n_time': 200, 'w_socio': 1.0, 'w_space': 1.0, 'w_time': 1.0}",5,15572.928948085533,4127.707391791292,21551.257306581283,4196.736958003905,6.445595866824624,2.55196452176881,0.5771494071101086,0.1434607469396716
SparseGP_RFF,"(1, 2, 12, 24)","{'alpha': 0.1, 'gamma_socio': 0.05, 'gamma_space': 0.05, 'gamma_time': 0.05, 'n_socio': 0, 'n_space': 200, 'n_time': 200, 'w_socio': 1.0, 'w_space': 1.0, 'w_time': 1.0}",5,15572.928948085533,4127.707391791292,21551.257306581283,4196.736958003905,6.445595866824624,2.55196452176881,0.5771494071101086,0.1434607469396716
SparseGP_RFF,"(1, 2, 12, 24)","{'alpha': 0.001, 'gamma_socio': 0.05, 'gamma_space': 0.05, 'gamma_time': 0.05, 'n_socio': 0, 'n_space': 200, 'n_time': 200, 'w_socio': 1.0, 'w_space': 1.0, 'w_time': 1.0}",5,15648.893215011223,4131.33647064481,21553.063793310015,4178.8350142453455,6.485841695641793,2.530377517121082,0.5803347291453148,0.1450746187088665
SparseGP_RFF,"(1, 2, 12, 24)","{'alpha': 0.001, 'gamma_socio': 0.1, 'gamma_space': 0.05, 'gamma_time': 0.05, 'n_socio': 0, 'n_space': 200, 'n_time': 200, 'w_socio': 1.0, 'w_space': 1.0, 'w_time': 1.0}",5,15648.893215011223,4131.33647064481,21553.063793310015,4178.8350142453455,6.485841695641793,2.530377517121082,0.5803347291453148,0.1450746187088665
SparseGP_RFF,"(1, 2, 3, 12, 24)","{'alpha': 0.1, 'gamma_socio': 0.1, 'gamma_space': 0.05, 'gamma_time': 0.1, 'n_socio': 0, 'n_space': 500, 'n_time': 200, 'w_socio': 1.0, 'w_space': 1.0, 'w_time': 1.0}",5,15715.677552671428,4703.21162226637,21557.158713179706,4091.2993728634115,6.3793858351559605,2.0993093405622187,0.5948724002755068,0.22111014901951798
SparseGP_RFF,"(1, 2, 3, 12, 24)","{'alpha': 0.1, 'gamma_socio': 0.05, 'gamma_space': 0.05, 'gamma_time': 0.1, 'n_socio': 0, 'n_space': 500, 'n_time': 200, 'w_socio': 1.0, 'w_space': 1.0, 'w_time': 1.0}",5,15715.677552671428,4703.21162226637,21557.158713179706,4091.2993728634115,6.3793858351559605,2.0993093405622187,0.5948724002755068,0.22111014901951798
SparseGP_RFF,"(1, 2, 12, 24)","{'alpha': 0.01, 'gamma_socio': 0.1, 'gamma_space': 0.1, 'gamma_time': 0.05, 'n_socio': 0, 'n_space': 200, 'n_time': 200, 'w_socio': 1.0, 'w_space': 1.0, 'w_time': 1.0}",5,15631.810871070415,4134.39868785265,21557.528580045273,4183.519094800204,6.472940811566732,2.531468339802242,0.5796963833510682,0.1451734403512783
SparseGP_RFF,"(1, 2, 12, 24)","{'alpha': 0.01, 'gamma_socio': 0.05, 'gamma_space': 0.1, 'gamma_time': 0.05, 'n_socio': 0, 'n_space': 200, 'n_time': 200, 'w_socio': 1.0, 'w_space': 1.0, 'w_time': 1.0}",5,15631.810871070415,4134.39868785265,21557.528580045273,4183.519094800204,6.472940811566732,2.531468339802242,0.5796963833510682,0.1451734403512783
SparseGP_RFF,"(1, 2, 12, 24)","{'alpha': 0.01, 'gamma_socio': 0.05, 'gamma_space': 0.05, 'gamma_time': 0.05, 'n_socio': 0, 'n_space': 500, 'n_time': 200, 'w_socio': 1.0, 'w_space': 1.0, 'w_time': 1.0}",5,15622.254397734956,4139.441080499637,21559.843107593668,4197.471646756049,6.470542355599908,2.5404934459284356,0.5791749351331875,0.1446078093278173
SparseGP_RFF,"(1, 2, 12, 24)","{'alpha': 0.01, 'gamma_socio': 0.1, 'gamma_space': 0.05, 'gamma_time': 0.05, 'n_socio': 0, 'n_space': 500, 'n_time': 200, 'w_socio': 1.0, 'w_space': 1.0, 'w_time': 1.0}",5,15622.254397734956,4139.441080499637,21559.843107593668,4197.471646756049,6.470542355599908,2.5404934459284356,0.5791749351331875,0.1446078093278173
SparseGP_RFF,"(1, 2, 3, 12, 24)","{'alpha': 0.1, 'gamma_socio': 0.05, 'gamma_space': 0.1, 'gamma_time': 0.05, 'n_socio': 0, 'n_space': 200, 'n_time': 200, 'w_socio': 1.0, 'w_space': 1.0, 'w_time': 1.0}",5,14951.024067348748,3495.567893516475,21560.074531794875,3619.9867471121115,5.939829989702512,1.8391306573036645,0.5636446044309652,0.16873581511244337
SparseGP_RFF,"(1, 2, 3, 12, 24)","{'alpha': 0.1, 'gamma_socio': 0.1, 'gamma_space': 0.1, 'gamma_time': 0.05, 'n_socio': 0, 'n_space': 200, 'n_time': 200, 'w_socio': 1.0, 'w_space': 1.0, 'w_time': 1.0}",5,14951.024067348748,3495.567893516475,21560.074531794875,3619.9867471121115,5.939829989702512,1.8391306573036645,0.5636446044309652,0.16873581511244337
SparseGP_RFF,"(1, 2, 3, 12, 24)","{'alpha': 0.1, 'gamma_socio': 0.1, 'gamma_space': 0.1, 'gamma_time': 0.05, 'n_socio': 0, 'n_space': 500, 'n_time': 200, 'w_socio': 1.0, 'w_space': 1.0, 'w_time': 1.0}",5,14957.873940970778,3530.8400195379236,21570.71270694553,3662.8004487246667,5.948665704505741,1.8576547974515447,0.5640011244598929,0.17020831501548142
SparseGP_RFF,"(1, 2, 3, 12, 24)","{'alpha': 0.1, 'gamma_socio': 0.05, 'gamma_space': 0.1, 'gamma_time': 0.05, 'n_socio': 0, 'n_space': 500, 'n_time': 200, 'w_socio': 1.0, 'w_space': 1.0, 'w_time': 1.0}",5,14957.873940970778,3530.8400195379236,21570.71270694553,3662.8004487246667,5.948665704505741,1.8576547974515447,0.5640011244598929,0.17020831501548142
SparseGP_RFF,"(1, 2, 12, 24)","{'alpha': 0.01, 'gamma_socio': 0.1, 'gamma_space': 0.05, 'gamma_time': 0.05, 'n_socio': 0, 'n_space': 200, 'n_time': 200, 'w_socio': 1.0, 'w_space': 1.0, 'w_time': 1.0}",5,15635.344837047829,4150.57968296815,21578.10195486797,4206.558084598308,6.478319826085034,2.549228993462891,0.5796631251659247,0.14501296264139557
SparseGP_RFF,"(1, 2, 12, 24)","{'alpha': 0.01, 'gamma_socio': 0.05, 'gamma_space': 0.05, 'gamma_time': 0.05, 'n_socio': 0, 'n_space': 200, 'n_time': 200, 'w_socio': 1.0, 'w_space': 1.0, 'w_time': 1.0}",5,15635.344837047829,4150.57968296815,21578.10195486797,4206.558084598308,6.478319826085034,2.549228993462891,0.5796631251659247,0.14501296264139557
SparseGP_RFF,"(1, 2, 3, 12, 24)","{'alpha': 0.1, 'gamma_socio': 0.05, 'gamma_space': 0.05, 'gamma_time': 0.1, 'n_socio': 0, 'n_space': 200, 'n_time': 200, 'w_socio': 1.0, 'w_space': 1.0, 'w_time': 1.0}",5,15733.397245649456,4704.10955469505,21581.03834192234,4101.348382864064,6.382612626679618,2.1014489389247952,0.5954964746004338,0.2211426339825706
SparseGP_RFF,"(1, 2, 3, 12, 24)","{'alpha': 0.1, 'gamma_socio': 0.1, 'gamma_space': 0.05, 'gamma_time': 0.1, 'n_socio': 0, 'n_space': 200, 'n_time': 200, 'w_socio': 1.0, 'w_space': 1.0, 'w_time': 1.0}",5,15733.397245649456,4704.10955469505,21581.03834192234,4101.348382864064,6.382612626679618,2.1014489389247952,0.5954964746004338,0.2211426339825706
SparseGP_RFF,"(1, 2, 3, 12, 24)","{'alpha': 0.1, 'gamma_socio': 0.05, 'gamma_space': 0.05, 'gamma_time': 0.05, 'n_socio': 0, 'n_space': 500, 'n_time': 200, 'w_socio': 1.0, 'w_space': 1.0, 'w_time': 1.0}",5,14985.338327092886,3406.714385723216,21584.532636254135,3500.03560529382,5.935701636565153,1.7971042937619102,0.5646266398625645,0.1651175539269129
SparseGP_RFF,"(1, 2, 3, 12, 24)","{'alpha': 0.1, 'gamma_socio': 0.1, 'gamma_space': 0.05, 'gamma_time': 0.05, 'n_socio': 0, 'n_space': 500, 'n_time': 200, 'w_socio': 1.0, 'w_space': 1.0, 'w_time': 1.0}",5,14985.338327092886,3406.714385723216,21584.532636254135,3500.03560529382,5.935701636565153,1.7971042937619102,0.5646266398625645,0.1651175539269129
SparseGP_RFF,"(1, 2, 3, 12, 24)","{'alpha': 0.001, 'gamma_socio': 0.05, 'gamma_space': 0.05, 'gamma_time': 0.05, 'n_socio': 0, 'n_space': 500, 'n_time': 200, 'w_socio': 1.0, 'w_space': 1.0, 'w_time': 1.0}",5,14963.535001853521,3598.191911440664,21585.681822473456,3748.660643442314,5.958493324899266,1.9008551035100998,0.5643748685326233,0.17285535231222604
SparseGP_RFF,"(1, 2, 3, 12, 24)","{'alpha': 0.001, 'gamma_socio': 0.1, 'gamma_space': 0.05, 'gamma_time': 0.05, 'n_socio': 0, 'n_space': 500, 'n_time': 200, 'w_socio': 1.0, 'w_space': 1.0, 'w_time': 1.0}",5,14963.535001853521,3598.191911440664,21585.681822473456,3748.660643442314,5.958493324899266,1.9008551035100998,0.5643748685326233,0.17285535231222604
SparseGP_RFF,"(1, 2, 3, 12, 24)","{'alpha': 0.01, 'gamma_socio': 0.1, 'gamma_space': 0.1, 'gamma_time': 0.05, 'n_socio': 0, 'n_space': 500, 'n_time': 200, 'w_socio': 1.0, 'w_space': 1.0, 'w_time': 1.0}",5,14968.243919175671,3619.5657504468927,21601.724064630536,3772.1325900038923,5.961083733395883,1.9047778355251241,0.5645881806249748,0.1736604584763526
SparseGP_RFF,"(1, 2, 3, 12, 24)","{'alpha': 0.01, 'gamma_socio': 0.05, 'gamma_space': 0.1, 'gamma_time': 0.05, 'n_socio': 0, 'n_space': 500, 'n_time': 200, 'w_socio': 1.0, 'w_space': 1.0, 'w_time': 1.0}",5,14968.243919175671,3619.5657504468927,21601.724064630536,3772.1325900038923,5.961083733395883,1.9047778355251241,0.5645881806249748,0.1736604584763526
SparseGP_RFF,"(1, 2, 3, 12, 24)","{'alpha': 0.1, 'gamma_socio': 0.05, 'gamma_space': 0.05, 'gamma_time': 0.05, 'n_socio': 0, 'n_space': 200, 'n_time': 200, 'w_socio': 1.0, 'w_space': 1.0, 'w_time': 1.0}",5,15015.871242121237,3386.476286285247,21614.58743592537,3480.877415304096,5.94696338394274,1.7880861429013846,0.5656916089993734,0.16428629711772713
SparseGP_RFF,"(1, 2, 3, 12, 24)","{'alpha': 0.1, 'gamma_socio': 0.1, 'gamma_space': 0.05, 'gamma_time': 0.05, 'n_socio': 0, 'n_space': 200, 'n_time': 200, 'w_socio': 1.0, 'w_space': 1.0, 'w_time': 1.0}",5,15015.871242121237,3386.476286285247,21614.58743592537,3480.877415304096,5.94696338394274,1.7880861429013846,0.5656916089993734,0.16428629711772713
SparseGP_RFF,"(1, 2, 3, 12, 24)","{'alpha': 0.001, 'gamma_socio': 0.1, 'gamma_space': 0.05, 'gamma_time': 0.05, 'n_socio': 0, 'n_space': 200, 'n_time': 200, 'w_socio': 1.0, 'w_space': 1.0, 'w_time': 1.0}",5,15016.48164024207,3617.254862502595,21639.29045140482,3778.748604386177,5.986733096011926,1.9135392384218235,0.5663937800937962,0.17368119245782623
SparseGP_RFF,"(1, 2, 3, 12, 24)","{'alpha': 0.001, 'gamma_socio': 0.05, 'gamma_space': 0.05, 'gamma_time': 0.05, 'n_socio': 0, 'n_space': 200, 'n_time': 200, 'w_socio': 1.0, 'w_space': 1.0, 'w_time': 1.0}",5,15016.48164024207,3617.254862502595,21639.29045140482,3778.748604386177,5.986733096011926,1.9135392384218235,0.5663937800937962,0.17368119245782623
SparseGP_RFF,"(1, 2, 3, 12, 24)","{'alpha': 0.01, 'gamma_socio': 0.1, 'gamma_space': 0.05, 'gamma_time': 0.05, 'n_socio': 0, 'n_space': 500, 'n_time': 200, 'w_socio': 1.0, 'w_space': 1.0, 'w_time': 1.0}",5,15020.770250209393,3549.362256195409,21642.177872164164,3686.8813506581264,5.974819271678234,1.872759403631571,0.5663310106237226,0.17082925621452244
SparseGP_RFF,"(1, 2, 3, 12, 24)","{'alpha': 0.01, 'gamma_socio': 0.05, 'gamma_space': 0.05, 'gamma_time': 0.05, 'n_socio': 0, 'n_space': 500, 'n_time': 200, 'w_socio': 1.0, 'w_space': 1.0, 'w_time': 1.0}",5,15020.770250209393,3549.362256195409,21642.177872164164,3686.8813506581264,5.974819271678234,1.872759403631571,0.5663310106237226,0.17082925621452244
SparseGP_RFF,"(1, 2, 3, 12, 24)","{'alpha': 0.01, 'gamma_socio': 0.1, 'gamma_space': 0.05, 'gamma_time': 0.05, 'n_socio': 0, 'n_space': 200, 'n_time': 200, 'w_socio': 1.0, 'w_space': 1.0, 'w_time': 1.0}",5,15021.586353692837,3532.5421929768636,21644.621226270887,3670.0917989597388,5.973980979756914,1.8650342808383586,0.566312448015662,0.17012965268116637
SparseGP_RFF,"(1, 2, 3, 12, 24)","{'alpha': 0.01, 'gamma_socio': 0.05, 'gamma_space': 0.05, 'gamma_time': 0.05, 'n_socio': 0, 'n_space': 200, 'n_time': 200, 'w_socio': 1.0, 'w_space': 1.0, 'w_time': 1.0}",5,15021.586353692837,3532.5421929768636,21644.621226270887,3670.0917989597388,5.973980979756914,1.8650342808383586,0.566312448015662,0.17012965268116637
SparseGP_RFF,"(1, 2, 3, 12, 24)","{'alpha': 0.01, 'gamma_socio': 0.05, 'gamma_space': 0.1, 'gamma_time': 0.05, 'n_socio': 0, 'n_space': 200, 'n_time': 200, 'w_socio': 1.0, 'w_space': 1.0, 'w_time': 1.0}",5,15020.100456911701,3615.8142779669656,21651.284244748407,3772.4845554889853,5.9850367656345655,1.9046339760499182,0.5664972953761472,0.1735388444518021
SparseGP_RFF,"(1, 2, 3, 12, 24)","{'alpha': 0.01, 'gamma_socio': 0.1, 'gamma_space': 0.1, 'gamma_time': 0.05, 'n_socio': 0, 'n_space': 200, 'n_time': 200, 'w_socio': 1.0, 'w_space': 1.0, 'w_time': 1.0}",5,15020.100456911701,3615.8142779669656,21651.284244748407,3772.4845554889853,5.9850367656345655,1.9046339760499182,0.5664972953761472,0.1735388444518021
SparseGP_RFF,"(1, 2, 12, 24)","{'alpha': 0.001, 'gamma_socio': 0.1, 'gamma_space': 0.1, 'gamma_time': 0.1, 'n_socio': 0, 'n_space': 500, 'n_time': 500, 'w_socio': 1.0, 'w_space': 1.0, 'w_time': 1.0}",5,15569.71762518005,3026.7563837729676,21737.705043277118,2690.08413445394,6.194004859781009,1.4341613701900144,0.5822079000782296,0.12984025200476282
SparseGP_RFF,"(1, 2, 12, 24)","{'alpha': 0.001, 'gamma_socio': 0.05, 'gamma_space': 0.1, 'gamma_time': 0.1, 'n_socio': 0, 'n_space': 500, 'n_time': 500, 'w_socio': 1.0, 'w_space': 1.0, 'w_time': 1.0}",5,15569.71762518005,3026.7563837729676,21737.705043277118,2690.08413445394,6.194004859781009,1.4341613701900144,0.5822079000782296,0.12984025200476282
SparseGP_RFF,"(1, 2, 12, 24)","{'alpha': 0.1, 'gamma_socio': 0.1, 'gamma_space': 0.1, 'gamma_time': 0.1, 'n_socio': 0, 'n_space': 500, 'n_time': 500, 'w_socio': 1.0, 'w_space': 1.0, 'w_time': 1.0}",5,15593.431201317793,2945.2204192846552,21772.43969756691,2617.3660279089813,6.197733612890555,1.4007528133913234,0.5830779300662934,0.12756875871711576
SparseGP_RFF,"(1, 2, 12, 24)","{'alpha': 0.1, 'gamma_socio': 0.05, 'gamma_space': 0.1, 'gamma_time': 0.1, 'n_socio': 0, 'n_space': 500, 'n_time': 500, 'w_socio': 1.0, 'w_space': 1.0, 'w_time': 1.0}",5,15593.431201317793,2945.2204192846552,21772.43969756691,2617.3660279089813,6.197733612890555,1.4007528133913234,0.5830779300662934,0.12756875871711576
SparseGP_RFF,"(1, 2, 12, 24)","{'alpha': 0.1, 'gamma_socio': 0.1, 'gamma_space': 0.1, 'gamma_time': 0.1, 'n_socio': 0, 'n_space': 200, 'n_time': 500, 'w_socio': 1.0, 'w_space': 1.0, 'w_time': 1.0}",5,15594.48505469155,2939.114829701503,21774.765367203643,2614.0518702988616,6.196704009433808,1.4003043974169478,0.5830746838666171,0.12719260924832962
SparseGP_RFF,"(1, 2, 12, 24)","{'alpha': 0.1, 'gamma_socio': 0.05, 'gamma_space': 0.1, 'gamma_time': 0.1, 'n_socio': 0, 'n_space': 200, 'n_time': 500, 'w_socio': 1.0, 'w_space': 1.0, 'w_time': 1.0}",5,15594.48505469155,2939.114829701503,21774.765367203643,2614.0518702988616,6.196704009433808,1.4003043974169478,0.5830746838666171,0.12719260924832962
SparseGP_RFF,"(1, 2, 12, 24)","{'alpha': 0.1, 'gamma_socio': 0.05, 'gamma_space': 0.05, 'gamma_time': 0.1, 'n_socio': 0, 'n_space': 500, 'n_time': 500, 'w_socio': 1.0, 'w_space': 1.0, 'w_time': 1.0}",5,15598.898090834386,2909.4650415274214,21810.170312111375,2616.8271666180226,6.1796150892902775,1.3926412853770758,0.582992821106756,0.12513382432732112
SparseGP_RFF,"(1, 2, 12, 24)","{'alpha': 0.1, 'gamma_socio': 0.1, 'gamma_space': 0.05, 'gamma_time': 0.1, 'n_socio': 0, 'n_space': 500, 'n_time': 500, 'w_socio': 1.0, 'w_space': 1.0, 'w_time': 1.0}",5,15598.898090834386,2909.4650415274214,21810.170312111375,2616.8271666180226,6.1796150892902775,1.3926412853770758,0.582992821106756,0.12513382432732112
SparseGP_RFF,"(1, 2, 12, 24)","{'alpha': 0.001, 'gamma_socio': 0.1, 'gamma_space': 0.1, 'gamma_time': 0.1, 'n_socio': 0, 'n_space': 200, 'n_time': 500, 'w_socio': 1.0, 'w_space': 1.0, 'w_time': 1.0}",5,15666.995489734423,3056.506985884542,21833.073869970754,2736.5697652882104,6.241199707642684,1.4538938382782427,0.5858766140670287,0.13111399266408358
SparseGP_RFF,"(1, 2, 12, 24)","{'alpha': 0.001, 'gamma_socio': 0.05, 'gamma_space': 0.1, 'gamma_time': 0.1, 'n_socio': 0, 'n_space': 200, 'n_time': 500, 'w_socio': 1.0, 'w_space': 1.0, 'w_time': 1.0}",5,15666.995489734423,3056.506985884542,21833.073869970754,2736.5697652882104,6.241199707642684,1.4538938382782427,0.5858766140670287,0.13111399266408358
SparseGP_RFF,"(1, 2, 12, 24)","{'alpha': 0.1, 'gamma_socio': 0.1, 'gamma_space': 0.05, 'gamma_time': 0.1, 'n_socio': 0, 'n_space': 200, 'n_time': 500, 'w_socio': 1.0, 'w_space': 1.0, 'w_time': 1.0}",5,15638.10844578479,2914.7584621291844,21854.44186264434,2635.52596371872,6.198151396034576,1.3978417934930216,0.5843829845696225,0.1250042927554032
SparseGP_RFF,"(1, 2, 12, 24)","{'alpha': 0.1, 'gamma_socio': 0.05, 'gamma_space': 0.05, 'gamma_time': 0.1, 'n_socio': 0, 'n_space': 200, 'n_time': 500, 'w_socio': 1.0, 'w_space': 1.0, 'w_time': 1.0}",5,15638.10844578479,2914.7584621291844,21854.44186264434,2635.52596371872,6.198151396034576,1.3978417934930216,0.5843829845696225,0.1250042927554032
SparseGP_RFF,"(1, 2, 12, 24)","{'alpha': 0.01, 'gamma_socio': 0.1, 'gamma_space': 0.1, 'gamma_time': 0.1, 'n_socio': 0, 'n_space': 500, 'n_time': 500, 'w_socio': 1.0, 'w_space': 1.0, 'w_time': 1.0}",5,15663.48460093211,3019.970418235833,21855.21112346668,2703.379240528412,6.2292054863614315,1.4335783167022507,0.5857756993446239,0.13025204533517107
SparseGP_RFF,"(1, 2, 12, 24)","{'alpha': 0.01, 'gamma_socio': 0.05, 'gamma_space': 0.1, 'gamma_time': 0.1, 'n_socio': 0, 'n_space': 500, 'n_time': 500, 'w_socio': 1.0, 'w_space': 1.0, 'w_time': 1.0}",5,15663.48460093211,3019.970418235833,21855.21112346668,2703.379240528412,6.2292054863614315,1.4335783167022507,0.5857756993446239,0.13025204533517107
SparseGP_RFF,"(1, 2, 12, 24)","{'alpha': 0.001, 'gamma_socio': 0.05, 'gamma_space': 0.05, 'gamma_time': 0.1, 'n_socio': 0, 'n_space': 500, 'n_time': 500, 'w_socio': 1.0, 'w_space': 1.0, 'w_time': 1.0}",5,15711.228070044648,3046.8452019904357,21885.26592654557,2737.117144659299,6.259401707777831,1.45371316407722,0.5875327324001176,0.13100729960084073
SparseGP_RFF,"(1, 2, 12, 24)","{'alpha': 0.001, 'gamma_socio': 0.1, 'gamma_space': 0.05, 'gamma_time': 0.1, 'n_socio': 0, 'n_space': 500, 'n_time': 500, 'w_socio': 1.0, 'w_space': 1.0, 'w_time': 1.0}",5,15711.228070044648,3046.8452019904357,21885.26592654557,2737.117144659299,6.259401707777831,1.45371316407722,0.5875327324001176,0.13100729960084073
SparseGP_RFF,"(1, 2, 12, 24)","{'alpha': 0.01, 'gamma_socio': 0.05, 'gamma_space': 0.1, 'gamma_time': 0.1, 'n_socio': 0, 'n_space': 200, 'n_time': 500, 'w_socio': 1.0, 'w_space': 1.0, 'w_time': 1.0}",5,15705.862744999662,3025.4733452252194,21896.288567437652,2711.8187739313603,6.249810017825472,1.4392007073009494,0.5873899130651054,0.13066584834874473
SparseGP_RFF,"(1, 2, 12, 24)","{'alpha': 0.01, 'gamma_socio': 0.1, 'gamma_space': 0.1, 'gamma_time': 0.1, 'n_socio': 0, 'n_space': 200, 'n_time': 500, 'w_socio': 1.0, 'w_space': 1.0, 'w_time': 1.0}",5,15705.862744999662,3025.4733452252194,21896.288567437652,2711.8187739313603,6.249810017825472,1.4392007073009494,0.5873899130651054,0.13066584834874473
SparseGP_RFF,"(1, 2, 12, 24)","{'alpha': 0.01, 'gamma_socio': 0.05, 'gamma_space': 0.05, 'gamma_time': 0.1, 'n_socio': 0, 'n_space': 500, 'n_time': 500, 'w_socio': 1.0, 'w_space': 1.0, 'w_time': 1.0}",5,15695.214718220359,2997.408282202384,21898.25376666169,2692.599446176422,6.235912544060776,1.4283014022741394,0.5868736726624129,0.12926604634415761
SparseGP_RFF,"(1, 2, 12, 24)","{'alpha': 0.01, 'gamma_socio': 0.1, 'gamma_space': 0.05, 'gamma_time': 0.1, 'n_socio': 0, 'n_space': 500, 'n_time': 500, 'w_socio': 1.0, 'w_space': 1.0, 'w_time': 1.0}",5,15695.214718220359,2997.408282202384,21898.25376666169,2692.599446176422,6.235912544060776,1.4283014022741394,0.5868736726624129,0.12926604634415761
SparseGP_RFF,"(1, 2, 12, 24)","{'alpha': 0.01, 'gamma_socio': 0.1, 'gamma_space': 0.05, 'gamma_time': 0.1, 'n_socio': 0, 'n_space': 200, 'n_time': 500, 'w_socio': 1.0, 'w_space': 1.0, 'w_time': 1.0}",5,15702.939055501867,2998.7606181151723,21910.892459180726,2696.9752676857624,6.238818645503346,1.4297690211460652,0.5871382308227224,0.12920059792104419
SparseGP_RFF,"(1, 2, 12, 24)","{'alpha': 0.01, 'gamma_socio': 0.05, 'gamma_space': 0.05, 'gamma_time': 0.1, 'n_socio': 0, 'n_space': 200, 'n_time': 500, 'w_socio': 1.0, 'w_space': 1.0, 'w_time': 1.0}",5,15702.939055501867,2998.7606181151723,21910.892459180726,2696.9752676857624,6.238818645503346,1.4297690211460652,0.5871382308227224,0.12920059792104419
SparseGP_RFF,"(1, 2, 12, 24)","{'alpha': 0.001, 'gamma_socio': 0.1, 'gamma_space': 0.05, 'gamma_time': 0.1, 'n_socio': 0, 'n_space': 200, 'n_time': 500, 'w_socio': 1.0, 'w_space': 1.0, 'w_time': 1.0}",5,15754.546968980101,3058.348839284167,21928.81749094002,2751.93565038035,6.281431390183323,1.4590838473655736,0.5891968230020932,0.13165956287108782
SparseGP_RFF,"(1, 2, 12, 24)","{'alpha': 0.001, 'gamma_socio': 0.05, 'gamma_space': 0.05, 'gamma_time': 0.1, 'n_socio': 0, 'n_space': 200, 'n_time': 500, 'w_socio': 1.0, 'w_space': 1.0, 'w_time': 1.0}",5,15754.546968980101,3058.348839284167,21928.81749094002,2751.93565038035,6.281431390183323,1.4590838473655736,0.5891968230020932,0.13165956287108782
SparseGP_RFF,"(1, 2, 12, 24)","{'alpha': 0.1, 'gamma_socio': 0.1, 'gamma_space': 0.1, 'gamma_time': 0.05, 'n_socio': 0, 'n_space': 500, 'n_time': 500, 'w_socio': 1.0, 'w_space': 1.0, 'w_time': 1.0}",5,15259.47020079889,3657.9850698342652,21993.223620164812,3534.181768224972,5.822805928758789,1.7871821706799702,0.5696867769819152,0.1478810093079143
SparseGP_RFF,"(1, 2, 12, 24)","{'alpha': 0.1, 'gamma_socio': 0.05, 'gamma_space': 0.1, 'gamma_time': 0.05, 'n_socio': 0, 'n_space': 500, 'n_time': 500, 'w_socio': 1.0, 'w_space': 1.0, 'w_time': 1.0}",5,15259.47020079889,3657.9850698342652,21993.223620164812,3534.181768224972,5.822805928758789,1.7871821706799702,0.5696867769819152,0.1478810093079143
SparseGP_RFF,"(1, 2, 12, 24)","{'alpha': 0.1, 'gamma_socio': 0.1, 'gamma_space': 0.05, 'gamma_time': 0.05, 'n_socio': 0, 'n_space': 500, 'n_time': 500, 'w_socio': 1.0, 'w_space': 1.0, 'w_time': 1.0}",5,15257.893333014199,3612.4271420364644,21994.222401649033,3468.4969732623667,5.810459988355975,1.7486952007500005,0.5695693875218396,0.14623844991882262
SparseGP_RFF,"(1, 2, 12, 24)","{'alpha': 0.1, 'gamma_socio': 0.05, 'gamma_space': 0.05, 'gamma_time': 0.05, 'n_socio': 0, 'n_space': 500, 'n_time': 500, 'w_socio': 1.0, 'w_space': 1.0, 'w_time': 1.0}",5,15257.893333014199,3612.4271420364644,21994.222401649033,3468.4969732623667,5.810459988355975,1.7486952007500005,0.5695693875218396,0.14623844991882262
SparseGP_RFF,"(1, 2, 12, 24)","{'alpha': 0.1, 'gamma_socio': 0.1, 'gamma_space': 0.1, 'gamma_time': 0.05, 'n_socio': 0, 'n_space': 200, 'n_time': 500, 'w_socio': 1.0, 'w_space': 1.0, 'w_time': 1.0}",5,15270.582796449458,3657.396109575073,22001.166369071692,3532.0566276917566,5.825713885401873,1.7833106953039584,0.5700780184672005,0.14776870048984905
SparseGP_RFF,"(1, 2, 12, 24)","{'alpha': 0.1, 'gamma_socio': 0.05, 'gamma_space': 0.1, 'gamma_time': 0.05, 'n_socio': 0, 'n_space': 200, 'n_time': 500, 'w_socio': 1.0, 'w_space': 1.0, 'w_time': 1.0}",5,15270.582796449458,3657.396109575073,22001.166369071692,3532.0566276917566,5.825713885401873,1.7833106953039584,0.5700780184672005,0.14776870048984905
SparseGP_RFF,"(1, 2, 12, 24)","{'alpha': 0.1, 'gamma_socio': 0.05, 'gamma_space': 0.05, 'gamma_time': 0.05, 'n_socio': 0, 'n_space': 200, 'n_time': 500, 'w_socio': 1.0, 'w_space': 1.0, 'w_time': 1.0}",5,15275.152380990094,3616.1730875004146,22015.52990779207,3479.215924260105,5.819379673989248,1.746278965669893,0.5701568396429123,0.14612078593119
SparseGP_RFF,"(1, 2, 12, 24)","{'alpha': 0.1, 'gamma_socio': 0.1, 'gamma_space': 0.05, 'gamma_time': 0.05, 'n_socio': 0, 'n_space': 200, 'n_time': 500, 'w_socio': 1.0, 'w_space': 1.0, 'w_time': 1.0}",5,15275.152380990094,3616.1730875004146,22015.52990779207,3479.215924260105,5.819379673989248,1.746278965669893,0.5701568396429123,0.14612078593119
SparseGP_RFF,"(1, 2, 3, 4, 5, 6, 12)","{'alpha': 0.001, 'gamma_socio': 0.1, 'gamma_space': 0.1, 'gamma_time': 0.1, 'n_socio': 0, 'n_space': 500, 'n_time': 500, 'w_socio': 1.0, 'w_space': 1.0, 'w_time': 1.0}",5,16703.540051214954,4447.650073418561,22318.13149372993,4023.4301955213614,6.732229221029835,1.8313722350797377,0.6656487827140974,0.1880821626598037
SparseGP_RFF,"(1, 2, 3, 4, 5, 6, 12)","{'alpha': 0.001, 'gamma_socio': 0.05, 'gamma_space': 0.1, 'gamma_time': 0.1, 'n_socio': 0, 'n_space': 500, 'n_time': 500, 'w_socio': 1.0, 'w_space': 1.0, 'w_time': 1.0}",5,16703.540051214954,4447.650073418561,22318.13149372993,4023.4301955213614,6.732229221029835,1.8313722350797377,0.6656487827140974,0.1880821626598037
SparseGP_RFF,"(1, 2, 3, 4, 5, 6, 12, 24)","{'alpha': 0.001, 'gamma_socio': 0.05, 'gamma_space': 0.1, 'gamma_time': 0.1, 'n_socio': 0, 'n_space': 500, 'n_time': 200, 'w_socio': 1.0, 'w_space': 1.0, 'w_time': 1.0}",5,16684.108338943468,4409.328475681381,22419.862409329307,3429.1471731889683,6.857313442503907,2.252075765833668,0.6309472696281455,0.2073957030886381
SparseGP_RFF,"(1, 2, 3, 4, 5, 6, 12, 24)","{'alpha': 0.001, 'gamma_socio': 0.1, 'gamma_space': 0.1, 'gamma_time': 0.1, 'n_socio': 0, 'n_space': 500, 'n_time': 200, 'w_socio': 1.0, 'w_space': 1.0, 'w_time': 1.0}",5,16684.108338943468,4409.328475681381,22419.862409329307,3429.1471731889683,6.857313442503907,2.252075765833668,0.6309472696281455,0.2073957030886381
SparseGP_RFF,"(1, 2, 3, 4, 5, 6, 12)","{'alpha': 0.001, 'gamma_socio': 0.1, 'gamma_space': 0.1, 'gamma_time': 0.1, 'n_socio': 0, 'n_space': 200, 'n_time': 500, 'w_socio': 1.0, 'w_space': 1.0, 'w_time': 1.0}",5,16831.187079614094,4437.752365966176,22444.96624844018,4025.3488622429754,6.804131440867548,1.8218657156704077,0.6707003345123107,0.18766051597794528
SparseGP_RFF,"(1, 2, 3, 4, 5, 6, 12)","{'alpha': 0.001, 'gamma_socio': 0.05, 'gamma_space': 0.1, 'gamma_time': 0.1, 'n_socio': 0, 'n_space': 200, 'n_time': 500, 'w_socio': 1.0, 'w_space': 1.0, 'w_time': 1.0}",5,16831.187079614094,4437.752365966176,22444.96624844018,4025.3488622429754,6.804131440867548,1.8218657156704077,0.6707003345123107,0.18766051597794528
SparseGP_RFF,"(1, 2, 3, 4, 5, 6, 12)","{'alpha': 0.01, 'gamma_socio': 0.1, 'gamma_space': 0.1, 'gamma_time': 0.1, 'n_socio': 0, 'n_space': 500, 'n_time': 500, 'w_socio': 1.0, 'w_space': 1.0, 'w_time': 1.0}",5,16839.931083346735,4450.790352948736,22484.87912632488,4030.451020502214,6.795360264086824,1.8303146982876244,0.6710420996259148,0.18814461230941676
SparseGP_RFF,"(1, 2, 3, 4, 5, 6, 12)","{'alpha': 0.01, 'gamma_socio': 0.05, 'gamma_space': 0.1, 'gamma_time': 0.1, 'n_socio': 0, 'n_space': 500, 'n_time': 500, 'w_socio': 1.0, 'w_space': 1.0, 'w_time': 1.0}",5,16839.931083346735,4450.790352948736,22484.87912632488,4030.451020502214,6.795360264086824,1.8303146982876244,0.6710420996259148,0.18814461230941676
SparseGP_RFF,"(1, 2, 3, 4, 5, 6, 12, 24)","{'alpha': 0.001, 'gamma_socio': 0.05, 'gamma_space': 0.1, 'gamma_time': 0.1, 'n_socio': 0, 'n_space': 200, 'n_time': 200, 'w_socio': 1.0, 'w_space': 1.0, 'w_time': 1.0}",5,16768.333986754187,4402.893169065492,22495.099878353474,3431.0663564777665,6.899297838030995,2.2456052370217843,0.6340402501351894,0.20718565867198815
SparseGP_RFF,"(1, 2, 3, 4, 5, 6, 12, 24)","{'alpha': 0.001, 'gamma_socio': 0.1, 'gamma_space': 0.1, 'gamma_time': 0.1, 'n_socio': 0, 'n_space': 200, 'n_time': 200, 'w_socio': 1.0, 'w_space': 1.0, 'w_time': 1.0}",5,16768.333986754187,4402.893169065492,22495.099878353474,3431.0663564777665,6.899297838030995,2.2456052370217843,0.6340402501351894,0.20718565867198815
SparseGP_RFF,"(1, 2, 3, 4, 5, 6, 12)","{'alpha': 0.001, 'gamma_socio': 0.05, 'gamma_space': 0.05, 'gamma_time': 0.1, 'n_socio': 0, 'n_space': 500, 'n_time': 500, 'w_socio': 1.0, 'w_space': 1.0, 'w_time': 1.0}",5,16870.4382003013,4421.041960741584,22499.715580312066,4015.709357016678,6.8242867293001925,1.818181729391673,0.6722506632645311,0.1870532678013472
SparseGP_RFF,"(1, 2, 3, 4, 5, 6, 12)","{'alpha': 0.001, 'gamma_socio': 0.1, 'gamma_space': 0.05, 'gamma_time': 0.1, 'n_socio': 0, 'n_space': 500, 'n_time': 500, 'w_socio': 1.0, 'w_space': 1.0, 'w_time': 1.0}",5,16870.4382003013,4421.041960741584,22499.715580312066,4015.709357016678,6.8242867293001925,1.818181729391673,0.6722506632645311,0.1870532678013472
SparseGP_RFF,"(1, 2, 3, 4, 5, 6, 12, 24)","{'alpha': 0.001, 'gamma_socio': 0.05, 'gamma_space': 0.05, 'gamma_time': 0.1, 'n_socio': 0, 'n_space': 500, 'n_time': 200, 'w_socio': 1.0, 'w_space': 1.0, 'w_time': 1.0}",5,16808.87642305207,4354.6221157976215,22546.397997231335,3402.0482657486546,6.914997684574274,2.222044718338779,0.6354403209746112,0.20547506688995187
SparseGP_RFF,"(1, 2, 3, 4, 5, 6, 12, 24)","{'alpha': 0.001, 'gamma_socio': 0.1, 'gamma_space': 0.05, 'gamma_time': 0.1, 'n_socio': 0, 'n_space': 500, 'n_time': 200, 'w_socio': 1.0, 'w_space': 1.0, 'w_time': 1.0}",5,16808.87642305207,4354.6221157976215,22546.397997231335,3402.0482657486546,6.914997684574274,2.222044718338779,0.6354403209746112,0.20547506688995187
SparseGP_RFF,"(1, 2, 3, 4, 5, 6, 12)","{'alpha': 0.1, 'gamma_socio': 0.1, 'gamma_space': 0.05, 'gamma_time': 0.1, 'n_socio': 0, 'n_space': 500, 'n_time': 500, 'w_socio': 1.0, 'w_space': 1.0, 'w_time': 1.0}",5,16857.67181123983,4301.763015465974,22547.992389802894,3945.306745740724,6.784856861759815,1.7443840757178766,0.6717723934332688,0.18291201673556037
SparseGP_RFF,"(1, 2, 3, 4, 5, 6, 12)","{'alpha': 0.1, 'gamma_socio': 0.05, 'gamma_space': 0.05, 'gamma_time': 0.1, 'n_socio': 0, 'n_space': 500, 'n_time': 500, 'w_socio': 1.0, 'w_space': 1.0, 'w_time': 1.0}",5,16857.67181123983,4301.763015465974,22547.992389802894,3945.306745740724,6.784856861759815,1.7443840757178766,0.6717723934332688,0.18291201673556037
SparseGP_RFF,"(1, 2, 3, 4, 5, 6, 12, 24)","{'alpha': 0.01, 'gamma_socio': 0.1, 'gamma_space': 0.1, 'gamma_time': 0.1, 'n_socio': 0, 'n_space': 500, 'n_time': 200, 'w_socio': 1.0, 'w_space': 1.0, 'w_time': 1.0}",5,16775.311371201013,4384.7515516799895,22552.01629772337,3407.829899445348,6.881452317611393,2.2341679738611027,0.6342747035683433,0.20660956355965582
SparseGP_RFF,"(1, 2, 3, 4, 5, 6, 12, 24)","{'alpha': 0.01, 'gamma_socio': 0.05, 'gamma_space': 0.1, 'gamma_time': 0.1, 'n_socio': 0, 'n_space': 500, 'n_time': 200, 'w_socio': 1.0, 'w_space': 1.0, 'w_time': 1.0}",5,16775.311371201013,4384.7515516799895,22552.01629772337,3407.829899445348,6.881452317611393,2.2341679738611027,0.6342747035683433,0.20660956355965582
SparseGP_RFF,"(1, 2, 3, 4, 5, 6, 12)","{'alpha': 0.1, 'gamma_socio': 0.05, 'gamma_space': 0.05, 'gamma_time': 0.1, 'n_socio': 0, 'n_space': 200, 'n_time': 500, 'w_socio': 1.0, 'w_space': 1.0, 'w_time': 1.0}",5,16851.495807993022,4278.058234278023,22555.00857612421,3933.1933301614936,6.777406186307959,1.7307591752398503,0.6715416078517034,0.18213485252577896
SparseGP_RFF,"(1, 2, 3, 4, 5, 6, 12)","{'alpha': 0.1, 'gamma_socio': 0.1, 'gamma_space': 0.05, 'gamma_time': 0.1, 'n_socio': 0, 'n_space': 200, 'n_time': 500, 'w_socio': 1.0, 'w_space': 1.0, 'w_time': 1.0}",5,16851.495807993022,4278.058234278023,22555.00857612421,3933.1933301614936,6.777406186307959,1.7307591752398503,0.6715416078517034,0.18213485252577896
SparseGP_RFF,"(1, 2, 3, 4, 5, 6, 12)","{'alpha': 0.1, 'gamma_socio': 0.1, 'gamma_space': 0.1, 'gamma_time': 0.1, 'n_socio': 0, 'n_space': 500, 'n_time': 500, 'w_socio': 1.0, 'w_space': 1.0, 'w_time': 1.0}",5,16895.83100401932,4440.664015970763,22556.4324839748,4030.0081379847943,6.820807348974951,1.821983364631383,0.6732595540133914,0.1878110243407772
SparseGP_RFF,"(1, 2, 3, 4, 5, 6, 12)","{'alpha': 0.1, 'gamma_socio': 0.05, 'gamma_space': 0.1, 'gamma_time': 0.1, 'n_socio': 0, 'n_space': 500, 'n_time': 500, 'w_socio': 1.0, 'w_space': 1.0, 'w_time': 1.0}",5,16895.83100401932,4440.664015970763,22556.4324839748,4030.0081379847943,6.820807348974951,1.821983364631383,0.6732595540133914,0.1878110243407772
SparseGP_RFF,"(1, 2, 3, 4, 5, 6, 12)","{'alpha': 0.1, 'gamma_socio': 0.1, 'gamma_space': 0.1, 'gamma_time': 0.1, 'n_socio': 0, 'n_space': 200, 'n_time': 500, 'w_socio': 1.0, 'w_space': 1.0, 'w_time': 1.0}",5,16896.326160203847,4422.9388714893175,22562.430846220715,4022.9192171885047,6.821667658928038,1.809814392335683,0.6732702889200195,0.18713638111983805
SparseGP_RFF,"(1, 2, 3, 4, 5, 6, 12)","{'alpha': 0.1, 'gamma_socio': 0.05, 'gamma_space': 0.1, 'gamma_time': 0.1, 'n_socio': 0, 'n_space': 200, 'n_time': 500, 'w_socio': 1.0, 'w_space': 1.0, 'w_time': 1.0}",5,16896.326160203847,4422.9388714893175,22562.430846220715,4022.9192171885047,6.821667658928038,1.809814392335683,0.6732702889200195,0.18713638111983805
SparseGP_RFF,"(1, 2, 3, 4, 5, 6, 12)","{'alpha': 0.01, 'gamma_socio': 0.1, 'gamma_space': 0.1, 'gamma_time': 0.1, 'n_socio': 0, 'n_space': 200, 'n_time': 500, 'w_socio': 1.0, 'w_space': 1.0, 'w_time': 1.0}",5,16919.331259831604,4470.956959164797,22562.48473746476,4057.1561268892933,6.840611814692664,1.8371715886888376,0.6741837359431769,0.18886547912617815
SparseGP_RFF,"(1, 2, 3, 4, 5, 6, 12)","{'alpha': 0.01, 'gamma_socio': 0.05, 'gamma_space': 0.1, 'gamma_time': 0.1, 'n_socio': 0, 'n_space': 200, 'n_time': 500, 'w_socio': 1.0, 'w_space': 1.0, 'w_time': 1.0}",5,16919.331259831604,4470.956959164797,22562.48473746476,4057.1561268892933,6.840611814692664,1.8371715886888376,0.6741837359431769,0.18886547912617815
SparseGP_RFF,"(1, 2, 3, 4, 5, 6, 12)","{'alpha': 0.001, 'gamma_socio': 0.05, 'gamma_space': 0.05, 'gamma_time': 0.1, 'n_socio': 0, 'n_space': 200, 'n_time': 500, 'w_socio': 1.0, 'w_space': 1.0, 'w_time': 1.0}",5,16939.104768865593,4451.2713703452755,22566.225930941146,4044.573556836932,6.863025363126662,1.837528537150075,0.674963809760645,0.18808870097911054
SparseGP_RFF,"(1, 2, 3, 4, 5, 6, 12)","{'alpha': 0.001, 'gamma_socio': 0.1, 'gamma_space': 0.05, 'gamma_time': 0.1, 'n_socio': 0, 'n_space': 200, 'n_time': 500, 'w_socio': 1.0, 'w_space': 1.0, 'w_time': 1.0}",5,16939.104768865593,4451.2713703452755,22566.225930941146,4044.573556836932,6.863025363126662,1.837528537150075,0.674963809760645,0.18808870097911054
SparseGP_RFF,"(1, 2, 3, 4, 5, 6, 12)","{'alpha': 0.01, 'gamma_socio': 0.05, 'gamma_space': 0.05, 'gamma_time': 0.1, 'n_socio': 0, 'n_space': 500, 'n_time': 500, 'w_socio': 1.0, 'w_space': 1.0, 'w_time': 1.0}",5,16915.71986806815,4425.769489521693,22567.577169003733,4023.97503580766,6.835181097348112,1.8176958926705158,0.6740428909139197,0.18721015258460583
SparseGP_RFF,"(1, 2, 3, 4, 5, 6, 12)","{'alpha': 0.01, 'gamma_socio': 0.1, 'gamma_space': 0.05, 'gamma_time': 0.1, 'n_socio': 0, 'n_space': 500, 'n_time': 500, 'w_socio': 1.0, 'w_space': 1.0, 'w_time': 1.0}",5,16915.71986806815,4425.769489521693,22567.577169003733,4023.97503580766,6.835181097348112,1.8176958926705158,0.6740428909139197,0.18721015258460583
SparseGP_RFF,"(1, 2, 3, 4, 5, 6, 12)","{'alpha': 0.01, 'gamma_socio': 0.1, 'gamma_space': 0.05, 'gamma_time': 0.1, 'n_socio': 0, 'n_space': 200, 'n_time': 500, 'w_socio': 1.0, 'w_space': 1.0, 'w_time': 1.0}",5,16921.26025310082,4419.735598549179,22576.682266215124,4023.0078155279584,6.839815579703497,1.8132468067475522,0.6742637649043185,0.1869921411559055
SparseGP_RFF,"(1, 2, 3, 4, 5, 6, 12)","{'alpha': 0.01, 'gamma_socio': 0.05, 'gamma_space': 0.05, 'gamma_time': 0.1, 'n_socio': 0, 'n_space': 200, 'n_time': 500, 'w_socio': 1.0, 'w_space': 1.0, 'w_time': 1.0}",5,16921.26025310082,4419.735598549179,22576.682266215124,4023.0078155279584,6.839815579703497,1.8132468067475522,0.6742637649043185,0.1869921411559055
SparseGP_RFF,"(1, 2, 3, 4, 5, 6, 12, 24)","{'alpha': 0.1, 'gamma_socio': 0.05, 'gamma_space': 0.05, 'gamma_time': 0.1, 'n_socio': 0, 'n_space': 500, 'n_time': 200, 'w_socio': 1.0, 'w_space': 1.0, 'w_time': 1.0}",5,16761.463385931063,4181.123506330037,22603.96032155567,3267.2279525451117,6.836074696044167,2.1228198329190104,0.6333367087776367,0.1991976229760498
SparseGP_RFF,"(1, 2, 3, 4, 5, 6, 12, 24)","{'alpha': 0.1, 'gamma_socio': 0.1, 'gamma_space': 0.05, 'gamma_time': 0.1, 'n_socio': 0, 'n_space': 500, 'n_time': 200, 'w_socio': 1.0, 'w_space': 1.0, 'w_time': 1.0}",5,16761.463385931063,4181.123506330037,22603.96032155567,3267.2279525451117,6.836074696044167,2.1228198329190104,0.6333367087776367,0.1991976229760498
SparseGP_RFF,"(1, 2, 3, 4, 5, 6, 12, 24)","{'alpha': 0.001, 'gamma_socio': 0.05, 'gamma_space': 0.05, 'gamma_time': 0.1, 'n_socio': 0, 'n_space': 200, 'n_time': 200, 'w_socio': 1.0, 'w_space': 1.0, 'w_time': 1.0}",5,16879.789735888044,4403.744867624813,22611.67238463408,3448.6243388896128,6.952335928273317,2.2519147300036666,0.6381638997985076,0.20735069904937795
SparseGP_RFF,"(1, 2, 3, 4, 5, 6, 12, 24)","{'alpha': 0.001, 'gamma_socio': 0.1, 'gamma_space': 0.05, 'gamma_time': 0.1, 'n_socio': 0, 'n_space': 200, 'n_time': 200, 'w_socio': 1.0, 'w_space': 1.0, 'w_time': 1.0}",5,16879.789735888044,4403.744867624813,22611.67238463408,3448.6243388896128,6.952335928273317,2.2519147300036666,0.6381638997985076,0.20735069904937795
SparseGP_RFF,"(1, 2, 3, 4, 5, 6, 12, 24)","{'alpha': 0.01, 'gamma_socio': 0.1, 'gamma_space': 0.1, 'gamma_time': 0.1, 'n_socio': 0, 'n_space': 200, 'n_time': 200, 'w_socio': 1.0, 'w_space': 1.0, 'w_time': 1.0}",5,16846.5681588152,4404.191419503691,22613.925479236532,3431.3176886396527,6.91886382880161,2.2412183475458836,0.636947442149677,0.207384124203597
SparseGP_RFF,"(1, 2, 3, 4, 5, 6, 12, 24)","{'alpha': 0.01, 'gamma_socio': 0.05, 'gamma_space': 0.1, 'gamma_time': 0.1, 'n_socio': 0, 'n_space': 200, 'n_time': 200, 'w_socio': 1.0, 'w_space': 1.0, 'w_time': 1.0}",5,16846.5681588152,4404.191419503691,22613.925479236532,3431.3176886396527,6.91886382880161,2.2412183475458836,0.636947442149677,0.207384124203597
SparseGP_RFF,"(1, 2, 3, 4, 5, 6, 12, 24)","{'alpha': 0.1, 'gamma_socio': 0.05, 'gamma_space': 0.05, 'gamma_time': 0.1, 'n_socio': 0, 'n_space': 200, 'n_time': 200, 'w_socio': 1.0, 'w_space': 1.0, 'w_time': 1.0}",5,16763.010091290897,4149.543602015631,22615.589907847363,3254.0563396225302,6.83190041565363,2.1048911335340756,0.6333353902703964,0.19809139067734036
SparseGP_RFF,"(1, 2, 3, 4, 5, 6, 12, 24)","{'alpha': 0.1, 'gamma_socio': 0.1, 'gamma_space': 0.05, 'gamma_time': 0.1, 'n_socio': 0, 'n_space': 200, 'n_time': 200, 'w_socio': 1.0, 'w_space': 1.0, 'w_time': 1.0}",5,16763.010091290897,4149.543602015631,22615.589907847363,3254.0563396225302,6.83190041565363,2.1048911335340756,0.6333353902703964,0.19809139067734036
SparseGP_RFF,"(1, 2, 3, 4, 5, 6, 12, 24)","{'alpha': 0.01, 'gamma_socio': 0.05, 'gamma_space': 0.05, 'gamma_time': 0.1, 'n_socio': 0, 'n_space': 500, 'n_time': 200, 'w_socio': 1.0, 'w_space': 1.0, 'w_time': 1.0}",5,16836.33231275397,4366.185157972192,22617.070753462398,3405.684076566567,6.907650235177117,2.2291433430008847,0.6364786508873411,0.20592491714628194
SparseGP_RFF,"(1, 2, 3, 4, 5, 6, 12, 24)","{'alpha': 0.01, 'gamma_socio': 0.1, 'gamma_space': 0.05, 'gamma_time': 0.1, 'n_socio': 0, 'n_space': 500, 'n_time': 200, 'w_socio': 1.0, 'w_space': 1.0, 'w_time': 1.0}",5,16836.33231275397,4366.185157972192,22617.070753462398,3405.684076566567,6.907650235177117,2.2291433430008847,0.6364786508873411,0.20592491714628194
SparseGP_RFF,"(1, 2, 3, 4, 5, 6, 12, 24)","{'alpha': 0.01, 'gamma_socio': 0.1, 'gamma_space': 0.05, 'gamma_time': 0.1, 'n_socio': 0, 'n_space': 200, 'n_time': 200, 'w_socio': 1.0, 'w_space': 1.0, 'w_time': 1.0}",5,16845.922629850473,4361.173433066148,22627.7534488793,3408.1321525169733,6.913151695469469,2.2256682921285913,0.636828570032833,0.20577110005531632
SparseGP_RFF,"(1, 2, 3, 4, 5, 6, 12, 24)","{'alpha': 0.01, 'gamma_socio': 0.05, 'gamma_space': 0.05, 'gamma_time': 0.1, 'n_socio': 0, 'n_space': 200, 'n_time': 200, 'w_socio': 1.0, 'w_space': 1.0, 'w_time': 1.0}",5,16845.922629850473,4361.173433066148,22627.7534488793,3408.1321525169733,6.913151695469469,2.2256682921285913,0.636828570032833,0.20577110005531632
SparseGP_RFF,"(1, 2, 3, 4, 5, 6, 12, 24)","{'alpha': 0.1, 'gamma_socio': 0.05, 'gamma_space': 0.1, 'gamma_time': 0.1, 'n_socio': 0, 'n_space': 200, 'n_time': 200, 'w_socio': 1.0, 'w_space': 1.0, 'w_time': 1.0}",5,16822.617974618992,4324.421362532267,22630.80481423298,3368.933049587305,6.888368884548859,2.19854496262966,0.6358944341961138,0.20441889845260244
SparseGP_RFF,"(1, 2, 3, 4, 5, 6, 12, 24)","{'alpha': 0.1, 'gamma_socio': 0.1, 'gamma_space': 0.1, 'gamma_time': 0.1, 'n_socio': 0, 'n_space': 200, 'n_time': 200, 'w_socio': 1.0, 'w_space': 1.0, 'w_time': 1.0}",5,16822.617974618992,4324.421362532267,22630.80481423298,3368.933049587305,6.888368884548859,2.19854496262966,0.6358944341961138,0.20441889845260244
SparseGP_RFF,"(1, 2, 3, 4, 5, 6, 12, 24)","{'alpha': 0.1, 'gamma_socio': 0.1, 'gamma_space': 0.1, 'gamma_time': 0.1, 'n_socio': 0, 'n_space': 500, 'n_time': 200, 'w_socio': 1.0, 'w_space': 1.0, 'w_time': 1.0}",5,16823.048024789623,4347.138966185489,22631.63647376053,3381.70440612179,6.889629046408817,2.213397171108618,0.6359596965040992,0.20527203867027988
SparseGP_RFF,"(1, 2, 3, 4, 5, 6, 12, 24)","{'alpha': 0.1, 'gamma_socio': 0.05, 'gamma_space': 0.1, 'gamma_time': 0.1, 'n_socio': 0, 'n_space': 500, 'n_time': 200, 'w_socio': 1.0, 'w_space': 1.0, 'w_time': 1.0}",5,16823.048024789623,4347.138966185489,22631.63647376053,3381.70440612179,6.889629046408817,2.213397171108618,0.6359596965040992,0.20527203867027988
SparseGP_RFF,"(1, 2, 3, 4, 5, 6, 12)","{'alpha': 0.001, 'gamma_socio': 0.05, 'gamma_space': 0.1, 'gamma_time': 0.05, 'n_socio': 0, 'n_space': 500, 'n_time': 200, 'w_socio': 1.0, 'w_space': 1.0, 'w_time': 1.0}",5,17004.265527747775,5844.374873438384,22769.618778993507,5288.394028761412,7.220801812775409,3.2406771834057353,0.6767437524070078,0.23641107362365837
SparseGP_RFF,"(1, 2, 3, 4, 5, 6, 12)","{'alpha': 0.001, 'gamma_socio': 0.1, 'gamma_space': 0.1, 'gamma_time': 0.05, 'n_socio': 0, 'n_space': 500, 'n_time': 200, 'w_socio': 1.0, 'w_space': 1.0, 'w_time': 1.0}",5,17004.265527747775,5844.374873438384,22769.618778993507,5288.394028761412,7.220801812775409,3.2406771834057353,0.6767437524070078,0.23641107362365837
SparseGP_RFF,"(1, 2, 3, 4, 5, 6, 12)","{'alpha': 0.001, 'gamma_socio': 0.05, 'gamma_space': 0.1, 'gamma_time': 0.05, 'n_socio': 0, 'n_space': 200, 'n_time': 200, 'w_socio': 1.0, 'w_space': 1.0, 'w_time': 1.0}",5,17111.02598786033,5828.143257615689,22860.985082821084,5277.327541454614,7.281016331206698,3.2380311610783736,0.6809665661880683,0.2356720232868077
SparseGP_RFF,"(1, 2, 3, 4, 5, 6, 12)","{'alpha': 0.001, 'gamma_socio': 0.1, 'gamma_space': 0.1, 'gamma_time': 0.05, 'n_socio': 0, 'n_space': 200, 'n_time': 200, 'w_socio': 1.0, 'w_space': 1.0, 'w_time': 1.0}",5,17111.02598786033,5828.143257615689,22860.985082821084,5277.327541454614,7.281016331206698,3.2380311610783736,0.6809665661880683,0.2356720232868077
SparseGP_RFF,"(1, 2, 12, 24)","{'alpha': 0.001, 'gamma_socio': 0.05, 'gamma_space': 0.1, 'gamma_time': 0.1, 'n_socio': 0, 'n_space': 500, 'n_time': 200, 'w_socio': 1.0, 'w_space': 1.0, 'w_time': 1.0}",5,16868.334834946574,3336.2636816798336,22873.628087841753,2821.7033680982427,7.122698689177494,1.5132325465613303,0.633423187272851,0.15911491235192568
SparseGP_RFF,"(1, 2, 12, 24)","{'alpha': 0.001, 'gamma_socio': 0.1, 'gamma_space': 0.1, 'gamma_time': 0.1, 'n_socio': 0, 'n_space': 500, 'n_time': 200, 'w_socio': 1.0, 'w_space': 1.0, 'w_time': 1.0}",5,16868.334834946574,3336.2636816798336,22873.628087841753,2821.7033680982427,7.122698689177494,1.5132325465613303,0.633423187272851,0.15911491235192568
SparseGP_RFF,"(1, 2, 3, 12)","{'alpha': 0.001, 'gamma_socio': 0.05, 'gamma_space': 0.1, 'gamma_time': 0.05, 'n_socio': 0, 'n_space': 500, 'n_time': 200, 'w_socio': 1.0, 'w_space': 1.0, 'w_time': 1.0}",5,17315.24366322731,4928.302087270244,22911.60286600852,4739.616128787221,7.2367710015282345,2.394159174002922,0.6920495474228995,0.21387373419330902
SparseGP_RFF,"(1, 2, 3, 12)","{'alpha': 0.001, 'gamma_socio': 0.1, 'gamma_space': 0.1, 'gamma_time': 0.05, 'n_socio': 0, 'n_space': 500, 'n_time': 200, 'w_socio': 1.0, 'w_space': 1.0, 'w_time': 1.0}",5,17315.24366322731,4928.302087270244,22911.60286600852,4739.616128787221,7.2367710015282345,2.394159174002922,0.6920495474228995,0.21387373419330902
SparseGP_RFF,"(1, 2, 3, 4, 5, 6, 12)","{'alpha': 0.01, 'gamma_socio': 0.1, 'gamma_space': 0.1, 'gamma_time': 0.05, 'n_socio': 0, 'n_space': 500, 'n_time': 200, 'w_socio': 1.0, 'w_space': 1.0, 'w_time': 1.0}",5,17147.911277240673,5871.398331084259,22921.454738558507,5310.56533915115,7.294044280115571,3.2701601145008636,0.6824297505017834,0.2372825665333518
SparseGP_RFF,"(1, 2, 3, 4, 5, 6, 12)","{'alpha': 0.01, 'gamma_socio': 0.05, 'gamma_space': 0.1, 'gamma_time': 0.05, 'n_socio': 0, 'n_space': 500, 'n_time': 200, 'w_socio': 1.0, 'w_space': 1.0, 'w_time': 1.0}",5,17147.911277240673,5871.398331084259,22921.454738558507,5310.56533915115,7.294044280115571,3.2701601145008636,0.6824297505017834,0.2372825665333518
SparseGP_RFF,"(1, 2, 3, 12, 24)","{'alpha': 0.1, 'gamma_socio': 0.05, 'gamma_space': 0.1, 'gamma_time': 0.05, 'n_socio': 0, 'n_space': 500, 'n_time': 500, 'w_socio': 1.0, 'w_space': 1.0, 'w_time': 1.0}",5,16103.461830403056,2557.5322274382092,22948.860002145422,2435.412613323407,6.593027398419807,1.3672372692903962,0.6020213873929181,0.1182745199835742
SparseGP_RFF,"(1, 2, 3, 12, 24)","{'alpha': 0.1, 'gamma_socio': 0.1, 'gamma_space': 0.1, 'gamma_time': 0.05, 'n_socio': 0, 'n_space': 500, 'n_time': 500, 'w_socio': 1.0, 'w_space': 1.0, 'w_time': 1.0}",5,16103.461830403056,2557.5322274382092,22948.860002145422,2435.412613323407,6.593027398419807,1.3672372692903962,0.6020213873929181,0.1182745199835742
SparseGP_RFF,"(1, 2, 3, 4, 5, 6, 12)","{'alpha': 0.001, 'gamma_socio': 0.1, 'gamma_space': 0.05, 'gamma_time': 0.05, 'n_socio': 0, 'n_space': 500, 'n_time': 200, 'w_socio': 1.0, 'w_space': 1.0, 'w_time': 1.0}",5,17192.33312084333,5841.966724976189,22953.068588175367,5291.302055660057,7.325515614942015,3.256571639791328,0.684220292175779,0.23625389869840235
SparseGP_RFF,"(1, 2, 3, 4, 5, 6, 12)","{'alpha': 0.001, 'gamma_socio': 0.05, 'gamma_space': 0.05, 'gamma_time': 0.05, 'n_socio': 0, 'n_space': 500, 'n_time': 200, 'w_socio': 1.0, 'w_space': 1.0, 'w_time': 1.0}",5,17192.33312084333,5841.966724976189,22953.068588175367,5291.302055660057,7.325515614942015,3.256571639791328,0.684220292175779,0.23625389869840235
SparseGP_RFF,"(1, 12)","{'alpha': 0.1, 'gamma_socio': 0.05, 'gamma_space': 0.05, 'gamma_time': 0.05, 'n_socio': 0, 'n_space': 200, 'n_time': 200, 'w_socio': 1.0, 'w_space': 1.0, 'w_time': 1.0}",5,16776.71784404341,3680.397226228678,22956.09353047874,4025.5276940921985,6.712587376323668,1.7333569702366756,0.6673746483444752,0.15737726219389375
SparseGP_RFF,"(1, 12)","{'alpha': 0.1, 'gamma_socio': 0.1, 'gamma_space': 0.05, 'gamma_time': 0.05, 'n_socio': 0, 'n_space': 200, 'n_time': 200, 'w_socio': 1.0, 'w_space': 1.0, 'w_time': 1.0}",5,16776.71784404341,3680.397226228678,22956.09353047874,4025.5276940921985,6.712587376323668,1.7333569702366756,0.6673746483444752,0.15737726219389375
SparseGP_RFF,"(1, 2, 3, 12, 24)","{'alpha': 0.1, 'gamma_socio': 0.1, 'gamma_space': 0.1, 'gamma_time': 0.05, 'n_socio': 0, 'n_space': 200, 'n_time': 500, 'w_socio': 1.0, 'w_space': 1.0, 'w_time': 1.0}",5,16111.53383920865,2553.4319199481447,22956.239532015472,2433.346123051429,6.5935824177906115,1.3627746878004534,0.6022809320762615,0.11796300593083976
SparseGP_RFF,"(1, 2, 3, 12, 24)","{'alpha': 0.1, 'gamma_socio': 0.05, 'gamma_space': 0.1, 'gamma_time': 0.05, 'n_socio': 0, 'n_space': 200, 'n_time': 500, 'w_socio': 1.0, 'w_space': 1.0, 'w_time': 1.0}",5,16111.53383920865,2553.4319199481447,22956.239532015472,2433.346123051429,6.5935824177906115,1.3627746878004534,0.6022809320762615,0.11796300593083976
SparseGP_RFF,"(1, 12)","{'alpha': 0.1, 'gamma_socio': 0.05, 'gamma_space': 0.05, 'gamma_time': 0.05, 'n_socio': 0, 'n_space': 500, 'n_time': 200, 'w_socio': 1.0, 'w_space': 1.0, 'w_time': 1.0}",5,16788.77691426561,3742.4413562423038,22961.896556018557,4082.3031603595987,6.72562498119081,1.7615131410133749,0.6678897813846696,0.15991480357584545
SparseGP_RFF,"(1, 12)","{'alpha': 0.1, 'gamma_socio': 0.1, 'gamma_space': 0.05, 'gamma_time': 0.05, 'n_socio': 0, 'n_space': 500, 'n_time': 200, 'w_socio': 1.0, 'w_space': 1.0, 'w_time': 1.0}",5,16788.77691426561,3742.4413562423038,22961.896556018557,4082.3031603595987,6.72562498119081,1.7615131410133749,0.6678897813846696,0.15991480357584545
SparseGP_RFF,"(1, 2, 3, 4, 5, 6, 12)","{'alpha': 0.1, 'gamma_socio': 0.05, 'gamma_space': 0.1, 'gamma_time': 0.05, 'n_socio': 0, 'n_space': 500, 'n_time': 200, 'w_socio': 1.0, 'w_space': 1.0, 'w_time': 1.0}",5,17178.51694836804,5815.474434798522,22963.848562585008,5257.431840658909,7.306513539562024,3.249951603873713,0.6836216029351192,0.23498182117079852
SparseGP_RFF,"(1, 2, 3, 4, 5, 6, 12)","{'alpha': 0.1, 'gamma_socio': 0.1, 'gamma_space': 0.1, 'gamma_time': 0.05, 'n_socio': 0, 'n_space': 500, 'n_time': 200, 'w_socio': 1.0, 'w_space': 1.0, 'w_time': 1.0}",5,17178.51694836804,5815.474434798522,22963.848562585008,5257.431840658909,7.306513539562024,3.249951603873713,0.6836216029351192,0.23498182117079852
SparseGP_RFF,"(1, 2, 3, 4, 5, 6, 12)","{'alpha': 0.1, 'gamma_socio': 0.1, 'gamma_space': 0.05, 'gamma_time': 0.05, 'n_socio': 0, 'n_space': 500, 'n_time': 200, 'w_socio': 1.0, 'w_space': 1.0, 'w_time': 1.0}",5,17168.59137067264,5629.841420360218,22969.789425089642,5100.486213264692,7.280066874484807,3.1509556175602396,0.6832389778993212,0.2279432978983754
SparseGP_RFF,"(1, 2, 3, 4, 5, 6, 12)","{'alpha': 0.1, 'gamma_socio': 0.05, 'gamma_space': 0.05, 'gamma_time': 0.05, 'n_socio': 0, 'n_space': 500, 'n_time': 200, 'w_socio': 1.0, 'w_space': 1.0, 'w_time': 1.0}",5,17168.59137067264,5629.841420360218,22969.789425089642,5100.486213264692,7.280066874484807,3.1509556175602396,0.6832389778993212,0.2279432978983754
SparseGP_RFF,"(1, 2, 3, 4, 5, 6, 12)","{'alpha': 0.1, 'gamma_socio': 0.1, 'gamma_space': 0.1, 'gamma_time': 0.05, 'n_socio': 0, 'n_space': 200, 'n_time': 200, 'w_socio': 1.0, 'w_space': 1.0, 'w_time': 1.0}",5,17184.72422262563,5788.472428590071,22971.57865091395,5236.984924892587,7.309008252090534,3.234017952556034,0.6838695535076226,0.23395279710838274
SparseGP_RFF,"(1, 2, 3, 4, 5, 6, 12)","{'alpha': 0.1, 'gamma_socio': 0.05, 'gamma_space': 0.1, 'gamma_time': 0.05, 'n_socio': 0, 'n_space': 200, 'n_time': 200, 'w_socio': 1.0, 'w_space': 1.0, 'w_time': 1.0}",5,17184.72422262563,5788.472428590071,22971.57865091395,5236.984924892587,7.309008252090534,3.234017952556034,0.6838695535076226,0.23395279710838274
SparseGP_RFF,"(1, 2, 3, 12)","{'alpha': 0.001, 'gamma_socio': 0.05, 'gamma_space': 0.1, 'gamma_time': 0.05, 'n_socio': 0, 'n_space': 200, 'n_time': 200, 'w_socio': 1.0, 'w_space': 1.0, 'w_time': 1.0}",5,17383.9731002962,4891.687418202242,22978.74700155211,4710.931099622586,7.274709806011662,2.3809036169468167,0.6947891024105755,0.21258468481276876
SparseGP_RFF,"(1, 2, 3, 12)","{'alpha': 0.001, 'gamma_socio': 0.1, 'gamma_space': 0.1, 'gamma_time': 0.05, 'n_socio': 0, 'n_space': 200, 'n_time': 200, 'w_socio': 1.0, 'w_space': 1.0, 'w_time': 1.0}",5,17383.9731002962,4891.687418202242,22978.74700155211,4710.931099622586,7.274709806011662,2.3809036169468167,0.6947891024105755,0.21258468481276876
SparseGP_RFF,"(1, 2, 3, 4, 5, 6, 12)","{'alpha': 0.01, 'gamma_socio': 0.1, 'gamma_space': 0.1, 'gamma_time': 0.05, 'n_socio': 0, 'n_space': 200, 'n_time': 200, 'w_socio': 1.0, 'w_space': 1.0, 'w_time': 1.0}",5,17212.96627694212,5871.787268037091,22979.37477358742,5313.950365279998,7.333043197369506,3.2743786829679795,0.6850026623376055,0.23722577043647816
SparseGP_RFF,"(1, 2, 3, 4, 5, 6, 12)","{'alpha': 0.01, 'gamma_socio': 0.05, 'gamma_space': 0.1, 'gamma_time': 0.05, 'n_socio': 0, 'n_space': 200, 'n_time': 200, 'w_socio': 1.0, 'w_space': 1.0, 'w_time': 1.0}",5,17212.96627694212,5871.787268037091,22979.37477358742,5313.950365279998,7.333043197369506,3.2743786829679795,0.6850026623376055,0.23722577043647816
SparseGP_RFF,"(1, 2, 12, 24)","{'alpha': 0.01, 'gamma_socio': 0.05, 'gamma_space': 0.05, 'gamma_time': 0.05, 'n_socio': 0, 'n_space': 500, 'n_time': 500, 'w_socio': 1.0, 'w_space': 1.0, 'w_time': 1.0}",5,16036.996531786688,3971.3911623325034,22981.232569675834,3916.172454689894,6.151540262274545,1.9405938782241514,0.5990215025538695,0.1605076463190966
SparseGP_RFF,"(1, 2, 12, 24)","{'alpha': 0.01, 'gamma_socio': 0.1, 'gamma_space': 0.05, 'gamma_time': 0.05, 'n_socio': 0, 'n_space': 500, 'n_time': 500, 'w_socio': 1.0, 'w_space': 1.0, 'w_time': 1.0}",5,16036.996531786688,3971.3911623325034,22981.232569675834,3916.172454689894,6.151540262274545,1.9405938782241514,0.5990215025538695,0.1605076463190966
SparseGP_RFF,"(1, 2, 12, 24)","{'alpha': 0.01, 'gamma_socio': 0.1, 'gamma_space': 0.05, 'gamma_time': 0.05, 'n_socio': 0, 'n_space': 200, 'n_time': 500, 'w_socio': 1.0, 'w_space': 1.0, 'w_time': 1.0}",5,16039.865706534361,3968.4506666222414,22983.6992121203,3913.963003230722,6.150969938001661,1.9332891565550196,0.599101380795937,0.16025381470782948
SparseGP_RFF,"(1, 2, 12, 24)","{'alpha': 0.01, 'gamma_socio': 0.05, 'gamma_space': 0.05, 'gamma_time': 0.05, 'n_socio': 0, 'n_space': 200, 'n_time': 500, 'w_socio': 1.0, 'w_space': 1.0, 'w_time': 1.0}",5,16039.865706534361,3968.4506666222414,22983.6992121203,3913.963003230722,6.150969938001661,1.9332891565550196,0.599101380795937,0.16025381470782948
SparseGP_RFF,"(1, 2, 12, 24)","{'alpha': 0.001, 'gamma_socio': 0.1, 'gamma_space': 0.1, 'gamma_time': 0.1, 'n_socio': 0, 'n_space': 200, 'n_time': 200, 'w_socio': 1.0, 'w_space': 1.0, 'w_time': 1.0}",5,16979.48242928998,3317.5275334588946,22984.96066389256,2804.886719089799,7.18903205919121,1.531482226783686,0.6374185788433011,0.15792518956527382
SparseGP_RFF,"(1, 2, 12, 24)","{'alpha': 0.001, 'gamma_socio': 0.05, 'gamma_space': 0.1, 'gamma_time': 0.1, 'n_socio': 0, 'n_space': 200, 'n_time': 200, 'w_socio': 1.0, 'w_space': 1.0, 'w_time': 1.0}",5,16979.48242928998,3317.5275334588946,22984.96066389256,2804.886719089799,7.18903205919121,1.531482226783686,0.6374185788433011,0.15792518956527382
SparseGP_RFF,"(1, 2, 12, 24)","{'alpha': 0.01, 'gamma_socio': 0.1, 'gamma_space': 0.1, 'gamma_time': 0.05, 'n_socio': 0, 'n_space': 500, 'n_time': 500, 'w_socio': 1.0, 'w_space': 1.0, 'w_time': 1.0}",5,16036.784801051175,4007.666413895816,22986.60864312813,3971.283401448373,6.157025700736448,1.9612235722344862,0.5990435621888064,0.16172040692564252
SparseGP_RFF,"(1, 2, 12, 24)","{'alpha': 0.01, 'gamma_socio': 0.05, 'gamma_space': 0.1, 'gamma_time': 0.05, 'n_socio': 0, 'n_space': 500, 'n_time': 500, 'w_socio': 1.0, 'w_space': 1.0, 'w_time': 1.0}",5,16036.784801051175,4007.666413895816,22986.60864312813,3971.283401448373,6.157025700736448,1.9612235722344862,0.5990435621888064,0.16172040692564252
SparseGP_RFF,"(1, 2, 3, 4, 5, 6, 12)","{'alpha': 0.01, 'gamma_socio': 0.05, 'gamma_space': 0.05, 'gamma_time': 0.05, 'n_socio': 0, 'n_space': 500, 'n_time': 200, 'w_socio': 1.0, 'w_space': 1.0, 'w_time': 1.0}",5,17209.588268503,5821.454815877929,22986.624586995073,5269.455777365291,7.327174846852546,3.253978056688784,0.6848662438227675,0.23528404311213133
SparseGP_RFF,"(1, 2, 3, 4, 5, 6, 12)","{'alpha': 0.01, 'gamma_socio': 0.1, 'gamma_space': 0.05, 'gamma_time': 0.05, 'n_socio': 0, 'n_space': 500, 'n_time': 200, 'w_socio': 1.0, 'w_space': 1.0, 'w_time': 1.0}",5,17209.588268503,5821.454815877929,22986.624586995073,5269.455777365291,7.327174846852546,3.253978056688784,0.6848662438227675,0.23528404311213133
SparseGP_RFF,"(1, 2, 3, 4, 5, 6, 12)","{'alpha': 0.1, 'gamma_socio': 0.1, 'gamma_space': 0.05, 'gamma_time': 0.05, 'n_socio': 0, 'n_space': 200, 'n_time': 200, 'w_socio': 1.0, 'w_space': 1.0, 'w_time': 1.0}",5,17178.026883932678,5607.396965741317,22990.22741297833,5085.451987946128,7.27984535960654,3.1383641020820887,0.6836134747823488,0.22709279762604304
SparseGP_RFF,"(1, 2, 3, 4, 5, 6, 12)","{'alpha': 0.1, 'gamma_socio': 0.05, 'gamma_space': 0.05, 'gamma_time': 0.05, 'n_socio': 0, 'n_space': 200, 'n_time': 200, 'w_socio': 1.0, 'w_space': 1.0, 'w_time': 1.0}",5,17178.026883932678,5607.396965741317,22990.22741297833,5085.451987946128,7.27984535960654,3.1383641020820887,0.6836134747823488,0.22709279762604304
SparseGP_RFF,"(1, 12)","{'alpha': 0.1, 'gamma_socio': 0.05, 'gamma_space': 0.1, 'gamma_time': 0.05, 'n_socio': 0, 'n_space': 200, 'n_time': 200, 'w_socio': 1.0, 'w_space': 1.0, 'w_time': 1.0}",5,16840.6765218946,3911.170162418729,22996.683174686616,4245.063973814217,6.778106021488307,1.8666350150344433,0.6700238962390123,0.16666203975374222
SparseGP_RFF,"(1, 12)","{'alpha': 0.1, 'gamma_socio': 0.1, 'gamma_space': 0.1, 'gamma_time': 0.05, 'n_socio': 0, 'n_space': 200, 'n_time': 200, 'w_socio': 1.0, 'w_space': 1.0, 'w_time': 1.0}",5,16840.6765218946,3911.170162418729,22996.683174686616,4245.063973814217,6.778106021488307,1.8666350150344433,0.6700238962390123,0.16666203975374222
SparseGP_RFF,"(1, 12)","{'alpha': 0.1, 'gamma_socio': 0.1, 'gamma_space': 0.1, 'gamma_time': 0.05, 'n_socio': 0, 'n_space': 500, 'n_time': 200, 'w_socio': 1.0, 'w_space': 1.0, 'w_time': 1.0}",5,16844.55414426352,3942.17140720515,22997.676107122526,4272.776424025498,6.78629962033263,1.8829433966730593,0.6701923248298916,0.1679065763450861
SparseGP_RFF,"(1, 12)","{'alpha': 0.1, 'gamma_socio': 0.05, 'gamma_space': 0.1, 'gamma_time': 0.05, 'n_socio': 0, 'n_space': 500, 'n_time': 200, 'w_socio': 1.0, 'w_space': 1.0, 'w_time': 1.0}",5,16844.55414426352,3942.17140720515,22997.676107122526,4272.776424025498,6.78629962033263,1.8829433966730593,0.6701923248298916,0.1679065763450861
SparseGP_RFF,"(1, 2, 3, 4, 5, 6, 12)","{'alpha': 0.01, 'gamma_socio': 0.05, 'gamma_space': 0.05, 'gamma_time': 0.05, 'n_socio': 0, 'n_space': 200, 'n_time': 200, 'w_socio': 1.0, 'w_space': 1.0, 'w_time': 1.0}",5,17222.517423152236,5816.1283288284285,23002.48638921297,5266.725903716083,7.334016867308451,3.2519361774158924,0.6853860712999431,0.2350886566987892
SparseGP_RFF,"(1, 2, 3, 4, 5, 6, 12)","{'alpha': 0.01, 'gamma_socio': 0.1, 'gamma_space': 0.05, 'gamma_time': 0.05, 'n_socio': 0, 'n_space': 200, 'n_time': 200, 'w_socio': 1.0, 'w_space': 1.0, 'w_time': 1.0}",5,17222.517423152236,5816.1283288284285,23002.48638921297,5266.725903716083,7.334016867308451,3.2519361774158924,0.6853860712999431,0.2350886566987892
SparseGP_RFF,"(1, 2, 3, 4, 5, 6, 12)","{'alpha': 0.001, 'gamma_socio': 0.1, 'gamma_space': 0.05, 'gamma_time': 0.05, 'n_socio': 0, 'n_space': 200, 'n_time': 200, 'w_socio': 1.0, 'w_space': 1.0, 'w_time': 1.0}",5,17250.871886328787,5877.3893080021935,23008.524884006903,5322.758934750937,7.3596408663833826,3.2834375943786673,0.6865347694957318,0.2375428275243973
SparseGP_RFF,"(1, 2, 3, 4, 5, 6, 12)","{'alpha': 0.001, 'gamma_socio': 0.05, 'gamma_space': 0.05, 'gamma_time': 0.05, 'n_socio': 0, 'n_space': 200, 'n_time': 200, 'w_socio': 1.0, 'w_space': 1.0, 'w_time': 1.0}",5,17250.871886328787,5877.3893080021935,23008.524884006903,5322.758934750937,7.3596408663833826,3.2834375943786673,0.6865347694957318,0.2375428275243973
SparseGP_RFF,"(1, 2, 12, 24)","{'alpha': 0.01, 'gamma_socio': 0.05, 'gamma_space': 0.1, 'gamma_time': 0.05, 'n_socio': 0, 'n_space': 200, 'n_time': 500, 'w_socio': 1.0, 'w_space': 1.0, 'w_time': 1.0}",5,16063.616908569873,4003.2733501431994,23010.215527003027,3966.910189318138,6.169137815815015,1.9603215943914254,0.600041360674396,0.16162048248065852
SparseGP_RFF,"(1, 2, 12, 24)","{'alpha': 0.01, 'gamma_socio': 0.1, 'gamma_space': 0.1, 'gamma_time': 0.05, 'n_socio': 0, 'n_space': 200, 'n_time': 500, 'w_socio': 1.0, 'w_space': 1.0, 'w_time': 1.0}",5,16063.616908569873,4003.2733501431994,23010.215527003027,3966.910189318138,6.169137815815015,1.9603215943914254,0.600041360674396,0.16162048248065852
SparseGP_RFF,"(1, 2, 3, 12, 24)","{'alpha': 0.1, 'gamma_socio': 0.05, 'gamma_space': 0.05, 'gamma_time': 0.05, 'n_socio': 0, 'n_space': 500, 'n_time': 500, 'w_socio': 1.0, 'w_space': 1.0, 'w_time': 1.0}",5,16188.064631268717,2582.8293381906924,23025.136846463618,2452.591141272066,6.618521866721626,1.3788237172888202,0.6050424071856442,0.11852306387131316
SparseGP_RFF,"(1, 2, 3, 12, 24)","{'alpha': 0.1, 'gamma_socio': 0.1, 'gamma_space': 0.05, 'gamma_time': 0.05, 'n_socio': 0, 'n_space': 500, 'n_time': 500, 'w_socio': 1.0, 'w_space': 1.0, 'w_time': 1.0}",5,16188.064631268717,2582.8293381906924,23025.136846463618,2452.591141272066,6.618521866721626,1.3788237172888202,0.6050424071856442,0.11852306387131316
SparseGP_RFF,"(1, 2, 3, 12)","{'alpha': 0.001, 'gamma_socio': 0.05, 'gamma_space': 0.05, 'gamma_time': 0.05, 'n_socio': 0, 'n_space': 500, 'n_time': 200, 'w_socio': 1.0, 'w_space': 1.0, 'w_time': 1.0}",5,17431.350921842048,4886.097009082013,23029.54508880708,4713.441773005046,7.299196039670582,2.3807991924212812,0.696684777574238,0.21249911765866925
SparseGP_RFF,"(1, 2, 3, 12)","{'alpha': 0.001, 'gamma_socio': 0.1, 'gamma_space': 0.05, 'gamma_time': 0.05, 'n_socio': 0, 'n_space': 500, 'n_time': 200, 'w_socio': 1.0, 'w_space': 1.0, 'w_time': 1.0}",5,17431.350921842048,4886.097009082013,23029.54508880708,4713.441773005046,7.299196039670582,2.3807991924212812,0.696684777574238,0.21249911765866925
SparseGP_RFF,"(1, 2, 3, 12)","{'alpha': 0.01, 'gamma_socio': 0.1, 'gamma_space': 0.1, 'gamma_time': 0.05, 'n_socio': 0, 'n_space': 500, 'n_time': 200, 'w_socio': 1.0, 'w_space': 1.0, 'w_time': 1.0}",5,17453.368145269756,4937.003252521835,23046.824145517527,4748.4715717846075,7.2973322386629915,2.393447076618205,0.6975616200622115,0.2143677067384259
SparseGP_RFF,"(1, 2, 3, 12)","{'alpha': 0.01, 'gamma_socio': 0.05, 'gamma_space': 0.1, 'gamma_time': 0.05, 'n_socio': 0, 'n_space': 500, 'n_time': 200, 'w_socio': 1.0, 'w_space': 1.0, 'w_time': 1.0}",5,17453.368145269756,4937.003252521835,23046.824145517527,4748.4715717846075,7.2973322386629915,2.393447076618205,0.6975616200622115,0.2143677067384259
SparseGP_RFF,"(1, 2, 3, 12)","{'alpha': 0.1, 'gamma_socio': 0.1, 'gamma_space': 0.1, 'gamma_time': 0.05, 'n_socio': 0, 'n_space': 500, 'n_time': 200, 'w_socio': 1.0, 'w_space': 1.0, 'w_time': 1.0}",5,17460.832137678935,4881.458676601061,23050.31512850455,4695.29891896181,7.297538164702854,2.3630592448697887,0.6978103142782468,0.2121613956557357
SparseGP_RFF,"(1, 2, 3, 12)","{'alpha': 0.1, 'gamma_socio': 0.05, 'gamma_space': 0.1, 'gamma_time': 0.05, 'n_socio': 0, 'n_space': 500, 'n_time': 200, 'w_socio': 1.0, 'w_space': 1.0, 'w_time': 1.0}",5,17460.832137678935,4881.458676601061,23050.31512850455,4695.29891896181,7.297538164702854,2.3630592448697887,0.6978103142782468,0.2121613956557357
SparseGP_RFF,"(1, 2, 3, 12, 24)","{'alpha': 0.1, 'gamma_socio': 0.1, 'gamma_space': 0.05, 'gamma_time': 0.05, 'n_socio': 0, 'n_space': 200, 'n_time': 500, 'w_socio': 1.0, 'w_space': 1.0, 'w_time': 1.0}",5,16223.213965390878,2588.9636135167843,23055.973210008786,2460.41246569451,6.63343922864247,1.3796025706574488,0.6063300864421957,0.11867052038198515
SparseGP_RFF,"(1, 2, 3, 12, 24)","{'alpha': 0.1, 'gamma_socio': 0.05, 'gamma_space': 0.05, 'gamma_time': 0.05, 'n_socio': 0, 'n_space': 200, 'n_time': 500, 'w_socio': 1.0, 'w_space': 1.0, 'w_time': 1.0}",5,16223.213965390878,2588.9636135167843,23055.973210008786,2460.41246569451,6.63343922864247,1.3796025706574488,0.6063300864421957,0.11867052038198515
SparseGP_RFF,"(1, 2, 12, 24)","{'alpha': 0.001, 'gamma_socio': 0.1, 'gamma_space': 0.05, 'gamma_time': 0.1, 'n_socio': 0, 'n_space': 500, 'n_time': 200, 'w_socio': 1.0, 'w_space': 1.0, 'w_time': 1.0}",5,17045.362091359966,3289.843074638704,23056.96132789844,2776.6336508072845,7.2258126226358455,1.5419200384694198,0.6397182540725808,0.15645103304105534
SparseGP_RFF,"(1, 2, 12, 24)","{'alpha': 0.001, 'gamma_socio': 0.05, 'gamma_space': 0.05, 'gamma_time': 0.1, 'n_socio': 0, 'n_space': 500, 'n_time': 200, 'w_socio': 1.0, 'w_space': 1.0, 'w_time': 1.0}",5,17045.362091359966,3289.843074638704,23056.96132789844,2776.6336508072845,7.2258126226358455,1.5419200384694198,0.6397182540725808,0.15645103304105534
SparseGP_RFF,"(1, 2, 3, 12)","{'alpha': 0.1, 'gamma_socio': 0.1, 'gamma_space': 0.1, 'gamma_time': 0.05, 'n_socio': 0, 'n_space': 200, 'n_time': 200, 'w_socio': 1.0, 'w_space': 1.0, 'w_time': 1.0}",5,17472.14966992,4874.540911610021,23064.378498104845,4691.312684131527,7.303195114012567,2.3594257522254667,0.6982553716129383,0.21191565410599977
SparseGP_RFF,"(1, 2, 3, 12)","{'alpha': 0.1, 'gamma_socio': 0.05, 'gamma_space': 0.1, 'gamma_time': 0.05, 'n_socio': 0, 'n_space': 200, 'n_time': 200, 'w_socio': 1.0, 'w_space': 1.0, 'w_time': 1.0}",5,17472.14966992,4874.540911610021,23064.378498104845,4691.312684131527,7.303195114012567,2.3594257522254667,0.6982553716129383,0.21191565410599977
SparseGP_RFF,"(1, 2, 3, 12)","{'alpha': 0.001, 'gamma_socio': 0.1, 'gamma_space': 0.05, 'gamma_time': 0.05, 'n_socio': 0, 'n_space': 200, 'n_time': 200, 'w_socio': 1.0, 'w_space': 1.0, 'w_time': 1.0}",5,17467.542130099326,4883.774883042081,23065.347259617305,4708.9179325647965,7.3207941701043975,2.383957104157914,0.6981123847153874,0.2123481354578115
SparseGP_RFF,"(1, 2, 3, 12)","{'alpha': 0.001, 'gamma_socio': 0.05, 'gamma_space': 0.05, 'gamma_time': 0.05, 'n_socio': 0, 'n_space': 200, 'n_time': 200, 'w_socio': 1.0, 'w_space': 1.0, 'w_time': 1.0}",5,17467.542130099326,4883.774883042081,23065.347259617305,4708.9179325647965,7.3207941701043975,2.383957104157914,0.6981123847153874,0.2123481354578115
SparseGP_RFF,"(1, 2, 12, 24)","{'alpha': 0.001, 'gamma_socio': 0.1, 'gamma_space': 0.1, 'gamma_time': 0.05, 'n_socio': 0, 'n_space': 500, 'n_time': 500, 'w_socio': 1.0, 'w_space': 1.0, 'w_time': 1.0}",5,16071.325651907295,4074.6439935313124,23065.34790699851,4075.205810024214,6.172725169246024,1.9885096345256108,0.6003641732025219,0.1638594888788835
SparseGP_RFF,"(1, 2, 12, 24)","{'alpha': 0.001, 'gamma_socio': 0.05, 'gamma_space': 0.1, 'gamma_time': 0.05, 'n_socio': 0, 'n_space': 500, 'n_time': 500, 'w_socio': 1.0, 'w_space': 1.0, 'w_time': 1.0}",5,16071.325651907295,4074.6439935313124,23065.34790699851,4075.205810024214,6.172725169246024,1.9885096345256108,0.6003641732025219,0.1638594888788835
SparseGP_RFF,"(1, 2, 12, 24)","{'alpha': 0.01, 'gamma_socio': 0.1, 'gamma_space': 0.1, 'gamma_time': 0.1, 'n_socio': 0, 'n_space': 500, 'n_time': 200, 'w_socio': 1.0, 'w_space': 1.0, 'w_time': 1.0}",5,17041.369858731603,3326.856184530776,23083.455862447147,2796.863319298959,7.210224714462711,1.54352702188943,0.639689196055966,0.15815582288787516
SparseGP_RFF,"(1, 2, 12, 24)","{'alpha': 0.01, 'gamma_socio': 0.05, 'gamma_space': 0.1, 'gamma_time': 0.1, 'n_socio': 0, 'n_space': 500, 'n_time': 200, 'w_socio': 1.0, 'w_space': 1.0, 'w_time': 1.0}",5,17041.369858731603,3326.856184530776,23083.455862447147,2796.863319298959,7.210224714462711,1.54352702188943,0.639689196055966,0.15815582288787516
SparseGP_RFF,"(1, 2, 3, 12)","{'alpha': 0.01, 'gamma_socio': 0.05, 'gamma_space': 0.1, 'gamma_time': 0.05, 'n_socio': 0, 'n_space': 200, 'n_time': 200, 'w_socio': 1.0, 'w_space': 1.0, 'w_time': 1.0}",5,17497.004524623604,4921.728541618609,23089.701111169914,4734.5494320171965,7.321848740681922,2.3881774790212575,0.6992815438925952,0.21376613427872368
SparseGP_RFF,"(1, 2, 3, 12)","{'alpha': 0.01, 'gamma_socio': 0.1, 'gamma_space': 0.1, 'gamma_time': 0.05, 'n_socio': 0, 'n_space': 200, 'n_time': 200, 'w_socio': 1.0, 'w_space': 1.0, 'w_time': 1.0}",5,17497.004524623604,4921.728541618609,23089.701111169914,4734.5494320171965,7.321848740681922,2.3881774790212575,0.6992815438925952,0.21376613427872368
SparseGP_RFF,"(1, 2, 12, 24)","{'alpha': 0.001, 'gamma_socio': 0.05, 'gamma_space': 0.05, 'gamma_time': 0.05, 'n_socio': 0, 'n_space': 500, 'n_time': 500, 'w_socio': 1.0, 'w_space': 1.0, 'w_time': 1.0}",5,16111.667126915529,4027.601305675851,23090.404744621716,3999.468541744844,6.182517106470563,1.9672673465527033,0.601847582973976,0.1624462168790238
SparseGP_RFF,"(1, 2, 12, 24)","{'alpha': 0.001, 'gamma_socio': 0.1, 'gamma_space': 0.05, 'gamma_time': 0.05, 'n_socio': 0, 'n_space': 500, 'n_time': 500, 'w_socio': 1.0, 'w_space': 1.0, 'w_time': 1.0}",5,16111.667126915529,4027.601305675851,23090.404744621716,3999.468541744844,6.182517106470563,1.9672673465527033,0.601847582973976,0.1624462168790238
SparseGP_RFF,"(1, 2, 12, 24)","{'alpha': 0.001, 'gamma_socio': 0.1, 'gamma_space': 0.05, 'gamma_time': 0.05, 'n_socio': 0, 'n_space': 200, 'n_time': 500, 'w_socio': 1.0, 'w_space': 1.0, 'w_time': 1.0}",5,16116.115926427714,4019.465067960604,23096.05339224787,3992.3072803553528,6.183539280157651,1.9611992326042222,0.6020046102723372,0.1621297734671196
SparseGP_RFF,"(1, 2, 12, 24)","{'alpha': 0.001, 'gamma_socio': 0.05, 'gamma_space': 0.05, 'gamma_time': 0.05, 'n_socio': 0, 'n_space': 200, 'n_time': 500, 'w_socio': 1.0, 'w_space': 1.0, 'w_time': 1.0}",5,16116.115926427714,4019.465067960604,23096.05339224787,3992.3072803553528,6.183539280157651,1.9611992326042222,0.6020046102723372,0.1621297734671196
SparseGP_RFF,"(1, 2, 3, 12)","{'alpha': 0.01, 'gamma_socio': 0.05, 'gamma_space': 0.05, 'gamma_time': 0.05, 'n_socio': 0, 'n_space': 500, 'n_time': 200, 'w_socio': 1.0, 'w_space': 1.0, 'w_time': 1.0}",5,17500.218132809023,4899.316660901687,23097.764123630215,4718.0115851352175,7.321651198420414,2.379659900702671,0.6994311872250825,0.21305169576184776
SparseGP_RFF,"(1, 2, 3, 12)","{'alpha': 0.01, 'gamma_socio': 0.1, 'gamma_space': 0.05, 'gamma_time': 0.05, 'n_socio': 0, 'n_space': 500, 'n_time': 200, 'w_socio': 1.0, 'w_space': 1.0, 'w_time': 1.0}",5,17500.218132809023,4899.316660901687,23097.764123630215,4718.0115851352175,7.321651198420414,2.379659900702671,0.6994311872250825,0.21305169576184776
SparseGP_RFF,"(1, 2, 12, 24)","{'alpha': 0.001, 'gamma_socio': 0.05, 'gamma_space': 0.1, 'gamma_time': 0.05, 'n_socio': 0, 'n_space': 200, 'n_time': 500, 'w_socio': 1.0, 'w_space': 1.0, 'w_time': 1.0}",5,16114.870252000424,4065.7759474905633,23103.716143532165,4060.4788612300954,6.192131647159579,1.9887013895977266,0.6019801704143779,0.16362899920623603
SparseGP_RFF,"(1, 2, 12, 24)","{'alpha': 0.001, 'gamma_socio': 0.1, 'gamma_space': 0.1, 'gamma_time': 0.05, 'n_socio': 0, 'n_space': 200, 'n_time': 500, 'w_socio': 1.0, 'w_space': 1.0, 'w_time': 1.0}",5,16114.870252000424,4065.7759474905633,23103.716143532165,4060.4788612300954,6.192131647159579,1.9887013895977266,0.6019801704143779,0.16362899920623603
SparseGP_RFF,"(1, 2, 3, 12)","{'alpha': 0.01, 'gamma_socio': 0.05, 'gamma_space': 0.05, 'gamma_time': 0.05, 'n_socio': 0, 'n_space': 200, 'n_time': 200, 'w_socio': 1.0, 'w_space': 1.0, 'w_time': 1.0}",5,17513.756896343653,4902.8843115180225,23114.89315508803,4722.428499959806,7.329674550653887,2.382933550731922,0.6999699461738003,0.21319778477387502
SparseGP_RFF,"(1, 2, 3, 12)","{'alpha': 0.01, 'gamma_socio': 0.1, 'gamma_space': 0.05, 'gamma_time': 0.05, 'n_socio': 0, 'n_space': 200, 'n_time': 200, 'w_socio': 1.0, 'w_space': 1.0, 'w_time': 1.0}",5,17513.756896343653,4902.8843115180225,23114.89315508803,4722.428499959806,7.329674550653887,2.382933550731922,0.6999699461738003,0.21319778477387502
SparseGP_RFF,"(1, 2, 3, 12)","{'alpha': 0.1, 'gamma_socio': 0.1, 'gamma_space': 0.05, 'gamma_time': 0.05, 'n_socio': 0, 'n_space': 500, 'n_time': 200, 'w_socio': 1.0, 'w_space': 1.0, 'w_time': 1.0}",5,17512.355388962642,4869.970364480306,23123.148803981672,4702.348883126189,7.31137415062325,2.3584573876073884,0.6999635551272304,0.21236686815177996
SparseGP_RFF,"(1, 2, 3, 12)","{'alpha': 0.1, 'gamma_socio': 0.05, 'gamma_space': 0.05, 'gamma_time': 0.05, 'n_socio': 0, 'n_space': 500, 'n_time': 200, 'w_socio': 1.0, 'w_space': 1.0, 'w_time': 1.0}",5,17512.355388962642,4869.970364480306,23123.148803981672,4702.348883126189,7.31137415062325,2.3584573876073884,0.6999635551272304,0.21236686815177996
SparseGP_RFF,"(1, 2, 12, 24)","{'alpha': 0.001, 'gamma_socio': 0.1, 'gamma_space': 0.05, 'gamma_time': 0.1, 'n_socio': 0, 'n_space': 200, 'n_time': 200, 'w_socio': 1.0, 'w_space': 1.0, 'w_time': 1.0}",5,17118.915851112884,3298.8647377059183,23129.858506962162,2780.176179799843,7.268534243984716,1.5632572854340694,0.6424549007030698,0.15669824923019152
SparseGP_RFF,"(1, 2, 12, 24)","{'alpha': 0.001, 'gamma_socio': 0.05, 'gamma_space': 0.05, 'gamma_time': 0.1, 'n_socio': 0, 'n_space': 200, 'n_time': 200, 'w_socio': 1.0, 'w_space': 1.0, 'w_time': 1.0}",5,17118.915851112884,3298.8647377059183,23129.858506962162,2780.176179799843,7.268534243984716,1.5632572854340694,0.6424549007030698,0.15669824923019152
SparseGP_RFF,"(1, 2, 12, 24)","{'alpha': 0.01, 'gamma_socio': 0.1, 'gamma_space': 0.1, 'gamma_time': 0.1, 'n_socio': 0, 'n_space': 200, 'n_time': 200, 'w_socio': 1.0, 'w_space': 1.0, 'w_time': 1.0}",5,17113.224109874525,3328.839270064116,23154.327718461867,2799.485236754139,7.252492674850555,1.5595834109303075,0.6423347634766016,0.15811740115189427
SparseGP_RFF,"(1, 2, 12, 24)","{'alpha': 0.01, 'gamma_socio': 0.05, 'gamma_space': 0.1, 'gamma_time': 0.1, 'n_socio': 0, 'n_space': 200, 'n_time': 200, 'w_socio': 1.0, 'w_space': 1.0, 'w_time': 1.0}",5,17113.224109874525,3328.839270064116,23154.327718461867,2799.485236754139,7.252492674850555,1.5595834109303075,0.6423347634766016,0.15811740115189427
SparseGP_RFF,"(1, 2, 3, 12, 24)","{'alpha': 0.001, 'gamma_socio': 0.1, 'gamma_space': 0.1, 'gamma_time': 0.05, 'n_socio': 0, 'n_space': 500, 'n_time': 500, 'w_socio': 1.0, 'w_space': 1.0, 'w_time': 1.0}",5,16193.318387587515,2680.866258027671,23158.605716670096,2639.372057119809,6.6419397359975125,1.4065022798403073,0.6051740633484728,0.12098943036359726
SparseGP_RFF,"(1, 2, 3, 12, 24)","{'alpha': 0.001, 'gamma_socio': 0.05, 'gamma_space': 0.1, 'gamma_time': 0.05, 'n_socio': 0, 'n_space': 500, 'n_time': 500, 'w_socio': 1.0, 'w_space': 1.0, 'w_time': 1.0}",5,16193.318387587515,2680.866258027671,23158.605716670096,2639.372057119809,6.6419397359975125,1.4065022798403073,0.6051740633484728,0.12098943036359726
SparseGP_RFF,"(1, 2, 12, 24)","{'alpha': 0.01, 'gamma_socio': 0.05, 'gamma_space': 0.05, 'gamma_time': 0.1, 'n_socio': 0, 'n_space': 500, 'n_time': 200, 'w_socio': 1.0, 'w_space': 1.0, 'w_time': 1.0}",5,17119.51629481818,3291.7883099296596,23169.22545259517,2760.642835507913,7.2541844952331305,1.5516041330203827,0.6424398010574286,0.15639948864429937
SparseGP_RFF,"(1, 2, 12, 24)","{'alpha': 0.01, 'gamma_socio': 0.1, 'gamma_space': 0.05, 'gamma_time': 0.1, 'n_socio': 0, 'n_space': 500, 'n_time': 200, 'w_socio': 1.0, 'w_space': 1.0, 'w_time': 1.0}",5,17119.51629481818,3291.7883099296596,23169.22545259517,2760.642835507913,7.2541844952331305,1.5516041330203827,0.6424398010574286,0.15639948864429937
SparseGP_RFF,"(1, 2, 3, 12)","{'alpha': 0.1, 'gamma_socio': 0.05, 'gamma_space': 0.05, 'gamma_time': 0.05, 'n_socio': 0, 'n_space': 200, 'n_time': 200, 'w_socio': 1.0, 'w_space': 1.0, 'w_time': 1.0}",5,17556.097149841436,4880.327274243655,23170.519826115073,4725.5431050497355,7.334110768281765,2.363464895112773,0.7017324273765247,0.21293151858034148
SparseGP_RFF,"(1, 2, 3, 12)","{'alpha': 0.1, 'gamma_socio': 0.1, 'gamma_space': 0.05, 'gamma_time': 0.05, 'n_socio': 0, 'n_space': 200, 'n_time': 200, 'w_socio': 1.0, 'w_space': 1.0, 'w_time': 1.0}",5,17556.097149841436,4880.327274243655,23170.519826115073,4725.5431050497355,7.334110768281765,2.363464895112773,0.7017324273765247,0.21293151858034148
SparseGP_RFF,"(1, 2, 12, 24)","{'alpha': 0.1, 'gamma_socio': 0.05, 'gamma_space': 0.1, 'gamma_time': 0.1, 'n_socio': 0, 'n_space': 500, 'n_time': 200, 'w_socio': 1.0, 'w_space': 1.0, 'w_time': 1.0}",5,17107.47114075245,3303.921784133376,23173.780058705353,2764.0762777477607,7.239352128168932,1.5475408752458812,0.6420350806087611,0.1569994008236157
SparseGP_RFF,"(1, 2, 12, 24)","{'alpha': 0.1, 'gamma_socio': 0.1, 'gamma_space': 0.1, 'gamma_time': 0.1, 'n_socio': 0, 'n_space': 500, 'n_time': 200, 'w_socio': 1.0, 'w_space': 1.0, 'w_time': 1.0}",5,17107.47114075245,3303.921784133376,23173.780058705353,2764.0762777477607,7.239352128168932,1.5475408752458812,0.6420350806087611,0.1569994008236157
SparseGP_RFF,"(1, 2, 12, 24)","{'alpha': 0.1, 'gamma_socio': 0.05, 'gamma_space': 0.1, 'gamma_time': 0.1, 'n_socio': 0, 'n_space': 200, 'n_time': 200, 'w_socio': 1.0, 'w_space': 1.0, 'w_time': 1.0}",5,17119.825303765938,3296.958502647704,23189.054663432773,2762.92255391738,7.246463583598436,1.5493188487846359,0.6424537444352305,0.1566435544808494
SparseGP_RFF,"(1, 2, 12, 24)","{'alpha': 0.1, 'gamma_socio': 0.1, 'gamma_space': 0.1, 'gamma_time': 0.1, 'n_socio': 0, 'n_space': 200, 'n_time': 200, 'w_socio': 1.0, 'w_space': 1.0, 'w_time': 1.0}",5,17119.825303765938,3296.958502647704,23189.054663432773,2762.92255391738,7.246463583598436,1.5493188487846359,0.6424537444352305,0.1566435544808494
SparseGP_RFF,"(1, 2, 12, 24)","{'alpha': 0.01, 'gamma_socio': 0.05, 'gamma_space': 0.05, 'gamma_time': 0.1, 'n_socio': 0, 'n_space': 200, 'n_time': 200, 'w_socio': 1.0, 'w_space': 1.0, 'w_time': 1.0}",5,17138.660212635492,3297.9789590918417,23193.616416892077,2768.2005912361415,7.266427188121886,1.561244799367278,0.6431363555134757,0.15652796761016746
SparseGP_RFF,"(1, 2, 12, 24)","{'alpha': 0.01, 'gamma_socio': 0.1, 'gamma_space': 0.05, 'gamma_time': 0.1, 'n_socio': 0, 'n_space': 200, 'n_time': 200, 'w_socio': 1.0, 'w_space': 1.0, 'w_time': 1.0}",5,17138.660212635492,3297.9789590918417,23193.616416892077,2768.2005912361415,7.266427188121886,1.561244799367278,0.6431363555134757,0.15652796761016746
SparseGP_RFF,"(1, 12)","{'alpha': 0.001, 'gamma_socio': 0.1, 'gamma_space': 0.1, 'gamma_time': 0.05, 'n_socio': 0, 'n_space': 200, 'n_time': 200, 'w_socio': 1.0, 'w_space': 1.0, 'w_time': 1.0}",5,16993.4324545176,3981.1665382322735,23194.59267850747,4369.992194842005,6.874643734395155,1.8539309171376017,0.67623179781814,0.17018201150168988
SparseGP_RFF,"(1, 12)","{'alpha': 0.001, 'gamma_socio': 0.05, 'gamma_space': 0.1, 'gamma_time': 0.05, 'n_socio': 0, 'n_space': 200, 'n_time': 200, 'w_socio': 1.0, 'w_space': 1.0, 'w_time': 1.0}",5,16993.4324545176,3981.1665382322735,23194.59267850747,4369.992194842005,6.874643734395155,1.8539309171376017,0.67623179781814,0.17018201150168988
SparseGP_RFF,"(1, 12)","{'alpha': 0.001, 'gamma_socio': 0.05, 'gamma_space': 0.1, 'gamma_time': 0.05, 'n_socio': 0, 'n_space': 500, 'n_time': 200, 'w_socio': 1.0, 'w_space': 1.0, 'w_time': 1.0}",5,16989.5665470256,4045.5263038983317,23197.174398705545,4429.65974140671,6.8790529288083615,1.8748122568210983,0.6761184501433825,0.17286008931019425
SparseGP_RFF,"(1, 12)","{'alpha': 0.001, 'gamma_socio': 0.1, 'gamma_space': 0.1, 'gamma_time': 0.05, 'n_socio': 0, 'n_space': 500, 'n_time': 200, 'w_socio': 1.0, 'w_space': 1.0, 'w_time': 1.0}",5,16989.5665470256,4045.5263038983317,23197.174398705545,4429.65974140671,6.8790529288083615,1.8748122568210983,0.6761184501433825,0.17286008931019425
SparseGP_RFF,"(1, 2, 12, 24)","{'alpha': 0.1, 'gamma_socio': 0.05, 'gamma_space': 0.05, 'gamma_time': 0.1, 'n_socio': 0, 'n_space': 500, 'n_time': 200, 'w_socio': 1.0, 'w_space': 1.0, 'w_time': 1.0}",5,17133.213559917942,3275.2769373477136,23224.429665826454,2758.684743652091,7.244581464694828,1.534719555445207,0.6428358468851573,0.15568020170196145
SparseGP_RFF,"(1, 2, 12, 24)","{'alpha': 0.1, 'gamma_socio': 0.1, 'gamma_space': 0.05, 'gamma_time': 0.1, 'n_socio': 0, 'n_space': 500, 'n_time': 200, 'w_socio': 1.0, 'w_space': 1.0, 'w_time': 1.0}",5,17133.213559917942,3275.2769373477136,23224.429665826454,2758.684743652091,7.244581464694828,1.534719555445207,0.6428358468851573,0.15568020170196145
SparseGP_RFF,"(1, 12)","{'alpha': 0.01, 'gamma_socio': 0.1, 'gamma_space': 0.05, 'gamma_time': 0.05, 'n_socio': 0, 'n_space': 200, 'n_time': 200, 'w_socio': 1.0, 'w_space': 1.0, 'w_time': 1.0}",5,17020.368020567497,3867.4504970696094,23226.566724460445,4266.0953834022075,6.867483716199793,1.822980845556887,0.6771907795117859,0.16524259033314012
SparseGP_RFF,"(1, 12)","{'alpha': 0.01, 'gamma_socio': 0.05, 'gamma_space': 0.05, 'gamma_time': 0.05, 'n_socio': 0, 'n_space': 200, 'n_time': 200, 'w_socio': 1.0, 'w_space': 1.0, 'w_time': 1.0}",5,17020.368020567497,3867.4504970696094,23226.566724460445,4266.0953834022075,6.867483716199793,1.822980845556887,0.6771907795117859,0.16524259033314012
SparseGP_RFF,"(1, 12)","{'alpha': 0.001, 'gamma_socio': 0.1, 'gamma_space': 0.05, 'gamma_time': 0.05, 'n_socio': 0, 'n_space': 500, 'n_time': 200, 'w_socio': 1.0, 'w_space': 1.0, 'w_time': 1.0}",5,17030.075960083654,3904.6889973365037,23231.426535607497,4295.670558537747,6.8875860646500255,1.8495532641318742,0.677581006892783,0.1667348526218872
SparseGP_RFF,"(1, 12)","{'alpha': 0.001, 'gamma_socio': 0.05, 'gamma_space': 0.05, 'gamma_time': 0.05, 'n_socio': 0, 'n_space': 500, 'n_time': 200, 'w_socio': 1.0, 'w_space': 1.0, 'w_time': 1.0}",5,17030.075960083654,3904.6889973365037,23231.426535607497,4295.670558537747,6.8875860646500255,1.8495532641318742,0.677581006892783,0.1667348526218872
SparseGP_RFF,"(1, 12)","{'alpha': 0.01, 'gamma_socio': 0.05, 'gamma_space': 0.05, 'gamma_time': 0.05, 'n_socio': 0, 'n_space': 500, 'n_time': 200, 'w_socio': 1.0, 'w_space': 1.0, 'w_time': 1.0}",5,17028.27395082549,3899.272434024882,23232.44913452458,4296.770943758167,6.873105425305795,1.8315218146296262,0.6775299010995548,0.1665938495772438
SparseGP_RFF,"(1, 12)","{'alpha': 0.01, 'gamma_socio': 0.1, 'gamma_space': 0.05, 'gamma_time': 0.05, 'n_socio': 0, 'n_space': 500, 'n_time': 200, 'w_socio': 1.0, 'w_space': 1.0, 'w_time': 1.0}",5,17028.27395082549,3899.272434024882,23232.44913452458,4296.770943758167,6.873105425305795,1.8315218146296262,0.6775299010995548,0.1665938495772438
SparseGP_RFF,"(1, 12)","{'alpha': 0.001, 'gamma_socio': 0.05, 'gamma_space': 0.05, 'gamma_time': 0.05, 'n_socio': 0, 'n_space': 200, 'n_time': 200, 'w_socio': 1.0, 'w_space': 1.0, 'w_time': 1.0}",5,17035.812722503186,3877.7175190191597,23232.92005220432,4260.9931332083615,6.891737450311668,1.855524406600638,0.6777739803186604,0.16546842200121178
SparseGP_RFF,"(1, 12)","{'alpha': 0.001, 'gamma_socio': 0.1, 'gamma_space': 0.05, 'gamma_time': 0.05, 'n_socio': 0, 'n_space': 200, 'n_time': 200, 'w_socio': 1.0, 'w_space': 1.0, 'w_time': 1.0}",5,17035.812722503186,3877.7175190191597,23232.92005220432,4260.9931332083615,6.891737450311668,1.855524406600638,0.6777739803186604,0.16546842200121178
SparseGP_RFF,"(1, 12)","{'alpha': 0.01, 'gamma_socio': 0.1, 'gamma_space': 0.1, 'gamma_time': 0.05, 'n_socio': 0, 'n_space': 200, 'n_time': 200, 'w_socio': 1.0, 'w_space': 1.0, 'w_time': 1.0}",5,17035.475432474006,3964.318576872976,23233.296881054317,4363.819338219118,6.884490052283708,1.8596139278445603,0.6778626577504909,0.16930783403778435
SparseGP_RFF,"(1, 12)","{'alpha': 0.01, 'gamma_socio': 0.05, 'gamma_space': 0.1, 'gamma_time': 0.05, 'n_socio': 0, 'n_space': 200, 'n_time': 200, 'w_socio': 1.0, 'w_space': 1.0, 'w_time': 1.0}",5,17035.475432474006,3964.318576872976,23233.296881054317,4363.819338219118,6.884490052283708,1.8596139278445603,0.6778626577504909,0.16930783403778435
SparseGP_RFF,"(1, 12)","{'alpha': 0.01, 'gamma_socio': 0.1, 'gamma_space': 0.1, 'gamma_time': 0.05, 'n_socio': 0, 'n_space': 500, 'n_time': 200, 'w_socio': 1.0, 'w_space': 1.0, 'w_time': 1.0}",5,17031.24663975509,4001.060939615648,23233.900271656028,4404.386087560058,6.885536403312548,1.8661626842048449,0.6777234080568751,0.17089331699333013
SparseGP_RFF,"(1, 12)","{'alpha': 0.01, 'gamma_socio': 0.05, 'gamma_space': 0.1, 'gamma_time': 0.05, 'n_socio': 0, 'n_space': 500, 'n_time': 200, 'w_socio': 1.0, 'w_space': 1.0, 'w_time': 1.0}",5,17031.24663975509,4001.060939615648,23233.900271656028,4404.386087560058,6.885536403312548,1.8661626842048449,0.6777234080568751,0.17089331699333013
SparseGP_RFF,"(1, 2, 3, 12, 24)","{'alpha': 0.001, 'gamma_socio': 0.05, 'gamma_space': 0.1, 'gamma_time': 0.05, 'n_socio': 0, 'n_space': 200, 'n_time': 500, 'w_socio': 1.0, 'w_space': 1.0, 'w_time': 1.0}",5,16272.90240444645,2684.037716071539,23246.584143012955,2658.344848546009,6.677639944569464,1.401679364285085,0.6080372532006822,0.120625067698253
SparseGP_RFF,"(1, 2, 3, 12, 24)","{'alpha': 0.001, 'gamma_socio': 0.1, 'gamma_space': 0.1, 'gamma_time': 0.05, 'n_socio': 0, 'n_space': 200, 'n_time': 500, 'w_socio': 1.0, 'w_space': 1.0, 'w_time': 1.0}",5,16272.90240444645,2684.037716071539,23246.584143012955,2658.344848546009,6.677639944569464,1.401679364285085,0.6080372532006822,0.120625067698253
SparseGP_RFF,"(1, 2, 12, 24)","{'alpha': 0.1, 'gamma_socio': 0.05, 'gamma_space': 0.05, 'gamma_time': 0.1, 'n_socio': 0, 'n_space': 200, 'n_time': 200, 'w_socio': 1.0, 'w_space': 1.0, 'w_time': 1.0}",5,17160.783633706724,3281.985337861307,23257.32085592722,2775.915969312067,7.257629422828856,1.538276847217077,0.6438641900951155,0.15601887012935772
SparseGP_RFF,"(1, 2, 12, 24)","{'alpha': 0.1, 'gamma_socio': 0.1, 'gamma_space': 0.05, 'gamma_time': 0.1, 'n_socio': 0, 'n_space': 200, 'n_time': 200, 'w_socio': 1.0, 'w_space': 1.0, 'w_time': 1.0}",5,17160.783633706724,3281.985337861307,23257.32085592722,2775.915969312067,7.257629422828856,1.538276847217077,0.6438641900951155,0.15601887012935772
SparseGP_RFF,"(1, 2, 3, 12, 24)","{'alpha': 0.01, 'gamma_socio': 0.1, 'gamma_space': 0.1, 'gamma_time': 0.05, 'n_socio': 0, 'n_space': 500, 'n_time': 500, 'w_socio': 1.0, 'w_space': 1.0, 'w_time': 1.0}",5,16336.555064462538,2707.54023142934,23307.73617843701,2666.565019257324,6.705741349824524,1.4297940201674235,0.6104881820212981,0.12194937272079999
SparseGP_RFF,"(1, 2, 3, 12, 24)","{'alpha': 0.01, 'gamma_socio': 0.05, 'gamma_space': 0.1, 'gamma_time': 0.05, 'n_socio': 0, 'n_space': 500, 'n_time': 500, 'w_socio': 1.0, 'w_space': 1.0, 'w_time': 1.0}",5,16336.555064462538,2707.54023142934,23307.73617843701,2666.565019257324,6.705741349824524,1.4297940201674235,0.6104881820212981,0.12194937272079999
SparseGP_RFF,"(1, 2, 3, 12, 24)","{'alpha': 0.001, 'gamma_socio': 0.1, 'gamma_space': 0.05, 'gamma_time': 0.05, 'n_socio': 0, 'n_space': 500, 'n_time': 500, 'w_socio': 1.0, 'w_space': 1.0, 'w_time': 1.0}",5,16360.301242483663,2704.759054586877,23332.51288179883,2680.627955660697,6.716664181587933,1.4231594860191392,0.6112755568886618,0.12136705936786824
SparseGP_RFF,"(1, 2, 3, 12, 24)","{'alpha': 0.001, 'gamma_socio': 0.05, 'gamma_space': 0.05, 'gamma_time': 0.05, 'n_socio': 0, 'n_space': 500, 'n_time': 500, 'w_socio': 1.0, 'w_space': 1.0, 'w_time': 1.0}",5,16360.301242483663,2704.759054586877,23332.51288179883,2680.627955660697,6.716664181587933,1.4231594860191392,0.6112755568886618,0.12136705936786824
SparseGP_RFF,"(1, 2, 3, 12, 24)","{'alpha': 0.01, 'gamma_socio': 0.1, 'gamma_space': 0.1, 'gamma_time': 0.05, 'n_socio': 0, 'n_space': 200, 'n_time': 500, 'w_socio': 1.0, 'w_space': 1.0, 'w_time': 1.0}",5,16369.519268362423,2710.480798558968,23342.039546871893,2675.7353592651148,6.720457660054431,1.4281577865781772,0.6116775710359219,0.12188147772603661
SparseGP_RFF,"(1, 2, 3, 12, 24)","{'alpha': 0.01, 'gamma_socio': 0.05, 'gamma_space': 0.1, 'gamma_time': 0.05, 'n_socio': 0, 'n_space': 200, 'n_time': 500, 'w_socio': 1.0, 'w_space': 1.0, 'w_time': 1.0}",5,16369.519268362423,2710.480798558968,23342.039546871893,2675.7353592651148,6.720457660054431,1.4281577865781772,0.6116775710359219,0.12188147772603661
SparseGP_RFF,"(1, 2, 3, 12, 24)","{'alpha': 0.001, 'gamma_socio': 0.05, 'gamma_space': 0.05, 'gamma_time': 0.05, 'n_socio': 0, 'n_space': 200, 'n_time': 500, 'w_socio': 1.0, 'w_space': 1.0, 'w_time': 1.0}",5,16378.47657450012,2709.745605360972,23354.407066539723,2692.982091496459,6.726370262434868,1.4239297670535611,0.6119263049861036,0.12140427798929812
SparseGP_RFF,"(1, 2, 3, 12, 24)","{'alpha': 0.001, 'gamma_socio': 0.1, 'gamma_space': 0.05, 'gamma_time': 0.05, 'n_socio': 0, 'n_space': 200, 'n_time': 500, 'w_socio': 1.0, 'w_space': 1.0, 'w_time': 1.0}",5,16378.47657450012,2709.745605360972,23354.407066539723,2692.982091496459,6.726370262434868,1.4239297670535611,0.6119263049861036,0.12140427798929812
SparseGP_RFF,"(1, 2, 3, 12, 24)","{'alpha': 0.01, 'gamma_socio': 0.05, 'gamma_space': 0.05, 'gamma_time': 0.05, 'n_socio': 0, 'n_space': 500, 'n_time': 500, 'w_socio': 1.0, 'w_space': 1.0, 'w_time': 1.0}",5,16392.76536654676,2721.542328109255,23368.971993897212,2691.0970638876706,6.726621357191706,1.4400617090620975,0.6124910226767482,0.12204478607458874
SparseGP_RFF,"(1, 2, 3, 12, 24)","{'alpha': 0.01, 'gamma_socio': 0.1, 'gamma_space': 0.05, 'gamma_time': 0.05, 'n_socio': 0, 'n_space': 500, 'n_time': 500, 'w_socio': 1.0, 'w_space': 1.0, 'w_time': 1.0}",5,16392.76536654676,2721.542328109255,23368.971993897212,2691.0970638876706,6.726621357191706,1.4400617090620975,0.6124910226767482,0.12204478607458874
SparseGP_RFF,"(1, 2, 3, 12, 24)","{'alpha': 0.01, 'gamma_socio': 0.05, 'gamma_space': 0.05, 'gamma_time': 0.05, 'n_socio': 0, 'n_space': 200, 'n_time': 500, 'w_socio': 1.0, 'w_space': 1.0, 'w_time': 1.0}",5,16403.605535034032,2724.4451851300078,23377.164638230726,2690.025822308735,6.73012976037167,1.437818051663578,0.6128676538348994,0.12201185751867874
SparseGP_RFF,"(1, 2, 3, 12, 24)","{'alpha': 0.01, 'gamma_socio': 0.1, 'gamma_space': 0.05, 'gamma_time': 0.05, 'n_socio': 0, 'n_space': 200, 'n_time': 500, 'w_socio': 1.0, 'w_space': 1.0, 'w_time': 1.0}",5,16403.605535034032,2724.4451851300078,23377.164638230726,2690.025822308735,6.73012976037167,1.437818051663578,0.6128676538348994,0.12201185751867874
SparseGP_RFF,"(1, 12, 24)","{'alpha': 0.1, 'gamma_socio': 0.1, 'gamma_space': 0.1, 'gamma_time': 0.1, 'n_socio': 0, 'n_space': 500, 'n_time': 500, 'w_socio': 1.0, 'w_space': 1.0, 'w_time': 1.0}",5,17018.917355322785,4515.321490465806,23621.35927831803,4914.506636231711,6.933799755275643,2.307354713468699,0.6374925685934446,0.1988660160494941
SparseGP_RFF,"(1, 12, 24)","{'alpha': 0.1, 'gamma_socio': 0.05, 'gamma_space': 0.1, 'gamma_time': 0.1, 'n_socio': 0, 'n_space': 500, 'n_time': 500, 'w_socio': 1.0, 'w_space': 1.0, 'w_time': 1.0}",5,17018.917355322785,4515.321490465806,23621.35927831803,4914.506636231711,6.933799755275643,2.307354713468699,0.6374925685934446,0.1988660160494941
SparseGP_RFF,"(1, 2, 3, 12)","{'alpha': 0.001, 'gamma_socio': 0.1, 'gamma_space': 0.1, 'gamma_time': 0.1, 'n_socio': 0, 'n_space': 500, 'n_time': 200, 'w_socio': 1.0, 'w_space': 1.0, 'w_time': 1.0}",5,17881.11969279628,5455.17448537771,23632.40149905461,5127.17055504011,7.851121278153585,2.6794698533530377,0.7123538623566583,0.22839676128786573
SparseGP_RFF,"(1, 2, 3, 12)","{'alpha': 0.001, 'gamma_socio': 0.05, 'gamma_space': 0.1, 'gamma_time': 0.1, 'n_socio': 0, 'n_space': 500, 'n_time': 200, 'w_socio': 1.0, 'w_space': 1.0, 'w_time': 1.0}",5,17881.11969279628,5455.17448537771,23632.40149905461,5127.17055504011,7.851121278153585,2.6794698533530377,0.7123538623566583,0.22839676128786573
SparseGP_RFF,"(1, 12, 24)","{'alpha': 0.1, 'gamma_socio': 0.1, 'gamma_space': 0.1, 'gamma_time': 0.1, 'n_socio': 0, 'n_space': 200, 'n_time': 500, 'w_socio': 1.0, 'w_space': 1.0, 'w_time': 1.0}",5,17040.741267406847,4513.509878379186,23649.272914281522,4922.825174812156,6.94139942362373,2.3055297909483756,0.6383249706400322,0.1988911016551959
SparseGP_RFF,"(1, 12, 24)","{'alpha': 0.1, 'gamma_socio': 0.05, 'gamma_space': 0.1, 'gamma_time': 0.1, 'n_socio': 0, 'n_space': 200, 'n_time': 500, 'w_socio': 1.0, 'w_space': 1.0, 'w_time': 1.0}",5,17040.741267406847,4513.509878379186,23649.272914281522,4922.825174812156,6.94139942362373,2.3055297909483756,0.6383249706400322,0.1988911016551959
SparseGP_RFF,"(1, 2, 12)","{'alpha': 0.001, 'gamma_socio': 0.1, 'gamma_space': 0.1, 'gamma_time': 0.1, 'n_socio': 0, 'n_space': 500, 'n_time': 200, 'w_socio': 1.0, 'w_space': 1.0, 'w_time': 1.0}",5,17660.354816709816,4396.248502594289,23664.186478786753,3547.0314588657666,7.399706686910759,2.351066285509383,0.7036151285766351,0.18206914971344587
SparseGP_RFF,"(1, 2, 12)","{'alpha': 0.001, 'gamma_socio': 0.05, 'gamma_space': 0.1, 'gamma_time': 0.1, 'n_socio': 0, 'n_space': 500, 'n_time': 200, 'w_socio': 1.0, 'w_space': 1.0, 'w_time': 1.0}",5,17660.354816709816,4396.248502594289,23664.186478786753,3547.0314588657666,7.399706686910759,2.351066285509383,0.7036151285766351,0.18206914971344587
SparseGP_RFF,"(1, 2, 12)","{'alpha': 0.1, 'gamma_socio': 0.1, 'gamma_space': 0.05, 'gamma_time': 0.1, 'n_socio': 0, 'n_space': 500, 'n_time': 200, 'w_socio': 1.0, 'w_space': 1.0, 'w_time': 1.0}",5,17609.11479633191,4025.630340610618,23686.178706290273,3253.4255822249984,7.357826814621885,2.183507389651044,0.7016044275585764,0.16881352411465078
SparseGP_RFF,"(1, 2, 12)","{'alpha': 0.1, 'gamma_socio': 0.05, 'gamma_space': 0.05, 'gamma_time': 0.1, 'n_socio': 0, 'n_space': 500, 'n_time': 200, 'w_socio': 1.0, 'w_space': 1.0, 'w_time': 1.0}",5,17609.11479633191,4025.630340610618,23686.178706290273,3253.4255822249984,7.357826814621885,2.183507389651044,0.7016044275585764,0.16881352411465078
SparseGP_RFF,"(1, 2, 12)","{'alpha': 0.1, 'gamma_socio': 0.1, 'gamma_space': 0.05, 'gamma_time': 0.1, 'n_socio': 0, 'n_space': 200, 'n_time': 200, 'w_socio': 1.0, 'w_space': 1.0, 'w_time': 1.0}",5,17620.59657145535,4012.8482824930275,23700.760242455006,3253.5505858334095,7.362929177322599,2.1788340877507353,0.7020635699696424,0.16839051189739088
SparseGP_RFF,"(1, 2, 12)","{'alpha': 0.1, 'gamma_socio': 0.05, 'gamma_space': 0.05, 'gamma_time': 0.1, 'n_socio': 0, 'n_space': 200, 'n_time': 200, 'w_socio': 1.0, 'w_space': 1.0, 'w_time': 1.0}",5,17620.59657145535,4012.8482824930275,23700.760242455006,3253.5505858334095,7.362929177322599,2.1788340877507353,0.7020635699696424,0.16839051189739088
SparseGP_RFF,"(1, 2, 3, 12)","{'alpha': 0.001, 'gamma_socio': 0.1, 'gamma_space': 0.1, 'gamma_time': 0.1, 'n_socio': 0, 'n_space': 200, 'n_time': 200, 'w_socio': 1.0, 'w_space': 1.0, 'w_time': 1.0}",5,17958.989579791592,5408.217345696567,23707.805215542216,5093.628317662951,7.897946029291889,2.6650438392081552,0.7154457739011362,0.22652749730294222
SparseGP_RFF,"(1, 2, 3, 12)","{'alpha': 0.001, 'gamma_socio': 0.05, 'gamma_space': 0.1, 'gamma_time': 0.1, 'n_socio': 0, 'n_space': 200, 'n_time': 200, 'w_socio': 1.0, 'w_space': 1.0, 'w_time': 1.0}",5,17958.989579791592,5408.217345696567,23707.805215542216,5093.628317662951,7.897946029291889,2.6650438392081552,0.7154457739011362,0.22652749730294222
SparseGP_RFF,"(1, 2, 12)","{'alpha': 0.1, 'gamma_socio': 0.1, 'gamma_space': 0.1, 'gamma_time': 0.1, 'n_socio': 0, 'n_space': 200, 'n_time': 200, 'w_socio': 1.0, 'w_space': 1.0, 'w_time': 1.0}",5,17655.288232804567,4203.075050616219,23713.443885602243,3390.946057976305,7.393495372155608,2.2759811825575884,0.7034009250222304,0.1750461544005377
SparseGP_RFF,"(1, 2, 12)","{'alpha': 0.1, 'gamma_socio': 0.05, 'gamma_space': 0.1, 'gamma_time': 0.1, 'n_socio': 0, 'n_space': 200, 'n_time': 200, 'w_socio': 1.0, 'w_space': 1.0, 'w_time': 1.0}",5,17655.288232804567,4203.075050616219,23713.443885602243,3390.946057976305,7.393495372155608,2.2759811825575884,0.7034009250222304,0.1750461544005377
SparseGP_RFF,"(1, 2, 12)","{'alpha': 0.1, 'gamma_socio': 0.1, 'gamma_space': 0.1, 'gamma_time': 0.1, 'n_socio': 0, 'n_space': 500, 'n_time': 200, 'w_socio': 1.0, 'w_space': 1.0, 'w_time': 1.0}",5,17668.491543287448,4212.526678907944,23722.91842122126,3396.315693404282,7.399046270403612,2.2769149333839485,0.7039397206969017,0.17544812273328275
SparseGP_RFF,"(1, 2, 12)","{'alpha': 0.1, 'gamma_socio': 0.05, 'gamma_space': 0.1, 'gamma_time': 0.1, 'n_socio': 0, 'n_space': 500, 'n_time': 200, 'w_socio': 1.0, 'w_space': 1.0, 'w_time': 1.0}",5,17668.491543287448,4212.526678907944,23722.91842122126,3396.315693404282,7.399046270403612,2.2769149333839485,0.7039397206969017,0.17544812273328275
SparseGP_RFF,"(1, 2, 12)","{'alpha': 0.01, 'gamma_socio': 0.05, 'gamma_space': 0.1, 'gamma_time': 0.1, 'n_socio': 0, 'n_space': 500, 'n_time': 200, 'w_socio': 1.0, 'w_space': 1.0, 'w_time': 1.0}",5,17716.99517758429,4337.601405793673,23750.32889737307,3500.953276258015,7.427490596069373,2.334609475318888,0.7058943564232816,0.18010489638787064
SparseGP_RFF,"(1, 2, 12)","{'alpha': 0.01, 'gamma_socio': 0.1, 'gamma_space': 0.1, 'gamma_time': 0.1, 'n_socio': 0, 'n_space': 500, 'n_time': 200, 'w_socio': 1.0, 'w_space': 1.0, 'w_time': 1.0}",5,17716.99517758429,4337.601405793673,23750.32889737307,3500.953276258015,7.427490596069373,2.334609475318888,0.7058943564232816,0.18010489638787064
SparseGP_RFF,"(1, 2, 12)","{'alpha': 0.001, 'gamma_socio': 0.1, 'gamma_space': 0.1, 'gamma_time': 0.1, 'n_socio': 0, 'n_space': 200, 'n_time': 200, 'w_socio': 1.0, 'w_space': 1.0, 'w_time': 1.0}",5,17747.431141843837,4399.639935430024,23752.829245350033,3544.387067209471,7.446352533109044,2.3625487363012603,0.7070612344269218,0.18217177569741852
SparseGP_RFF,"(1, 2, 12)","{'alpha': 0.001, 'gamma_socio': 0.05, 'gamma_space': 0.1, 'gamma_time': 0.1, 'n_socio': 0, 'n_space': 200, 'n_time': 200, 'w_socio': 1.0, 'w_space': 1.0, 'w_time': 1.0}",5,17747.431141843837,4399.639935430024,23752.829245350033,3544.387067209471,7.446352533109044,2.3625487363012603,0.7070612344269218,0.18217177569741852
SparseGP_RFF,"(1, 2, 3, 12)","{'alpha': 0.001, 'gamma_socio': 0.1, 'gamma_space': 0.05, 'gamma_time': 0.1, 'n_socio': 0, 'n_space': 500, 'n_time': 200, 'w_socio': 1.0, 'w_space': 1.0, 'w_time': 1.0}",5,18000.376343761927,5376.247905362683,23754.437306186876,5067.06388315491,7.923158369225054,2.6647917363340254,0.7170439748499231,0.22516086317676454
SparseGP_RFF,"(1, 2, 3, 12)","{'alpha': 0.001, 'gamma_socio': 0.05, 'gamma_space': 0.05, 'gamma_time': 0.1, 'n_socio': 0, 'n_space': 500, 'n_time': 200, 'w_socio': 1.0, 'w_space': 1.0, 'w_time': 1.0}",5,18000.376343761927,5376.247905362683,23754.437306186876,5067.06388315491,7.923158369225054,2.6647917363340254,0.7170439748499231,0.22516086317676454
SparseGP_RFF,"(1, 2, 3, 12)","{'alpha': 0.01, 'gamma_socio': 0.05, 'gamma_space': 0.1, 'gamma_time': 0.1, 'n_socio': 0, 'n_space': 500, 'n_time': 200, 'w_socio': 1.0, 'w_space': 1.0, 'w_time': 1.0}",5,18009.959704855246,5434.153990711242,23772.383233769484,5110.23547133551,7.911956293451043,2.6777479011821965,0.7174867071951246,0.2276303324472999
SparseGP_RFF,"(1, 2, 3, 12)","{'alpha': 0.01, 'gamma_socio': 0.1, 'gamma_space': 0.1, 'gamma_time': 0.1, 'n_socio': 0, 'n_space': 500, 'n_time': 200, 'w_socio': 1.0, 'w_space': 1.0, 'w_time': 1.0}",5,18009.959704855246,5434.153990711242,23772.383233769484,5110.23547133551,7.911956293451043,2.6777479011821965,0.7174867071951246,0.2276303324472999
SparseGP_RFF,"(1, 2, 12)","{'alpha': 0.01, 'gamma_socio': 0.1, 'gamma_space': 0.05, 'gamma_time': 0.1, 'n_socio': 0, 'n_space': 500, 'n_time': 200, 'w_socio': 1.0, 'w_space': 1.0, 'w_time': 1.0}",5,17736.26517153385,4280.689232586269,23778.70815656732,3455.0779689853152,7.440113482884824,2.320247362611523,0.7066372666240459,0.17797265689256395
SparseGP_RFF,"(1, 2, 12)","{'alpha': 0.01, 'gamma_socio': 0.05, 'gamma_space': 0.05, 'gamma_time': 0.1, 'n_socio': 0, 'n_space': 500, 'n_time': 200, 'w_socio': 1.0, 'w_space': 1.0, 'w_time': 1.0}",5,17736.26517153385,4280.689232586269,23778.70815656732,3455.0779689853152,7.440113482884824,2.320247362611523,0.7066372666240459,0.17797265689256395
SparseGP_RFF,"(1, 2, 12)","{'alpha': 0.001, 'gamma_socio': 0.1, 'gamma_space': 0.05, 'gamma_time': 0.1, 'n_socio': 0, 'n_space': 500, 'n_time': 200, 'w_socio': 1.0, 'w_space': 1.0, 'w_time': 1.0}",5,17781.051482109404,4374.527291139665,23790.900238442537,3528.523505610434,7.470998525061224,2.362608251638064,0.7084105955517275,0.1813606673007915
SparseGP_RFF,"(1, 2, 12)","{'alpha': 0.001, 'gamma_socio': 0.05, 'gamma_space': 0.05, 'gamma_time': 0.1, 'n_socio': 0, 'n_space': 500, 'n_time': 200, 'w_socio': 1.0, 'w_space': 1.0, 'w_time': 1.0}",5,17781.051482109404,4374.527291139665,23790.900238442537,3528.523505610434,7.470998525061224,2.362608251638064,0.7084105955517275,0.1813606673007915
SparseGP_RFF,"(1, 2, 12)","{'alpha': 0.01, 'gamma_socio': 0.05, 'gamma_space': 0.05, 'gamma_time': 0.1, 'n_socio': 0, 'n_space': 200, 'n_time': 200, 'w_socio': 1.0, 'w_space': 1.0, 'w_time': 1.0}",5,17750.464588875533,4292.21002574222,23794.638290012015,3466.6698667839346,7.448047044300154,2.3287308224224956,0.7071926937032957,0.17836276539656107
SparseGP_RFF,"(1, 2, 12)","{'alpha': 0.01, 'gamma_socio': 0.1, 'gamma_space': 0.05, 'gamma_time': 0.1, 'n_socio': 0, 'n_space': 200, 'n_time': 200, 'w_socio': 1.0, 'w_space': 1.0, 'w_time': 1.0}",5,17750.464588875533,4292.21002574222,23794.638290012015,3466.6698667839346,7.448047044300154,2.3287308224224956,0.7071926937032957,0.17836276539656107
SparseGP_RFF,"(1, 2, 3, 12)","{'alpha': 0.01, 'gamma_socio': 0.05, 'gamma_space': 0.05, 'gamma_time': 0.1, 'n_socio': 0, 'n_space': 500, 'n_time': 200, 'w_socio': 1.0, 'w_space': 1.0, 'w_time': 1.0}",5,18037.52916475951,5360.6016787738645,23802.074233576684,5048.900708667191,7.9273204614964,2.64967916368584,0.718542590784265,0.2246489352055319
SparseGP_RFF,"(1, 2, 3, 12)","{'alpha': 0.01, 'gamma_socio': 0.1, 'gamma_space': 0.05, 'gamma_time': 0.1, 'n_socio': 0, 'n_space': 500, 'n_time': 200, 'w_socio': 1.0, 'w_space': 1.0, 'w_time': 1.0}",5,18037.52916475951,5360.6016787738645,23802.074233576684,5048.900708667191,7.9273204614964,2.64967916368584,0.718542590784265,0.2246489352055319
SparseGP_RFF,"(1, 2, 12)","{'alpha': 0.01, 'gamma_socio': 0.1, 'gamma_space': 0.1, 'gamma_time': 0.1, 'n_socio': 0, 'n_space': 200, 'n_time': 200, 'w_socio': 1.0, 'w_space': 1.0, 'w_time': 1.0}",5,17775.056921585816,4364.892060837024,23807.413368444388,3523.5717778063986,7.460501364599085,2.3561421010254535,0.7081754468945878,0.1810244459654569
SparseGP_RFF,"(1, 2, 12)","{'alpha': 0.01, 'gamma_socio': 0.05, 'gamma_space': 0.1, 'gamma_time': 0.1, 'n_socio': 0, 'n_space': 200, 'n_time': 200, 'w_socio': 1.0, 'w_space': 1.0, 'w_time': 1.0}",5,17775.056921585816,4364.892060837024,23807.413368444388,3523.5717778063986,7.460501364599085,2.3561421010254535,0.7081754468945878,0.1810244459654569
SparseGP_RFF,"(1, 2, 3, 12)","{'alpha': 0.001, 'gamma_socio': 0.1, 'gamma_space': 0.05, 'gamma_time': 0.1, 'n_socio': 0, 'n_space': 200, 'n_time': 200, 'w_socio': 1.0, 'w_space': 1.0, 'w_time': 1.0}",5,18054.38467703767,5375.243923153922,23807.64807089662,5067.981105177504,7.953101235900602,2.668065767643214,0.7191694236663915,0.22501302280768054
SparseGP_RFF,"(1, 2, 3, 12)","{'alpha': 0.001, 'gamma_socio': 0.05, 'gamma_space': 0.05, 'gamma_time': 0.1, 'n_socio': 0, 'n_space': 200, 'n_time': 200, 'w_socio': 1.0, 'w_space': 1.0, 'w_time': 1.0}",5,18054.38467703767,5375.243923153922,23807.64807089662,5067.981105177504,7.953101235900602,2.668065767643214,0.7191694236663915,0.22501302280768054
SparseGP_RFF,"(1, 12, 24)","{'alpha': 0.1, 'gamma_socio': 0.05, 'gamma_space': 0.05, 'gamma_time': 0.1, 'n_socio': 0, 'n_space': 500, 'n_time': 500, 'w_socio': 1.0, 'w_space': 1.0, 'w_time': 1.0}",5,17172.16441664094,4497.349306721862,23809.69361016446,4925.688647116766,6.99994817456138,2.3167201208005,0.6430976228823606,0.19801273528880092
SparseGP_RFF,"(1, 12, 24)","{'alpha': 0.1, 'gamma_socio': 0.1, 'gamma_space': 0.05, 'gamma_time': 0.1, 'n_socio': 0, 'n_space': 500, 'n_time': 500, 'w_socio': 1.0, 'w_space': 1.0, 'w_time': 1.0}",5,17172.16441664094,4497.349306721862,23809.69361016446,4925.688647116766,6.99994817456138,2.3167201208005,0.6430976228823606,0.19801273528880092
SparseGP_RFF,"(1, 2, 3, 12)","{'alpha': 0.1, 'gamma_socio': 0.05, 'gamma_space': 0.05, 'gamma_time': 0.1, 'n_socio': 0, 'n_space': 500, 'n_time': 200, 'w_socio': 1.0, 'w_space': 1.0, 'w_time': 1.0}",5,18036.934725790496,5322.695077888113,23810.494373066158,5022.0659749706165,7.905258691674959,2.6144998137716557,0.7186144193231178,0.22373042089798356
SparseGP_RFF,"(1, 2, 3, 12)","{'alpha': 0.1, 'gamma_socio': 0.1, 'gamma_space': 0.05, 'gamma_time': 0.1, 'n_socio': 0, 'n_space': 500, 'n_time': 200, 'w_socio': 1.0, 'w_space': 1.0, 'w_time': 1.0}",5,18036.934725790496,5322.695077888113,23810.494373066158,5022.0659749706165,7.905258691674959,2.6144998137716557,0.7186144193231178,0.22373042089798356
SparseGP_RFF,"(1, 2, 3, 12)","{'alpha': 0.01, 'gamma_socio': 0.1, 'gamma_space': 0.05, 'gamma_time': 0.1, 'n_socio': 0, 'n_space': 200, 'n_time': 200, 'w_socio': 1.0, 'w_space': 1.0, 'w_time': 1.0}",5,18055.69881966187,5364.886243676791,23822.808643538094,5054.324633316138,7.939812888519386,2.654188545513416,0.7192681853916488,0.22483284678308627
SparseGP_RFF,"(1, 2, 3, 12)","{'alpha': 0.01, 'gamma_socio': 0.05, 'gamma_space': 0.05, 'gamma_time': 0.1, 'n_socio': 0, 'n_space': 200, 'n_time': 200, 'w_socio': 1.0, 'w_space': 1.0, 'w_time': 1.0}",5,18055.69881966187,5364.886243676791,23822.808643538094,5054.324633316138,7.939812888519386,2.654188545513416,0.7192681853916488,0.22483284678308627
SparseGP_RFF,"(1, 2, 3, 12)","{'alpha': 0.1, 'gamma_socio': 0.05, 'gamma_space': 0.1, 'gamma_time': 0.1, 'n_socio': 0, 'n_space': 500, 'n_time': 200, 'w_socio': 1.0, 'w_space': 1.0, 'w_time': 1.0}",5,18056.488374970486,5394.361573696301,23826.63446038726,5075.769372182629,7.925381955085672,2.6537471176067613,0.7193482733623056,0.2261631011000162
SparseGP_RFF,"(1, 2, 3, 12)","{'alpha': 0.1, 'gamma_socio': 0.1, 'gamma_space': 0.1, 'gamma_time': 0.1, 'n_socio': 0, 'n_space': 500, 'n_time': 200, 'w_socio': 1.0, 'w_space': 1.0, 'w_time': 1.0}",5,18056.488374970486,5394.361573696301,23826.63446038726,5075.769372182629,7.925381955085672,2.6537471176067613,0.7193482733623056,0.2261631011000162
SparseGP_RFF,"(1, 2, 3, 12)","{'alpha': 0.01, 'gamma_socio': 0.05, 'gamma_space': 0.1, 'gamma_time': 0.1, 'n_socio': 0, 'n_space': 200, 'n_time': 200, 'w_socio': 1.0, 'w_space': 1.0, 'w_time': 1.0}",5,18067.17998113424,5418.669937312379,23828.024079287217,5101.095424924905,7.946928553726269,2.674264855315944,0.7197435250204803,0.22695697048237454
SparseGP_RFF,"(1, 2, 3, 12)","{'alpha': 0.01, 'gamma_socio': 0.1, 'gamma_space': 0.1, 'gamma_time': 0.1, 'n_socio': 0, 'n_space': 200, 'n_time': 200, 'w_socio': 1.0, 'w_space': 1.0, 'w_time': 1.0}",5,18067.17998113424,5418.669937312379,23828.024079287217,5101.095424924905,7.946928553726269,2.674264855315944,0.7197435250204803,0.22695697048237454
SparseGP_RFF,"(1, 2, 3, 12)","{'alpha': 0.1, 'gamma_socio': 0.1, 'gamma_space': 0.1, 'gamma_time': 0.1, 'n_socio': 0, 'n_space': 200, 'n_time': 200, 'w_socio': 1.0, 'w_space': 1.0, 'w_time': 1.0}",5,18055.78615936937,5375.415919672453,23828.35788580627,5062.703312531547,7.928174649378642,2.648270476873426,0.7193066243428319,0.22540397223027941
SparseGP_RFF,"(1, 2, 3, 12)","{'alpha': 0.1, 'gamma_socio': 0.05, 'gamma_space': 0.1, 'gamma_time': 0.1, 'n_socio': 0, 'n_space': 200, 'n_time': 200, 'w_socio': 1.0, 'w_space': 1.0, 'w_time': 1.0}",5,18055.78615936937,5375.415919672453,23828.35788580627,5062.703312531547,7.928174649378642,2.648270476873426,0.7193066243428319,0.22540397223027941
SparseGP_RFF,"(1, 12)","{'alpha': 0.1, 'gamma_socio': 0.1, 'gamma_space': 0.05, 'gamma_time': 0.1, 'n_socio': 0, 'n_space': 500, 'n_time': 200, 'w_socio': 1.0, 'w_space': 1.0, 'w_time': 1.0}",5,17949.65754651864,8629.726562346468,23837.456036366395,8630.436680630879,7.474550643868949,3.722593911371247,0.7198472114902341,0.3665215889640787
SparseGP_RFF,"(1, 12)","{'alpha': 0.1, 'gamma_socio': 0.05, 'gamma_space': 0.05, 'gamma_time': 0.1, 'n_socio': 0, 'n_space': 500, 'n_time': 200, 'w_socio': 1.0, 'w_space': 1.0, 'w_time': 1.0}",5,17949.65754651864,8629.726562346468,23837.456036366395,8630.436680630879,7.474550643868949,3.722593911371247,0.7198472114902341,0.3665215889640787
SparseGP_RFF,"(1, 2, 3, 12)","{'alpha': 0.1, 'gamma_socio': 0.05, 'gamma_space': 0.05, 'gamma_time': 0.1, 'n_socio': 0, 'n_space': 200, 'n_time': 200, 'w_socio': 1.0, 'w_space': 1.0, 'w_time': 1.0}",5,18064.691230506312,5330.8266447215,23839.703957644284,5037.797992688419,7.9206473541173,2.6195263578107912,0.7197335482776827,0.2241589052916973
SparseGP_RFF,"(1, 2, 3, 12)","{'alpha': 0.1, 'gamma_socio': 0.1, 'gamma_space': 0.05, 'gamma_time': 0.1, 'n_socio': 0, 'n_space': 200, 'n_time': 200, 'w_socio': 1.0, 'w_space': 1.0, 'w_time': 1.0}",5,18064.691230506312,5330.8266447215,23839.703957644284,5037.797992688419,7.9206473541173,2.6195263578107912,0.7197335482776827,0.2241589052916973
SparseGP_RFF,"(1, 12)","{'alpha': 0.1, 'gamma_socio': 0.05, 'gamma_space': 0.1, 'gamma_time': 0.1, 'n_socio': 0, 'n_space': 200, 'n_time': 200, 'w_socio': 1.0, 'w_space': 1.0, 'w_time': 1.0}",5,17967.785214088122,8734.707345359375,23841.268293233345,8721.938697116871,7.5166108688258735,3.786869047107755,0.7205456833810547,0.3705409893249072
SparseGP_RFF,"(1, 12)","{'alpha': 0.1, 'gamma_socio': 0.1, 'gamma_space': 0.1, 'gamma_time': 0.1, 'n_socio': 0, 'n_space': 200, 'n_time': 200, 'w_socio': 1.0, 'w_space': 1.0, 'w_time': 1.0}",5,17967.785214088122,8734.707345359375,23841.268293233345,8721.938697116871,7.5166108688258735,3.786869047107755,0.7205456833810547,0.3705409893249072
SparseGP_RFF,"(1, 12)","{'alpha': 0.1, 'gamma_socio': 0.1, 'gamma_space': 0.1, 'gamma_time': 0.1, 'n_socio': 0, 'n_space': 500, 'n_time': 200, 'w_socio': 1.0, 'w_space': 1.0, 'w_time': 1.0}",5,17974.975162003517,8744.433868905438,23844.001655742664,8722.029195252331,7.526593833021872,3.794833329328911,0.7208383500568203,0.37091094069283675
SparseGP_RFF,"(1, 12)","{'alpha': 0.1, 'gamma_socio': 0.05, 'gamma_space': 0.1, 'gamma_time': 0.1, 'n_socio': 0, 'n_space': 500, 'n_time': 200, 'w_socio': 1.0, 'w_space': 1.0, 'w_time': 1.0}",5,17974.975162003517,8744.433868905438,23844.001655742664,8722.029195252331,7.526593833021872,3.794833329328911,0.7208383500568203,0.37091094069283675
SparseGP_RFF,"(1, 2, 3, 12)","{'alpha': 0.1, 'gamma_socio': 0.05, 'gamma_space': 0.05, 'gamma_time': 0.1, 'n_socio': 0, 'n_space': 500, 'n_time': 500, 'w_socio': 1.0, 'w_space': 1.0, 'w_time': 1.0}",5,17938.243308362413,5097.029365641518,23844.35489202012,5075.666745928654,7.4082806829780266,2.489427693167833,0.7157601967793108,0.21896101083244437
SparseGP_RFF,"(1, 2, 3, 12)","{'alpha': 0.1, 'gamma_socio': 0.1, 'gamma_space': 0.05, 'gamma_time': 0.1, 'n_socio': 0, 'n_space': 500, 'n_time': 500, 'w_socio': 1.0, 'w_space': 1.0, 'w_time': 1.0}",5,17938.243308362413,5097.029365641518,23844.35489202012,5075.666745928654,7.4082806829780266,2.489427693167833,0.7157601967793108,0.21896101083244437
SparseGP_RFF,"(1, 12)","{'alpha': 0.1, 'gamma_socio': 0.1, 'gamma_space': 0.05, 'gamma_time': 0.1, 'n_socio': 0, 'n_space': 200, 'n_time': 200, 'w_socio': 1.0, 'w_space': 1.0, 'w_time': 1.0}",5,17954.905902298076,8598.205453921342,23847.31991059427,8609.699229262444,7.468879080387092,3.704561024535072,0.7200606039640014,0.3653170194979497
SparseGP_RFF,"(1, 12)","{'alpha': 0.1, 'gamma_socio': 0.05, 'gamma_space': 0.05, 'gamma_time': 0.1, 'n_socio': 0, 'n_space': 200, 'n_time': 200, 'w_socio': 1.0, 'w_space': 1.0, 'w_time': 1.0}",5,17954.905902298076,8598.205453921342,23847.31991059427,8609.699229262444,7.468879080387092,3.704561024535072,0.7200606039640014,0.3653170194979497
SparseGP_RFF,"(1, 2, 3, 12)","{'alpha': 0.1, 'gamma_socio': 0.1, 'gamma_space': 0.05, 'gamma_time': 0.1, 'n_socio': 0, 'n_space': 200, 'n_time': 500, 'w_socio': 1.0, 'w_space': 1.0, 'w_time': 1.0}",5,17949.19301230431,5085.178406592657,23859.515809800825,5069.865537680821,7.416710628493597,2.4857525668179825,0.716194368099133,0.21854749344025431
SparseGP_RFF,"(1, 2, 3, 12)","{'alpha': 0.1, 'gamma_socio': 0.05, 'gamma_space': 0.05, 'gamma_time': 0.1, 'n_socio': 0, 'n_space': 200, 'n_time': 500, 'w_socio': 1.0, 'w_space': 1.0, 'w_time': 1.0}",5,17949.19301230431,5085.178406592657,23859.515809800825,5069.865537680821,7.416710628493597,2.4857525668179825,0.716194368099133,0.21854749344025431
SparseGP_RFF,"(1, 2, 3, 12)","{'alpha': 0.1, 'gamma_socio': 0.05, 'gamma_space': 0.1, 'gamma_time': 0.1, 'n_socio': 0, 'n_space': 200, 'n_time': 500, 'w_socio': 1.0, 'w_space': 1.0, 'w_time': 1.0}",5,17967.851298158123,5171.1628292739015,23860.464750678773,5137.409319100608,7.428018507935121,2.5214249680219676,0.7169249893906054,0.22157287552459898
SparseGP_RFF,"(1, 2, 3, 12)","{'alpha': 0.1, 'gamma_socio': 0.1, 'gamma_space': 0.1, 'gamma_time': 0.1, 'n_socio': 0, 'n_space': 200, 'n_time': 500, 'w_socio': 1.0, 'w_space': 1.0, 'w_time': 1.0}",5,17967.851298158123,5171.1628292739015,23860.464750678773,5137.409319100608,7.428018507935121,2.5214249680219676,0.7169249893906054,0.22157287552459898
SparseGP_RFF,"(1, 2, 3, 12)","{'alpha': 0.1, 'gamma_socio': 0.1, 'gamma_space': 0.1, 'gamma_time': 0.1, 'n_socio': 0, 'n_space': 500, 'n_time': 500, 'w_socio': 1.0, 'w_space': 1.0, 'w_time': 1.0}",5,17973.02770675801,5187.136384740603,23864.932531149265,5149.454936812471,7.427370965228346,2.5282106475327346,0.7171306481638056,0.22214722863688613
SparseGP_RFF,"(1, 2, 3, 12)","{'alpha': 0.1, 'gamma_socio': 0.05, 'gamma_space': 0.1, 'gamma_time': 0.1, 'n_socio': 0, 'n_space': 500, 'n_time': 500, 'w_socio': 1.0, 'w_space': 1.0, 'w_time': 1.0}",5,17973.02770675801,5187.136384740603,23864.932531149265,5149.454936812471,7.427370965228346,2.5282106475327346,0.7171306481638056,0.22214722863688613
SparseGP_RFF,"(1, 12, 24)","{'alpha': 0.1, 'gamma_socio': 0.05, 'gamma_space': 0.05, 'gamma_time': 0.1, 'n_socio': 0, 'n_space': 200, 'n_time': 500, 'w_socio': 1.0, 'w_space': 1.0, 'w_time': 1.0}",5,17222.43087641632,4511.698050899808,23866.962492303945,4950.946172647639,7.025160951394031,2.3262129382383305,0.6449913235474906,0.19862617168028188
SparseGP_RFF,"(1, 12, 24)","{'alpha': 0.1, 'gamma_socio': 0.1, 'gamma_space': 0.05, 'gamma_time': 0.1, 'n_socio': 0, 'n_space': 200, 'n_time': 500, 'w_socio': 1.0, 'w_space': 1.0, 'w_time': 1.0}",5,17222.43087641632,4511.698050899808,23866.962492303945,4950.946172647639,7.025160951394031,2.3262129382383305,0.6449913235474906,0.19862617168028188
SparseGP_RFF,"(1, 2, 12)","{'alpha': 0.001, 'gamma_socio': 0.1, 'gamma_space': 0.05, 'gamma_time': 0.1, 'n_socio': 0, 'n_space': 200, 'n_time': 200, 'w_socio': 1.0, 'w_space': 1.0, 'w_time': 1.0}",5,17863.74165781642,4437.017457841235,23869.616358151623,3582.2147250452476,7.515724634434271,2.4025817398249467,0.7116770290174139,0.1836042292760414
SparseGP_RFF,"(1, 2, 12)","{'alpha': 0.001, 'gamma_socio': 0.05, 'gamma_space': 0.05, 'gamma_time': 0.1, 'n_socio': 0, 'n_space': 200, 'n_time': 200, 'w_socio': 1.0, 'w_space': 1.0, 'w_time': 1.0}",5,17863.74165781642,4437.017457841235,23869.616358151623,3582.2147250452476,7.515724634434271,2.4025817398249467,0.7116770290174139,0.1836042292760414
SparseGP_RFF,"(1, 12)","{'alpha': 0.001, 'gamma_socio': 0.05, 'gamma_space': 0.1, 'gamma_time': 0.1, 'n_socio': 0, 'n_space': 500, 'n_time': 200, 'w_socio': 1.0, 'w_space': 1.0, 'w_time': 1.0}",5,18013.254074265547,8842.010911433112,23875.03413218447,8819.914525841938,7.577436578178762,3.8688910761667055,0.7224177493664462,0.3747785043637893
SparseGP_RFF,"(1, 12)","{'alpha': 0.001, 'gamma_socio': 0.1, 'gamma_space': 0.1, 'gamma_time': 0.1, 'n_socio': 0, 'n_space': 500, 'n_time': 200, 'w_socio': 1.0, 'w_space': 1.0, 'w_time': 1.0}",5,18013.254074265547,8842.010911433112,23875.03413218447,8819.914525841938,7.577436578178762,3.8688910761667055,0.7224177493664462,0.3747785043637893
SparseGP_RFF,"(1, 12)","{'alpha': 0.001, 'gamma_socio': 0.05, 'gamma_space': 0.1, 'gamma_time': 0.1, 'n_socio': 0, 'n_space': 200, 'n_time': 200, 'w_socio': 1.0, 'w_space': 1.0, 'w_time': 1.0}",5,18006.91506511403,8796.162433397018,23876.652727047465,8784.54929186312,7.569067492326414,3.8448123345038705,0.7221343814005854,0.3729382787725484
SparseGP_RFF,"(1, 12)","{'alpha': 0.001, 'gamma_socio': 0.1, 'gamma_space': 0.1, 'gamma_time': 0.1, 'n_socio': 0, 'n_space': 200, 'n_time': 200, 'w_socio': 1.0, 'w_space': 1.0, 'w_time': 1.0}",5,18006.91506511403,8796.162433397018,23876.652727047465,8784.54929186312,7.569067492326414,3.8448123345038705,0.7221343814005854,0.3729382787725484
SparseGP_RFF,"(1, 2, 3, 12)","{'alpha': 0.001, 'gamma_socio': 0.1, 'gamma_space': 0.1, 'gamma_time': 0.1, 'n_socio': 0, 'n_space': 500, 'n_time': 500, 'w_socio': 1.0, 'w_space': 1.0, 'w_time': 1.0}",5,17957.962454823522,5316.701022854642,23881.429955124273,5317.734193113036,7.419288415620054,2.5958126476429317,0.7166262847296251,0.2273377826213801
SparseGP_RFF,"(1, 2, 3, 12)","{'alpha': 0.001, 'gamma_socio': 0.05, 'gamma_space': 0.1, 'gamma_time': 0.1, 'n_socio': 0, 'n_space': 500, 'n_time': 500, 'w_socio': 1.0, 'w_space': 1.0, 'w_time': 1.0}",5,17957.962454823522,5316.701022854642,23881.429955124273,5317.734193113036,7.419288415620054,2.5958126476429317,0.7166262847296251,0.2273377826213801
SparseGP_RFF,"(1, 12)","{'alpha': 0.001, 'gamma_socio': 0.1, 'gamma_space': 0.05, 'gamma_time': 0.1, 'n_socio': 0, 'n_space': 500, 'n_time': 200, 'w_socio': 1.0, 'w_space': 1.0, 'w_time': 1.0}",5,18000.17552568298,8741.781015204786,23882.777656425093,8748.245904183275,7.560680074562569,3.8225571495862285,0.7217993027589813,0.37072236924823176
SparseGP_RFF,"(1, 12)","{'alpha': 0.001, 'gamma_socio': 0.05, 'gamma_space': 0.05, 'gamma_time': 0.1, 'n_socio': 0, 'n_space': 500, 'n_time': 200, 'w_socio': 1.0, 'w_space': 1.0, 'w_time': 1.0}",5,18000.17552568298,8741.781015204786,23882.777656425093,8748.245904183275,7.560680074562569,3.8225571495862285,0.7217993027589813,0.37072236924823176
SparseGP_RFF,"(1, 12)","{'alpha': 0.001, 'gamma_socio': 0.1, 'gamma_space': 0.05, 'gamma_time': 0.1, 'n_socio': 0, 'n_space': 200, 'n_time': 200, 'w_socio': 1.0, 'w_space': 1.0, 'w_time': 1.0}",5,18008.26783958389,8708.695384946112,23891.093297138235,8714.084000548044,7.567321983362478,3.8151776045017773,0.7220764879512098,0.36931564350044527
SparseGP_RFF,"(1, 12)","{'alpha': 0.001, 'gamma_socio': 0.05, 'gamma_space': 0.05, 'gamma_time': 0.1, 'n_socio': 0, 'n_space': 200, 'n_time': 200, 'w_socio': 1.0, 'w_space': 1.0, 'w_time': 1.0}",5,18008.26783958389,8708.695384946112,23891.093297138235,8714.084000548044,7.567321983362478,3.8151776045017773,0.7220764879512098,0.36931564350044527
SparseGP_RFF,"(1, 12)","{'alpha': 0.01, 'gamma_socio': 0.1, 'gamma_space': 0.1, 'gamma_time': 0.1, 'n_socio': 0, 'n_space': 500, 'n_time': 200, 'w_socio': 1.0, 'w_space': 1.0, 'w_time': 1.0}",5,18038.630146126852,8834.126073275032,23920.410279720352,8828.290430219991,7.57259635114813,3.8472479413280465,0.7234400618462713,0.37458782961755716
SparseGP_RFF,"(1, 12)","{'alpha': 0.01, 'gamma_socio': 0.05, 'gamma_space': 0.1, 'gamma_time': 0.1, 'n_socio': 0, 'n_space': 500, 'n_time': 200, 'w_socio': 1.0, 'w_space': 1.0, 'w_time': 1.0}",5,18038.630146126852,8834.126073275032,23920.410279720352,8828.290430219991,7.57259635114813,3.8472479413280465,0.7234400618462713,0.37458782961755716
SparseGP_RFF,"(1, 12)","{'alpha': 0.01, 'gamma_socio': 0.1, 'gamma_space': 0.1, 'gamma_time': 0.1, 'n_socio': 0, 'n_space': 200, 'n_time': 200, 'w_socio': 1.0, 'w_space': 1.0, 'w_time': 1.0}",5,18044.68605375224,8811.806498117367,23928.334814778074,8813.366117857813,7.573393223592214,3.8369409880322207,0.7236516153842715,0.3736612086129748
SparseGP_RFF,"(1, 12)","{'alpha': 0.01, 'gamma_socio': 0.05, 'gamma_space': 0.1, 'gamma_time': 0.1, 'n_socio': 0, 'n_space': 200, 'n_time': 200, 'w_socio': 1.0, 'w_space': 1.0, 'w_time': 1.0}",5,18044.68605375224,8811.806498117367,23928.334814778074,8813.366117857813,7.573393223592214,3.8369409880322207,0.7236516153842715,0.3736612086129748
SparseGP_RFF,"(1, 12, 24)","{'alpha': 0.001, 'gamma_socio': 0.1, 'gamma_space': 0.1, 'gamma_time': 0.1, 'n_socio': 0, 'n_space': 500, 'n_time': 200, 'w_socio': 1.0, 'w_space': 1.0, 'w_time': 1.0}",5,18118.993484377766,3009.8417438080087,23931.90375929888,2537.4643048145094,7.889358790815502,1.5603110871028703,0.6800821502005798,0.15132923815649185
SparseGP_RFF,"(1, 12, 24)","{'alpha': 0.001, 'gamma_socio': 0.05, 'gamma_space': 0.1, 'gamma_time': 0.1, 'n_socio': 0, 'n_space': 500, 'n_time': 200, 'w_socio': 1.0, 'w_space': 1.0, 'w_time': 1.0}",5,18118.993484377766,3009.8417438080087,23931.90375929888,2537.4643048145094,7.889358790815502,1.5603110871028703,0.6800821502005798,0.15132923815649185
SparseGP_RFF,"(1, 12)","{'alpha': 0.01, 'gamma_socio': 0.1, 'gamma_space': 0.05, 'gamma_time': 0.1, 'n_socio': 0, 'n_space': 200, 'n_time': 200, 'w_socio': 1.0, 'w_space': 1.0, 'w_time': 1.0}",5,18039.119005927503,8760.588352751185,23932.859009716576,8768.449422212643,7.557795808217888,3.813612616232605,0.7234088666389614,0.3716520560172729
SparseGP_RFF,"(1, 12)","{'alpha': 0.01, 'gamma_socio': 0.05, 'gamma_space': 0.05, 'gamma_time': 0.1, 'n_socio': 0, 'n_space': 200, 'n_time': 200, 'w_socio': 1.0, 'w_space': 1.0, 'w_time': 1.0}",5,18039.119005927503,8760.588352751185,23932.859009716576,8768.449422212643,7.557795808217888,3.813612616232605,0.7234088666389614,0.3716520560172729
SparseGP_RFF,"(1, 12)","{'alpha': 0.01, 'gamma_socio': 0.05, 'gamma_space': 0.05, 'gamma_time': 0.1, 'n_socio': 0, 'n_space': 500, 'n_time': 200, 'w_socio': 1.0, 'w_space': 1.0, 'w_time': 1.0}",5,18043.117499870375,8781.283664892982,23934.60202665961,8784.76998299885,7.56195206382497,3.821885339492495,0.7235822651758186,0.3724912467987399
SparseGP_RFF,"(1, 12)","{'alpha': 0.01, 'gamma_socio': 0.1, 'gamma_space': 0.05, 'gamma_time': 0.1, 'n_socio': 0, 'n_space': 500, 'n_time': 200, 'w_socio': 1.0, 'w_space': 1.0, 'w_time': 1.0}",5,18043.117499870375,8781.283664892982,23934.60202665961,8784.76998299885,7.56195206382497,3.821885339492495,0.7235822651758186,0.3724912467987399
SparseGP_RFF,"(1, 2, 3, 12)","{'alpha': 0.001, 'gamma_socio': 0.05, 'gamma_space': 0.1, 'gamma_time': 0.1, 'n_socio': 0, 'n_space': 200, 'n_time': 500, 'w_socio': 1.0, 'w_space': 1.0, 'w_time': 1.0}",5,18037.06712229966,5293.231182309551,23952.6771038763,5294.245376919011,7.461595121541398,2.586895124443682,0.7197449173639489,0.22640016393108453
SparseGP_RFF,"(1, 2, 3, 12)","{'alpha': 0.001, 'gamma_socio': 0.1, 'gamma_space': 0.1, 'gamma_time': 0.1, 'n_socio': 0, 'n_space': 200, 'n_time': 500, 'w_socio': 1.0, 'w_space': 1.0, 'w_time': 1.0}",5,18037.06712229966,5293.231182309551,23952.6771038763,5294.245376919011,7.461595121541398,2.586895124443682,0.7197449173639489,0.22640016393108453
SparseGP_RFF,"(1, 12, 24)","{'alpha': 0.001, 'gamma_socio': 0.1, 'gamma_space': 0.1, 'gamma_time': 0.1, 'n_socio': 0, 'n_space': 200, 'n_time': 200, 'w_socio': 1.0, 'w_space': 1.0, 'w_time': 1.0}",5,18176.228806044208,3027.45649228586,23994.851571826854,2551.809834979088,7.9220641878544615,1.5756691231918754,0.6822028692103187,0.15182304064026328
SparseGP_RFF,"(1, 12, 24)","{'alpha': 0.001, 'gamma_socio': 0.05, 'gamma_space': 0.1, 'gamma_time': 0.1, 'n_socio': 0, 'n_space': 200, 'n_time': 200, 'w_socio': 1.0, 'w_space': 1.0, 'w_time': 1.0}",5,18176.228806044208,3027.45649228586,23994.851571826854,2551.809834979088,7.9220641878544615,1.5756691231918754,0.6822028692103187,0.15182304064026328
SparseGP_RFF,"(1, 2, 3, 12)","{'alpha': 0.01, 'gamma_socio': 0.1, 'gamma_space': 0.1, 'gamma_time': 0.1, 'n_socio': 0, 'n_space': 500, 'n_time': 500, 'w_socio': 1.0, 'w_space': 1.0, 'w_time': 1.0}",5,18089.502307503724,5282.34773424451,24018.411270749064,5278.522911160563,7.476673653130288,2.5746938307419938,0.7218205244282754,0.2260613235775514
SparseGP_RFF,"(1, 2, 3, 12)","{'alpha': 0.01, 'gamma_socio': 0.05, 'gamma_space': 0.1, 'gamma_time': 0.1, 'n_socio': 0, 'n_space': 500, 'n_time': 500, 'w_socio': 1.0, 'w_space': 1.0, 'w_time': 1.0}",5,18089.502307503724,5282.34773424451,24018.411270749064,5278.522911160563,7.476673653130288,2.5746938307419938,0.7218205244282754,0.2260613235775514
SparseGP_RFF,"(1, 2, 3, 12)","{'alpha': 0.001, 'gamma_socio': 0.05, 'gamma_space': 0.05, 'gamma_time': 0.1, 'n_socio': 0, 'n_space': 500, 'n_time': 500, 'w_socio': 1.0, 'w_space': 1.0, 'w_time': 1.0}",5,18094.086813248694,5287.52533509617,24020.18633861343,5291.088950265138,7.494024463485724,2.5924118245284715,0.7219947277093053,0.22622456468716046
SparseGP_RFF,"(1, 2, 3, 12)","{'alpha': 0.001, 'gamma_socio': 0.1, 'gamma_space': 0.05, 'gamma_time': 0.1, 'n_socio': 0, 'n_space': 500, 'n_time': 500, 'w_socio': 1.0, 'w_space': 1.0, 'w_time': 1.0}",5,18094.086813248694,5287.52533509617,24020.18633861343,5291.088950265138,7.494024463485724,2.5924118245284715,0.7219947277093053,0.22622456468716046
SparseGP_RFF,"(1, 12, 24)","{'alpha': 0.1, 'gamma_socio': 0.1, 'gamma_space': 0.05, 'gamma_time': 0.1, 'n_socio': 0, 'n_space': 500, 'n_time': 200, 'w_socio': 1.0, 'w_space': 1.0, 'w_time': 1.0}",5,18137.320517547305,2862.018955630955,24029.131182327787,2439.000484688948,7.890517177043124,1.4898432028991058,0.6803375327983643,0.14539718468791699
SparseGP_RFF,"(1, 12, 24)","{'alpha': 0.1, 'gamma_socio': 0.05, 'gamma_space': 0.05, 'gamma_time': 0.1, 'n_socio': 0, 'n_space': 500, 'n_time': 200, 'w_socio': 1.0, 'w_space': 1.0, 'w_time': 1.0}",5,18137.320517547305,2862.018955630955,24029.131182327787,2439.000484688948,7.890517177043124,1.4898432028991058,0.6803375327983643,0.14539718468791699
SparseGP_RFF,"(1, 12, 24)","{'alpha': 0.1, 'gamma_socio': 0.1, 'gamma_space': 0.1, 'gamma_time': 0.1, 'n_socio': 0, 'n_space': 500, 'n_time': 200, 'w_socio': 1.0, 'w_space': 1.0, 'w_time': 1.0}",5,18170.090204910728,2981.4363436214953,24035.10597218786,2513.866610131056,7.913765510403843,1.5556375284477018,0.6818400532024624,0.1499333024224468
SparseGP_RFF,"(1, 12, 24)","{'alpha': 0.1, 'gamma_socio': 0.05, 'gamma_space': 0.1, 'gamma_time': 0.1, 'n_socio': 0, 'n_space': 500, 'n_time': 200, 'w_socio': 1.0, 'w_space': 1.0, 'w_time': 1.0}",5,18170.090204910728,2981.4363436214953,24035.10597218786,2513.866610131056,7.913765510403843,1.5556375284477018,0.6818400532024624,0.1499333024224468
SparseGP_RFF,"(1, 12, 24)","{'alpha': 0.01, 'gamma_socio': 0.05, 'gamma_space': 0.1, 'gamma_time': 0.1, 'n_socio': 0, 'n_space': 500, 'n_time': 200, 'w_socio': 1.0, 'w_space': 1.0, 'w_time': 1.0}",5,18189.480883766624,3012.047841914437,24036.49312376614,2544.035192708313,7.9252072407175875,1.5654119236370907,0.6826369245872033,0.1511406209005134
SparseGP_RFF,"(1, 12, 24)","{'alpha': 0.01, 'gamma_socio': 0.1, 'gamma_space': 0.1, 'gamma_time': 0.1, 'n_socio': 0, 'n_space': 500, 'n_time': 200, 'w_socio': 1.0, 'w_space': 1.0, 'w_time': 1.0}",5,18189.480883766624,3012.047841914437,24036.49312376614,2544.035192708313,7.9252072407175875,1.5654119236370907,0.6826369245872033,0.1511406209005134
SparseGP_RFF,"(1, 12, 24)","{'alpha': 0.1, 'gamma_socio': 0.1, 'gamma_space': 0.1, 'gamma_time': 0.1, 'n_socio': 0, 'n_space': 200, 'n_time': 200, 'w_socio': 1.0, 'w_space': 1.0, 'w_time': 1.0}",5,18172.28696865692,2948.1324049482973,24039.976596884575,2490.644979597569,7.9150083978797054,1.5397596106524039,0.6818552862782645,0.14877446144310483
SparseGP_RFF,"(1, 12, 24)","{'alpha': 0.1, 'gamma_socio': 0.05, 'gamma_space': 0.1, 'gamma_time': 0.1, 'n_socio': 0, 'n_space': 200, 'n_time': 200, 'w_socio': 1.0, 'w_space': 1.0, 'w_time': 1.0}",5,18172.28696865692,2948.1324049482973,24039.976596884575,2490.644979597569,7.9150083978797054,1.5397596106524039,0.6818552862782645,0.14877446144310483
SparseGP_RFF,"(1, 2, 3, 12)","{'alpha': 0.01, 'gamma_socio': 0.05, 'gamma_space': 0.1, 'gamma_time': 0.1, 'n_socio': 0, 'n_space': 200, 'n_time': 500, 'w_socio': 1.0, 'w_space': 1.0, 'w_time': 1.0}",5,18120.931647867925,5267.693248015709,24043.773217977345,5265.219937189961,7.498066752768116,2.5712390987176796,0.7230487435741974,0.22544293845397725
SparseGP_RFF,"(1, 2, 3, 12)","{'alpha': 0.01, 'gamma_socio': 0.1, 'gamma_space': 0.1, 'gamma_time': 0.1, 'n_socio': 0, 'n_space': 200, 'n_time': 500, 'w_socio': 1.0, 'w_space': 1.0, 'w_time': 1.0}",5,18120.931647867925,5267.693248015709,24043.773217977345,5265.219937189961,7.498066752768116,2.5712390987176796,0.7230487435741974,0.22544293845397725
SparseGP_RFF,"(1, 2, 3, 12)","{'alpha': 0.01, 'gamma_socio': 0.05, 'gamma_space': 0.05, 'gamma_time': 0.1, 'n_socio': 0, 'n_space': 200, 'n_time': 500, 'w_socio': 1.0, 'w_space': 1.0, 'w_time': 1.0}",5,18113.73374067622,5214.300660291165,24046.52798894326,5218.130050164656,7.497851536366172,2.5535475698982464,0.7227452253559953,0.22340775594530257
SparseGP_RFF,"(1, 2, 3, 12)","{'alpha': 0.01, 'gamma_socio': 0.1, 'gamma_space': 0.05, 'gamma_time': 0.1, 'n_socio': 0, 'n_space': 200, 'n_time': 500, 'w_socio': 1.0, 'w_space': 1.0, 'w_time': 1.0}",5,18113.73374067622,5214.300660291165,24046.52798894326,5218.130050164656,7.497851536366172,2.5535475698982464,0.7227452253559953,0.22340775594530257
SparseGP_RFF,"(1, 2, 3, 12)","{'alpha': 0.001, 'gamma_socio': 0.05, 'gamma_space': 0.05, 'gamma_time': 0.1, 'n_socio': 0, 'n_space': 200, 'n_time': 500, 'w_socio': 1.0, 'w_space': 1.0, 'w_time': 1.0}",5,18126.771966554155,5282.530235910766,24050.06094744475,5284.731546384861,7.515863390470612,2.5953515449777704,0.7232707557375739,0.2259337795775997
SparseGP_RFF,"(1, 2, 3, 12)","{'alpha': 0.001, 'gamma_socio': 0.1, 'gamma_space': 0.05, 'gamma_time': 0.1, 'n_socio': 0, 'n_space': 200, 'n_time': 500, 'w_socio': 1.0, 'w_space': 1.0, 'w_time': 1.0}",5,18126.771966554155,5282.530235910766,24050.06094744475,5284.731546384861,7.515863390470612,2.5953515449777704,0.7232707557375739,0.2259337795775997
SparseGP_RFF,"(1, 2, 3, 12)","{'alpha': 0.01, 'gamma_socio': 0.05, 'gamma_space': 0.05, 'gamma_time': 0.1, 'n_socio': 0, 'n_space': 500, 'n_time': 500, 'w_socio': 1.0, 'w_space': 1.0, 'w_time': 1.0}",5,18122.73122118574,5225.688155100151,24055.87113070669,5227.395187210205,7.499436360495794,2.55744618690335,0.7231000145096799,0.22382023166782403
SparseGP_RFF,"(1, 2, 3, 12)","{'alpha': 0.01, 'gamma_socio': 0.1, 'gamma_space': 0.05, 'gamma_time': 0.1, 'n_socio': 0, 'n_space': 500, 'n_time': 500, 'w_socio': 1.0, 'w_space': 1.0, 'w_time': 1.0}",5,18122.73122118574,5225.688155100151,24055.87113070669,5227.395187210205,7.499436360495794,2.55744618690335,0.7231000145096799,0.22382023166782403
SparseGP_RFF,"(1, 12, 24)","{'alpha': 0.1, 'gamma_socio': 0.05, 'gamma_space': 0.05, 'gamma_time': 0.1, 'n_socio': 0, 'n_space': 200, 'n_time': 200, 'w_socio': 1.0, 'w_space': 1.0, 'w_time': 1.0}",5,18164.34538967485,2834.3721006970504,24057.547714747983,2428.6436978943784,7.905404839343769,1.4756417227176157,0.6812959132384023,0.14455327626878914
SparseGP_RFF,"(1, 12, 24)","{'alpha': 0.1, 'gamma_socio': 0.1, 'gamma_space': 0.05, 'gamma_time': 0.1, 'n_socio': 0, 'n_space': 200, 'n_time': 200, 'w_socio': 1.0, 'w_space': 1.0, 'w_time': 1.0}",5,18164.34538967485,2834.3721006970504,24057.547714747983,2428.6436978943784,7.905404839343769,1.4756417227176157,0.6812959132384023,0.14455327626878914
SparseGP_RFF,"(1, 12, 24)","{'alpha': 0.001, 'gamma_socio': 0.1, 'gamma_space': 0.05, 'gamma_time': 0.1, 'n_socio': 0, 'n_space': 500, 'n_time': 200, 'w_socio': 1.0, 'w_space': 1.0, 'w_time': 1.0}",5,18248.376772536016,3036.269059962355,24082.19293709439,2562.460356029519,7.9641259920822804,1.5930513964819493,0.6848946741530473,0.15226016805887524
SparseGP_RFF,"(1, 12, 24)","{'alpha': 0.001, 'gamma_socio': 0.05, 'gamma_space': 0.05, 'gamma_time': 0.1, 'n_socio': 0, 'n_space': 500, 'n_time': 200, 'w_socio': 1.0, 'w_space': 1.0, 'w_time': 1.0}",5,18248.376772536016,3036.269059962355,24082.19293709439,2562.460356029519,7.9641259920822804,1.5930513964819493,0.6848946741530473,0.15226016805887524
SparseGP_RFF,"(1, 2, 3, 4, 5, 6, 12)","{'alpha': 0.001, 'gamma_socio': 0.05, 'gamma_space': 0.1, 'gamma_time': 0.05, 'n_socio': 0, 'n_space': 500, 'n_time': 500, 'w_socio': 1.0, 'w_space': 1.0, 'w_time': 1.0}",5,18188.192964358976,4435.659393576341,24088.51736152592,4506.542217430117,7.609569710884115,1.849961238215838,0.7246453829736433,0.18968082675110273
SparseGP_RFF,"(1, 2, 3, 4, 5, 6, 12)","{'alpha': 0.001, 'gamma_socio': 0.1, 'gamma_space': 0.1, 'gamma_time': 0.05, 'n_socio': 0, 'n_space': 500, 'n_time': 500, 'w_socio': 1.0, 'w_space': 1.0, 'w_time': 1.0}",5,18188.192964358976,4435.659393576341,24088.51736152592,4506.542217430117,7.609569710884115,1.849961238215838,0.7246453829736433,0.18968082675110273
SparseGP_RFF,"(1, 12, 24)","{'alpha': 0.01, 'gamma_socio': 0.05, 'gamma_space': 0.1, 'gamma_time': 0.1, 'n_socio': 0, 'n_space': 200, 'n_time': 200, 'w_socio': 1.0, 'w_space': 1.0, 'w_time': 1.0}",5,18241.8790091733,3029.929377739969,24089.837540206605,2553.8481288935677,7.9567964564225635,1.5818257396624684,0.6846102968632992,0.15183222474545466
SparseGP_RFF,"(1, 12, 24)","{'alpha': 0.01, 'gamma_socio': 0.1, 'gamma_space': 0.1, 'gamma_time': 0.1, 'n_socio': 0, 'n_space': 200, 'n_time': 200, 'w_socio': 1.0, 'w_space': 1.0, 'w_time': 1.0}",5,18241.8790091733,3029.929377739969,24089.837540206605,2553.8481288935677,7.9567964564225635,1.5818257396624684,0.6846102968632992,0.15183222474545466
SparseGP_RFF,"(1, 12, 24)","{'alpha': 0.01, 'gamma_socio': 0.05, 'gamma_space': 0.05, 'gamma_time': 0.1, 'n_socio': 0, 'n_space': 500, 'n_time': 200, 'w_socio': 1.0, 'w_space': 1.0, 'w_time': 1.0}",5,18247.697984934464,3024.57985839682,24109.76255107565,2547.5543920132577,7.958985866847255,1.5876429379431363,0.6848009565349755,0.1515738052667174
SparseGP_RFF,"(1, 12, 24)","{'alpha': 0.01, 'gamma_socio': 0.1, 'gamma_space': 0.05, 'gamma_time': 0.1, 'n_socio': 0, 'n_space': 500, 'n_time': 200, 'w_socio': 1.0, 'w_space': 1.0, 'w_time': 1.0}",5,18247.697984934464,3024.57985839682,24109.76255107565,2547.5543920132577,7.958985866847255,1.5876429379431363,0.6848009565349755,0.1515738052667174
SparseGP_RFF,"(1, 12, 24)","{'alpha': 0.01, 'gamma_socio': 0.1, 'gamma_space': 0.05, 'gamma_time': 0.1, 'n_socio': 0, 'n_space': 200, 'n_time': 200, 'w_socio': 1.0, 'w_space': 1.0, 'w_time': 1.0}",5,18261.98150744089,3009.682466665917,24124.780853885124,2538.6915277798394,7.966638469743877,1.5808800958590403,0.6853129751517193,0.15115284643001162
SparseGP_RFF,"(1, 12, 24)","{'alpha': 0.01, 'gamma_socio': 0.05, 'gamma_space': 0.05, 'gamma_time': 0.1, 'n_socio': 0, 'n_space': 200, 'n_time': 200, 'w_socio': 1.0, 'w_space': 1.0, 'w_time': 1.0}",5,18261.98150744089,3009.682466665917,24124.780853885124,2538.6915277798394,7.966638469743877,1.5808800958590403,0.6853129751517193,0.15115284643001162
SparseGP_RFF,"(1, 12, 24)","{'alpha': 0.001, 'gamma_socio': 0.05, 'gamma_space': 0.05, 'gamma_time': 0.1, 'n_socio': 0, 'n_space': 200, 'n_time': 200, 'w_socio': 1.0, 'w_space': 1.0, 'w_time': 1.0}",5,18313.415914770478,3085.5655908498074,24144.957686270747,2593.6196926373914,8.00162593718665,1.627532147205761,0.687406034223772,0.15413432194788476
SparseGP_RFF,"(1, 12, 24)","{'alpha': 0.001, 'gamma_socio': 0.1, 'gamma_space': 0.05, 'gamma_time': 0.1, 'n_socio': 0, 'n_space': 200, 'n_time': 200, 'w_socio': 1.0, 'w_space': 1.0, 'w_time': 1.0}",5,18313.415914770478,3085.5655908498074,24144.957686270747,2593.6196926373914,8.00162593718665,1.627532147205761,0.687406034223772,0.15413432194788476
SparseGP_RFF,"(1, 2, 3, 4, 5, 6, 12)","{'alpha': 0.1, 'gamma_socio': 0.1, 'gamma_space': 0.05, 'gamma_time': 0.05, 'n_socio': 0, 'n_space': 500, 'n_time': 500, 'w_socio': 1.0, 'w_space': 1.0, 'w_time': 1.0}",5,18244.041685669305,4253.104346604936,24155.12562014313,4360.003668447483,7.626009763737683,1.7600378508624646,0.7268678298523918,0.18305538549710393
SparseGP_RFF,"(1, 2, 3, 4, 5, 6, 12)","{'alpha': 0.1, 'gamma_socio': 0.05, 'gamma_space': 0.05, 'gamma_time': 0.05, 'n_socio': 0, 'n_space': 500, 'n_time': 500, 'w_socio': 1.0, 'w_space': 1.0, 'w_time': 1.0}",5,18244.041685669305,4253.104346604936,24155.12562014313,4360.003668447483,7.626009763737683,1.7600378508624646,0.7268678298523918,0.18305538549710393
SparseGP_RFF,"(1, 2, 3, 4, 5, 6, 12)","{'alpha': 0.1, 'gamma_socio': 0.1, 'gamma_space': 0.1, 'gamma_time': 0.05, 'n_socio': 0, 'n_space': 500, 'n_time': 500, 'w_socio': 1.0, 'w_space': 1.0, 'w_time': 1.0}",5,18271.86841807997,4335.788323305242,24156.276655230868,4396.758988528437,7.657214722973261,1.799869655813398,0.7279504321816546,0.1858355310886542
SparseGP_RFF,"(1, 2, 3, 4, 5, 6, 12)","{'alpha': 0.1, 'gamma_socio': 0.05, 'gamma_space': 0.1, 'gamma_time': 0.05, 'n_socio': 0, 'n_space': 500, 'n_time': 500, 'w_socio': 1.0, 'w_space': 1.0, 'w_time': 1.0}",5,18271.86841807997,4335.788323305242,24156.276655230868,4396.758988528437,7.657214722973261,1.799869655813398,0.7279504321816546,0.1858355310886542
SparseGP_RFF,"(1, 2, 3, 4, 5, 6, 12)","{'alpha': 0.1, 'gamma_socio': 0.05, 'gamma_space': 0.05, 'gamma_time': 0.05, 'n_socio': 0, 'n_space': 200, 'n_time': 500, 'w_socio': 1.0, 'w_space': 1.0, 'w_time': 1.0}",5,18245.268618914917,4237.696662706837,24165.160446003254,4357.924466697832,7.624009848071239,1.7543125179937846,0.7269192710970666,0.18255127180384156
SparseGP_RFF,"(1, 2, 3, 4, 5, 6, 12)","{'alpha': 0.1, 'gamma_socio': 0.1, 'gamma_space': 0.05, 'gamma_time': 0.05, 'n_socio': 0, 'n_space': 200, 'n_time': 500, 'w_socio': 1.0, 'w_space': 1.0, 'w_time': 1.0}",5,18245.268618914917,4237.696662706837,24165.160446003254,4357.924466697832,7.624009848071239,1.7543125179937846,0.7269192710970666,0.18255127180384156
SparseGP_RFF,"(1, 2, 3, 4, 5, 6, 12)","{'alpha': 0.1, 'gamma_socio': 0.05, 'gamma_space': 0.1, 'gamma_time': 0.05, 'n_socio': 0, 'n_space': 200, 'n_time': 500, 'w_socio': 1.0, 'w_space': 1.0, 'w_time': 1.0}",5,18289.932587665775,4335.21554326211,24178.544011461672,4403.328853975198,7.665875922323622,1.8004598055131928,0.7286642705472437,0.18583558683506218
SparseGP_RFF,"(1, 2, 3, 4, 5, 6, 12)","{'alpha': 0.1, 'gamma_socio': 0.1, 'gamma_space': 0.1, 'gamma_time': 0.05, 'n_socio': 0, 'n_space': 200, 'n_time': 500, 'w_socio': 1.0, 'w_space': 1.0, 'w_time': 1.0}",5,18289.932587665775,4335.21554326211,24178.544011461672,4403.328853975198,7.665875922323622,1.8004598055131928,0.7286642705472437,0.18583558683506218
SparseGP_RFF,"(1, 12, 24)","{'alpha': 0.001, 'gamma_socio': 0.1, 'gamma_space': 0.1, 'gamma_time': 0.1, 'n_socio': 0, 'n_space': 200, 'n_time': 500, 'w_socio': 1.0, 'w_space': 1.0, 'w_time': 1.0}",5,17509.920928730025,4696.250509854609,24191.329938798044,5114.874115908236,7.1362532387337705,2.3726622655073784,0.6550471242412638,0.20096084029063088
SparseGP_RFF,"(1, 12, 24)","{'alpha': 0.001, 'gamma_socio': 0.05, 'gamma_space': 0.1, 'gamma_time': 0.1, 'n_socio': 0, 'n_space': 200, 'n_time': 500, 'w_socio': 1.0, 'w_space': 1.0, 'w_time': 1.0}",5,17509.920928730025,4696.250509854609,24191.329938798044,5114.874115908236,7.1362532387337705,2.3726622655073784,0.6550471242412638,0.20096084029063088
SparseGP_RFF,"(1, 12, 24)","{'alpha': 0.01, 'gamma_socio': 0.05, 'gamma_space': 0.1, 'gamma_time': 0.1, 'n_socio': 0, 'n_space': 200, 'n_time': 500, 'w_socio': 1.0, 'w_space': 1.0, 'w_time': 1.0}",5,17511.2458149167,4617.957777976132,24203.983902639895,5043.06572925745,7.134951277191311,2.346201781524309,0.6551346007053198,0.19862097934627615
SparseGP_RFF,"(1, 12, 24)","{'alpha': 0.01, 'gamma_socio': 0.1, 'gamma_space': 0.1, 'gamma_time': 0.1, 'n_socio': 0, 'n_space': 200, 'n_time': 500, 'w_socio': 1.0, 'w_space': 1.0, 'w_time': 1.0}",5,17511.2458149167,4617.957777976132,24203.983902639895,5043.06572925745,7.134951277191311,2.346201781524309,0.6551346007053198,0.19862097934627615
SparseGP_RFF,"(1, 12, 24)","{'alpha': 0.001, 'gamma_socio': 0.05, 'gamma_space': 0.1, 'gamma_time': 0.1, 'n_socio': 0, 'n_space': 500, 'n_time': 500, 'w_socio': 1.0, 'w_space': 1.0, 'w_time': 1.0}",5,17521.18115968064,4733.814003250764,24205.935117573757,5160.960342977765,7.1422632736217935,2.3893981279410443,0.6555998699714337,0.20273696437877078
SparseGP_RFF,"(1, 12, 24)","{'alpha': 0.001, 'gamma_socio': 0.1, 'gamma_space': 0.1, 'gamma_time': 0.1, 'n_socio': 0, 'n_space': 500, 'n_time': 500, 'w_socio': 1.0, 'w_space': 1.0, 'w_time': 1.0}",5,17521.18115968064,4733.814003250764,24205.935117573757,5160.960342977765,7.1422632736217935,2.3893981279410443,0.6555998699714337,0.20273696437877078
SparseGP_RFF,"(1, 12, 24)","{'alpha': 0.001, 'gamma_socio': 0.05, 'gamma_space': 0.05, 'gamma_time': 0.1, 'n_socio': 0, 'n_space': 200, 'n_time': 500, 'w_socio': 1.0, 'w_space': 1.0, 'w_time': 1.0}",5,17530.7640874274,4608.27738600589,24210.96110690061,5032.1711933754295,7.141783385234653,2.3373295713049127,0.6557986893609399,0.19799877347994024
SparseGP_RFF,"(1, 12, 24)","{'alpha': 0.001, 'gamma_socio': 0.1, 'gamma_space': 0.05, 'gamma_time': 0.1, 'n_socio': 0, 'n_space': 200, 'n_time': 500, 'w_socio': 1.0, 'w_space': 1.0, 'w_time': 1.0}",5,17530.7640874274,4608.27738600589,24210.96110690061,5032.1711933754295,7.141783385234653,2.3373295713049127,0.6557986893609399,0.19799877347994024
SparseGP_RFF,"(1, 12, 24)","{'alpha': 0.01, 'gamma_socio': 0.05, 'gamma_space': 0.1, 'gamma_time': 0.1, 'n_socio': 0, 'n_space': 500, 'n_time': 500, 'w_socio': 1.0, 'w_space': 1.0, 'w_time': 1.0}",5,17541.13241030758,4643.204862572874,24228.483836186708,5072.5910186922365,7.1522108934188084,2.360114719817057,0.6563646701417317,0.1999538112694018
SparseGP_RFF,"(1, 12, 24)","{'alpha': 0.01, 'gamma_socio': 0.1, 'gamma_space': 0.1, 'gamma_time': 0.1, 'n_socio': 0, 'n_space': 500, 'n_time': 500, 'w_socio': 1.0, 'w_space': 1.0, 'w_time': 1.0}",5,17541.13241030758,4643.204862572874,24228.483836186708,5072.5910186922365,7.1522108934188084,2.360114719817057,0.6563646701417317,0.1999538112694018
SparseGP_RFF,"(1, 2, 3, 4, 5, 6, 12)","{'alpha': 0.001, 'gamma_socio': 0.05, 'gamma_space': 0.1, 'gamma_time': 0.05, 'n_socio': 0, 'n_space': 200, 'n_time': 500, 'w_socio': 1.0, 'w_space': 1.0, 'w_time': 1.0}",5,18336.944706389244,4441.969594158319,24236.090917095193,4502.663303964097,7.6996846799903285,1.8667304014411312,0.7305226522413231,0.18982592071113943
SparseGP_RFF,"(1, 2, 3, 4, 5, 6, 12)","{'alpha': 0.001, 'gamma_socio': 0.1, 'gamma_space': 0.1, 'gamma_time': 0.05, 'n_socio': 0, 'n_space': 200, 'n_time': 500, 'w_socio': 1.0, 'w_space': 1.0, 'w_time': 1.0}",5,18336.944706389244,4441.969594158319,24236.090917095193,4502.663303964097,7.6996846799903285,1.8667304014411312,0.7305226522413231,0.18982592071113943
SparseGP_RFF,"(1, 12, 24)","{'alpha': 0.001, 'gamma_socio': 0.1, 'gamma_space': 0.05, 'gamma_time': 0.1, 'n_socio': 0, 'n_space': 500, 'n_time': 500, 'w_socio': 1.0, 'w_space': 1.0, 'w_time': 1.0}",5,17566.539689845093,4631.84842455383,24241.040292539594,5061.691342791123,7.160876840934131,2.350443474101372,0.6572482043371435,0.19929111915815462
SparseGP_RFF,"(1, 12, 24)","{'alpha': 0.001, 'gamma_socio': 0.05, 'gamma_space': 0.05, 'gamma_time': 0.1, 'n_socio': 0, 'n_space': 500, 'n_time': 500, 'w_socio': 1.0, 'w_space': 1.0, 'w_time': 1.0}",5,17566.539689845093,4631.84842455383,24241.040292539594,5061.691342791123,7.160876840934131,2.350443474101372,0.6572482043371435,0.19929111915815462
SparseGP_RFF,"(1, 12, 24)","{'alpha': 0.01, 'gamma_socio': 0.1, 'gamma_space': 0.05, 'gamma_time': 0.1, 'n_socio': 0, 'n_space': 500, 'n_time': 500, 'w_socio': 1.0, 'w_space': 1.0, 'w_time': 1.0}",5,17551.80318805789,4576.530316161912,24252.07161057891,5013.439026645752,7.148915020476608,2.33294029734067,0.6565965988433389,0.19709558992082443
SparseGP_RFF,"(1, 12, 24)","{'alpha': 0.01, 'gamma_socio': 0.05, 'gamma_space': 0.05, 'gamma_time': 0.1, 'n_socio': 0, 'n_space': 500, 'n_time': 500, 'w_socio': 1.0, 'w_space': 1.0, 'w_time': 1.0}",5,17551.80318805789,4576.530316161912,24252.07161057891,5013.439026645752,7.148915020476608,2.33294029734067,0.6565965988433389,0.19709558992082443
SparseGP_RFF,"(1, 2, 3, 4, 5, 6, 12)","{'alpha': 0.01, 'gamma_socio': 0.1, 'gamma_space': 0.1, 'gamma_time': 0.05, 'n_socio': 0, 'n_space': 500, 'n_time': 500, 'w_socio': 1.0, 'w_space': 1.0, 'w_time': 1.0}",5,18343.71745912666,4393.380373785533,24254.244425548182,4459.267408396405,7.691924118970884,1.8363363375139565,0.7308289099585621,0.18813763723635524
SparseGP_RFF,"(1, 2, 3, 4, 5, 6, 12)","{'alpha': 0.01, 'gamma_socio': 0.05, 'gamma_space': 0.1, 'gamma_time': 0.05, 'n_socio': 0, 'n_space': 500, 'n_time': 500, 'w_socio': 1.0, 'w_space': 1.0, 'w_time': 1.0}",5,18343.71745912666,4393.380373785533,24254.244425548182,4459.267408396405,7.691924118970884,1.8363363375139565,0.7308289099585621,0.18813763723635524
SparseGP_RFF,"(1, 12, 24)","{'alpha': 0.01, 'gamma_socio': 0.05, 'gamma_space': 0.05, 'gamma_time': 0.1, 'n_socio': 0, 'n_space': 200, 'n_time': 500, 'w_socio': 1.0, 'w_space': 1.0, 'w_time': 1.0}",5,17574.73300393219,4588.502520736487,24281.896115768905,5031.954965237092,7.159362962485917,2.339497490436997,0.6574866542610723,0.19766259464190902
SparseGP_RFF,"(1, 12, 24)","{'alpha': 0.01, 'gamma_socio': 0.1, 'gamma_space': 0.05, 'gamma_time': 0.1, 'n_socio': 0, 'n_space': 200, 'n_time': 500, 'w_socio': 1.0, 'w_space': 1.0, 'w_time': 1.0}",5,17574.73300393219,4588.502520736487,24281.896115768905,5031.954965237092,7.159362962485917,2.339497490436997,0.6574866542610723,0.19766259464190902
SparseGP_RFF,"(1, 2, 3, 4, 5, 6, 12)","{'alpha': 0.01, 'gamma_socio': 0.1, 'gamma_space': 0.1, 'gamma_time': 0.05, 'n_socio': 0, 'n_space': 200, 'n_time': 500, 'w_socio': 1.0, 'w_space': 1.0, 'w_time': 1.0}",5,18434.470358231774,4411.945099122129,24342.710215883046,4470.584499389715,7.747031029792813,1.853439419855315,0.7344048325339727,0.1887446003617845
SparseGP_RFF,"(1, 2, 3, 4, 5, 6, 12)","{'alpha': 0.01, 'gamma_socio': 0.05, 'gamma_space': 0.1, 'gamma_time': 0.05, 'n_socio': 0, 'n_space': 200, 'n_time': 500, 'w_socio': 1.0, 'w_space': 1.0, 'w_time': 1.0}",5,18434.470358231774,4411.945099122129,24342.710215883046,4470.584499389715,7.747031029792813,1.853439419855315,0.7344048325339727,0.1887446003617845
SparseGP_RFF,"(1, 2, 3, 4, 5, 6, 12)","{'alpha': 0.001, 'gamma_socio': 0.05, 'gamma_space': 0.05, 'gamma_time': 0.05, 'n_socio': 0, 'n_space': 500, 'n_time': 500, 'w_socio': 1.0, 'w_space': 1.0, 'w_time': 1.0}",5,18445.655582033858,4452.282485528752,24352.122662293514,4517.123439154224,7.7628062240005775,1.88492717327676,0.7348319671167746,0.19026563049537065
SparseGP_RFF,"(1, 2, 3, 4, 5, 6, 12)","{'alpha': 0.001, 'gamma_socio': 0.1, 'gamma_space': 0.05, 'gamma_time': 0.05, 'n_socio': 0, 'n_space': 500, 'n_time': 500, 'w_socio': 1.0, 'w_space': 1.0, 'w_time': 1.0}",5,18445.655582033858,4452.282485528752,24352.122662293514,4517.123439154224,7.7628062240005775,1.88492717327676,0.7348319671167746,0.19026563049537065
SparseGP_RFF,"(1, 2, 12)","{'alpha': 0.1, 'gamma_socio': 0.05, 'gamma_space': 0.1, 'gamma_time': 0.05, 'n_socio': 0, 'n_space': 500, 'n_time': 500, 'w_socio': 1.0, 'w_space': 1.0, 'w_time': 1.0}",5,17915.795583290834,4304.583923831299,24356.319956835814,4103.555930058016,7.143426393372136,2.116153843632795,0.7093577271860166,0.16259659490308956
SparseGP_RFF,"(1, 2, 12)","{'alpha': 0.1, 'gamma_socio': 0.1, 'gamma_space': 0.1, 'gamma_time': 0.05, 'n_socio': 0, 'n_space': 500, 'n_time': 500, 'w_socio': 1.0, 'w_space': 1.0, 'w_time': 1.0}",5,17915.795583290834,4304.583923831299,24356.319956835814,4103.555930058016,7.143426393372136,2.116153843632795,0.7093577271860166,0.16259659490308956
SparseGP_RFF,"(1, 2, 3, 4, 5, 6, 12)","{'alpha': 0.01, 'gamma_socio': 0.05, 'gamma_space': 0.05, 'gamma_time': 0.05, 'n_socio': 0, 'n_space': 500, 'n_time': 500, 'w_socio': 1.0, 'w_space': 1.0, 'w_time': 1.0}",5,18454.858875889382,4393.529513746998,24367.791495084668,4462.184863606754,7.752949068791821,1.8457773320619157,0.7352261304184372,0.1881671593605565
SparseGP_RFF,"(1, 2, 3, 4, 5, 6, 12)","{'alpha': 0.01, 'gamma_socio': 0.1, 'gamma_space': 0.05, 'gamma_time': 0.05, 'n_socio': 0, 'n_space': 500, 'n_time': 500, 'w_socio': 1.0, 'w_space': 1.0, 'w_time': 1.0}",5,18454.858875889382,4393.529513746998,24367.791495084668,4462.184863606754,7.752949068791821,1.8457773320619157,0.7352261304184372,0.1881671593605565
SparseGP_RFF,"(1, 2, 12)","{'alpha': 0.1, 'gamma_socio': 0.1, 'gamma_space': 0.1, 'gamma_time': 0.05, 'n_socio': 0, 'n_space': 200, 'n_time': 500, 'w_socio': 1.0, 'w_space': 1.0, 'w_time': 1.0}",5,17936.534616710658,4321.476486628658,24383.900002290273,4122.075177558215,7.149123353092494,2.121844586906629,0.7101757812378591,0.16325708064264036
SparseGP_RFF,"(1, 2, 12)","{'alpha': 0.1, 'gamma_socio': 0.05, 'gamma_space': 0.1, 'gamma_time': 0.05, 'n_socio': 0, 'n_space': 200, 'n_time': 500, 'w_socio': 1.0, 'w_space': 1.0, 'w_time': 1.0}",5,17936.534616710658,4321.476486628658,24383.900002290273,4122.075177558215,7.149123353092494,2.121844586906629,0.7101757812378591,0.16325708064264036
SparseGP_RFF,"(1, 2, 3, 4, 5, 6, 12)","{'alpha': 0.01, 'gamma_socio': 0.1, 'gamma_space': 0.05, 'gamma_time': 0.05, 'n_socio': 0, 'n_space': 200, 'n_time': 500, 'w_socio': 1.0, 'w_space': 1.0, 'w_time': 1.0}",5,18470.913776267254,4396.5170067109,24386.828395403143,4471.308418515087,7.763433670274791,1.8486130498550668,0.7358682671649172,0.18831880788314354
SparseGP_RFF,"(1, 2, 3, 4, 5, 6, 12)","{'alpha': 0.01, 'gamma_socio': 0.05, 'gamma_space': 0.05, 'gamma_time': 0.05, 'n_socio': 0, 'n_space': 200, 'n_time': 500, 'w_socio': 1.0, 'w_space': 1.0, 'w_time': 1.0}",5,18470.913776267254,4396.5170067109,24386.828395403143,4471.308418515087,7.763433670274791,1.8486130498550668,0.7358682671649172,0.18831880788314354
SparseGP_RFF,"(1, 2, 3, 4, 5, 6, 12)","{'alpha': 0.001, 'gamma_socio': 0.05, 'gamma_space': 0.05, 'gamma_time': 0.05, 'n_socio': 0, 'n_space': 200, 'n_time': 500, 'w_socio': 1.0, 'w_space': 1.0, 'w_time': 1.0}",5,18524.406306443874,4472.381133501707,24425.5031717584,4524.601321931914,7.811048012546071,1.902594485279221,0.7379341652985059,0.19090280904824802
SparseGP_RFF,"(1, 2, 3, 4, 5, 6, 12)","{'alpha': 0.001, 'gamma_socio': 0.1, 'gamma_space': 0.05, 'gamma_time': 0.05, 'n_socio': 0, 'n_space': 200, 'n_time': 500, 'w_socio': 1.0, 'w_space': 1.0, 'w_time': 1.0}",5,18524.406306443874,4472.381133501707,24425.5031717584,4524.601321931914,7.811048012546071,1.902594485279221,0.7379341652985059,0.19090280904824802
SparseGP_RFF,"(1, 2, 12)","{'alpha': 0.1, 'gamma_socio': 0.05, 'gamma_space': 0.05, 'gamma_time': 0.05, 'n_socio': 0, 'n_space': 500, 'n_time': 500, 'w_socio': 1.0, 'w_space': 1.0, 'w_time': 1.0}",5,18007.660140254768,4350.948164916625,24497.73912213332,4170.895929689936,7.165738916719524,2.135413323799911,0.7129161179594836,0.16417218881847592
SparseGP_RFF,"(1, 2, 12)","{'alpha': 0.1, 'gamma_socio': 0.1, 'gamma_space': 0.05, 'gamma_time': 0.05, 'n_socio': 0, 'n_space': 500, 'n_time': 500, 'w_socio': 1.0, 'w_space': 1.0, 'w_time': 1.0}",5,18007.660140254768,4350.948164916625,24497.73912213332,4170.895929689936,7.165738916719524,2.135413323799911,0.7129161179594836,0.16417218881847592
SparseGP_RFF,"(1, 2, 12)","{'alpha': 0.1, 'gamma_socio': 0.05, 'gamma_space': 0.05, 'gamma_time': 0.05, 'n_socio': 0, 'n_space': 200, 'n_time': 500, 'w_socio': 1.0, 'w_space': 1.0, 'w_time': 1.0}",5,18028.504735241713,4357.676667305489,24525.873510949135,4181.3460654547935,7.172475722224576,2.136600154610291,0.7137364226404671,0.16441972084096304
SparseGP_RFF,"(1, 2, 12)","{'alpha': 0.1, 'gamma_socio': 0.1, 'gamma_space': 0.05, 'gamma_time': 0.05, 'n_socio': 0, 'n_space': 200, 'n_time': 500, 'w_socio': 1.0, 'w_space': 1.0, 'w_time': 1.0}",5,18028.504735241713,4357.676667305489,24525.873510949135,4181.3460654547935,7.172475722224576,2.136600154610291,0.7137364226404671,0.16441972084096304
SparseGP_RFF,"(1, 2, 3, 4, 5, 6, 12, 24)","{'alpha': 0.001, 'gamma_socio': 0.1, 'gamma_space': 0.1, 'gamma_time': 0.1, 'n_socio': 0, 'n_space': 500, 'n_time': 500, 'w_socio': 1.0, 'w_space': 1.0, 'w_time': 1.0}",5,19245.433309077045,4260.888711360392,24781.8983015982,3769.3292578101964,9.00669366653825,2.533170271980797,0.7226115811433462,0.1923598546994355
SparseGP_RFF,"(1, 2, 3, 4, 5, 6, 12, 24)","{'alpha': 0.001, 'gamma_socio': 0.05, 'gamma_space': 0.1, 'gamma_time': 0.1, 'n_socio': 0, 'n_space': 500, 'n_time': 500, 'w_socio': 1.0, 'w_space': 1.0, 'w_time': 1.0}",5,19245.433309077045,4260.888711360392,24781.8983015982,3769.3292578101964,9.00669366653825,2.533170271980797,0.7226115811433462,0.1923598546994355
SparseGP_RFF,"(1, 2, 3, 4, 5, 6, 12, 24)","{'alpha': 0.001, 'gamma_socio': 0.1, 'gamma_space': 0.1, 'gamma_time': 0.1, 'n_socio': 0, 'n_space': 200, 'n_time': 500, 'w_socio': 1.0, 'w_space': 1.0, 'w_time': 1.0}",5,19348.775690147766,4272.420407607608,24883.34813173337,3780.3582190946026,9.065786322788252,2.54652179969801,0.726427674931412,0.1927090438305416
SparseGP_RFF,"(1, 2, 3, 4, 5, 6, 12, 24)","{'alpha': 0.001, 'gamma_socio': 0.05, 'gamma_space': 0.1, 'gamma_time': 0.1, 'n_socio': 0, 'n_space': 200, 'n_time': 500, 'w_socio': 1.0, 'w_space': 1.0, 'w_time': 1.0}",5,19348.775690147766,4272.420407607608,24883.34813173337,3780.3582190946026,9.065786322788252,2.54652179969801,0.726427674931412,0.1927090438305416
SparseGP_RFF,"(1, 2, 3, 4, 5, 6, 12, 24)","{'alpha': 0.01, 'gamma_socio': 0.05, 'gamma_space': 0.1, 'gamma_time': 0.1, 'n_socio': 0, 'n_space': 500, 'n_time': 500, 'w_socio': 1.0, 'w_space': 1.0, 'w_time': 1.0}",5,19386.399403907428,4265.750184545047,24948.312421047092,3765.4458364742954,9.076104926641424,2.549715926751311,0.7277425627632486,0.19214242083686206
SparseGP_RFF,"(1, 2, 3, 4, 5, 6, 12, 24)","{'alpha': 0.01, 'gamma_socio': 0.1, 'gamma_space': 0.1, 'gamma_time': 0.1, 'n_socio': 0, 'n_space': 500, 'n_time': 500, 'w_socio': 1.0, 'w_space': 1.0, 'w_time': 1.0}",5,19386.399403907428,4265.750184545047,24948.312421047092,3765.4458364742954,9.076104926641424,2.549715926751311,0.7277425627632486,0.19214242083686206
SparseGP_RFF,"(1, 2, 3, 4, 5, 6, 12, 24)","{'alpha': 0.1, 'gamma_socio': 0.1, 'gamma_space': 0.05, 'gamma_time': 0.1, 'n_socio': 0, 'n_space': 500, 'n_time': 500, 'w_socio': 1.0, 'w_space': 1.0, 'w_time': 1.0}",5,19331.511123199445,4050.8965630673915,24966.367241022883,3582.4597564181477,9.010494234457436,2.432004813347718,0.7252579839818639,0.1834093285766568
SparseGP_RFF,"(1, 2, 3, 4, 5, 6, 12, 24)","{'alpha': 0.1, 'gamma_socio': 0.05, 'gamma_space': 0.05, 'gamma_time': 0.1, 'n_socio': 0, 'n_space': 500, 'n_time': 500, 'w_socio': 1.0, 'w_space': 1.0, 'w_time': 1.0}",5,19331.511123199445,4050.8965630673915,24966.367241022883,3582.4597564181477,9.010494234457436,2.432004813347718,0.7252579839818639,0.1834093285766568
SparseGP_RFF,"(1, 2, 3, 4, 5, 6, 12, 24)","{'alpha': 0.001, 'gamma_socio': 0.1, 'gamma_space': 0.05, 'gamma_time': 0.1, 'n_socio': 0, 'n_space': 500, 'n_time': 500, 'w_socio': 1.0, 'w_space': 1.0, 'w_time': 1.0}",5,19421.42273336908,4270.647287171617,24969.412157867428,3787.2950709000575,9.108774764145808,2.564258223059334,0.7290200842051486,0.19228335016199857
SparseGP_RFF,"(1, 2, 3, 4, 5, 6, 12, 24)","{'alpha': 0.001, 'gamma_socio': 0.05, 'gamma_space': 0.05, 'gamma_time': 0.1, 'n_socio': 0, 'n_space': 500, 'n_time': 500, 'w_socio': 1.0, 'w_space': 1.0, 'w_time': 1.0}",5,19421.42273336908,4270.647287171617,24969.412157867428,3787.2950709000575,9.108774764145808,2.564258223059334,0.7290200842051486,0.19228335016199857
SparseGP_RFF,"(1, 2, 3, 4, 5, 6, 12, 24)","{'alpha': 0.1, 'gamma_socio': 0.1, 'gamma_space': 0.1, 'gamma_time': 0.1, 'n_socio': 0, 'n_space': 200, 'n_time': 500, 'w_socio': 1.0, 'w_space': 1.0, 'w_time': 1.0}",5,19378.530737829922,4177.4839735837,24971.298456034092,3685.1455844077504,9.0568836132743,2.501311786507483,0.7272526469978491,0.18851418430035927
SparseGP_RFF,"(1, 2, 3, 4, 5, 6, 12, 24)","{'alpha': 0.1, 'gamma_socio': 0.05, 'gamma_space': 0.1, 'gamma_time': 0.1, 'n_socio': 0, 'n_space': 200, 'n_time': 500, 'w_socio': 1.0, 'w_space': 1.0, 'w_time': 1.0}",5,19378.530737829922,4177.4839735837,24971.298456034092,3685.1455844077504,9.0568836132743,2.501311786507483,0.7272526469978491,0.18851418430035927
SparseGP_RFF,"(1, 2, 3, 4, 5, 6, 12, 24)","{'alpha': 0.1, 'gamma_socio': 0.1, 'gamma_space': 0.1, 'gamma_time': 0.1, 'n_socio': 0, 'n_space': 500, 'n_time': 500, 'w_socio': 1.0, 'w_space': 1.0, 'w_time': 1.0}",5,19388.15577193746,4209.309099969344,24975.536724274272,3708.2065452767597,9.06049195377491,2.5177843232915156,0.7276766878004727,0.18979444542529142
SparseGP_RFF,"(1, 2, 3, 4, 5, 6, 12, 24)","{'alpha': 0.1, 'gamma_socio': 0.05, 'gamma_space': 0.1, 'gamma_time': 0.1, 'n_socio': 0, 'n_space': 500, 'n_time': 500, 'w_socio': 1.0, 'w_space': 1.0, 'w_time': 1.0}",5,19388.15577193746,4209.309099969344,24975.536724274272,3708.2065452767597,9.06049195377491,2.5177843232915156,0.7276766878004727,0.18979444542529142
SparseGP_RFF,"(1, 2, 3, 4, 5, 6, 12, 24)","{'alpha': 0.1, 'gamma_socio': 0.1, 'gamma_space': 0.05, 'gamma_time': 0.1, 'n_socio': 0, 'n_space': 200, 'n_time': 500, 'w_socio': 1.0, 'w_space': 1.0, 'w_time': 1.0}",5,19353.803330339346,4028.4508791152666,24997.35174206887,3570.978935351353,9.017934901966886,2.420189552949301,0.7260279334491557,0.18246353397528317
SparseGP_RFF,"(1, 2, 3, 4, 5, 6, 12, 24)","{'alpha': 0.1, 'gamma_socio': 0.05, 'gamma_space': 0.05, 'gamma_time': 0.1, 'n_socio': 0, 'n_space': 200, 'n_time': 500, 'w_socio': 1.0, 'w_space': 1.0, 'w_time': 1.0}",5,19353.803330339346,4028.4508791152666,24997.35174206887,3570.978935351353,9.017934901966886,2.420189552949301,0.7260279334491557,0.18246353397528317
SparseGP_RFF,"(1, 2, 3, 4, 5, 6, 12, 24)","{'alpha': 0.01, 'gamma_socio': 0.05, 'gamma_space': 0.1, 'gamma_time': 0.1, 'n_socio': 0, 'n_space': 200, 'n_time': 500, 'w_socio': 1.0, 'w_space': 1.0, 'w_time': 1.0}",5,19445.280740075763,4284.3689642720055,25005.76236188805,3789.761791187917,9.10962288163018,2.560316873797438,0.7299651721543524,0.19295156756337448
SparseGP_RFF,"(1, 2, 3, 4, 5, 6, 12, 24)","{'alpha': 0.01, 'gamma_socio': 0.1, 'gamma_space': 0.1, 'gamma_time': 0.1, 'n_socio': 0, 'n_space': 200, 'n_time': 500, 'w_socio': 1.0, 'w_space': 1.0, 'w_time': 1.0}",5,19445.280740075763,4284.3689642720055,25005.76236188805,3789.761791187917,9.10962288163018,2.560316873797438,0.7299651721543524,0.19295156756337448
SparseGP_RFF,"(1, 2, 3, 4, 5, 6, 12, 24)","{'alpha': 0.01, 'gamma_socio': 0.05, 'gamma_space': 0.05, 'gamma_time': 0.1, 'n_socio': 0, 'n_space': 500, 'n_time': 500, 'w_socio': 1.0, 'w_space': 1.0, 'w_time': 1.0}",5,19436.29830725338,4243.779788545308,25016.28879778868,3759.629271778755,9.100530970337354,2.549353909365719,0.7295043650321118,0.19112677779931023
SparseGP_RFF,"(1, 2, 3, 4, 5, 6, 12, 24)","{'alpha': 0.01, 'gamma_socio': 0.1, 'gamma_space': 0.05, 'gamma_time': 0.1, 'n_socio': 0, 'n_space': 500, 'n_time': 500, 'w_socio': 1.0, 'w_space': 1.0, 'w_time': 1.0}",5,19436.29830725338,4243.779788545308,25016.28879778868,3759.629271778755,9.100530970337354,2.549353909365719,0.7295043650321118,0.19112677779931023
SparseGP_RFF,"(1, 2, 3, 4, 5, 6, 12, 24)","{'alpha': 0.01, 'gamma_socio': 0.1, 'gamma_space': 0.05, 'gamma_time': 0.1, 'n_socio': 0, 'n_space': 200, 'n_time': 500, 'w_socio': 1.0, 'w_space': 1.0, 'w_time': 1.0}",5,19440.04600886767,4234.5409671373645,25025.9249712524,3758.763182567281,9.103005578133564,2.5451854156926332,0.7296226781744763,0.19074831005132326
SparseGP_RFF,"(1, 2, 3, 4, 5, 6, 12, 24)","{'alpha': 0.01, 'gamma_socio': 0.05, 'gamma_space': 0.05, 'gamma_time': 0.1, 'n_socio': 0, 'n_space': 200, 'n_time': 500, 'w_socio': 1.0, 'w_space': 1.0, 'w_time': 1.0}",5,19440.04600886767,4234.5409671373645,25025.9249712524,3758.763182567281,9.103005578133564,2.5451854156926332,0.7296226781744763,0.19074831005132326
SparseGP_RFF,"(1, 2, 3, 4, 5, 6, 12, 24)","{'alpha': 0.001, 'gamma_socio': 0.05, 'gamma_space': 0.05, 'gamma_time': 0.1, 'n_socio': 0, 'n_space': 200, 'n_time': 500, 'w_socio': 1.0, 'w_space': 1.0, 'w_time': 1.0}",5,19491.999773784755,4318.305899416585,25037.719606196995,3840.2268967237715,9.147493155250391,2.5954429142811644,0.7317090588873016,0.19413928573954076
SparseGP_RFF,"(1, 2, 3, 4, 5, 6, 12, 24)","{'alpha': 0.001, 'gamma_socio': 0.1, 'gamma_space': 0.05, 'gamma_time': 0.1, 'n_socio': 0, 'n_space': 200, 'n_time': 500, 'w_socio': 1.0, 'w_space': 1.0, 'w_time': 1.0}",5,19491.999773784755,4318.305899416585,25037.719606196995,3840.2268967237715,9.147493155250391,2.5954429142811644,0.7317090588873016,0.19413928573954076
SparseGP_RFF,"(1, 2, 3, 12, 24)","{'alpha': 0.001, 'gamma_socio': 0.05, 'gamma_space': 0.1, 'gamma_time': 0.1, 'n_socio': 0, 'n_space': 500, 'n_time': 500, 'w_socio': 1.0, 'w_space': 1.0, 'w_time': 1.0}",5,19734.248503082694,6362.180275011321,25124.356912754924,5830.593395757714,8.87217540852166,3.0559668343238235,0.7487526278251048,0.29380118568521496
SparseGP_RFF,"(1, 2, 3, 12, 24)","{'alpha': 0.001, 'gamma_socio': 0.1, 'gamma_space': 0.1, 'gamma_time': 0.1, 'n_socio': 0, 'n_space': 500, 'n_time': 500, 'w_socio': 1.0, 'w_space': 1.0, 'w_time': 1.0}",5,19734.248503082694,6362.180275011321,25124.356912754924,5830.593395757714,8.87217540852166,3.0559668343238235,0.7487526278251048,0.29380118568521496
SparseGP_RFF,"(1, 2, 3, 12, 24)","{'alpha': 0.1, 'gamma_socio': 0.05, 'gamma_space': 0.05, 'gamma_time': 0.1, 'n_socio': 0, 'n_space': 500, 'n_time': 500, 'w_socio': 1.0, 'w_space': 1.0, 'w_time': 1.0}",5,19757.848974285997,6284.970290404511,25211.742385466387,5751.4080155596375,8.846881662488137,3.0141316179327013,0.7493967349883486,0.29113171866484594
SparseGP_RFF,"(1, 2, 3, 12, 24)","{'alpha': 0.1, 'gamma_socio': 0.1, 'gamma_space': 0.05, 'gamma_time': 0.1, 'n_socio': 0, 'n_space': 500, 'n_time': 500, 'w_socio': 1.0, 'w_space': 1.0, 'w_time': 1.0}",5,19757.848974285997,6284.970290404511,25211.742385466387,5751.4080155596375,8.846881662488137,3.0141316179327013,0.7493967349883486,0.29113171866484594
SparseGP_RFF,"(1, 2, 3, 12, 24)","{'alpha': 0.1, 'gamma_socio': 0.1, 'gamma_space': 0.1, 'gamma_time': 0.1, 'n_socio': 0, 'n_space': 500, 'n_time': 500, 'w_socio': 1.0, 'w_space': 1.0, 'w_time': 1.0}",5,19821.83537694978,6364.784538908854,25233.373095883413,5803.853825793554,8.894788494287205,3.0635767281126767,0.7520703601391568,0.2941634072484978
SparseGP_RFF,"(1, 2, 3, 12, 24)","{'alpha': 0.1, 'gamma_socio': 0.05, 'gamma_space': 0.1, 'gamma_time': 0.1, 'n_socio': 0, 'n_space': 500, 'n_time': 500, 'w_socio': 1.0, 'w_space': 1.0, 'w_time': 1.0}",5,19821.83537694978,6364.784538908854,25233.373095883413,5803.853825793554,8.894788494287205,3.0635767281126767,0.7520703601391568,0.2941634072484978
SparseGP_RFF,"(1, 2, 3, 12, 24)","{'alpha': 0.1, 'gamma_socio': 0.1, 'gamma_space': 0.1, 'gamma_time': 0.1, 'n_socio': 0, 'n_space': 200, 'n_time': 500, 'w_socio': 1.0, 'w_space': 1.0, 'w_time': 1.0}",5,19828.57257154707,6339.200993227706,25238.890885203335,5781.107111526075,8.896801516830113,3.048595540597397,0.7522537343423681,0.29316337284634125
SparseGP_RFF,"(1, 2, 3, 12, 24)","{'alpha': 0.1, 'gamma_socio': 0.05, 'gamma_space': 0.1, 'gamma_time': 0.1, 'n_socio': 0, 'n_space': 200, 'n_time': 500, 'w_socio': 1.0, 'w_space': 1.0, 'w_time': 1.0}",5,19828.57257154707,6339.200993227706,25238.890885203335,5781.107111526075,8.896801516830113,3.048595540597397,0.7522537343423681,0.29316337284634125
SparseGP_RFF,"(1, 2, 3, 12, 24)","{'alpha': 0.1, 'gamma_socio': 0.05, 'gamma_space': 0.05, 'gamma_time': 0.1, 'n_socio': 0, 'n_space': 200, 'n_time': 500, 'w_socio': 1.0, 'w_space': 1.0, 'w_time': 1.0}",5,19786.187228795046,6292.708460400658,25245.571896661193,5770.241304933681,8.856079010770006,3.0120094534989876,0.750446087975685,0.291523181243849
SparseGP_RFF,"(1, 2, 3, 12, 24)","{'alpha': 0.1, 'gamma_socio': 0.1, 'gamma_space': 0.05, 'gamma_time': 0.1, 'n_socio': 0, 'n_space': 200, 'n_time': 500, 'w_socio': 1.0, 'w_space': 1.0, 'w_time': 1.0}",5,19786.187228795046,6292.708460400658,25245.571896661193,5770.241304933681,8.856079010770006,3.0120094534989876,0.750446087975685,0.291523181243849
SparseGP_RFF,"(1, 2, 3, 4, 5, 6, 12)","{'alpha': 0.001, 'gamma_socio': 0.1, 'gamma_space': 0.1, 'gamma_time': 0.1, 'n_socio': 0, 'n_space': 500, 'n_time': 200, 'w_socio': 1.0, 'w_space': 1.0, 'w_time': 1.0}",5,19593.916937221617,7501.911300847965,25252.479082439433,6713.432467977938,8.605453518410716,4.194655662325713,0.7796791988038223,0.2999791848987897
SparseGP_RFF,"(1, 2, 3, 4, 5, 6, 12)","{'alpha': 0.001, 'gamma_socio': 0.05, 'gamma_space': 0.1, 'gamma_time': 0.1, 'n_socio': 0, 'n_space': 500, 'n_time': 200, 'w_socio': 1.0, 'w_space': 1.0, 'w_time': 1.0}",5,19593.916937221617,7501.911300847965,25252.479082439433,6713.432467977938,8.605453518410716,4.194655662325713,0.7796791988038223,0.2999791848987897
SparseGP_RFF,"(1, 2, 3, 12, 24)","{'alpha': 0.001, 'gamma_socio': 0.1, 'gamma_space': 0.1, 'gamma_time': 0.1, 'n_socio': 0, 'n_space': 200, 'n_time': 500, 'w_socio': 1.0, 'w_space': 1.0, 'w_time': 1.0}",5,19866.045899388795,6343.684040255548,25260.000559188185,5810.093946073556,8.950474157482386,3.052647232614458,0.7536162975524423,0.2932898686014195
SparseGP_RFF,"(1, 2, 3, 12, 24)","{'alpha': 0.001, 'gamma_socio': 0.05, 'gamma_space': 0.1, 'gamma_time': 0.1, 'n_socio': 0, 'n_space': 200, 'n_time': 500, 'w_socio': 1.0, 'w_space': 1.0, 'w_time': 1.0}",5,19866.045899388795,6343.684040255548,25260.000559188185,5810.093946073556,8.950474157482386,3.052647232614458,0.7536162975524423,0.2932898686014195
SparseGP_RFF,"(1, 2, 3, 12, 24)","{'alpha': 0.01, 'gamma_socio': 0.1, 'gamma_space': 0.1, 'gamma_time': 0.1, 'n_socio': 0, 'n_space': 500, 'n_time': 500, 'w_socio': 1.0, 'w_space': 1.0, 'w_time': 1.0}",5,19895.213387588366,6395.387343035743,25302.836145285637,5847.506426729491,8.944784721234821,3.0768021713598035,0.7548471260730961,0.2954747262777147
SparseGP_RFF,"(1, 2, 3, 12, 24)","{'alpha': 0.01, 'gamma_socio': 0.05, 'gamma_space': 0.1, 'gamma_time': 0.1, 'n_socio': 0, 'n_space': 500, 'n_time': 500, 'w_socio': 1.0, 'w_space': 1.0, 'w_time': 1.0}",5,19895.213387588366,6395.387343035743,25302.836145285637,5847.506426729491,8.944784721234821,3.0768021713598035,0.7548471260730961,0.2954747262777147
SparseGP_RFF,"(1, 2, 3, 12, 24)","{'alpha': 0.001, 'gamma_socio': 0.05, 'gamma_space': 0.05, 'gamma_time': 0.1, 'n_socio': 0, 'n_space': 500, 'n_time': 500, 'w_socio': 1.0, 'w_space': 1.0, 'w_time': 1.0}",5,19958.234927184145,6372.670754984863,25358.73264115588,5841.21858527317,9.001515478132422,3.082255397140951,0.7571310827148667,0.2946173313689785
SparseGP_RFF,"(1, 2, 3, 12, 24)","{'alpha': 0.001, 'gamma_socio': 0.1, 'gamma_space': 0.05, 'gamma_time': 0.1, 'n_socio': 0, 'n_space': 500, 'n_time': 500, 'w_socio': 1.0, 'w_space': 1.0, 'w_time': 1.0}",5,19958.234927184145,6372.670754984863,25358.73264115588,5841.21858527317,9.001515478132422,3.082255397140951,0.7571310827148667,0.2946173313689785
SparseGP_RFF,"(1, 2, 3, 12, 24)","{'alpha': 0.01, 'gamma_socio': 0.05, 'gamma_space': 0.1, 'gamma_time': 0.1, 'n_socio': 0, 'n_space': 200, 'n_time': 500, 'w_socio': 1.0, 'w_space': 1.0, 'w_time': 1.0}",5,19946.849143483483,6385.2239805069685,25359.13271353372,5843.069722225696,8.97706994179172,3.0744653512370674,0.7567505773582553,0.29515101505183594
SparseGP_RFF,"(1, 2, 3, 12, 24)","{'alpha': 0.01, 'gamma_socio': 0.1, 'gamma_space': 0.1, 'gamma_time': 0.1, 'n_socio': 0, 'n_space': 200, 'n_time': 500, 'w_socio': 1.0, 'w_space': 1.0, 'w_time': 1.0}",5,19946.849143483483,6385.2239805069685,25359.13271353372,5843.069722225696,8.97706994179172,3.0744653512370674,0.7567505773582553,0.29515101505183594
SparseGP_RFF,"(1, 2, 3, 12, 24)","{'alpha': 0.01, 'gamma_socio': 0.1, 'gamma_space': 0.05, 'gamma_time': 0.1, 'n_socio': 0, 'n_space': 500, 'n_time': 500, 'w_socio': 1.0, 'w_space': 1.0, 'w_time': 1.0}",5,19941.5707756745,6354.324586564073,25369.351784332073,5815.870121661251,8.974654763688985,3.0715673967628923,0.7564729350430885,0.2939146713885614
SparseGP_RFF,"(1, 2, 3, 12, 24)","{'alpha': 0.01, 'gamma_socio': 0.05, 'gamma_space': 0.05, 'gamma_time': 0.1, 'n_socio': 0, 'n_space': 500, 'n_time': 500, 'w_socio': 1.0, 'w_space': 1.0, 'w_time': 1.0}",5,19941.5707756745,6354.324586564073,25369.351784332073,5815.870121661251,8.974654763688985,3.0715673967628923,0.7564729350430885,0.2939146713885614
SparseGP_RFF,"(1, 2, 3, 12, 24)","{'alpha': 0.01, 'gamma_socio': 0.05, 'gamma_space': 0.05, 'gamma_time': 0.1, 'n_socio': 0, 'n_space': 200, 'n_time': 500, 'w_socio': 1.0, 'w_space': 1.0, 'w_time': 1.0}",5,19953.532562473603,6347.770509621416,25383.450567114116,5812.7345359746,8.982160147015293,3.0659986408191284,0.7568886051583318,0.29367977724802113
SparseGP_RFF,"(1, 2, 3, 12, 24)","{'alpha': 0.01, 'gamma_socio': 0.1, 'gamma_space': 0.05, 'gamma_time': 0.1, 'n_socio': 0, 'n_space': 200, 'n_time': 500, 'w_socio': 1.0, 'w_space': 1.0, 'w_time': 1.0}",5,19953.532562473603,6347.770509621416,25383.450567114116,5812.7345359746,8.982160147015293,3.0659986408191284,0.7568886051583318,0.29367977724802113
SparseGP_RFF,"(1, 2, 3, 4, 5, 6, 12)","{'alpha': 0.001, 'gamma_socio': 0.05, 'gamma_space': 0.1, 'gamma_time': 0.1, 'n_socio': 0, 'n_space': 200, 'n_time': 200, 'w_socio': 1.0, 'w_space': 1.0, 'w_time': 1.0}",5,19737.00590435054,7581.598361659706,25388.178198036,6794.15797312076,8.6795728767903,4.243379473359029,0.7853414774880989,0.3029023665802715
SparseGP_RFF,"(1, 2, 3, 4, 5, 6, 12)","{'alpha': 0.001, 'gamma_socio': 0.1, 'gamma_space': 0.1, 'gamma_time': 0.1, 'n_socio': 0, 'n_space': 200, 'n_time': 200, 'w_socio': 1.0, 'w_space': 1.0, 'w_time': 1.0}",5,19737.00590435054,7581.598361659706,25388.178198036,6794.15797312076,8.6795728767903,4.243379473359029,0.7853414774880989,0.3029023665802715
SparseGP_RFF,"(1, 2, 3, 12, 24)","{'alpha': 0.001, 'gamma_socio': 0.1, 'gamma_space': 0.05, 'gamma_time': 0.1, 'n_socio': 0, 'n_space': 200, 'n_time': 500, 'w_socio': 1.0, 'w_space': 1.0, 'w_time': 1.0}",5,20012.172493628103,6372.780863827777,25419.3082272391,5846.97512017908,9.03956264767839,3.0912400045221404,0.7591432720503752,0.2946427653935016
SparseGP_RFF,"(1, 2, 3, 12, 24)","{'alpha': 0.001, 'gamma_socio': 0.05, 'gamma_space': 0.05, 'gamma_time': 0.1, 'n_socio': 0, 'n_space': 200, 'n_time': 500, 'w_socio': 1.0, 'w_space': 1.0, 'w_time': 1.0}",5,20012.172493628103,6372.780863827777,25419.3082272391,5846.97512017908,9.03956264767839,3.0912400045221404,0.7591432720503752,0.2946427653935016
SparseGP_RFF,"(1, 2, 3, 4, 5, 6, 12)","{'alpha': 0.001, 'gamma_socio': 0.05, 'gamma_space': 0.05, 'gamma_time': 0.1, 'n_socio': 0, 'n_space': 500, 'n_time': 200, 'w_socio': 1.0, 'w_space': 1.0, 'w_time': 1.0}",5,19810.600012936768,7579.556653023184,25469.45104613708,6798.076993695387,8.715689379448325,4.2498409845970855,0.7882673482155212,0.3028173625044865
SparseGP_RFF,"(1, 2, 3, 4, 5, 6, 12)","{'alpha': 0.001, 'gamma_socio': 0.1, 'gamma_space': 0.05, 'gamma_time': 0.1, 'n_socio': 0, 'n_space': 500, 'n_time': 200, 'w_socio': 1.0, 'w_space': 1.0, 'w_time': 1.0}",5,19810.600012936768,7579.556653023184,25469.45104613708,6798.076993695387,8.715689379448325,4.2498409845970855,0.7882673482155212,0.3028173625044865
SparseGP_RFF,"(1, 2, 3, 4, 5, 6, 12)","{'alpha': 0.01, 'gamma_socio': 0.1, 'gamma_space': 0.1, 'gamma_time': 0.1, 'n_socio': 0, 'n_space': 500, 'n_time': 200, 'w_socio': 1.0, 'w_space': 1.0, 'w_time': 1.0}",5,19811.84498881437,7637.574639238652,25498.658754956636,6841.77475972232,8.702764990271671,4.2754819186384125,0.7883206798885085,0.30506447650642754
SparseGP_RFF,"(1, 2, 3, 4, 5, 6, 12)","{'alpha': 0.01, 'gamma_socio': 0.05, 'gamma_space': 0.1, 'gamma_time': 0.1, 'n_socio': 0, 'n_space': 500, 'n_time': 200, 'w_socio': 1.0, 'w_space': 1.0, 'w_time': 1.0}",5,19811.84498881437,7637.574639238652,25498.658754956636,6841.77475972232,8.702764990271671,4.2754819186384125,0.7883206798885085,0.30506447650642754
SparseGP_RFF,"(1, 2, 3, 4, 5, 6, 12)","{'alpha': 0.001, 'gamma_socio': 0.1, 'gamma_space': 0.05, 'gamma_time': 0.1, 'n_socio': 0, 'n_space': 200, 'n_time': 200, 'w_socio': 1.0, 'w_space': 1.0, 'w_time': 1.0}",5,19883.36682695989,7650.136396735114,25541.853811731657,6867.749666308209,8.754920149923667,4.2961937499511835,0.7911381057378278,0.3054486627184166
SparseGP_RFF,"(1, 2, 3, 4, 5, 6, 12)","{'alpha': 0.001, 'gamma_socio': 0.05, 'gamma_space': 0.05, 'gamma_time': 0.1, 'n_socio': 0, 'n_space': 200, 'n_time': 200, 'w_socio': 1.0, 'w_space': 1.0, 'w_time': 1.0}",5,19883.36682695989,7650.136396735114,25541.853811731657,6867.749666308209,8.754920149923667,4.2961937499511835,0.7911381057378278,0.3054486627184166
SparseGP_RFF,"(1, 2, 3, 4, 5, 6, 12)","{'alpha': 0.01, 'gamma_socio': 0.05, 'gamma_space': 0.05, 'gamma_time': 0.1, 'n_socio': 0, 'n_space': 500, 'n_time': 200, 'w_socio': 1.0, 'w_space': 1.0, 'w_time': 1.0}",5,19883.912148361924,7625.966752573899,25574.73621769101,6843.286158627202,8.733576374933792,4.274937528371352,0.7911845942519632,0.30458185331020704
SparseGP_RFF,"(1, 2, 3, 4, 5, 6, 12)","{'alpha': 0.01, 'gamma_socio': 0.1, 'gamma_space': 0.05, 'gamma_time': 0.1, 'n_socio': 0, 'n_space': 500, 'n_time': 200, 'w_socio': 1.0, 'w_space': 1.0, 'w_time': 1.0}",5,19883.912148361924,7625.966752573899,25574.73621769101,6843.286158627202,8.733576374933792,4.274937528371352,0.7911845942519632,0.30458185331020704
SparseGP_RFF,"(1, 2, 3, 4, 5, 6, 12)","{'alpha': 0.01, 'gamma_socio': 0.1, 'gamma_space': 0.1, 'gamma_time': 0.1, 'n_socio': 0, 'n_space': 200, 'n_time': 200, 'w_socio': 1.0, 'w_space': 1.0, 'w_time': 1.0}",5,19899.537944215102,7691.150878815932,25582.18611689978,6899.811544954146,8.752994415981195,4.3077888422719015,0.7917823286507207,0.3070415092293764
SparseGP_RFF,"(1, 2, 3, 4, 5, 6, 12)","{'alpha': 0.01, 'gamma_socio': 0.05, 'gamma_space': 0.1, 'gamma_time': 0.1, 'n_socio': 0, 'n_space': 200, 'n_time': 200, 'w_socio': 1.0, 'w_space': 1.0, 'w_time': 1.0}",5,19899.537944215102,7691.150878815932,25582.18611689978,6899.811544954146,8.752994415981195,4.3077888422719015,0.7917823286507207,0.3070415092293764
SparseGP_RFF,"(1, 2, 3, 4, 5, 6, 12)","{'alpha': 0.01, 'gamma_socio': 0.05, 'gamma_space': 0.05, 'gamma_time': 0.1, 'n_socio': 0, 'n_space': 200, 'n_time': 200, 'w_socio': 1.0, 'w_space': 1.0, 'w_time': 1.0}",5,19897.41782207762,7618.704118396086,25589.56427949278,6840.7682534929345,8.741505662350283,4.271170150839004,0.791732168424023,0.30431946709711116
SparseGP_RFF,"(1, 2, 3, 4, 5, 6, 12)","{'alpha': 0.01, 'gamma_socio': 0.1, 'gamma_space': 0.05, 'gamma_time': 0.1, 'n_socio': 0, 'n_space': 200, 'n_time': 200, 'w_socio': 1.0, 'w_space': 1.0, 'w_time': 1.0}",5,19897.41782207762,7618.704118396086,25589.56427949278,6840.7682534929345,8.741505662350283,4.271170150839004,0.791732168424023,0.30431946709711116
SparseGP_RFF,"(1, 2, 3, 4, 5, 6, 12)","{'alpha': 0.1, 'gamma_socio': 0.05, 'gamma_space': 0.05, 'gamma_time': 0.1, 'n_socio': 0, 'n_space': 500, 'n_time': 200, 'w_socio': 1.0, 'w_space': 1.0, 'w_time': 1.0}",5,19875.306414217303,7453.415533897327,25609.189910264737,6689.313872698219,8.688240293736296,4.162162645604896,0.7909358618361552,0.29820674639520134
SparseGP_RFF,"(1, 2, 3, 4, 5, 6, 12)","{'alpha': 0.1, 'gamma_socio': 0.1, 'gamma_space': 0.05, 'gamma_time': 0.1, 'n_socio': 0, 'n_space': 500, 'n_time': 200, 'w_socio': 1.0, 'w_space': 1.0, 'w_time': 1.0}",5,19875.306414217303,7453.415533897327,25609.189910264737,6689.313872698219,8.688240293736296,4.162162645604896,0.7909358618361552,0.29820674639520134
SparseGP_RFF,"(1, 2, 3, 4, 5, 6, 12)","{'alpha': 0.1, 'gamma_socio': 0.1, 'gamma_space': 0.05, 'gamma_time': 0.1, 'n_socio': 0, 'n_space': 200, 'n_time': 200, 'w_socio': 1.0, 'w_space': 1.0, 'w_time': 1.0}",5,19871.56557671228,7412.202533946987,25616.714655070784,6653.854003362935,8.67606700836502,4.133978972011755,0.7908141977107424,0.2967124461284538
SparseGP_RFF,"(1, 2, 3, 4, 5, 6, 12)","{'alpha': 0.1, 'gamma_socio': 0.05, 'gamma_space': 0.05, 'gamma_time': 0.1, 'n_socio': 0, 'n_space': 200, 'n_time': 200, 'w_socio': 1.0, 'w_space': 1.0, 'w_time': 1.0}",5,19871.56557671228,7412.202533946987,25616.714655070784,6653.854003362935,8.67606700836502,4.133978972011755,0.7908141977107424,0.2967124461284538
SparseGP_RFF,"(1, 2, 12)","{'alpha': 0.1, 'gamma_socio': 0.05, 'gamma_space': 0.1, 'gamma_time': 0.1, 'n_socio': 0, 'n_space': 500, 'n_time': 500, 'w_socio': 1.0, 'w_space': 1.0, 'w_time': 1.0}",5,19316.71929381745,5131.909538089586,25617.140561925626,5165.801245523041,7.973981448182886,2.42854177200873,0.7737226922649778,0.23043731642868812
SparseGP_RFF,"(1, 2, 12)","{'alpha': 0.1, 'gamma_socio': 0.1, 'gamma_space': 0.1, 'gamma_time': 0.1, 'n_socio': 0, 'n_space': 500, 'n_time': 500, 'w_socio': 1.0, 'w_space': 1.0, 'w_time': 1.0}",5,19316.71929381745,5131.909538089586,25617.140561925626,5165.801245523041,7.973981448182886,2.42854177200873,0.7737226922649778,0.23043731642868812
SparseGP_RFF,"(1, 2, 12)","{'alpha': 0.1, 'gamma_socio': 0.05, 'gamma_space': 0.1, 'gamma_time': 0.1, 'n_socio': 0, 'n_space': 200, 'n_time': 500, 'w_socio': 1.0, 'w_space': 1.0, 'w_time': 1.0}",5,19321.812754331593,5133.969804401601,25625.39401595515,5163.5693986568795,7.974066258024687,2.429911194775755,0.7739206677427879,0.23049475120171464
SparseGP_RFF,"(1, 2, 12)","{'alpha': 0.1, 'gamma_socio': 0.1, 'gamma_space': 0.1, 'gamma_time': 0.1, 'n_socio': 0, 'n_space': 200, 'n_time': 500, 'w_socio': 1.0, 'w_space': 1.0, 'w_time': 1.0}",5,19321.812754331593,5133.969804401601,25625.39401595515,5163.5693986568795,7.974066258024687,2.429911194775755,0.7739206677427879,0.23049475120171464
SparseGP_RFF,"(1, 2, 3, 4, 5, 6, 12)","{'alpha': 0.1, 'gamma_socio': 0.05, 'gamma_space': 0.1, 'gamma_time': 0.1, 'n_socio': 0, 'n_space': 500, 'n_time': 200, 'w_socio': 1.0, 'w_space': 1.0, 'w_time': 1.0}",5,19908.631618697123,7650.348076804676,25625.47782213408,6860.306336839362,8.73580919198503,4.282403520120441,0.7921736924691232,0.30553536140249793
SparseGP_RFF,"(1, 2, 3, 4, 5, 6, 12)","{'alpha': 0.1, 'gamma_socio': 0.1, 'gamma_space': 0.1, 'gamma_time': 0.1, 'n_socio': 0, 'n_space': 500, 'n_time': 200, 'w_socio': 1.0, 'w_space': 1.0, 'w_time': 1.0}",5,19908.631618697123,7650.348076804676,25625.47782213408,6860.306336839362,8.73580919198503,4.282403520120441,0.7921736924691232,0.30553536140249793
SparseGP_RFF,"(1, 2, 12)","{'alpha': 0.1, 'gamma_socio': 0.1, 'gamma_space': 0.05, 'gamma_time': 0.1, 'n_socio': 0, 'n_space': 500, 'n_time': 500, 'w_socio': 1.0, 'w_space': 1.0, 'w_time': 1.0}",5,19315.522060278483,5056.644054809805,25625.536735802732,5078.010401157297,7.9611907429986974,2.3991211772012213,0.7735759156979286,0.22746408821240383
SparseGP_RFF,"(1, 2, 12)","{'alpha': 0.1, 'gamma_socio': 0.05, 'gamma_space': 0.05, 'gamma_time': 0.1, 'n_socio': 0, 'n_space': 500, 'n_time': 500, 'w_socio': 1.0, 'w_space': 1.0, 'w_time': 1.0}",5,19315.522060278483,5056.644054809805,25625.536735802732,5078.010401157297,7.9611907429986974,2.3991211772012213,0.7735759156979286,0.22746408821240383
SparseGP_RFF,"(1, 2, 12)","{'alpha': 0.1, 'gamma_socio': 0.05, 'gamma_space': 0.05, 'gamma_time': 0.1, 'n_socio': 0, 'n_space': 200, 'n_time': 500, 'w_socio': 1.0, 'w_space': 1.0, 'w_time': 1.0}",5,19317.600694768138,5053.093270188647,25627.43523729703,5072.010415559689,7.963548535356509,2.3997905487800377,0.7736527878695725,0.22732955062874557
SparseGP_RFF,"(1, 2, 12)","{'alpha': 0.1, 'gamma_socio': 0.1, 'gamma_space': 0.05, 'gamma_time': 0.1, 'n_socio': 0, 'n_space': 200, 'n_time': 500, 'w_socio': 1.0, 'w_space': 1.0, 'w_time': 1.0}",5,19317.600694768138,5053.093270188647,25627.43523729703,5072.010415559689,7.963548535356509,2.3997905487800377,0.7736527878695725,0.22732955062874557
SparseGP_RFF,"(1, 2, 3, 4, 5, 6, 12)","{'alpha': 0.1, 'gamma_socio': 0.05, 'gamma_space': 0.1, 'gamma_time': 0.1, 'n_socio': 0, 'n_space': 200, 'n_time': 200, 'w_socio': 1.0, 'w_space': 1.0, 'w_time': 1.0}",5,19913.88638061246,7625.2363011894895,25629.64874372339,6843.1402295105645,8.738893318827541,4.267173085687605,0.7923869155484122,0.30457608837254446
SparseGP_RFF,"(1, 2, 3, 4, 5, 6, 12)","{'alpha': 0.1, 'gamma_socio': 0.1, 'gamma_space': 0.1, 'gamma_time': 0.1, 'n_socio': 0, 'n_space': 200, 'n_time': 200, 'w_socio': 1.0, 'w_space': 1.0, 'w_time': 1.0}",5,19913.88638061246,7625.2363011894895,25629.64874372339,6843.1402295105645,8.738893318827541,4.267173085687605,0.7923869155484122,0.30457608837254446
SparseGP_RFF,"(1, 2, 12)","{'alpha': 0.001, 'gamma_socio': 0.05, 'gamma_space': 0.1, 'gamma_time': 0.1, 'n_socio': 0, 'n_space': 500, 'n_time': 500, 'w_socio': 1.0, 'w_space': 1.0, 'w_time': 1.0}",5,19230.90953891792,5036.842880148508,25650.856577545754,5126.164586347608,7.917323384163386,2.3651690379304893,0.770200250484763,0.22627917331916947
SparseGP_RFF,"(1, 2, 12)","{'alpha': 0.001, 'gamma_socio': 0.1, 'gamma_space': 0.1, 'gamma_time': 0.1, 'n_socio': 0, 'n_space': 500, 'n_time': 500, 'w_socio': 1.0, 'w_space': 1.0, 'w_time': 1.0}",5,19230.90953891792,5036.842880148508,25650.856577545754,5126.164586347608,7.917323384163386,2.3651690379304893,0.770200250484763,0.22627917331916947
SparseGP_RFF,"(1, 2, 12)","{'alpha': 0.001, 'gamma_socio': 0.05, 'gamma_space': 0.1, 'gamma_time': 0.1, 'n_socio': 0, 'n_space': 200, 'n_time': 500, 'w_socio': 1.0, 'w_space': 1.0, 'w_time': 1.0}",5,19302.11883843587,5030.070050077894,25717.20429176368,5115.004129458239,7.953171938328865,2.3724437219488013,0.7730356089559677,0.22616360316558054
SparseGP_RFF,"(1, 2, 12)","{'alpha': 0.001, 'gamma_socio': 0.1, 'gamma_space': 0.1, 'gamma_time': 0.1, 'n_socio': 0, 'n_space': 200, 'n_time': 500, 'w_socio': 1.0, 'w_space': 1.0, 'w_time': 1.0}",5,19302.11883843587,5030.070050077894,25717.20429176368,5115.004129458239,7.953171938328865,2.3724437219488013,0.7730356089559677,0.22616360316558054
SparseGP_RFF,"(1, 2, 12)","{'alpha': 0.001, 'gamma_socio': 0.1, 'gamma_space': 0.05, 'gamma_time': 0.1, 'n_socio': 0, 'n_space': 500, 'n_time': 500, 'w_socio': 1.0, 'w_space': 1.0, 'w_time': 1.0}",5,19375.576314942657,5024.04202743159,25793.110937346395,5091.167399054872,7.987831064426895,2.380155226578555,0.7759435586904624,0.22595495473063362
SparseGP_RFF,"(1, 2, 12)","{'alpha': 0.001, 'gamma_socio': 0.05, 'gamma_space': 0.05, 'gamma_time': 0.1, 'n_socio': 0, 'n_space': 500, 'n_time': 500, 'w_socio': 1.0, 'w_space': 1.0, 'w_time': 1.0}",5,19375.576314942657,5024.04202743159,25793.110937346395,5091.167399054872,7.987831064426895,2.380155226578555,0.7759435586904624,0.22595495473063362
SparseGP_RFF,"(1, 2, 12)","{'alpha': 0.001, 'gamma_socio': 0.1, 'gamma_space': 0.05, 'gamma_time': 0.1, 'n_socio': 0, 'n_space': 200, 'n_time': 500, 'w_socio': 1.0, 'w_space': 1.0, 'w_time': 1.0}",5,19397.510614683742,5013.22965906515,25811.471483034704,5077.275718398344,8.000708620314175,2.379742366605473,0.7768017220898698,0.22553885127610662
SparseGP_RFF,"(1, 2, 12)","{'alpha': 0.001, 'gamma_socio': 0.05, 'gamma_space': 0.05, 'gamma_time': 0.1, 'n_socio': 0, 'n_space': 200, 'n_time': 500, 'w_socio': 1.0, 'w_space': 1.0, 'w_time': 1.0}",5,19397.510614683742,5013.22965906515,25811.471483034704,5077.275718398344,8.000708620314175,2.379742366605473,0.7768017220898698,0.22553885127610662
SparseGP_RFF,"(1, 2, 12)","{'alpha': 0.01, 'gamma_socio': 0.1, 'gamma_space': 0.1, 'gamma_time': 0.1, 'n_socio': 0, 'n_space': 500, 'n_time': 500, 'w_socio': 1.0, 'w_space': 1.0, 'w_time': 1.0}",5,19414.87228825896,5074.230754155227,25834.731849935786,5146.326625070842,8.00260713310411,2.3983867979554527,0.7775457498745428,0.22794445903129087
SparseGP_RFF,"(1, 2, 12)","{'alpha': 0.01, 'gamma_socio': 0.05, 'gamma_space': 0.1, 'gamma_time': 0.1, 'n_socio': 0, 'n_space': 500, 'n_time': 500, 'w_socio': 1.0, 'w_space': 1.0, 'w_time': 1.0}",5,19414.87228825896,5074.230754155227,25834.731849935786,5146.326625070842,8.00260713310411,2.3983867979554527,0.7775457498745428,0.22794445903129087
SparseGP_RFF,"(1, 2, 12)","{'alpha': 0.01, 'gamma_socio': 0.1, 'gamma_space': 0.1, 'gamma_time': 0.1, 'n_socio': 0, 'n_space': 200, 'n_time': 500, 'w_socio': 1.0, 'w_space': 1.0, 'w_time': 1.0}",5,19454.73321374487,5074.921698792932,25869.098907250413,5143.989081908876,8.023092592637997,2.403632015694128,0.77913226949197,0.22803421149820477
SparseGP_RFF,"(1, 2, 12)","{'alpha': 0.01, 'gamma_socio': 0.05, 'gamma_space': 0.1, 'gamma_time': 0.1, 'n_socio': 0, 'n_space': 200, 'n_time': 500, 'w_socio': 1.0, 'w_space': 1.0, 'w_time': 1.0}",5,19454.73321374487,5074.921698792932,25869.098907250413,5143.989081908876,8.023092592637997,2.403632015694128,0.77913226949197,0.22803421149820477
SparseGP_RFF,"(1, 2, 12)","{'alpha': 0.01, 'gamma_socio': 0.1, 'gamma_space': 0.05, 'gamma_time': 0.1, 'n_socio': 0, 'n_space': 500, 'n_time': 500, 'w_socio': 1.0, 'w_space': 1.0, 'w_time': 1.0}",5,19467.86473498416,5039.643515733422,25888.82711410532,5097.032413670845,8.022679309103431,2.3917542390565267,0.7795840575499484,0.2265135102357445
SparseGP_RFF,"(1, 2, 12)","{'alpha': 0.01, 'gamma_socio': 0.05, 'gamma_space': 0.05, 'gamma_time': 0.1, 'n_socio': 0, 'n_space': 500, 'n_time': 500, 'w_socio': 1.0, 'w_space': 1.0, 'w_time': 1.0}",5,19467.86473498416,5039.643515733422,25888.82711410532,5097.032413670845,8.022679309103431,2.3917542390565267,0.7795840575499484,0.2265135102357445
SparseGP_RFF,"(1, 2, 12)","{'alpha': 0.01, 'gamma_socio': 0.1, 'gamma_space': 0.05, 'gamma_time': 0.1, 'n_socio': 0, 'n_space': 200, 'n_time': 500, 'w_socio': 1.0, 'w_space': 1.0, 'w_time': 1.0}",5,19465.848775422783,5038.901879003131,25889.98012029533,5094.855600393606,8.022910671437149,2.3925154638185786,0.7795048825753984,0.22647853026538717
SparseGP_RFF,"(1, 2, 12)","{'alpha': 0.01, 'gamma_socio': 0.05, 'gamma_space': 0.05, 'gamma_time': 0.1, 'n_socio': 0, 'n_space': 200, 'n_time': 500, 'w_socio': 1.0, 'w_space': 1.0, 'w_time': 1.0}",5,19465.848775422783,5038.901879003131,25889.98012029533,5094.855600393606,8.022910671437149,2.3925154638185786,0.7795048825753984,0.22647853026538717
SparseGP_RFF,"(1, 2, 12)","{'alpha': 0.01, 'gamma_socio': 0.05, 'gamma_space': 0.1, 'gamma_time': 0.05, 'n_socio': 0, 'n_space': 500, 'n_time': 500, 'w_socio': 1.0, 'w_space': 1.0, 'w_time': 1.0}",5,19185.78633407529,5315.006480544832,26129.890211722573,5403.268083990494,7.605610697330555,2.4999622192598574,0.7593293111306705,0.20157482565158213
SparseGP_RFF,"(1, 2, 12)","{'alpha': 0.01, 'gamma_socio': 0.1, 'gamma_space': 0.1, 'gamma_time': 0.05, 'n_socio': 0, 'n_space': 500, 'n_time': 500, 'w_socio': 1.0, 'w_space': 1.0, 'w_time': 1.0}",5,19185.78633407529,5315.006480544832,26129.890211722573,5403.268083990494,7.605610697330555,2.4999622192598574,0.7593293111306705,0.20157482565158213
SparseGP_RFF,"(1, 2, 12)","{'alpha': 0.001, 'gamma_socio': 0.05, 'gamma_space': 0.1, 'gamma_time': 0.05, 'n_socio': 0, 'n_space': 500, 'n_time': 500, 'w_socio': 1.0, 'w_space': 1.0, 'w_time': 1.0}",5,19147.007500537606,5268.751706675083,26131.22201157307,5387.201536403387,7.584812630914904,2.4668565693725326,0.7578193878478328,0.19983718109007945
SparseGP_RFF,"(1, 2, 12)","{'alpha': 0.001, 'gamma_socio': 0.1, 'gamma_space': 0.1, 'gamma_time': 0.05, 'n_socio': 0, 'n_space': 500, 'n_time': 500, 'w_socio': 1.0, 'w_space': 1.0, 'w_time': 1.0}",5,19147.007500537606,5268.751706675083,26131.22201157307,5387.201536403387,7.584812630914904,2.4668565693725326,0.7578193878478328,0.19983718109007945
SparseGP_RFF,"(1, 2, 12)","{'alpha': 0.01, 'gamma_socio': 0.05, 'gamma_space': 0.1, 'gamma_time': 0.05, 'n_socio': 0, 'n_space': 200, 'n_time': 500, 'w_socio': 1.0, 'w_space': 1.0, 'w_time': 1.0}",5,19242.02952519085,5352.9645567524485,26194.856624050844,5445.607856110982,7.626074850910468,2.5150133795780265,0.7615563251440889,0.20306683183174898
SparseGP_RFF,"(1, 2, 12)","{'alpha': 0.01, 'gamma_socio': 0.1, 'gamma_space': 0.1, 'gamma_time': 0.05, 'n_socio': 0, 'n_space': 200, 'n_time': 500, 'w_socio': 1.0, 'w_space': 1.0, 'w_time': 1.0}",5,19242.02952519085,5352.9645567524485,26194.856624050844,5445.607856110982,7.626074850910468,2.5150133795780265,0.7615563251440889,0.20306683183174898
SparseGP_RFF,"(1, 2, 12)","{'alpha': 0.001, 'gamma_socio': 0.1, 'gamma_space': 0.1, 'gamma_time': 0.05, 'n_socio': 0, 'n_space': 200, 'n_time': 500, 'w_socio': 1.0, 'w_space': 1.0, 'w_time': 1.0}",5,19252.144512344596,5327.638635583151,26239.68449885693,5442.408597948057,7.625094753900457,2.492907090004685,0.76197585515996,0.2021220472219852
SparseGP_RFF,"(1, 2, 12)","{'alpha': 0.001, 'gamma_socio': 0.05, 'gamma_space': 0.1, 'gamma_time': 0.05, 'n_socio': 0, 'n_space': 200, 'n_time': 500, 'w_socio': 1.0, 'w_space': 1.0, 'w_time': 1.0}",5,19252.144512344596,5327.638635583151,26239.68449885693,5442.408597948057,7.625094753900457,2.492907090004685,0.76197585515996,0.2021220472219852
SparseGP_RFF,"(1, 2, 12)","{'alpha': 0.01, 'gamma_socio': 0.1, 'gamma_space': 0.05, 'gamma_time': 0.05, 'n_socio': 0, 'n_space': 500, 'n_time': 500, 'w_socio': 1.0, 'w_space': 1.0, 'w_time': 1.0}",5,19327.473990889062,5439.158404591405,26305.97823067935,5544.572158967026,7.653466177324281,2.5485104659531155,0.7649046961739325,0.20638862743834907
SparseGP_RFF,"(1, 2, 12)","{'alpha': 0.01, 'gamma_socio': 0.05, 'gamma_space': 0.05, 'gamma_time': 0.05, 'n_socio': 0, 'n_space': 500, 'n_time': 500, 'w_socio': 1.0, 'w_space': 1.0, 'w_time': 1.0}",5,19327.473990889062,5439.158404591405,26305.97823067935,5544.572158967026,7.653466177324281,2.5485104659531155,0.7649046961739325,0.20638862743834907
SparseGP_RFF,"(1, 2, 12)","{'alpha': 0.01, 'gamma_socio': 0.05, 'gamma_space': 0.05, 'gamma_time': 0.05, 'n_socio': 0, 'n_space': 200, 'n_time': 500, 'w_socio': 1.0, 'w_space': 1.0, 'w_time': 1.0}",5,19341.605303295335,5444.303568393046,26329.462464613083,5556.319477229541,7.657200144224677,2.5482790674463294,0.7654777162286817,0.20662218016791173
SparseGP_RFF,"(1, 2, 12)","{'alpha': 0.01, 'gamma_socio': 0.1, 'gamma_space': 0.05, 'gamma_time': 0.05, 'n_socio': 0, 'n_space': 200, 'n_time': 500, 'w_socio': 1.0, 'w_space': 1.0, 'w_time': 1.0}",5,19341.605303295335,5444.303568393046,26329.462464613083,5556.319477229541,7.657200144224677,2.5482790674463294,0.7654777162286817,0.20662218016791173
SparseGP_RFF,"(1, 2, 12)","{'alpha': 0.001, 'gamma_socio': 0.05, 'gamma_space': 0.05, 'gamma_time': 0.05, 'n_socio': 0, 'n_space': 500, 'n_time': 500, 'w_socio': 1.0, 'w_space': 1.0, 'w_time': 1.0}",5,19409.4355364264,5453.7729973172245,26429.844705184012,5603.269806742943,7.680736102429613,2.5414443727842797,0.7682394066404005,0.20717588588815203
SparseGP_RFF,"(1, 2, 12)","{'alpha': 0.001, 'gamma_socio': 0.1, 'gamma_space': 0.05, 'gamma_time': 0.05, 'n_socio': 0, 'n_space': 500, 'n_time': 500, 'w_socio': 1.0, 'w_space': 1.0, 'w_time': 1.0}",5,19409.4355364264,5453.7729973172245,26429.844705184012,5603.269806742943,7.680736102429613,2.5414443727842797,0.7682394066404005,0.20717588588815203
SparseGP_RFF,"(1, 2, 12)","{'alpha': 0.001, 'gamma_socio': 0.1, 'gamma_space': 0.05, 'gamma_time': 0.05, 'n_socio': 0, 'n_space': 200, 'n_time': 500, 'w_socio': 1.0, 'w_space': 1.0, 'w_time': 1.0}",5,19452.038800249553,5489.832241582751,26481.220130514987,5645.004848551209,7.695059942112019,2.555927715459527,0.7699292278551189,0.2086029140360373
SparseGP_RFF,"(1, 2, 12)","{'alpha': 0.001, 'gamma_socio': 0.05, 'gamma_space': 0.05, 'gamma_time': 0.05, 'n_socio': 0, 'n_space': 200, 'n_time': 500, 'w_socio': 1.0, 'w_space': 1.0, 'w_time': 1.0}",5,19452.038800249553,5489.832241582751,26481.220130514987,5645.004848551209,7.695059942112019,2.555927715459527,0.7699292278551189,0.2086029140360373
SparseGP_RFF,"(1, 12, 24)","{'alpha': 0.1, 'gamma_socio': 0.05, 'gamma_space': 0.1, 'gamma_time': 0.05, 'n_socio': 0, 'n_space': 500, 'n_time': 500, 'w_socio': 1.0, 'w_space': 1.0, 'w_time': 1.0}",5,19215.601189440982,7383.4260652349885,26549.615346684343,8265.388486757487,7.795457774398804,3.512071304814445,0.7164354654598595,0.27770257974959345
SparseGP_RFF,"(1, 12, 24)","{'alpha': 0.1, 'gamma_socio': 0.1, 'gamma_space': 0.1, 'gamma_time': 0.05, 'n_socio': 0, 'n_space': 500, 'n_time': 500, 'w_socio': 1.0, 'w_space': 1.0, 'w_time': 1.0}",5,19215.601189440982,7383.4260652349885,26549.615346684343,8265.388486757487,7.795457774398804,3.512071304814445,0.7164354654598595,0.27770257974959345
SparseGP_RFF,"(1, 12, 24)","{'alpha': 0.1, 'gamma_socio': 0.1, 'gamma_space': 0.1, 'gamma_time': 0.05, 'n_socio': 0, 'n_space': 200, 'n_time': 500, 'w_socio': 1.0, 'w_space': 1.0, 'w_time': 1.0}",5,19253.09848958899,7400.31346719769,26593.74996128398,8282.32385657088,7.808353788259241,3.516637247227438,0.71781050907191,0.27817317894571997
SparseGP_RFF,"(1, 12, 24)","{'alpha': 0.1, 'gamma_socio': 0.05, 'gamma_space': 0.1, 'gamma_time': 0.05, 'n_socio': 0, 'n_space': 200, 'n_time': 500, 'w_socio': 1.0, 'w_space': 1.0, 'w_time': 1.0}",5,19253.09848958899,7400.31346719769,26593.74996128398,8282.32385657088,7.808353788259241,3.516637247227438,0.71781050907191,0.27817317894571997
SparseGP_RFF,"(1, 12)","{'alpha': 0.1, 'gamma_socio': 0.1, 'gamma_space': 0.1, 'gamma_time': 0.05, 'n_socio': 0, 'n_space': 500, 'n_time': 500, 'w_socio': 1.0, 'w_space': 1.0, 'w_time': 1.0}",5,19819.822165879574,4716.828355205644,26605.52560102894,4828.91979254877,7.554468328035233,2.0144520341472694,0.7923217450088132,0.21104608321661625
SparseGP_RFF,"(1, 12)","{'alpha': 0.1, 'gamma_socio': 0.05, 'gamma_space': 0.1, 'gamma_time': 0.05, 'n_socio': 0, 'n_space': 500, 'n_time': 500, 'w_socio': 1.0, 'w_space': 1.0, 'w_time': 1.0}",5,19819.822165879574,4716.828355205644,26605.52560102894,4828.91979254877,7.554468328035233,2.0144520341472694,0.7923217450088132,0.21104608321661625
SparseGP_RFF,"(1, 12)","{'alpha': 0.1, 'gamma_socio': 0.05, 'gamma_space': 0.1, 'gamma_time': 0.05, 'n_socio': 0, 'n_space': 200, 'n_time': 500, 'w_socio': 1.0, 'w_space': 1.0, 'w_time': 1.0}",5,19839.612385570774,4734.9305449586445,26634.615570576,4852.003507757395,7.560556568443201,2.022448244114035,0.7931273125160478,0.21177459000054324
SparseGP_RFF,"(1, 12)","{'alpha': 0.1, 'gamma_socio': 0.1, 'gamma_space': 0.1, 'gamma_time': 0.05, 'n_socio': 0, 'n_space': 200, 'n_time': 500, 'w_socio': 1.0, 'w_space': 1.0, 'w_time': 1.0}",5,19839.612385570774,4734.9305449586445,26634.615570576,4852.003507757395,7.560556568443201,2.022448244114035,0.7931273125160478,0.21177459000054324
SparseGP_RFF,"(1, 12, 24)","{'alpha': 0.1, 'gamma_socio': 0.1, 'gamma_space': 0.05, 'gamma_time': 0.05, 'n_socio': 0, 'n_space': 500, 'n_time': 500, 'w_socio': 1.0, 'w_space': 1.0, 'w_time': 1.0}",5,19436.68586479862,7411.011967056538,26809.307505779863,8305.453194952514,7.883311505557424,3.529553233296633,0.7246227164058197,0.27823359565919414
SparseGP_RFF,"(1, 12, 24)","{'alpha': 0.1, 'gamma_socio': 0.05, 'gamma_space': 0.05, 'gamma_time': 0.05, 'n_socio': 0, 'n_space': 500, 'n_time': 500, 'w_socio': 1.0, 'w_space': 1.0, 'w_time': 1.0}",5,19436.68586479862,7411.011967056538,26809.307505779863,8305.453194952514,7.883311505557424,3.529553233296633,0.7246227164058197,0.27823359565919414
SparseGP_RFF,"(1, 12)","{'alpha': 0.1, 'gamma_socio': 0.1, 'gamma_space': 0.05, 'gamma_time': 0.05, 'n_socio': 0, 'n_space': 500, 'n_time': 500, 'w_socio': 1.0, 'w_space': 1.0, 'w_time': 1.0}",5,19995.483461372256,4821.573213438793,26860.079922896286,4963.339037063679,7.6103464023685685,2.0679973557176448,0.7993252072461728,0.21491936191769534
SparseGP_RFF,"(1, 12)","{'alpha': 0.1, 'gamma_socio': 0.05, 'gamma_space': 0.05, 'gamma_time': 0.05, 'n_socio': 0, 'n_space': 500, 'n_time': 500, 'w_socio': 1.0, 'w_space': 1.0, 'w_time': 1.0}",5,19995.483461372256,4821.573213438793,26860.079922896286,4963.339037063679,7.6103464023685685,2.0679973557176448,0.7993252072461728,0.21491936191769534
SparseGP_RFF,"(1, 12, 24)","{'alpha': 0.1, 'gamma_socio': 0.1, 'gamma_space': 0.05, 'gamma_time': 0.05, 'n_socio': 0, 'n_space': 200, 'n_time': 500, 'w_socio': 1.0, 'w_space': 1.0, 'w_time': 1.0}",5,19502.18599015836,7434.934048590511,26882.681842450656,8337.55737487008,7.910610191076861,3.5385237720490506,0.727017108775899,0.27884964355011754
SparseGP_RFF,"(1, 12, 24)","{'alpha': 0.1, 'gamma_socio': 0.05, 'gamma_space': 0.05, 'gamma_time': 0.05, 'n_socio': 0, 'n_space': 200, 'n_time': 500, 'w_socio': 1.0, 'w_space': 1.0, 'w_time': 1.0}",5,19502.18599015836,7434.934048590511,26882.681842450656,8337.55737487008,7.910610191076861,3.5385237720490506,0.727017108775899,0.27884964355011754
SparseGP_RFF,"(1, 12)","{'alpha': 0.1, 'gamma_socio': 0.05, 'gamma_space': 0.05, 'gamma_time': 0.05, 'n_socio': 0, 'n_space': 200, 'n_time': 500, 'w_socio': 1.0, 'w_space': 1.0, 'w_time': 1.0}",5,20037.043901397446,4842.833215797251,26910.113702705054,4986.013557559277,7.624837412706657,2.077675061867267,0.8009920129493651,0.21575798414273448
SparseGP_RFF,"(1, 12)","{'alpha': 0.1, 'gamma_socio': 0.1, 'gamma_space': 0.05, 'gamma_time': 0.05, 'n_socio': 0, 'n_space': 200, 'n_time': 500, 'w_socio': 1.0, 'w_space': 1.0, 'w_time': 1.0}",5,20037.043901397446,4842.833215797251,26910.113702705054,4986.013557559277,7.624837412706657,2.077675061867267,0.8009920129493651,0.21575798414273448
SparseGP_RFF,"(1, 12)","{'alpha': 0.1, 'gamma_socio': 0.05, 'gamma_space': 0.1, 'gamma_time': 0.1, 'n_socio': 0, 'n_space': 500, 'n_time': 500, 'w_socio': 1.0, 'w_space': 1.0, 'w_time': 1.0}",5,22247.631005907773,6792.247273538091,28988.938743043796,6885.807994826518,9.498280872123848,3.4212408007205,0.8885602537737572,0.2833662093200931
SparseGP_RFF,"(1, 12)","{'alpha': 0.1, 'gamma_socio': 0.1, 'gamma_space': 0.1, 'gamma_time': 0.1, 'n_socio': 0, 'n_space': 500, 'n_time': 500, 'w_socio': 1.0, 'w_space': 1.0, 'w_time': 1.0}",5,22247.631005907773,6792.247273538091,28988.938743043796,6885.807994826518,9.498280872123848,3.4212408007205,0.8885602537737572,0.2833662093200931
SparseGP_RFF,"(1, 12)","{'alpha': 0.1, 'gamma_socio': 0.1, 'gamma_space': 0.1, 'gamma_time': 0.1, 'n_socio': 0, 'n_space': 200, 'n_time': 500, 'w_socio': 1.0, 'w_space': 1.0, 'w_time': 1.0}",5,22267.008187040534,6790.5402471587895,29006.541530683426,6885.74660036099,9.508715830148441,3.418699453241461,0.8893188418243003,0.28328833732693615
SparseGP_RFF,"(1, 12)","{'alpha': 0.1, 'gamma_socio': 0.05, 'gamma_space': 0.1, 'gamma_time': 0.1, 'n_socio': 0, 'n_space': 200, 'n_time': 500, 'w_socio': 1.0, 'w_space': 1.0, 'w_time': 1.0}",5,22267.008187040534,6790.5402471587895,29006.541530683426,6885.74660036099,9.508715830148441,3.418699453241461,0.8893188418243003,0.28328833732693615
SparseGP_RFF,"(1, 12)","{'alpha': 0.1, 'gamma_socio': 0.1, 'gamma_space': 0.05, 'gamma_time': 0.1, 'n_socio': 0, 'n_space': 500, 'n_time': 500, 'w_socio': 1.0, 'w_space': 1.0, 'w_time': 1.0}",5,22304.616742346225,6724.028974841572,29064.871368161046,6806.321373158445,9.500820316315057,3.390034598229207,0.8908564613463508,0.28110914178197555
SparseGP_RFF,"(1, 12)","{'alpha': 0.1, 'gamma_socio': 0.05, 'gamma_space': 0.05, 'gamma_time': 0.1, 'n_socio': 0, 'n_space': 500, 'n_time': 500, 'w_socio': 1.0, 'w_space': 1.0, 'w_time': 1.0}",5,22304.616742346225,6724.028974841572,29064.871368161046,6806.321373158445,9.500820316315057,3.390034598229207,0.8908564613463508,0.28110914178197555
SparseGP_RFF,"(1, 12)","{'alpha': 0.1, 'gamma_socio': 0.1, 'gamma_space': 0.05, 'gamma_time': 0.1, 'n_socio': 0, 'n_space': 200, 'n_time': 500, 'w_socio': 1.0, 'w_space': 1.0, 'w_time': 1.0}",5,22326.726069888253,6697.914268785869,29088.280958894018,6782.188295709534,9.51214837151124,3.379512206823188,0.8917567931034351,0.28029050002403627
SparseGP_RFF,"(1, 12)","{'alpha': 0.1, 'gamma_socio': 0.05, 'gamma_space': 0.05, 'gamma_time': 0.1, 'n_socio': 0, 'n_space': 200, 'n_time': 500, 'w_socio': 1.0, 'w_space': 1.0, 'w_time': 1.0}",5,22326.726069888253,6697.914268785869,29088.280958894018,6782.188295709534,9.51214837151124,3.379512206823188,0.8917567931034351,0.28029050002403627
SparseGP_RFF,"(1, 12, 24)","{'alpha': 0.01, 'gamma_socio': 0.1, 'gamma_space': 0.1, 'gamma_time': 0.05, 'n_socio': 0, 'n_space': 500, 'n_time': 500, 'w_socio': 1.0, 'w_space': 1.0, 'w_time': 1.0}",5,21848.487042036806,9713.773078053133,29738.88754943161,10702.957537712935,8.770066307403722,4.253801039995517,0.8113738049503512,0.34749189706005623
SparseGP_RFF,"(1, 12, 24)","{'alpha': 0.01, 'gamma_socio': 0.05, 'gamma_space': 0.1, 'gamma_time': 0.05, 'n_socio': 0, 'n_space': 500, 'n_time': 500, 'w_socio': 1.0, 'w_space': 1.0, 'w_time': 1.0}",5,21848.487042036806,9713.773078053133,29738.88754943161,10702.957537712935,8.770066307403722,4.253801039995517,0.8113738049503512,0.34749189706005623
SparseGP_RFF,"(1, 12, 24)","{'alpha': 0.01, 'gamma_socio': 0.05, 'gamma_space': 0.1, 'gamma_time': 0.05, 'n_socio': 0, 'n_space': 200, 'n_time': 500, 'w_socio': 1.0, 'w_space': 1.0, 'w_time': 1.0}",5,21869.002609927727,9718.703397016658,29769.83908774534,10708.32302993872,8.776617640980929,4.254114948340282,0.8120951578134166,0.34752093825467595
SparseGP_RFF,"(1, 12, 24)","{'alpha': 0.01, 'gamma_socio': 0.1, 'gamma_space': 0.1, 'gamma_time': 0.05, 'n_socio': 0, 'n_space': 200, 'n_time': 500, 'w_socio': 1.0, 'w_space': 1.0, 'w_time': 1.0}",5,21869.002609927727,9718.703397016658,29769.83908774534,10708.32302993872,8.776617640980929,4.254114948340282,0.8120951578134166,0.34752093825467595
SparseGP_RFF,"(1, 12, 24)","{'alpha': 0.01, 'gamma_socio': 0.05, 'gamma_space': 0.05, 'gamma_time': 0.05, 'n_socio': 0, 'n_space': 500, 'n_time': 500, 'w_socio': 1.0, 'w_space': 1.0, 'w_time': 1.0}",5,21935.55171351661,9706.908559813584,29844.066453624982,10693.34223373738,8.800602666987691,4.245564193822827,0.814455855930673,0.34650368788123
SparseGP_RFF,"(1, 12, 24)","{'alpha': 0.01, 'gamma_socio': 0.1, 'gamma_space': 0.05, 'gamma_time': 0.05, 'n_socio': 0, 'n_space': 500, 'n_time': 500, 'w_socio': 1.0, 'w_space': 1.0, 'w_time': 1.0}",5,21935.55171351661,9706.908559813584,29844.066453624982,10693.34223373738,8.800602666987691,4.245564193822827,0.814455855930673,0.34650368788123
SparseGP_RFF,"(1, 12, 24)","{'alpha': 0.01, 'gamma_socio': 0.1, 'gamma_space': 0.05, 'gamma_time': 0.05, 'n_socio': 0, 'n_space': 200, 'n_time': 500, 'w_socio': 1.0, 'w_space': 1.0, 'w_time': 1.0}",5,21951.167905294424,9692.248620408898,29865.262873529766,10679.693916035525,8.805961147712527,4.238003369162263,0.8150512981665174,0.3459392200691946
SparseGP_RFF,"(1, 12, 24)","{'alpha': 0.01, 'gamma_socio': 0.05, 'gamma_space': 0.05, 'gamma_time': 0.05, 'n_socio': 0, 'n_space': 200, 'n_time': 500, 'w_socio': 1.0, 'w_space': 1.0, 'w_time': 1.0}",5,21951.167905294424,9692.248620408898,29865.262873529766,10679.693916035525,8.805961147712527,4.238003369162263,0.8150512981665174,0.3459392200691946
SparseGP_RFF,"(1, 12, 24)","{'alpha': 0.001, 'gamma_socio': 0.05, 'gamma_space': 0.1, 'gamma_time': 0.05, 'n_socio': 0, 'n_space': 500, 'n_time': 500, 'w_socio': 1.0, 'w_space': 1.0, 'w_time': 1.0}",5,22064.27510614826,9942.965972851438,30001.657088630745,10937.375639597793,8.841764146563296,4.32092027986511,0.8193573144290692,0.3554411304674727
SparseGP_RFF,"(1, 12, 24)","{'alpha': 0.001, 'gamma_socio': 0.1, 'gamma_space': 0.1, 'gamma_time': 0.05, 'n_socio': 0, 'n_space': 500, 'n_time': 500, 'w_socio': 1.0, 'w_space': 1.0, 'w_time': 1.0}",5,22064.27510614826,9942.965972851438,30001.657088630745,10937.375639597793,8.841764146563296,4.32092027986511,0.8193573144290692,0.3554411304674727
SparseGP_RFF,"(1, 12, 24)","{'alpha': 0.001, 'gamma_socio': 0.1, 'gamma_space': 0.1, 'gamma_time': 0.05, 'n_socio': 0, 'n_space': 200, 'n_time': 500, 'w_socio': 1.0, 'w_space': 1.0, 'w_time': 1.0}",5,22105.685703920397,9975.714219617776,30057.106687315645,10970.286692044885,8.859296051435722,4.332329126261642,0.8207827697017182,0.35623669687781817
SparseGP_RFF,"(1, 12, 24)","{'alpha': 0.001, 'gamma_socio': 0.05, 'gamma_space': 0.1, 'gamma_time': 0.05, 'n_socio': 0, 'n_space': 200, 'n_time': 500, 'w_socio': 1.0, 'w_space': 1.0, 'w_time': 1.0}",5,22105.685703920397,9975.714219617776,30057.106687315645,10970.286692044885,8.859296051435722,4.332329126261642,0.8207827697017182,0.35623669687781817
SparseGP_RFF,"(1, 12, 24)","{'alpha': 0.001, 'gamma_socio': 0.05, 'gamma_space': 0.05, 'gamma_time': 0.05, 'n_socio': 0, 'n_space': 200, 'n_time': 500, 'w_socio': 1.0, 'w_space': 1.0, 'w_time': 1.0}",5,22147.619639847904,9885.317088095373,30112.07390305744,10865.609533259769,8.872314147634864,4.284589640513048,0.8222277606162324,0.3523312116795788
SparseGP_RFF,"(1, 12, 24)","{'alpha': 0.001, 'gamma_socio': 0.1, 'gamma_space': 0.05, 'gamma_time': 0.05, 'n_socio': 0, 'n_space': 200, 'n_time': 500, 'w_socio': 1.0, 'w_space': 1.0, 'w_time': 1.0}",5,22147.619639847904,9885.317088095373,30112.07390305744,10865.609533259769,8.872314147634864,4.284589640513048,0.8222277606162324,0.3523312116795788
SparseGP_RFF,"(1, 12, 24)","{'alpha': 0.001, 'gamma_socio': 0.05, 'gamma_space': 0.05, 'gamma_time': 0.05, 'n_socio': 0, 'n_space': 500, 'n_time': 500, 'w_socio': 1.0, 'w_space': 1.0, 'w_time': 1.0}",5,22160.371969554042,9918.063482117179,30121.951848246954,10902.741540786541,8.88003924372558,4.300784610711858,0.8227560347714611,0.35375074457001277
SparseGP_RFF,"(1, 12, 24)","{'alpha': 0.001, 'gamma_socio': 0.1, 'gamma_space': 0.05, 'gamma_time': 0.05, 'n_socio': 0, 'n_space': 500, 'n_time': 500, 'w_socio': 1.0, 'w_space': 1.0, 'w_time': 1.0}",5,22160.371969554042,9918.063482117179,30121.951848246954,10902.741540786541,8.88003924372558,4.300784610711858,0.8227560347714611,0.35375074457001277
SparseGP_RFF,"(1, 12)","{'alpha': 0.01, 'gamma_socio': 0.1, 'gamma_space': 0.1, 'gamma_time': 0.1, 'n_socio': 0, 'n_space': 500, 'n_time': 500, 'w_socio': 1.0, 'w_space': 1.0, 'w_time': 1.0}",5,23489.086274258043,7642.224473577785,30483.666165779094,7828.000996858818,10.001406380864067,3.7398244610431233,0.9389863660677147,0.3191751382814106
SparseGP_RFF,"(1, 12)","{'alpha': 0.01, 'gamma_socio': 0.05, 'gamma_space': 0.1, 'gamma_time': 0.1, 'n_socio': 0, 'n_space': 500, 'n_time': 500, 'w_socio': 1.0, 'w_space': 1.0, 'w_time': 1.0}",5,23489.086274258043,7642.224473577785,30483.666165779094,7828.000996858818,10.001406380864067,3.7398244610431233,0.9389863660677147,0.3191751382814106
SparseGP_RFF,"(1, 12)","{'alpha': 0.01, 'gamma_socio': 0.1, 'gamma_space': 0.1, 'gamma_time': 0.1, 'n_socio': 0, 'n_space': 200, 'n_time': 500, 'w_socio': 1.0, 'w_space': 1.0, 'w_time': 1.0}",5,23504.7243261056,7639.016397492769,30497.472035822553,7828.0770101926255,10.009833954593066,3.7352708248246036,0.939579271619816,0.31897006184380605
SparseGP_RFF,"(1, 12)","{'alpha': 0.01, 'gamma_socio': 0.05, 'gamma_space': 0.1, 'gamma_time': 0.1, 'n_socio': 0, 'n_space': 200, 'n_time': 500, 'w_socio': 1.0, 'w_space': 1.0, 'w_time': 1.0}",5,23504.7243261056,7639.016397492769,30497.472035822553,7828.0770101926255,10.009833954593066,3.7352708248246036,0.939579271619816,0.31897006184380605
SparseGP_RFF,"(1, 12)","{'alpha': 0.001, 'gamma_socio': 0.1, 'gamma_space': 0.1, 'gamma_time': 0.1, 'n_socio': 0, 'n_space': 500, 'n_time': 500, 'w_socio': 1.0, 'w_space': 1.0, 'w_time': 1.0}",5,23511.43015584277,7689.791173724512,30518.113827049383,7871.45525716627,9.984746243708532,3.734146910916644,0.9399285164554432,0.3211356721007747
SparseGP_RFF,"(1, 12)","{'alpha': 0.001, 'gamma_socio': 0.05, 'gamma_space': 0.1, 'gamma_time': 0.1, 'n_socio': 0, 'n_space': 500, 'n_time': 500, 'w_socio': 1.0, 'w_space': 1.0, 'w_time': 1.0}",5,23511.43015584277,7689.791173724512,30518.113827049383,7871.45525716627,9.984746243708532,3.734146910916644,0.9399285164554432,0.3211356721007747
SparseGP_RFF,"(1, 12)","{'alpha': 0.01, 'gamma_socio': 0.05, 'gamma_space': 0.05, 'gamma_time': 0.1, 'n_socio': 0, 'n_space': 200, 'n_time': 500, 'w_socio': 1.0, 'w_space': 1.0, 'w_time': 1.0}",5,23543.91446119024,7643.971832326246,30545.06166558613,7831.434197627721,10.018986026546596,3.7365696261760766,0.9411220508735021,0.3191489795807631
SparseGP_RFF,"(1, 12)","{'alpha': 0.01, 'gamma_socio': 0.1, 'gamma_space': 0.05, 'gamma_time': 0.1, 'n_socio': 0, 'n_space': 200, 'n_time': 500, 'w_socio': 1.0, 'w_space': 1.0, 'w_time': 1.0}",5,23543.91446119024,7643.971832326246,30545.06166558613,7831.434197627721,10.018986026546596,3.7365696261760766,0.9411220508735021,0.3191489795807631
SparseGP_RFF,"(1, 12)","{'alpha': 0.01, 'gamma_socio': 0.05, 'gamma_space': 0.05, 'gamma_time': 0.1, 'n_socio': 0, 'n_space': 500, 'n_time': 500, 'w_socio': 1.0, 'w_space': 1.0, 'w_time': 1.0}",5,23544.944697999556,7654.778813771575,30547.416249665665,7842.929618228961,10.01847790510698,3.7447354640881914,0.9411673895140968,0.3195528760356189
SparseGP_RFF,"(1, 12)","{'alpha': 0.01, 'gamma_socio': 0.1, 'gamma_space': 0.05, 'gamma_time': 0.1, 'n_socio': 0, 'n_space': 500, 'n_time': 500, 'w_socio': 1.0, 'w_space': 1.0, 'w_time': 1.0}",5,23544.944697999556,7654.778813771575,30547.416249665665,7842.929618228961,10.01847790510698,3.7447354640881914,0.9411673895140968,0.3195528760356189
SparseGP_RFF,"(1, 12)","{'alpha': 0.001, 'gamma_socio': 0.05, 'gamma_space': 0.1, 'gamma_time': 0.1, 'n_socio': 0, 'n_space': 200, 'n_time': 500, 'w_socio': 1.0, 'w_space': 1.0, 'w_time': 1.0}",5,23562.70542643096,7698.180515458073,30568.1013205026,7883.320058043335,10.01393702165166,3.7404545292772253,0.9419141901579321,0.3212970430649974
SparseGP_RFF,"(1, 12)","{'alpha': 0.001, 'gamma_socio': 0.1, 'gamma_space': 0.1, 'gamma_time': 0.1, 'n_socio': 0, 'n_space': 200, 'n_time': 500, 'w_socio': 1.0, 'w_space': 1.0, 'w_time': 1.0}",5,23562.70542643096,7698.180515458073,30568.1013205026,7883.320058043335,10.01393702165166,3.7404545292772253,0.9419141901579321,0.3212970430649974
SparseGP_RFF,"(1, 12)","{'alpha': 0.001, 'gamma_socio': 0.05, 'gamma_space': 0.05, 'gamma_time': 0.1, 'n_socio': 0, 'n_space': 500, 'n_time': 500, 'w_socio': 1.0, 'w_space': 1.0, 'w_time': 1.0}",5,23638.71322963338,7721.898674406457,30656.609435619845,7922.959291192237,10.060653555101647,3.7542329396574528,0.9449620540018454,0.32231073133362315
SparseGP_RFF,"(1, 12)","{'alpha': 0.001, 'gamma_socio': 0.1, 'gamma_space': 0.05, 'gamma_time': 0.1, 'n_socio': 0, 'n_space': 500, 'n_time': 500, 'w_socio': 1.0, 'w_space': 1.0, 'w_time': 1.0}",5,23638.71322963338,7721.898674406457,30656.609435619845,7922.959291192237,10.060653555101647,3.7542329396574528,0.9449620540018454,0.32231073133362315
SparseGP_RFF,"(1, 12)","{'alpha': 0.001, 'gamma_socio': 0.05, 'gamma_space': 0.05, 'gamma_time': 0.1, 'n_socio': 0, 'n_space': 200, 'n_time': 500, 'w_socio': 1.0, 'w_space': 1.0, 'w_time': 1.0}",5,23647.721289878147,7717.828517398606,30664.145138635144,7918.8381055731825,10.063723315691771,3.748896007756062,0.9452855361891078,0.32204675540899635
SparseGP_RFF,"(1, 12)","{'alpha': 0.001, 'gamma_socio': 0.1, 'gamma_space': 0.05, 'gamma_time': 0.1, 'n_socio': 0, 'n_space': 200, 'n_time': 500, 'w_socio': 1.0, 'w_space': 1.0, 'w_time': 1.0}",5,23647.721289878147,7717.828517398606,30664.145138635144,7918.8381055731825,10.063723315691771,3.748896007756062,0.9452855361891078,0.32204675540899635
SparseGP_RFF,"(1, 12)","{'alpha': 0.01, 'gamma_socio': 0.1, 'gamma_space': 0.1, 'gamma_time': 0.05, 'n_socio': 0, 'n_space': 500, 'n_time': 500, 'w_socio': 1.0, 'w_space': 1.0, 'w_time': 1.0}",5,23343.151814635494,8473.544266161614,31928.76752245298,10315.882427829538,8.84259281572054,3.4875549252735283,0.9322731030330722,0.34682141235629776
SparseGP_RFF,"(1, 12)","{'alpha': 0.01, 'gamma_socio': 0.05, 'gamma_space': 0.1, 'gamma_time': 0.05, 'n_socio': 0, 'n_space': 500, 'n_time': 500, 'w_socio': 1.0, 'w_space': 1.0, 'w_time': 1.0}",5,23343.151814635494,8473.544266161614,31928.76752245298,10315.882427829538,8.84259281572054,3.4875549252735283,0.9322731030330722,0.34682141235629776
SparseGP_RFF,"(1, 12)","{'alpha': 0.01, 'gamma_socio': 0.1, 'gamma_space': 0.1, 'gamma_time': 0.05, 'n_socio': 0, 'n_space': 200, 'n_time': 500, 'w_socio': 1.0, 'w_space': 1.0, 'w_time': 1.0}",5,23360.898969271882,8491.630463265426,31959.456715749307,10320.421953923,8.846196939347056,3.4955186185522367,0.9329740147503551,0.347482820285374
SparseGP_RFF,"(1, 12)","{'alpha': 0.01, 'gamma_socio': 0.05, 'gamma_space': 0.1, 'gamma_time': 0.05, 'n_socio': 0, 'n_space': 200, 'n_time': 500, 'w_socio': 1.0, 'w_space': 1.0, 'w_time': 1.0}",5,23360.898969271882,8491.630463265426,31959.456715749307,10320.421953923,8.846196939347056,3.4955186185522367,0.9329740147503551,0.347482820285374
SparseGP_RFF,"(1, 12)","{'alpha': 0.01, 'gamma_socio': 0.05, 'gamma_space': 0.05, 'gamma_time': 0.05, 'n_socio': 0, 'n_space': 500, 'n_time': 500, 'w_socio': 1.0, 'w_space': 1.0, 'w_time': 1.0}",5,23507.40489278608,8672.635920191567,32138.62649804547,10515.20469744449,8.89234300015639,3.563807084244089,0.9387715851921901,0.35422409499202023
SparseGP_RFF,"(1, 12)","{'alpha': 0.01, 'gamma_socio': 0.1, 'gamma_space': 0.05, 'gamma_time': 0.05, 'n_socio': 0, 'n_space': 500, 'n_time': 500, 'w_socio': 1.0, 'w_space': 1.0, 'w_time': 1.0}",5,23507.40489278608,8672.635920191567,32138.62649804547,10515.20469744449,8.89234300015639,3.563807084244089,0.9387715851921901,0.35422409499202023
SparseGP_RFF,"(1, 12)","{'alpha': 0.01, 'gamma_socio': 0.1, 'gamma_space': 0.05, 'gamma_time': 0.05, 'n_socio': 0, 'n_space': 200, 'n_time': 500, 'w_socio': 1.0, 'w_space': 1.0, 'w_time': 1.0}",5,23537.578963590924,8715.681438898804,32167.65290984396,10547.770320197522,8.902118117650456,3.5799627841771633,0.939950647289065,0.3557418215895782
SparseGP_RFF,"(1, 12)","{'alpha': 0.01, 'gamma_socio': 0.05, 'gamma_space': 0.05, 'gamma_time': 0.05, 'n_socio': 0, 'n_space': 200, 'n_time': 500, 'w_socio': 1.0, 'w_space': 1.0, 'w_time': 1.0}",5,23537.578963590924,8715.681438898804,32167.65290984396,10547.770320197522,8.902118117650456,3.5799627841771633,0.939950647289065,0.3557418215895782
SparseGP_RFF,"(1, 12)","{'alpha': 0.001, 'gamma_socio': 0.05, 'gamma_space': 0.1, 'gamma_time': 0.05, 'n_socio': 0, 'n_space': 500, 'n_time': 500, 'w_socio': 1.0, 'w_space': 1.0, 'w_time': 1.0}",5,24102.420411737206,9553.641167771424,33069.89741608209,11867.09637922478,9.122981539438147,3.8537653803773964,0.9620852184011138,0.38584276637176157
SparseGP_RFF,"(1, 12)","{'alpha': 0.001, 'gamma_socio': 0.1, 'gamma_space': 0.1, 'gamma_time': 0.05, 'n_socio': 0, 'n_space': 500, 'n_time': 500, 'w_socio': 1.0, 'w_space': 1.0, 'w_time': 1.0}",5,24102.420411737206,9553.641167771424,33069.89741608209,11867.09637922478,9.122981539438147,3.8537653803773964,0.9620852184011138,0.38584276637176157
SparseGP_RFF,"(1, 12)","{'alpha': 0.001, 'gamma_socio': 0.05, 'gamma_space': 0.1, 'gamma_time': 0.05, 'n_socio': 0, 'n_space': 200, 'n_time': 500, 'w_socio': 1.0, 'w_space': 1.0, 'w_time': 1.0}",5,24156.97326739136,9623.421403058312,33156.98273984422,11946.223827220232,9.138694498209286,3.877068912184388,0.9642400525012519,0.38844290150452987
SparseGP_RFF,"(1, 12)","{'alpha': 0.001, 'gamma_socio': 0.1, 'gamma_space': 0.1, 'gamma_time': 0.05, 'n_socio': 0, 'n_space': 200, 'n_time': 500, 'w_socio': 1.0, 'w_space': 1.0, 'w_time': 1.0}",5,24156.97326739136,9623.421403058312,33156.98273984422,11946.223827220232,9.138694498209286,3.877068912184388,0.9642400525012519,0.38844290150452987
SparseGP_RFF,"(1, 12)","{'alpha': 0.001, 'gamma_socio': 0.05, 'gamma_space': 0.05, 'gamma_time': 0.05, 'n_socio': 0, 'n_space': 500, 'n_time': 500, 'w_socio': 1.0, 'w_space': 1.0, 'w_time': 1.0}",5,24332.34528220771,9926.664853675928,33364.2044087074,12245.256611203726,9.193923684367217,3.981377380160093,0.9711301621001507,0.3996824705195433
SparseGP_RFF,"(1, 12)","{'alpha': 0.001, 'gamma_socio': 0.1, 'gamma_space': 0.05, 'gamma_time': 0.05, 'n_socio': 0, 'n_space': 500, 'n_time': 500, 'w_socio': 1.0, 'w_space': 1.0, 'w_time': 1.0}",5,24332.34528220771,9926.664853675928,33364.2044087074,12245.256611203726,9.193923684367217,3.981377380160093,0.9711301621001507,0.3996824705195433
SparseGP_RFF,"(1, 12)","{'alpha': 0.001, 'gamma_socio': 0.05, 'gamma_space': 0.05, 'gamma_time': 0.05, 'n_socio': 0, 'n_space': 200, 'n_time': 500, 'w_socio': 1.0, 'w_space': 1.0, 'w_time': 1.0}",5,24346.628249884576,9953.73167458232,33388.79706991917,12257.917877464231,9.19551756812754,3.9936169609997347,0.9716727904053745,0.4006229044599821
SparseGP_RFF,"(1, 12)","{'alpha': 0.001, 'gamma_socio': 0.1, 'gamma_space': 0.05, 'gamma_time': 0.05, 'n_socio': 0, 'n_space': 200, 'n_time': 500, 'w_socio': 1.0, 'w_space': 1.0, 'w_time': 1.0}",5,24346.628249884576,9953.73167458232,33388.79706991917,12257.917877464231,9.19551756812754,3.9936169609997347,0.9716727904053745,0.4006229044599821
SparseGP_RFF,"(1, 2, 3, 4, 5, 6, 12)","{'alpha': 0.001, 'gamma_socio': 0.05, 'gamma_space': 0.1, 'gamma_time': 0.05, 'n_socio': 300, 'n_space': 500, 'n_time': 200, 'w_socio': 1.0, 'w_space': 1.0, 'w_time': 1.0}",5,24130.275491437897,13071.737640315183,34583.94639845013,19466.921004006654,9.588677313185007,4.980387598494241,0.9555819959142358,0.5070344438802424
SparseGP_RFF,"(1, 2, 3, 4, 5, 6, 12)","{'alpha': 0.1, 'gamma_socio': 0.05, 'gamma_space': 0.1, 'gamma_time': 0.05, 'n_socio': 300, 'n_space': 500, 'n_time': 200, 'w_socio': 1.0, 'w_space': 1.0, 'w_time': 1.0}",5,24057.814858482358,13165.35111852554,34752.785101434005,20163.160025953024,9.426976043535811,4.894678795389674,0.9528559009888411,0.5109550473125197
SparseGP_RFF,"(1, 2, 3, 4, 5, 6, 12)","{'alpha': 0.001, 'gamma_socio': 0.05, 'gamma_space': 0.1, 'gamma_time': 0.05, 'n_socio': 300, 'n_space': 200, 'n_time': 200, 'w_socio': 1.0, 'w_space': 1.0, 'w_time': 1.0}",5,24204.95630373447,12977.429453140427,34774.898920183965,19638.054598743238,9.622553835848526,4.96186078110813,0.9585415790290576,0.5033560667881126
SparseGP_RFF,"(1, 2, 3, 4, 5, 6, 12)","{'alpha': 0.1, 'gamma_socio': 0.05, 'gamma_space': 0.1, 'gamma_time': 0.05, 'n_socio': 300, 'n_space': 200, 'n_time': 200, 'w_socio': 1.0, 'w_space': 1.0, 'w_time': 1.0}",5,24067.593131188896,13125.663912694325,34809.49479122726,20217.79604173498,9.43573485234467,4.867408255144989,0.9532484808681294,0.509415419457137
SparseGP_RFF,"(1, 2, 3, 4, 5, 6, 12)","{'alpha': 0.001, 'gamma_socio': 0.05, 'gamma_space': 0.1, 'gamma_time': 0.05, 'n_socio': 300, 'n_space': 500, 'n_time': 500, 'w_socio': 1.0, 'w_space': 1.0, 'w_time': 1.0}",5,24205.782555591926,12035.46278064819,34811.81177869007,18437.986841922444,9.450256352305292,4.294226782734171,0.9594031695900671,0.4666948385085422
SparseGP_RFF,"(1, 2, 3, 4, 5, 6, 12)","{'alpha': 0.1, 'gamma_socio': 0.05, 'gamma_space': 0.05, 'gamma_time': 0.05, 'n_socio': 300, 'n_space': 500, 'n_time': 200, 'w_socio': 1.0, 'w_space': 1.0, 'w_time': 1.0}",5,24013.179212700372,12955.041533717258,34822.598183791226,20134.403242951,9.403452517665587,4.81911464977676,0.9513129386810864,0.5029963011728611
SparseGP_RFF,"(1, 2, 3, 4, 5, 6, 12)","{'alpha': 0.1, 'gamma_socio': 0.05, 'gamma_space': 0.05, 'gamma_time': 0.05, 'n_socio': 300, 'n_space': 200, 'n_time': 200, 'w_socio': 1.0, 'w_space': 1.0, 'w_time': 1.0}",5,24012.125216997774,12907.244773002094,34836.11873690867,20138.271557346838,9.407645251099272,4.790967525734546,0.9512849539943102,0.501167898178605
SparseGP_RFF,"(1, 2, 3, 4, 5, 6, 12)","{'alpha': 0.001, 'gamma_socio': 0.05, 'gamma_space': 0.1, 'gamma_time': 0.05, 'n_socio': 300, 'n_space': 200, 'n_time': 500, 'w_socio': 1.0, 'w_space': 1.0, 'w_time': 1.0}",5,24297.59140242279,11962.246044657231,35005.03352663963,18575.2489178429,9.485219280073917,4.26669103386669,0.9630459959771528,0.463824282616881
SparseGP_RFF,"(1, 2, 3, 4, 5, 6, 12)","{'alpha': 0.01, 'gamma_socio': 0.05, 'gamma_space': 0.1, 'gamma_time': 0.05, 'n_socio': 300, 'n_space': 500, 'n_time': 200, 'w_socio': 1.0, 'w_space': 1.0, 'w_time': 1.0}",5,24335.19166939916,13204.715112863365,35011.01960203153,20087.686701740386,9.625231223370399,4.968760054510954,0.9636999526635497,0.5122404602020237
SparseGP_RFF,"(1, 2, 3, 4, 5, 6, 12)","{'alpha': 0.01, 'gamma_socio': 0.05, 'gamma_space': 0.1, 'gamma_time': 0.05, 'n_socio': 300, 'n_space': 200, 'n_time': 200, 'w_socio': 1.0, 'w_space': 1.0, 'w_time': 1.0}",5,24388.903424965054,13232.425596619934,35088.890150738276,20201.42225254613,9.64369111612373,4.977641466084925,0.9657994661494096,0.5132777826633951
SparseGP_RFF,"(1, 2, 3, 4, 5, 6, 12)","{'alpha': 0.001, 'gamma_socio': 0.05, 'gamma_space': 0.05, 'gamma_time': 0.05, 'n_socio': 300, 'n_space': 500, 'n_time': 200, 'w_socio': 1.0, 'w_space': 1.0, 'w_time': 1.0}",5,24435.90398288908,13309.02918267368,35110.73686386339,20194.535213524876,9.665209241156008,4.992390701074758,0.9676453998236321,0.516261251680672
SparseGP_RFF,"(1, 2, 3, 4, 5, 6, 12)","{'alpha': 0.001, 'gamma_socio': 0.05, 'gamma_space': 0.1, 'gamma_time': 0.1, 'n_socio': 300, 'n_space': 500, 'n_time': 500, 'w_socio': 1.0, 'w_space': 1.0, 'w_time': 1.0}",5,24670.318982663815,14027.804679917663,35119.38560286119,20517.777219117008,9.589651126987455,5.023106438646082,0.975905184073188,0.5428840178108018
SparseGP_RFF,"(1, 2, 3, 4, 5, 6, 12)","{'alpha': 0.001, 'gamma_socio': 0.05, 'gamma_space': 0.05, 'gamma_time': 0.05, 'n_socio': 300, 'n_space': 200, 'n_time': 200, 'w_socio': 1.0, 'w_space': 1.0, 'w_time': 1.0}",5,24429.419430270653,13244.865554298163,35136.197089299545,20244.77296276504,9.658459649314473,4.958386179232624,0.9673983148182208,0.5137460795013481
SparseGP_RFF,"(1, 2, 3, 4, 5, 6, 12)","{'alpha': 0.01, 'gamma_socio': 0.05, 'gamma_space': 0.05, 'gamma_time': 0.05, 'n_socio': 300, 'n_space': 200, 'n_time': 200, 'w_socio': 1.0, 'w_space': 1.0, 'w_time': 1.0}",5,24364.749261704266,13088.914324565245,35185.81403080051,20294.08619233939,9.59554058065587,4.853076668430488,0.9649895023206627,0.5078321209169395
SparseGP_RFF,"(1, 2, 3, 4, 5, 6, 12)","{'alpha': 0.01, 'gamma_socio': 0.05, 'gamma_space': 0.05, 'gamma_time': 0.05, 'n_socio': 300, 'n_space': 500, 'n_time': 200, 'w_socio': 1.0, 'w_space': 1.0, 'w_time': 1.0}",5,24410.28959144249,13251.297621610214,35191.124206908884,20362.703881331305,9.611955025029639,4.926237719638437,0.9667360043126075,0.5141142573989432
SparseGP_RFF,"(1, 2, 3, 4, 5, 6, 12)","{'alpha': 0.001, 'gamma_socio': 0.05, 'gamma_space': 0.1, 'gamma_time': 0.1, 'n_socio': 300, 'n_space': 200, 'n_time': 500, 'w_socio': 1.0, 'w_space': 1.0, 'w_time': 1.0}",5,24714.614155140804,13901.583216525973,35264.36685889723,20636.153669779407,9.604162426130253,4.979149068310642,0.9777049381620924,0.5379626567186854
SparseGP_RFF,"(1, 2, 3, 4, 5, 6, 12)","{'alpha': 0.01, 'gamma_socio': 0.05, 'gamma_space': 0.1, 'gamma_time': 0.05, 'n_socio': 300, 'n_space': 500, 'n_time': 500, 'w_socio': 1.0, 'w_space': 1.0, 'w_time': 1.0}",5,24601.127999422577,12199.44494021021,35391.54122584832,18958.878427015014,9.603190620684408,4.334864469749082,0.9750426182577637,0.4729937739268958
SparseGP_RFF,"(1, 2, 3, 4, 5, 6, 12)","{'alpha': 0.01, 'gamma_socio': 0.05, 'gamma_space': 0.1, 'gamma_time': 0.05, 'n_socio': 300, 'n_space': 200, 'n_time': 500, 'w_socio': 1.0, 'w_space': 1.0, 'w_time': 1.0}",5,24636.751182804153,12237.134461416801,35445.2427257604,19038.41335919972,9.613726206426321,4.348645135074661,0.976419434262813,0.47441026677069537
SparseGP_RFF,"(1, 2, 3, 4, 5, 6, 12)","{'alpha': 0.001, 'gamma_socio': 0.05, 'gamma_space': 0.05, 'gamma_time': 0.05, 'n_socio': 300, 'n_space': 200, 'n_time': 500, 'w_socio': 1.0, 'w_space': 1.0, 'w_time': 1.0}",5,24655.364937393646,12221.055806692313,35450.84235703143,19083.42713926782,9.615935476973608,4.323360949418243,0.9771592530361148,0.47379023434981793
SparseGP_RFF,"(1, 2, 3, 4, 5, 6, 12)","{'alpha': 0.001, 'gamma_socio': 0.05, 'gamma_space': 0.05, 'gamma_time': 0.05, 'n_socio': 300, 'n_space': 500, 'n_time': 500, 'w_socio': 1.0, 'w_space': 1.0, 'w_time': 1.0}",5,24682.610721667395,12284.49754803225,35455.33227862764,19064.506994397303,9.629853733788405,4.350607441531835,0.9782426810464206,0.4762724309182337
SparseGP_RFF,"(1, 2, 3, 4, 5, 6, 12)","{'alpha': 0.1, 'gamma_socio': 0.05, 'gamma_space': 0.1, 'gamma_time': 0.1, 'n_socio': 300, 'n_space': 500, 'n_time': 500, 'w_socio': 1.0, 'w_space': 1.0, 'w_time': 1.0}",5,24896.13123421442,13992.213412195819,35457.35714221097,20920.577842895444,9.669103165289687,4.998931325713073,0.9850447902549405,0.5415634376629627
SparseGP_RFF,"(1, 2, 3, 4, 5, 6, 12)","{'alpha': 0.1, 'gamma_socio': 0.05, 'gamma_space': 0.1, 'gamma_time': 0.1, 'n_socio': 300, 'n_space': 200, 'n_time': 500, 'w_socio': 1.0, 'w_space': 1.0, 'w_time': 1.0}",5,24873.208663426733,13971.217496826921,35485.117273476135,20979.779604725943,9.661751492625028,4.982582953027905,0.9841252828072079,0.540741900549952
SparseGP_RFF,"(1, 2, 3, 4, 5, 6, 12)","{'alpha': 0.01, 'gamma_socio': 0.05, 'gamma_space': 0.1, 'gamma_time': 0.1, 'n_socio': 300, 'n_space': 500, 'n_time': 500, 'w_socio': 1.0, 'w_space': 1.0, 'w_time': 1.0}",5,24886.87077879122,14090.759581192244,35499.15742659369,20997.69639978925,9.658888499403487,5.018429337781096,0.9845134744469146,0.5453231059508953
SparseGP_RFF,"(1, 2, 3, 4, 5, 6, 12)","{'alpha': 0.01, 'gamma_socio': 0.05, 'gamma_space': 0.1, 'gamma_time': 0.1, 'n_socio': 300, 'n_space': 200, 'n_time': 500, 'w_socio': 1.0, 'w_space': 1.0, 'w_time': 1.0}",5,24919.214233285402,14119.423886059083,35557.304713637146,21103.696215462045,9.666815137232192,5.028699660834335,0.9857735421467092,0.5464228214711213
SparseGP_RFF,"(1, 2, 3, 4, 5, 6, 12)","{'alpha': 0.001, 'gamma_socio': 0.05, 'gamma_space': 0.05, 'gamma_time': 0.1, 'n_socio': 300, 'n_space': 500, 'n_time': 500, 'w_socio': 1.0, 'w_space': 1.0, 'w_time': 1.0}",5,24977.096023617014,14166.709772531203,35577.31731153446,21084.96537409183,9.685136562430671,5.028047967631605,0.9880975386409265,0.5482973505682942
SparseGP_RFF,"(1, 2, 3, 4, 5, 6, 12)","{'alpha': 0.1, 'gamma_socio': 0.05, 'gamma_space': 0.05, 'gamma_time': 0.1, 'n_socio': 300, 'n_space': 200, 'n_time': 500, 'w_socio': 1.0, 'w_space': 1.0, 'w_time': 1.0}",5,24878.141926482454,13616.45416147307,35579.23619116548,20811.155033801882,9.684957346196063,4.882557714258939,0.9845527993363558,0.5270345843150903
SparseGP_RFF,"(1, 2, 3, 4, 5, 6, 12)","{'alpha': 0.1, 'gamma_socio': 0.05, 'gamma_space': 0.05, 'gamma_time': 0.1, 'n_socio': 300, 'n_space': 500, 'n_time': 500, 'w_socio': 1.0, 'w_space': 1.0, 'w_time': 1.0}",5,24900.564046768726,13657.594102799185,35586.516423733054,20811.76047414587,9.69080741081787,4.902517937535654,0.9854215459323015,0.5286151009386079
SparseGP_RFF,"(1, 2, 3, 4, 5, 6, 12)","{'alpha': 0.001, 'gamma_socio': 0.05, 'gamma_space': 0.05, 'gamma_time': 0.1, 'n_socio': 300, 'n_space': 200, 'n_time': 500, 'w_socio': 1.0, 'w_space': 1.0, 'w_time': 1.0}",5,24962.859371759485,14122.886063629061,35591.176956921365,21143.984078693957,9.674915216515544,5.005057172782769,0.987546030383581,0.5465899648658613
SparseGP_RFF,"(1, 2, 3, 12)","{'alpha': 0.001, 'gamma_socio': 0.05, 'gamma_space': 0.1, 'gamma_time': 0.05, 'n_socio': 300, 'n_space': 500, 'n_time': 200, 'w_socio': 1.0, 'w_space': 1.0, 'w_time': 1.0}",5,25221.767174429184,12702.106092311507,35625.22737392665,18929.458294213582,9.833160360877283,4.471134166942156,1.0013205351203769,0.49597972075015323
SparseGP_RFF,"(1, 2, 3, 4, 5, 6, 12)","{'alpha': 0.01, 'gamma_socio': 0.05, 'gamma_space': 0.05, 'gamma_time': 0.05, 'n_socio': 300, 'n_space': 200, 'n_time': 500, 'w_socio': 1.0, 'w_space': 1.0, 'w_time': 1.0}",5,24778.943310852083,12184.695205342876,35652.640811682504,19168.126337928134,9.666979169609702,4.3156585275998065,0.9820920464615008,0.47238224749847274
SparseGP_RFF,"(1, 2, 3, 4, 5, 6, 12)","{'alpha': 0.01, 'gamma_socio': 0.05, 'gamma_space': 0.05, 'gamma_time': 0.1, 'n_socio': 300, 'n_space': 200, 'n_time': 500, 'w_socio': 1.0, 'w_space': 1.0, 'w_time': 1.0}",5,24959.15809644598,14006.486468844234,35684.63932148196,21219.075897667128,9.666091357201285,4.9485018833893815,0.9874810432377845,0.5420945472335607
SparseGP_RFF,"(1, 2, 3, 4, 5, 6, 12)","{'alpha': 0.01, 'gamma_socio': 0.05, 'gamma_space': 0.05, 'gamma_time': 0.05, 'n_socio': 300, 'n_space': 500, 'n_time': 500, 'w_socio': 1.0, 'w_space': 1.0, 'w_time': 1.0}",5,24842.203734937655,12282.995120974252,35686.89760830729,19196.518916412857,9.69163743418155,4.358413410120552,0.9845675702144684,0.4761700784201109
SparseGP_RFF,"(1, 2, 3, 4, 5, 6, 12)","{'alpha': 0.01, 'gamma_socio': 0.05, 'gamma_space': 0.05, 'gamma_time': 0.1, 'n_socio': 300, 'n_space': 500, 'n_time': 500, 'w_socio': 1.0, 'w_space': 1.0, 'w_time': 1.0}",5,25017.12512298511,14119.361361279436,35708.606870550044,21253.26378640505,9.688415468996123,4.9998693681401996,0.9897442475862601,0.5464761811530907
SparseGP_RFF,"(1, 2, 3, 12)","{'alpha': 0.001, 'gamma_socio': 0.05, 'gamma_space': 0.1, 'gamma_time': 0.05, 'n_socio': 300, 'n_space': 200, 'n_time': 200, 'w_socio': 1.0, 'w_space': 1.0, 'w_time': 1.0}",5,25267.27637191525,12610.276126026072,35778.38484336941,19073.862844504973,9.850129391033118,4.440026544229433,1.0031334453472263,0.49246486021987873
SparseGP_RFF,"(1, 2, 12)","{'alpha': 0.001, 'gamma_socio': 0.05, 'gamma_space': 0.1, 'gamma_time': 0.05, 'n_socio': 300, 'n_space': 500, 'n_time': 200, 'w_socio': 1.0, 'w_space': 1.0, 'w_time': 1.0}",5,24290.918672403473,12339.398447702639,35779.02871920202,19905.938537379105,9.337258665219386,4.057360343371016,0.9631363470612484,0.47942191351750196
SparseGP_RFF,"(1, 2, 3, 4, 5, 6, 12)","{'alpha': 0.1, 'gamma_socio': 0.05, 'gamma_space': 0.1, 'gamma_time': 0.05, 'n_socio': 300, 'n_space': 500, 'n_time': 500, 'w_socio': 1.0, 'w_space': 1.0, 'w_time': 1.0}",5,25070.313899136283,12227.916231740404,35825.32489599289,18856.78737864274,9.81555981712279,4.3834918409158705,0.9936444978902103,0.47394568607753107
SparseGP_RFF,"(1, 2, 3, 4, 5, 6, 12)","{'alpha': 0.1, 'gamma_socio': 0.05, 'gamma_space': 0.1, 'gamma_time': 0.05, 'n_socio': 300, 'n_space': 200, 'n_time': 500, 'w_socio': 1.0, 'w_space': 1.0, 'w_time': 1.0}",5,25035.25187563133,12226.717308278923,35840.890872166005,18922.256135262593,9.801575111450546,4.3768259583151465,0.9922562918976274,0.47390890732647295
SparseGP_RFF,"(1, 2, 12)","{'alpha': 0.001, 'gamma_socio': 0.05, 'gamma_space': 0.1, 'gamma_time': 0.1, 'n_socio': 300, 'n_space': 500, 'n_time': 200, 'w_socio': 1.0, 'w_space': 1.0, 'w_time': 1.0}",5,25091.710037320427,12626.655056039353,35982.28380997614,19508.831601074497,9.826576184868536,4.515697109360007,0.993319534212227,0.4885160021585429
SparseGP_RFF,"(1, 2, 3, 4, 5, 6, 12)","{'alpha': 0.1, 'gamma_socio': 0.05, 'gamma_space': 0.05, 'gamma_time': 0.05, 'n_socio': 300, 'n_space': 500, 'n_time': 500, 'w_socio': 1.0, 'w_space': 1.0, 'w_time': 1.0}",5,25173.23864328474,12074.502218768237,35996.15736699823,18826.372779993526,9.866523735250158,4.361932611412997,0.9978040877487226,0.4680182851194747
SparseGP_RFF,"(1, 2, 3, 4, 5, 6, 12)","{'alpha': 0.1, 'gamma_socio': 0.05, 'gamma_space': 0.05, 'gamma_time': 0.05, 'n_socio': 300, 'n_space': 200, 'n_time': 500, 'w_socio': 1.0, 'w_space': 1.0, 'w_time': 1.0}",5,25163.4582417712,12072.309906110664,36001.33436014228,18850.177630347695,9.865963799825478,4.357948821961595,0.9974230511396824,0.46793984277365
SparseGP_RFF,"(1, 2, 12)","{'alpha': 0.001, 'gamma_socio': 0.05, 'gamma_space': 0.1, 'gamma_time': 0.05, 'n_socio': 300, 'n_space': 200, 'n_time': 200, 'w_socio': 1.0, 'w_space': 1.0, 'w_time': 1.0}",5,24496.066838073748,12407.594341440556,36071.544934452766,20143.210344626867,9.41254852189286,4.063182934998593,0.9712375945862872,0.482044647786633
SparseGP_RFF,"(1, 2, 3, 12)","{'alpha': 0.01, 'gamma_socio': 0.05, 'gamma_space': 0.1, 'gamma_time': 0.05, 'n_socio': 300, 'n_space': 500, 'n_time': 200, 'w_socio': 1.0, 'w_space': 1.0, 'w_time': 1.0}",5,25501.191371770423,12829.75475458831,36087.44382941919,19454.162189382096,9.93791865625577,4.498847190591032,1.012288621824637,0.5006712699748039
SparseGP_RFF,"(1, 2, 12)","{'alpha': 0.1, 'gamma_socio': 0.05, 'gamma_space': 0.1, 'gamma_time': 0.1, 'n_socio': 300, 'n_space': 500, 'n_time': 200, 'w_socio': 1.0, 'w_space': 1.0, 'w_time': 1.0}",5,25055.754938609236,12821.702598232414,36143.034749904626,20425.834172823066,9.697237693501055,4.457700650364556,0.9918895268821333,0.49624864651814415
SparseGP_RFF,"(1, 2, 12)","{'alpha': 0.1, 'gamma_socio': 0.05, 'gamma_space': 0.05, 'gamma_time': 0.1, 'n_socio': 300, 'n_space': 200, 'n_time': 200, 'w_socio': 1.0, 'w_space': 1.0, 'w_time': 1.0}",5,24964.829169372555,12681.154376147775,36157.88521536604,20514.66067189681,9.655651201457513,4.402295562952083,0.9883968365264583,0.49089162257457836
SparseGP_RFF,"(1, 2, 12)","{'alpha': 0.001, 'gamma_socio': 0.05, 'gamma_space': 0.1, 'gamma_time': 0.1, 'n_socio': 300, 'n_space': 200, 'n_time': 200, 'w_socio': 1.0, 'w_space': 1.0, 'w_time': 1.0}",5,25146.935674888286,12540.985088794054,36165.8534779199,19711.487332936278,9.843408951848938,4.483785042806394,0.9955318234837904,0.48519109462416565
SparseGP_RFF,"(1, 2, 3, 12)","{'alpha': 0.01, 'gamma_socio': 0.05, 'gamma_space': 0.1, 'gamma_time': 0.05, 'n_socio': 300, 'n_space': 200, 'n_time': 200, 'w_socio': 1.0, 'w_space': 1.0, 'w_time': 1.0}",5,25541.552659561898,12858.254145445915,36166.09430521154,19564.926172296124,9.946060826936568,4.504585659778696,1.0139161967069958,0.5018478547451682
SparseGP_RFF,"(1, 2, 12)","{'alpha': 0.1, 'gamma_socio': 0.05, 'gamma_space': 0.1, 'gamma_time': 0.1, 'n_socio': 300, 'n_space': 200, 'n_time': 200, 'w_socio': 1.0, 'w_space': 1.0, 'w_time': 1.0}",5,25031.93419737924,12820.527699824865,36172.05628837446,20511.649644431818,9.686859141981373,4.444029826622266,0.9909371514657274,0.4962012039418489
SparseGP_RFF,"(1, 2, 3, 12)","{'alpha': 0.001, 'gamma_socio': 0.05, 'gamma_space': 0.05, 'gamma_time': 0.05, 'n_socio': 300, 'n_space': 500, 'n_time': 200, 'w_socio': 1.0, 'w_space': 1.0, 'w_time': 1.0}",5,25608.69508713182,12956.811412094627,36185.454577545665,19587.902768857417,9.97692236834623,4.531446668691672,1.0164878193446707,0.5055681258526032
SparseGP_RFF,"(1, 2, 12)","{'alpha': 0.1, 'gamma_socio': 0.05, 'gamma_space': 0.05, 'gamma_time': 0.1, 'n_socio': 300, 'n_space': 500, 'n_time': 200, 'w_socio': 1.0, 'w_space': 1.0, 'w_time': 1.0}",5,25002.32239951137,12703.640838856332,36186.60135388113,20502.6635969653,9.664702492216701,4.413711567624951,0.9898692629563296,0.4917398449317046
SparseGP_RFF,"(1, 2, 3, 12)","{'alpha': 0.001, 'gamma_socio': 0.05, 'gamma_space': 0.05, 'gamma_time': 0.05, 'n_socio': 300, 'n_space': 200, 'n_time': 200, 'w_socio': 1.0, 'w_space': 1.0, 'w_time': 1.0}",5,25597.999107052055,12898.897008124966,36207.41984570552,19621.40719286932,9.966334412365985,4.5011452718798175,1.0160924015361754,0.5033536050033693
SparseGP_RFF,"(1, 2, 3, 12)","{'alpha': 0.1, 'gamma_socio': 0.05, 'gamma_space': 0.05, 'gamma_time': 0.1, 'n_socio': 300, 'n_space': 200, 'n_time': 200, 'w_socio': 1.0, 'w_space': 1.0, 'w_time': 1.0}",5,25422.41145936582,13802.450990088046,36238.264573559914,21108.050233478127,9.983537854035887,5.016392654730253,1.0079767398855333,0.5375573351590262
SparseGP_RFF,"(1, 2, 3, 12)","{'alpha': 0.1, 'gamma_socio': 0.05, 'gamma_space': 0.1, 'gamma_time': 0.1, 'n_socio': 300, 'n_space': 500, 'n_time': 200, 'w_socio': 1.0, 'w_space': 1.0, 'w_time': 1.0}",5,25560.731792119637,14083.58136625898,36253.569738020575,21109.106654265466,10.025438409781248,5.119440907030472,1.0132670428980304,0.5483833583776785
SparseGP_RFF,"(1, 2, 3, 12)","{'alpha': 0.1, 'gamma_socio': 0.05, 'gamma_space': 0.05, 'gamma_time': 0.1, 'n_socio': 300, 'n_space': 500, 'n_time': 200, 'w_socio': 1.0, 'w_space': 1.0, 'w_time': 1.0}",5,25457.1606909983,13842.280393137633,36260.85916674847,21105.677880426923,9.989373002971822,5.03488910845582,1.0093819643753854,0.53915455982839
SparseGP_RFF,"(1, 2, 3, 12)","{'alpha': 0.001, 'gamma_socio': 0.05, 'gamma_space': 0.1, 'gamma_time': 0.1, 'n_socio': 300, 'n_space': 500, 'n_time': 200, 'w_socio': 1.0, 'w_space': 1.0, 'w_time': 1.0}",5,25725.732608936512,13925.47364610332,36270.46782894105,20342.474984938675,10.188550435206828,5.114711527727928,1.0198033732987422,0.5424199091649092
SparseGP_RFF,"(1, 2, 3, 12)","{'alpha': 0.1, 'gamma_socio': 0.05, 'gamma_space': 0.1, 'gamma_time': 0.1, 'n_socio': 300, 'n_space': 200, 'n_time': 200, 'w_socio': 1.0, 'w_space': 1.0, 'w_time': 1.0}",5,25539.92059121907,14054.022939632077,36274.153865721484,21160.945241055284,10.020327993750538,5.101139152490943,1.0124239459369293,0.5472087379548765
SparseGP_RFF,"(1, 2, 3, 12)","{'alpha': 0.1, 'gamma_socio': 0.05, 'gamma_space': 0.1, 'gamma_time': 0.05, 'n_socio': 300, 'n_space': 500, 'n_time': 200, 'w_socio': 1.0, 'w_space': 1.0, 'w_time': 1.0}",5,25748.151227217786,12660.758435605296,36297.62505597183,19361.924743853928,10.0582834375809,4.455186292699775,1.0222835763051896,0.49401850912055734
SparseGP_RFF,"(1, 2, 3, 12)","{'alpha': 0.1, 'gamma_socio': 0.05, 'gamma_space': 0.1, 'gamma_time': 0.05, 'n_socio': 300, 'n_space': 200, 'n_time': 200, 'w_socio': 1.0, 'w_space': 1.0, 'w_time': 1.0}",5,25712.767417906223,12634.309155763027,36306.0104716522,19403.890304121218,10.043023666871505,4.440155117789024,1.020896666437095,0.4930232733679607
SparseGP_RFF,"(1, 2, 3, 12)","{'alpha': 0.01, 'gamma_socio': 0.05, 'gamma_space': 0.05, 'gamma_time': 0.05, 'n_socio': 300, 'n_space': 200, 'n_time': 200, 'w_socio': 1.0, 'w_space': 1.0, 'w_time': 1.0}",5,25623.219390956605,12757.243745604168,36316.36934947457,19643.272277007673,9.98101188331179,4.4464717977857235,1.0171357781508952,0.4978064778589292
SparseGP_RFF,"(1, 12)","{'alpha': 0.001, 'gamma_socio': 0.05, 'gamma_space': 0.1, 'gamma_time': 0.1, 'n_socio': 300, 'n_space': 500, 'n_time': 200, 'w_socio': 1.0, 'w_space': 1.0, 'w_time': 1.0}",5,25529.97554188855,12646.163960753718,36339.17178267889,19604.509522775712,10.162399759203868,4.5226625717123525,1.0107675949979413,0.48930758500280025
SparseGP_RFF,"(1, 2, 3, 12)","{'alpha': 0.01, 'gamma_socio': 0.05, 'gamma_space': 0.05, 'gamma_time': 0.05, 'n_socio': 300, 'n_space': 500, 'n_time': 200, 'w_socio': 1.0, 'w_space': 1.0, 'w_time': 1.0}",5,25687.895589956875,12881.447832265823,36351.96118483304,19714.790584826715,10.007239892422204,4.496990507514686,1.0196312257648854,0.5025436875928958
SparseGP_RFF,"(1, 2, 12)","{'alpha': 0.01, 'gamma_socio': 0.05, 'gamma_space': 0.1, 'gamma_time': 0.1, 'n_socio': 300, 'n_space': 500, 'n_time': 200, 'w_socio': 1.0, 'w_space': 1.0, 'w_time': 1.0}",5,25283.703993993455,12818.452872881575,36388.86781524092,20245.715667401073,9.8629595487151,4.52801688609771,1.0008842711889359,0.4959744954740434
SparseGP_RFF,"(1, 2, 3, 12)","{'alpha': 0.001, 'gamma_socio': 0.05, 'gamma_space': 0.1, 'gamma_time': 0.1, 'n_socio': 300, 'n_space': 200, 'n_time': 200, 'w_socio': 1.0, 'w_space': 1.0, 'w_time': 1.0}",5,25748.475117316615,13751.55561997393,36412.13000223047,20459.18763549164,10.197901060675784,5.052738858826968,1.0206683542513215,0.5355552764031423
SparseGP_RFF,"(1, 2, 3, 12)","{'alpha': 0.1, 'gamma_socio': 0.05, 'gamma_space': 0.05, 'gamma_time': 0.05, 'n_socio': 300, 'n_space': 200, 'n_time': 200, 'w_socio': 1.0, 'w_space': 1.0, 'w_time': 1.0}",5,25768.116653207107,12383.531418700453,36419.591585962604,19278.738970757746,10.090628589359067,4.369515579096103,1.0231748516536165,0.4833060046750776
SparseGP_RFF,"(1, 2, 3, 12)","{'alpha': 0.1, 'gamma_socio': 0.05, 'gamma_space': 0.05, 'gamma_time': 0.05, 'n_socio': 300, 'n_space': 500, 'n_time': 200, 'w_socio': 1.0, 'w_space': 1.0, 'w_time': 1.0}",5,25811.293531899977,12426.183694015399,36453.29729509199,19296.819057508732,10.102526844268638,4.382135481438624,1.0248561373077245,0.4849362745916192
SparseGP_RFF,"(1, 2, 12)","{'alpha': 0.01, 'gamma_socio': 0.05, 'gamma_space': 0.1, 'gamma_time': 0.1, 'n_socio': 300, 'n_space': 200, 'n_time': 200, 'w_socio': 1.0, 'w_space': 1.0, 'w_time': 1.0}",5,25331.879920147174,12877.146387973353,36473.24689341439,20402.016016451023,9.86973754799053,4.539378422383747,1.0027717140228731,0.49824874490550586
SparseGP_RFF,"(1, 12)","{'alpha': 0.001, 'gamma_socio': 0.05, 'gamma_space': 0.1, 'gamma_time': 0.1, 'n_socio': 300, 'n_space': 200, 'n_time': 200, 'w_socio': 1.0, 'w_space': 1.0, 'w_time': 1.0}",5,25581.038283141315,12647.633820663053,36516.51713579984,19844.96760907695,10.177831776295909,4.517507491483829,1.0126480799420279,0.48917514211270313
SparseGP_RFF,"(1, 2, 12)","{'alpha': 0.001, 'gamma_socio': 0.05, 'gamma_space': 0.05, 'gamma_time': 0.1, 'n_socio': 300, 'n_space': 500, 'n_time': 200, 'w_socio': 1.0, 'w_space': 1.0, 'w_time': 1.0}",5,25405.61996627403,12925.504111555525,36521.57342916185,20370.703664125016,9.907382647051103,4.550650211126371,1.0056847870609866,0.5001151508020936
SparseGP_RFF,"(1, 2, 3, 12)","{'alpha': 0.001, 'gamma_socio': 0.05, 'gamma_space': 0.1, 'gamma_time': 0.1, 'n_socio': 300, 'n_space': 500, 'n_time': 500, 'w_socio': 1.0, 'w_space': 1.0, 'w_time': 1.0}",5,26037.257828645226,12608.464186309193,36533.44836453502,19149.587734702127,10.284264331106655,4.368835038797523,1.0317164976144877,0.49043958457144626
SparseGP_RFF,"(1, 2, 12)","{'alpha': 0.001, 'gamma_socio': 0.05, 'gamma_space': 0.05, 'gamma_time': 0.1, 'n_socio': 300, 'n_space': 200, 'n_time': 200, 'w_socio': 1.0, 'w_space': 1.0, 'w_time': 1.0}",5,25404.970721146536,12891.582796708164,36556.191694534165,20455.644734680656,9.895700255519312,4.523640042585997,1.0056835224958012,0.49880814035275034
SparseGP_RFF,"(1, 2, 12)","{'alpha': 0.01, 'gamma_socio': 0.05, 'gamma_space': 0.05, 'gamma_time': 0.1, 'n_socio': 300, 'n_space': 200, 'n_time': 200, 'w_socio': 1.0, 'w_space': 1.0, 'w_time': 1.0}",5,25313.869376150804,12797.787259449278,36560.533755401026,20598.88403436919,9.828019424925909,4.45166802322175,1.00211925271023,0.4952048833344808
SparseGP_RFF,"(1, 2, 3, 12)","{'alpha': 0.01, 'gamma_socio': 0.05, 'gamma_space': 0.1, 'gamma_time': 0.1, 'n_socio': 300, 'n_space': 500, 'n_time': 200, 'w_socio': 1.0, 'w_space': 1.0, 'w_time': 1.0}",5,25849.692083059184,14051.081886282303,36585.32883666699,20946.936831120598,10.20145210856042,5.118383147333889,1.0245928522943593,0.5470642523390666
SparseGP_RFF,"(1, 2, 12)","{'alpha': 0.01, 'gamma_socio': 0.05, 'gamma_space': 0.05, 'gamma_time': 0.1, 'n_socio': 300, 'n_space': 500, 'n_time': 200, 'w_socio': 1.0, 'w_space': 1.0, 'w_time': 1.0}",5,25386.21069638526,12924.323020358457,36601.0988235056,20649.655864931377,9.856954333438836,4.506613627275066,1.0049391977952666,0.5000958451965748
SparseGP_RFF,"(1, 2, 3, 12)","{'alpha': 0.01, 'gamma_socio': 0.05, 'gamma_space': 0.1, 'gamma_time': 0.1, 'n_socio': 300, 'n_space': 200, 'n_time': 200, 'w_socio': 1.0, 'w_space': 1.0, 'w_time': 1.0}",5,25881.751675437496,14039.552096283785,36641.4103775013,21045.021055752535,10.20588632805423,5.105039621575847,1.0258501113415486,0.546571688425071
SparseGP_RFF,"(1, 2, 12)","{'alpha': 0.01, 'gamma_socio': 0.05, 'gamma_space': 0.1, 'gamma_time': 0.05, 'n_socio': 300, 'n_space': 500, 'n_time': 200, 'w_socio': 1.0, 'w_space': 1.0, 'w_time': 1.0}",5,25006.002901801876,12892.352812726796,36650.84413496704,20769.795512006734,9.60954207994855,4.183033292961787,0.991334944770362,0.5007175273163581
SparseGP_RFF,"(1, 2, 3, 12)","{'alpha': 0.01, 'gamma_socio': 0.05, 'gamma_space': 0.05, 'gamma_time': 0.1, 'n_socio': 300, 'n_space': 200, 'n_time': 200, 'w_socio': 1.0, 'w_space': 1.0, 'w_time': 1.0}",5,25820.14664812145,13959.386647533644,36662.619606000255,21201.043072713062,10.157843492890182,5.023621530424891,1.0234635162549397,0.543451943286112
SparseGP_RFF,"(1, 2, 3, 12)","{'alpha': 0.001, 'gamma_socio': 0.05, 'gamma_space': 0.05, 'gamma_time': 0.1, 'n_socio': 300, 'n_space': 500, 'n_time': 200, 'w_socio': 1.0, 'w_space': 1.0, 'w_time': 1.0}",5,25951.69547606435,14149.169732627728,36683.400307995136,21049.043741228463,10.237594422931199,5.135575791152188,1.0285758300466652,0.5508176078030672
SparseGP_RFF,"(1, 2, 3, 12)","{'alpha': 0.001, 'gamma_socio': 0.05, 'gamma_space': 0.05, 'gamma_time': 0.1, 'n_socio': 300, 'n_space': 200, 'n_time': 200, 'w_socio': 1.0, 'w_space': 1.0, 'w_time': 1.0}",5,25925.4318293242,14075.742093844394,36687.758726934466,21099.631758729458,10.219925604998718,5.095470202028234,1.0275561180022241,0.547948622519897
SparseGP_RFF,"(1, 2, 3, 12)","{'alpha': 0.01, 'gamma_socio': 0.05, 'gamma_space': 0.05, 'gamma_time': 0.1, 'n_socio': 300, 'n_space': 500, 'n_time': 200, 'w_socio': 1.0, 'w_space': 1.0, 'w_time': 1.0}",5,25888.287783245923,14099.735798815755,36699.52843356278,21258.712150933694,10.181404114930109,5.084842895476098,1.026123330881558,0.5488875157180676
SparseGP_RFF,"(1, 2, 3, 12)","{'alpha': 0.001, 'gamma_socio': 0.05, 'gamma_space': 0.1, 'gamma_time': 0.1, 'n_socio': 300, 'n_space': 200, 'n_time': 500, 'w_socio': 1.0, 'w_space': 1.0, 'w_time': 1.0}",5,26147.934786479145,12580.737005016417,36752.39667811074,19298.97854940768,10.321985289631,4.36100423284945,1.0360843010569816,0.4893067943672829
SparseGP_RFF,"(1, 2, 12)","{'alpha': 0.001, 'gamma_socio': 0.05, 'gamma_space': 0.05, 'gamma_time': 0.05, 'n_socio': 300, 'n_space': 500, 'n_time': 200, 'w_socio': 1.0, 'w_space': 1.0, 'w_time': 1.0}",5,25114.613783178436,13041.612132546723,36769.614693528085,20982.26273484831,9.639798164074652,4.219520183332834,0.9955814102534722,0.5065101101070539
SparseGP_RFF,"(1, 2, 12)","{'alpha': 0.01, 'gamma_socio': 0.05, 'gamma_space': 0.1, 'gamma_time': 0.05, 'n_socio': 300, 'n_space': 200, 'n_time': 200, 'w_socio': 1.0, 'w_space': 1.0, 'w_time': 1.0}",5,25135.248249326214,13021.158845207954,36802.02929552567,20944.20869436456,9.650298898937104,4.219289796562683,0.9964259561110985,0.5056897144469078
SparseGP_RFF,"(1, 2, 12)","{'alpha': 0.001, 'gamma_socio': 0.05, 'gamma_space': 0.05, 'gamma_time': 0.05, 'n_socio': 300, 'n_space': 200, 'n_time': 200, 'w_socio': 1.0, 'w_space': 1.0, 'w_time': 1.0}",5,25151.16212145316,13019.50676661401,36828.53545049448,21034.40822846998,9.647410092608231,4.202196193657821,0.9970454397527728,0.5056650834223456
SparseGP_RFF,"(1, 12)","{'alpha': 0.001, 'gamma_socio': 0.05, 'gamma_space': 0.1, 'gamma_time': 0.05, 'n_socio': 300, 'n_space': 500, 'n_time': 200, 'w_socio': 1.0, 'w_space': 1.0, 'w_time': 1.0}",5,26466.076402416667,10664.152175295389,36937.13592802109,15905.707910274825,10.728005404290176,4.245942553092079,1.0493860218072135,0.41379224172811846
SparseGP_RFF,"(1, 12)","{'alpha': 0.01, 'gamma_socio': 0.05, 'gamma_space': 0.1, 'gamma_time': 0.1, 'n_socio': 300, 'n_space': 500, 'n_time': 200, 'w_socio': 1.0, 'w_space': 1.0, 'w_time': 1.0}",5,25971.116305098123,12975.953976445473,36948.316262389955,20283.0089009744,10.325289460389913,4.60868235577585,1.0281478491718494,0.5019328964819314
SparseGP_RFF,"(1, 12)","{'alpha': 0.01, 'gamma_socio': 0.05, 'gamma_space': 0.1, 'gamma_time': 0.1, 'n_socio': 300, 'n_space': 200, 'n_time': 200, 'w_socio': 1.0, 'w_space': 1.0, 'w_time': 1.0}",5,26001.068799702552,13067.988211264608,37015.63288158519,20452.30516587697,10.32490735116645,4.631104983724819,1.0292100508443593,0.5053642463155791
SparseGP_RFF,"(1, 12)","{'alpha': 0.001, 'gamma_socio': 0.05, 'gamma_space': 0.05, 'gamma_time': 0.1, 'n_socio': 300, 'n_space': 200, 'n_time': 200, 'w_socio': 1.0, 'w_space': 1.0, 'w_time': 1.0}",5,26009.586992309276,13058.928530989162,37033.91589450583,20526.812058888205,10.316268902508199,4.600595055519356,1.0296031395996819,0.5051091574437192
SparseGP_RFF,"(1, 12)","{'alpha': 0.001, 'gamma_socio': 0.05, 'gamma_space': 0.05, 'gamma_time': 0.1, 'n_socio': 300, 'n_space': 500, 'n_time': 200, 'w_socio': 1.0, 'w_space': 1.0, 'w_time': 1.0}",5,26047.160708513453,13089.21715107463,37039.99810698176,20455.02137668569,10.339702494137725,4.623100713744441,1.0311317602647536,0.506355769292123
SparseGP_RFF,"(1, 2, 3, 4, 5, 6, 12)","{'alpha': 0.001, 'gamma_socio': 0.05, 'gamma_space': 0.1, 'gamma_time': 0.1, 'n_socio': 300, 'n_space': 500, 'n_time': 200, 'w_socio': 1.0, 'w_space': 1.0, 'w_time': 1.0}",5,26963.463876644277,14437.094170476215,37124.814462994225,20425.252289224933,11.042202677485744,5.597539553193224,1.0678449243869401,0.5600164710957727
SparseGP_RFF,"(1, 2, 12)","{'alpha': 0.01, 'gamma_socio': 0.05, 'gamma_space': 0.05, 'gamma_time': 0.05, 'n_socio': 300, 'n_space': 200, 'n_time': 200, 'w_socio': 1.0, 'w_space': 1.0, 'w_time': 1.0}",5,25433.418250268285,13208.889343045348,37134.13453828357,21246.541714405892,9.765427402695703,4.254482552047395,1.0082203443620608,0.5129473053177848
SparseGP_RFF,"(1, 12)","{'alpha': 0.001, 'gamma_socio': 0.05, 'gamma_space': 0.1, 'gamma_time': 0.05, 'n_socio': 300, 'n_space': 200, 'n_time': 200, 'w_socio': 1.0, 'w_space': 1.0, 'w_time': 1.0}",5,26564.154562870204,10581.418338006897,37139.29654136024,15962.557180307602,10.75369003377299,4.210816130311325,1.0532330876724811,0.4104080616242823
SparseGP_RFF,"(1, 2, 3, 12)","{'alpha': 0.01, 'gamma_socio': 0.05, 'gamma_space': 0.1, 'gamma_time': 0.1, 'n_socio': 300, 'n_space': 500, 'n_time': 500, 'w_socio': 1.0, 'w_space': 1.0, 'w_time': 1.0}",5,26475.35866189805,12849.624148649242,37155.92185036638,19740.821205682063,10.445325277503844,4.428953596587559,1.0490508483607948,0.49973334649098833
SparseGP_RFF,"(1, 2, 12)","{'alpha': 0.01, 'gamma_socio': 0.05, 'gamma_space': 0.05, 'gamma_time': 0.05, 'n_socio': 300, 'n_space': 500, 'n_time': 200, 'w_socio': 1.0, 'w_space': 1.0, 'w_time': 1.0}",5,25496.525065803267,13326.132315823244,37178.47518337304,21324.85935682568,9.791257374082353,4.298093673294918,1.0106750845273758,0.5174435655881927
SparseGP_RFF,"(1, 2, 3, 12)","{'alpha': 0.001, 'gamma_socio': 0.05, 'gamma_space': 0.05, 'gamma_time': 0.1, 'n_socio': 300, 'n_space': 500, 'n_time': 500, 'w_socio': 1.0, 'w_space': 1.0, 'w_time': 1.0}",5,26569.73551711513,12982.70500059326,37214.292849587175,19855.37318432651,10.479313671434973,4.46687149142944,1.0527458503447986,0.5048094002268364
SparseGP_RFF,"(1, 2, 3, 12)","{'alpha': 0.001, 'gamma_socio': 0.05, 'gamma_space': 0.05, 'gamma_time': 0.1, 'n_socio': 300, 'n_space': 200, 'n_time': 500, 'w_socio': 1.0, 'w_space': 1.0, 'w_time': 1.0}",5,26561.952616297705,12963.97078897691,37216.75118434243,19903.286429798536,10.469203955529974,4.4546507874562415,1.052422831371133,0.5040404023623324
SparseGP_RFF,"(1, 2, 3, 4, 5, 6, 12)","{'alpha': 0.1, 'gamma_socio': 0.05, 'gamma_space': 0.1, 'gamma_time': 0.1, 'n_socio': 300, 'n_space': 500, 'n_time': 200, 'w_socio': 1.0, 'w_space': 1.0, 'w_time': 1.0}",5,26882.978336610307,14230.364833174888,37219.25291532208,20802.555446669816,10.852917951684592,5.402288818372426,1.0651293394476578,0.5524773480290827
SparseGP_RFF,"(1, 12)","{'alpha': 0.01, 'gamma_socio': 0.05, 'gamma_space': 0.05, 'gamma_time': 0.1, 'n_socio': 300, 'n_space': 200, 'n_time': 200, 'w_socio': 1.0, 'w_space': 1.0, 'w_time': 1.0}",5,26143.0544354405,13040.642643796944,37223.30335702266,20598.565686978232,10.371885613287796,4.585239104864031,1.0349883409962104,0.5044116421675339
SparseGP_RFF,"(1, 2, 3, 12)","{'alpha': 0.01, 'gamma_socio': 0.05, 'gamma_space': 0.1, 'gamma_time': 0.1, 'n_socio': 300, 'n_space': 200, 'n_time': 500, 'w_socio': 1.0, 'w_space': 1.0, 'w_time': 1.0}",5,26532.431576791227,12931.57427861815,37226.94542593885,19848.287837918593,10.458926423540806,4.45726991903482,1.051259164759596,0.5028560185300179
SparseGP_RFF,"(1, 2, 3, 4, 5, 6, 12)","{'alpha': 0.1, 'gamma_socio': 0.05, 'gamma_space': 0.05, 'gamma_time': 0.1, 'n_socio': 300, 'n_space': 200, 'n_time': 200, 'w_socio': 1.0, 'w_space': 1.0, 'w_time': 1.0}",5,26727.409686174622,13723.758218703346,37242.577488267394,20614.957795848997,10.784329844342032,5.194977048647035,1.0593380871239353,0.5331729940707501
SparseGP_RFF,"(1, 2, 3, 4, 5, 6, 12)","{'alpha': 0.1, 'gamma_socio': 0.05, 'gamma_space': 0.05, 'gamma_time': 0.1, 'n_socio': 300, 'n_space': 500, 'n_time': 200, 'w_socio': 1.0, 'w_space': 1.0, 'w_time': 1.0}",5,26750.16861839858,13788.521780425355,37252.520254459974,20628.234247864362,10.790266390521753,5.238226226206094,1.0602229203510798,0.5356705582911617
SparseGP_RFF,"(1, 2, 3, 4, 5, 6, 12)","{'alpha': 0.1, 'gamma_socio': 0.05, 'gamma_space': 0.1, 'gamma_time': 0.1, 'n_socio': 300, 'n_space': 200, 'n_time': 200, 'w_socio': 1.0, 'w_space': 1.0, 'w_time': 1.0}",5,26868.949959158617,14157.685465370554,37253.803879081315,20835.76812426537,10.85273488776245,5.354619258674178,1.0645929461165302,0.5496715973570812
SparseGP_RFF,"(1, 12)","{'alpha': 0.01, 'gamma_socio': 0.05, 'gamma_space': 0.05, 'gamma_time': 0.1, 'n_socio': 300, 'n_space': 500, 'n_time': 200, 'w_socio': 1.0, 'w_space': 1.0, 'w_time': 1.0}",5,26230.65703301806,13159.725650100409,37278.335562127715,20648.68987174526,10.40673081371877,4.6354749939464135,1.0384122367182513,0.5089965278425607
SparseGP_RFF,"(1, 2, 3, 4, 5, 6, 12)","{'alpha': 0.001, 'gamma_socio': 0.05, 'gamma_space': 0.1, 'gamma_time': 0.1, 'n_socio': 300, 'n_space': 200, 'n_time': 200, 'w_socio': 1.0, 'w_space': 1.0, 'w_time': 1.0}",5,26979.91900001262,14234.67536139592,37292.28869007506,20542.485718556563,11.046167471559949,5.5239016582596525,1.0685557382657749,0.5521483916522568
SparseGP_RFF,"(1, 12)","{'alpha': 0.1, 'gamma_socio': 0.05, 'gamma_space': 0.1, 'gamma_time': 0.1, 'n_socio': 300, 'n_space': 500, 'n_time': 200, 'w_socio': 1.0, 'w_space': 1.0, 'w_time': 1.0}",5,26405.472727514047,13108.090249855024,37385.57413772561,20292.328661852764,10.498754043667692,4.660376491757583,1.0452618646114136,0.5064541195190222
SparseGP_RFF,"(1, 12)","{'alpha': 0.1, 'gamma_socio': 0.05, 'gamma_space': 0.1, 'gamma_time': 0.1, 'n_socio': 300, 'n_space': 200, 'n_time': 200, 'w_socio': 1.0, 'w_space': 1.0, 'w_time': 1.0}",5,26384.624424370773,13110.66741616377,37418.34978834631,20377.395762545893,10.491308426515996,4.651587294563832,1.0444280067434704,0.5065583966795253
SparseGP_RFF,"(1, 2, 3, 12)","{'alpha': 0.01, 'gamma_socio': 0.05, 'gamma_space': 0.05, 'gamma_time': 0.1, 'n_socio': 300, 'n_space': 200, 'n_time': 500, 'w_socio': 1.0, 'w_space': 1.0, 'w_time': 1.0}",5,26669.615630189604,12983.22050783166,37422.83385124551,20072.214472675492,10.508178715503039,4.456588123704448,1.056718448543077,0.5048550875783208
SparseGP_RFF,"(1, 2, 3, 12)","{'alpha': 0.01, 'gamma_socio': 0.05, 'gamma_space': 0.05, 'gamma_time': 0.1, 'n_socio': 300, 'n_space': 500, 'n_time': 500, 'w_socio': 1.0, 'w_space': 1.0, 'w_time': 1.0}",5,26715.62401589203,13057.482382876453,37450.0719320367,20095.308708720295,10.525928600222013,4.490374372507152,1.0584921440728743,0.5076673547818548
SparseGP_RFF,"(1, 12)","{'alpha': 0.001, 'gamma_socio': 0.05, 'gamma_space': 0.05, 'gamma_time': 0.05, 'n_socio': 300, 'n_space': 200, 'n_time': 200, 'w_socio': 1.0, 'w_space': 1.0, 'w_time': 1.0}",5,26837.105310942872,10756.466297834228,37487.060692421044,16280.718676939952,10.84418329734727,4.241838563660792,1.0640228246708745,0.4170902751377141
SparseGP_RFF,"(1, 12)","{'alpha': 0.001, 'gamma_socio': 0.05, 'gamma_space': 0.05, 'gamma_time': 0.05, 'n_socio': 300, 'n_space': 500, 'n_time': 200, 'w_socio': 1.0, 'w_space': 1.0, 'w_time': 1.0}",5,26878.740741328707,10838.696842751848,37493.84492565022,16287.10744099962,10.869708571083521,4.280811931479909,1.065667877353642,0.4202951768811134
SparseGP_RFF,"(1, 2, 3, 4, 5, 6, 12)","{'alpha': 0.01, 'gamma_socio': 0.05, 'gamma_space': 0.1, 'gamma_time': 0.1, 'n_socio': 300, 'n_space': 500, 'n_time': 200, 'w_socio': 1.0, 'w_space': 1.0, 'w_time': 1.0}",5,27134.50020105145,14492.906971638178,37493.92098419817,20947.009713790212,11.045691808097619,5.54061682406311,1.0747098889636304,0.5622616847828038
SparseGP_RFF,"(1, 2, 3, 12)","{'alpha': 0.1, 'gamma_socio': 0.05, 'gamma_space': 0.1, 'gamma_time': 0.1, 'n_socio': 300, 'n_space': 500, 'n_time': 500, 'w_socio': 1.0, 'w_space': 1.0, 'w_time': 1.0}",5,26868.128926326182,13005.441626782023,37543.505909942134,19863.602063705966,10.602867741376286,4.48717565934085,1.0647901158634283,0.5060698955454118
SparseGP_RFF,"(1, 2, 12)","{'alpha': 0.1, 'gamma_socio': 0.05, 'gamma_space': 0.1, 'gamma_time': 0.05, 'n_socio': 300, 'n_space': 500, 'n_time': 200, 'w_socio': 1.0, 'w_space': 1.0, 'w_time': 1.0}",5,26046.064022606264,13625.222072414192,37552.15027849421,21254.885684284825,10.063144154079572,4.4127398903967,1.032764182277312,0.529219332859379
SparseGP_RFF,"(1, 12)","{'alpha': 0.01, 'gamma_socio': 0.05, 'gamma_space': 0.1, 'gamma_time': 0.05, 'n_socio': 300, 'n_space': 500, 'n_time': 200, 'w_socio': 1.0, 'w_space': 1.0, 'w_time': 1.0}",5,26935.5390099707,10786.576058902032,37553.85603920248,16165.920652138715,10.904889659343025,4.288134705572978,1.0679740758062204,0.4183800032555693
SparseGP_RFF,"(1, 2, 3, 4, 5, 6, 12)","{'alpha': 0.01, 'gamma_socio': 0.05, 'gamma_space': 0.1, 'gamma_time': 0.1, 'n_socio': 300, 'n_space': 200, 'n_time': 200, 'w_socio': 1.0, 'w_space': 1.0, 'w_time': 1.0}",5,27157.754453657923,14435.78962485674,37570.45495737998,21040.25853835246,11.04969490767905,5.505365107911806,1.0756550596080803,0.5600366305742747
SparseGP_RFF,"(1, 2, 3, 4, 5, 6, 12)","{'alpha': 0.001, 'gamma_socio': 0.05, 'gamma_space': 0.05, 'gamma_time': 0.1, 'n_socio': 300, 'n_space': 500, 'n_time': 200, 'w_socio': 1.0, 'w_space': 1.0, 'w_time': 1.0}",5,27202.419804160232,14557.624991056762,37570.52372983816,21020.15607167344,11.063900317762405,5.534290792530623,1.0773728966747662,0.5647469321961177
SparseGP_RFF,"(1, 2, 12)","{'alpha': 0.1, 'gamma_socio': 0.05, 'gamma_space': 0.1, 'gamma_time': 0.05, 'n_socio': 300, 'n_space': 200, 'n_time': 200, 'w_socio': 1.0, 'w_space': 1.0, 'w_time': 1.0}",5,26047.937684803856,13651.895163371291,37591.72432057938,21336.187256264184,10.059469434502962,4.412775055847268,1.032824972460969,0.5302556453009022
SparseGP_RFF,"(1, 2, 3, 12)","{'alpha': 0.1, 'gamma_socio': 0.05, 'gamma_space': 0.1, 'gamma_time': 0.1, 'n_socio': 300, 'n_space': 200, 'n_time': 500, 'w_socio': 1.0, 'w_space': 1.0, 'w_time': 1.0}",5,26875.454099029157,13025.898416706632,37593.20494647439,19948.89541124805,10.605362315095796,4.485036714916994,1.0651149053591837,0.5069639557967194
SparseGP_RFF,"(1, 2, 3, 4, 5, 6, 12)","{'alpha': 0.001, 'gamma_socio': 0.05, 'gamma_space': 0.05, 'gamma_time': 0.1, 'n_socio': 300, 'n_space': 200, 'n_time': 200, 'w_socio': 1.0, 'w_space': 1.0, 'w_time': 1.0}",5,27188.219196046033,14450.368622918366,37608.077614962225,21080.347025776464,11.05040814122787,5.47037777997169,1.0768595405079897,0.5605897823539198
SparseGP_RFF,"(1, 12)","{'alpha': 0.01, 'gamma_socio': 0.05, 'gamma_space': 0.1, 'gamma_time': 0.05, 'n_socio': 300, 'n_space': 200, 'n_time': 200, 'w_socio': 1.0, 'w_space': 1.0, 'w_time': 1.0}",5,26955.37433523275,10747.014537242572,37615.381626036826,16175.45121798541,10.898930997417825,4.259232078561767,1.0687828158741632,0.4168532382132231
SparseGP_RFF,"(1, 2, 3, 4, 5, 6, 12)","{'alpha': 0.01, 'gamma_socio': 0.05, 'gamma_space': 0.05, 'gamma_time': 0.1, 'n_socio': 300, 'n_space': 200, 'n_time': 200, 'w_socio': 1.0, 'w_space': 1.0, 'w_time': 1.0}",5,27102.930594935016,14213.828790261412,37623.929902644224,21055.235661739232,10.96494728030748,5.320412553171196,1.0737131264232258,0.5516066903427922
SparseGP_RFF,"(1, 12)","{'alpha': 0.1, 'gamma_socio': 0.05, 'gamma_space': 0.05, 'gamma_time': 0.1, 'n_socio': 300, 'n_space': 200, 'n_time': 200, 'w_socio': 1.0, 'w_space': 1.0, 'w_time': 1.0}",5,26539.047382807068,12984.354919431975,37624.16465014933,20306.101513978294,10.574589420226628,4.626574057957146,1.0507450786710175,0.5017367724499212
SparseGP_RFF,"(1, 2, 3, 4, 5, 6, 12)","{'alpha': 0.01, 'gamma_socio': 0.05, 'gamma_space': 0.05, 'gamma_time': 0.1, 'n_socio': 300, 'n_space': 500, 'n_time': 200, 'w_socio': 1.0, 'w_space': 1.0, 'w_time': 1.0}",5,27157.28611864266,14394.881233017726,37634.05882588289,21122.717800224604,10.985151346055826,5.410995829782638,1.075798404110184,0.5585974740180258
SparseGP_RFF,"(1, 12)","{'alpha': 0.1, 'gamma_socio': 0.05, 'gamma_space': 0.05, 'gamma_time': 0.1, 'n_socio': 300, 'n_space': 500, 'n_time': 200, 'w_socio': 1.0, 'w_space': 1.0, 'w_time': 1.0}",5,26579.127828909383,12998.095767058787,37638.1355710175,20291.42449996395,10.584619843366879,4.633995123781507,1.0523022193791616,0.5022170743469795
SparseGP_RFF,"(1, 2, 3, 4, 5, 6, 12, 24)","{'alpha': 0.001, 'gamma_socio': 0.05, 'gamma_space': 0.1, 'gamma_time': 0.05, 'n_socio': 300, 'n_space': 500, 'n_time': 500, 'w_socio': 1.0, 'w_space': 1.0, 'w_time': 1.0}",5,25718.785482236824,18741.7685367327,37677.885539917814,28503.75928021134,9.362196392579273,5.989920132034316,0.9772542576095752,0.747846913172318
SparseGP_RFF,"(1, 2, 3, 12)","{'alpha': 0.1, 'gamma_socio': 0.05, 'gamma_space': 0.05, 'gamma_time': 0.1, 'n_socio': 300, 'n_space': 500, 'n_time': 500, 'w_socio': 1.0, 'w_space': 1.0, 'w_time': 1.0}",5,26967.4810228838,12929.481921220171,37726.567278421506,19921.303627892103,10.644734145530785,4.467892701672392,1.0687519276889685,0.5030908839484802
SparseGP_RFF,"(1, 12)","{'alpha': 0.01, 'gamma_socio': 0.05, 'gamma_space': 0.05, 'gamma_time': 0.05, 'n_socio': 300, 'n_space': 200, 'n_time': 200, 'w_socio': 1.0, 'w_space': 1.0, 'w_time': 1.0}",5,27038.69829692134,10694.864244526856,37739.89088157819,16203.09616708208,10.926901995322142,4.24530696110527,1.0720997604089828,0.41482489622785873
SparseGP_RFF,"(1, 2, 3, 12)","{'alpha': 0.1, 'gamma_socio': 0.05, 'gamma_space': 0.05, 'gamma_time': 0.1, 'n_socio': 300, 'n_space': 200, 'n_time': 500, 'w_socio': 1.0, 'w_space': 1.0, 'w_time': 1.0}",5,26972.282682422985,12937.151874191777,37749.01680574071,19950.340239240573,10.650148646582572,4.467079436479488,1.0690118631477312,0.503565296304603
SparseGP_RFF,"(1, 12)","{'alpha': 0.01, 'gamma_socio': 0.05, 'gamma_space': 0.05, 'gamma_time': 0.05, 'n_socio': 300, 'n_space': 500, 'n_time': 200, 'w_socio': 1.0, 'w_space': 1.0, 'w_time': 1.0}",5,27115.21168628825,10796.478588489195,37789.34406182458,16247.850653795987,10.962481827812377,4.280422731410612,1.0751163228377272,0.41876296773327015
SparseGP_RFF,"(1, 2, 12)","{'alpha': 0.1, 'gamma_socio': 0.05, 'gamma_space': 0.05, 'gamma_time': 0.05, 'n_socio': 300, 'n_space': 200, 'n_time': 200, 'w_socio': 1.0, 'w_space': 1.0, 'w_time': 1.0}",5,26408.99063311141,13823.574390065265,37934.50765891884,21439.493383032102,10.212621557825354,4.470223129917858,1.0471918819938015,0.5369382856715873
SparseGP_RFF,"(1, 2, 3, 4, 5, 6, 12, 24)","{'alpha': 0.1, 'gamma_socio': 0.05, 'gamma_space': 0.1, 'gamma_time': 0.05, 'n_socio': 300, 'n_space': 500, 'n_time': 500, 'w_socio': 1.0, 'w_space': 1.0, 'w_time': 1.0}",5,26101.748430590927,18987.340885040303,37935.8813042007,28620.698511713235,9.552757877407883,6.137538457160627,0.9925863889591124,0.7580819583933247
SparseGP_RFF,"(1, 2, 12)","{'alpha': 0.1, 'gamma_socio': 0.05, 'gamma_space': 0.05, 'gamma_time': 0.05, 'n_socio': 300, 'n_space': 500, 'n_time': 200, 'w_socio': 1.0, 'w_space': 1.0, 'w_time': 1.0}",5,26440.297871087016,13839.316252246228,37960.39926207966,21452.104781648046,10.222406468235915,4.474072126707607,1.048405576846862,0.537496963563963
SparseGP_RFF,"(1, 2, 3, 4, 5, 6, 12, 24)","{'alpha': 0.001, 'gamma_socio': 0.05, 'gamma_space': 0.1, 'gamma_time': 0.05, 'n_socio': 300, 'n_space': 200, 'n_time': 500, 'w_socio': 1.0, 'w_space': 1.0, 'w_time': 1.0}",5,25913.931153138994,18926.15287170834,38020.46588799985,28980.02173389379,9.429213137524359,6.0573532481756915,0.9847063978295569,0.755142811454375
SparseGP_RFF,"(1, 2, 3, 4, 5, 6, 12, 24)","{'alpha': 0.1, 'gamma_socio': 0.05, 'gamma_space': 0.1, 'gamma_time': 0.05, 'n_socio': 300, 'n_space': 500, 'n_time': 200, 'w_socio': 1.0, 'w_space': 1.0, 'w_time': 1.0}",5,26347.22411148405,20199.31060244141,38028.062778684354,29504.31588653092,9.672411463900314,6.698648106213625,1.0010672021488394,0.8039465718205538
SparseGP_RFF,"(1, 2, 3, 4, 5, 6, 12, 24)","{'alpha': 0.1, 'gamma_socio': 0.05, 'gamma_space': 0.05, 'gamma_time': 0.05, 'n_socio': 300, 'n_space': 500, 'n_time': 500, 'w_socio': 1.0, 'w_space': 1.0, 'w_time': 1.0}",5,26154.05041045749,18876.761901264366,38042.79832296657,28494.067840046228,9.589268627683072,6.1489387333086345,0.9944555981674208,0.7539338713187023
SparseGP_RFF,"(1, 2, 3, 4, 5, 6, 12, 24)","{'alpha': 0.1, 'gamma_socio': 0.05, 'gamma_space': 0.1, 'gamma_time': 0.05, 'n_socio': 300, 'n_space': 200, 'n_time': 500, 'w_socio': 1.0, 'w_space': 1.0, 'w_time': 1.0}",5,26138.17092597568,19047.18781962963,38045.70112911323,28811.444969737433,9.56525709495746,6.151172784625297,0.9940132801816851,0.7604150018239024
SparseGP_RFF,"(1, 2, 3, 4, 5, 6, 12, 24)","{'alpha': 0.001, 'gamma_socio': 0.05, 'gamma_space': 0.1, 'gamma_time': 0.05, 'n_socio': 300, 'n_space': 500, 'n_time': 200, 'w_socio': 1.0, 'w_space': 1.0, 'w_time': 1.0}",5,26216.273133120056,20136.955624310234,38089.47208203633,29581.31635319855,9.603863571674767,6.658503962809586,0.9959789196131112,0.8013691965498504
SparseGP_RFF,"(1, 2, 3, 4, 5, 6, 12, 24)","{'alpha': 0.1, 'gamma_socio': 0.05, 'gamma_space': 0.05, 'gamma_time': 0.05, 'n_socio': 300, 'n_space': 500, 'n_time': 200, 'w_socio': 1.0, 'w_space': 1.0, 'w_time': 1.0}",5,26362.89770462241,19945.922166306304,38102.12789072534,29297.64126627381,9.709906244692805,6.648926541998339,1.0014763965100715,0.7942803460530884
SparseGP_RFF,"(1, 2, 3, 4, 5, 6, 12, 24)","{'alpha': 0.1, 'gamma_socio': 0.05, 'gamma_space': 0.1, 'gamma_time': 0.05, 'n_socio': 300, 'n_space': 200, 'n_time': 200, 'w_socio': 1.0, 'w_space': 1.0, 'w_time': 1.0}",5,26350.482705618815,20223.72778134157,38102.20677152005,29653.478564126908,9.674327482938168,6.703426500632609,1.0012283960640724,0.8048900560736212
SparseGP_RFF,"(1, 2, 3, 4, 5, 6, 12, 24)","{'alpha': 0.1, 'gamma_socio': 0.05, 'gamma_space': 0.05, 'gamma_time': 0.05, 'n_socio': 300, 'n_space': 200, 'n_time': 500, 'w_socio': 1.0, 'w_space': 1.0, 'w_time': 1.0}",5,26209.56028055748,18966.415505840865,38146.435867721295,28687.873930692636,9.610339682212295,6.169992342307787,0.9967043443632125,0.7574670887197159
SparseGP_RFF,"(1, 2, 3, 4, 5, 6, 12, 24)","{'alpha': 0.1, 'gamma_socio': 0.05, 'gamma_space': 0.05, 'gamma_time': 0.05, 'n_socio': 300, 'n_space': 200, 'n_time': 200, 'w_socio': 1.0, 'w_space': 1.0, 'w_time': 1.0}",5,26387.49514570941,20014.734667180815,38178.17023050838,29470.138014054115,9.717431529616032,6.663117765221019,1.0025245684061512,0.7969635866314916
SparseGP_RFF,"(1, 2, 3, 4, 5, 6, 12, 24)","{'alpha': 0.01, 'gamma_socio': 0.05, 'gamma_space': 0.1, 'gamma_time': 0.05, 'n_socio': 300, 'n_space': 500, 'n_time': 500, 'w_socio': 1.0, 'w_space': 1.0, 'w_time': 1.0}",5,26179.436299389963,19218.510537079837,38269.43665988067,29274.3607597453,9.52773634174585,6.131604150172334,0.9950393335463936,0.7666975289852728
SparseGP_RFF,"(1, 2, 3, 4, 5, 6, 12, 24)","{'alpha': 0.01, 'gamma_socio': 0.05, 'gamma_space': 0.1, 'gamma_time': 0.05, 'n_socio': 300, 'n_space': 200, 'n_time': 500, 'w_socio': 1.0, 'w_space': 1.0, 'w_time': 1.0}",5,26233.76352054688,19304.77336443654,38396.267094326395,29519.74180265502,9.544635833545188,6.16487019724688,0.9971277947463457,0.7700511260682019
SparseGP_RFF,"(1, 2, 3, 4, 5, 6, 12, 24)","{'alpha': 0.001, 'gamma_socio': 0.05, 'gamma_space': 0.1, 'gamma_time': 0.05, 'n_socio': 300, 'n_space': 200, 'n_time': 200, 'w_socio': 1.0, 'w_space': 1.0, 'w_time': 1.0}",5,26381.104011097552,20242.611318782616,38399.33108956629,29955.9297804223,9.673472228763922,6.700241910779837,1.002243042951311,0.8056141888665914
SparseGP_RFF,"(1, 2, 3, 4, 5, 6, 12, 24)","{'alpha': 0.01, 'gamma_socio': 0.05, 'gamma_space': 0.05, 'gamma_time': 0.05, 'n_socio': 300, 'n_space': 200, 'n_time': 500, 'w_socio': 1.0, 'w_space': 1.0, 'w_time': 1.0}",5,26333.651389072504,19278.60106189601,38509.65822098531,29500.254841404152,9.58391727974819,6.147565108465758,1.0008483224330684,0.7691806475259156
SparseGP_RFF,"(1, 2, 3, 4, 5, 6, 12, 24)","{'alpha': 0.001, 'gamma_socio': 0.05, 'gamma_space': 0.05, 'gamma_time': 0.05, 'n_socio': 300, 'n_space': 200, 'n_time': 500, 'w_socio': 1.0, 'w_space': 1.0, 'w_time': 1.0}",5,26311.406663468533,19372.12630368625,38509.785073534666,29704.50915874283,9.564121154980455,6.15788719041398,0.9999831576275664,0.7726665785897329
SparseGP_RFF,"(1, 2, 12)","{'alpha': 0.001, 'gamma_socio': 0.05, 'gamma_space': 0.1, 'gamma_time': 0.1, 'n_socio': 300, 'n_space': 500, 'n_time': 500, 'w_socio': 1.0, 'w_space': 1.0, 'w_time': 1.0}",5,27043.195730798372,12090.586789227742,38524.240340148346,18135.7953657001,10.469661301321725,4.265750871115283,1.0719224868771422,0.46894763083423335
SparseGP_RFF,"(1, 2, 3, 4, 5, 6, 12, 24)","{'alpha': 0.001, 'gamma_socio': 0.05, 'gamma_space': 0.05, 'gamma_time': 0.05, 'n_socio': 300, 'n_space': 500, 'n_time': 500, 'w_socio': 1.0, 'w_space': 1.0, 'w_time': 1.0}",5,26357.047872523377,19477.783311723128,38536.40257756853,29714.750932789957,9.58430499602224,6.198843279915955,1.0017901665325972,0.7767607373729882
SparseGP_RFF,"(1, 2, 3, 4, 5, 6, 12, 24)","{'alpha': 0.01, 'gamma_socio': 0.05, 'gamma_space': 0.05, 'gamma_time': 0.05, 'n_socio': 300, 'n_space': 500, 'n_time': 500, 'w_socio': 1.0, 'w_space': 1.0, 'w_time': 1.0}",5,26400.049062346494,19437.70821211563,38577.55770179689,29639.50830578378,9.60506505354961,6.207126061761452,1.003425389674972,0.7753166997023528
SparseGP_RFF,"(1, 2, 3, 4, 5, 6, 12, 24)","{'alpha': 0.01, 'gamma_socio': 0.05, 'gamma_space': 0.1, 'gamma_time': 0.05, 'n_socio': 300, 'n_space': 500, 'n_time': 200, 'w_socio': 1.0, 'w_space': 1.0, 'w_time': 1.0}",5,26614.266699883556,20600.142561702294,38616.265105549064,30344.44691855829,9.73935754950612,6.77701224075467,1.0112856052992933,0.8195684361162955
SparseGP_RFF,"(1, 2, 3, 12, 24)","{'alpha': 0.001, 'gamma_socio': 0.05, 'gamma_space': 0.1, 'gamma_time': 0.05, 'n_socio': 300, 'n_space': 500, 'n_time': 200, 'w_socio': 1.0, 'w_space': 1.0, 'w_time': 1.0}",5,26225.462890417268,21097.575970923375,38677.46945221258,31705.68803868428,9.4133914021636,6.5601226087794435,0.9974719253484577,0.838128157017723
SparseGP_RFF,"(1, 2, 3, 4, 5, 6, 12, 24)","{'alpha': 0.01, 'gamma_socio': 0.05, 'gamma_space': 0.1, 'gamma_time': 0.05, 'n_socio': 300, 'n_space': 200, 'n_time': 200, 'w_socio': 1.0, 'w_space': 1.0, 'w_time': 1.0}",5,26664.800953390717,20662.21037428116,38733.444846251616,30560.129528002766,9.757588495677073,6.800319222492394,1.0132376216673507,0.822004184714256
SparseGP_RFF,"(1, 2, 12)","{'alpha': 0.001, 'gamma_socio': 0.05, 'gamma_space': 0.1, 'gamma_time': 0.1, 'n_socio': 300, 'n_space': 200, 'n_time': 500, 'w_socio': 1.0, 'w_space': 1.0, 'w_time': 1.0}",5,27169.05133530385,11992.197210972352,38736.97420947334,18204.680824822975,10.521826739917353,4.220208569950426,1.0770287639175167,0.4654092176853757
SparseGP_RFF,"(1, 2, 3, 4, 5, 6, 12, 24)","{'alpha': 0.01, 'gamma_socio': 0.05, 'gamma_space': 0.05, 'gamma_time': 0.05, 'n_socio': 300, 'n_space': 200, 'n_time': 200, 'w_socio': 1.0, 'w_space': 1.0, 'w_time': 1.0}",5,26711.50154721761,20573.408812275884,38807.09717250125,30515.439596213047,9.765388948292772,6.733186129283324,1.0149990000650178,0.8186863750691555
SparseGP_RFF,"(1, 2, 3, 4, 5, 6, 12, 24)","{'alpha': 0.001, 'gamma_socio': 0.05, 'gamma_space': 0.05, 'gamma_time': 0.05, 'n_socio': 300, 'n_space': 200, 'n_time': 200, 'w_socio': 1.0, 'w_space': 1.0, 'w_time': 1.0}",5,26752.12492069722,20740.486224938733,38879.17866697358,30780.080337321684,9.774768498887063,6.788593408605901,1.016568558571336,0.8250995709596103
SparseGP_RFF,"(1, 2, 3, 12, 24)","{'alpha': 0.1, 'gamma_socio': 0.05, 'gamma_space': 0.1, 'gamma_time': 0.05, 'n_socio': 300, 'n_space': 500, 'n_time': 200, 'w_socio': 1.0, 'w_space': 1.0, 'w_time': 1.0}",5,26665.848498798423,21451.55260944411,38893.532729415296,31967.37851653143,9.561749210871344,6.705208076138291,1.014159500034096,0.8521970154029723
SparseGP_RFF,"(1, 2, 3, 4, 5, 6, 12, 24)","{'alpha': 0.01, 'gamma_socio': 0.05, 'gamma_space': 0.05, 'gamma_time': 0.05, 'n_socio': 300, 'n_space': 500, 'n_time': 200, 'w_socio': 1.0, 'w_space': 1.0, 'w_time': 1.0}",5,26805.208356420626,20751.158704759622,38899.21370608347,30674.55533306541,9.798296771101278,6.798519400869082,1.0186344893264798,0.8255912062753142
SparseGP_RFF,"(1, 2, 3, 4, 5, 6, 12, 24)","{'alpha': 0.001, 'gamma_socio': 0.05, 'gamma_space': 0.05, 'gamma_time': 0.05, 'n_socio': 300, 'n_space': 500, 'n_time': 200, 'w_socio': 1.0, 'w_space': 1.0, 'w_time': 1.0}",5,26808.872192482297,20859.423859663384,38903.899877631935,30777.62262453207,9.801347953755819,6.839249418271255,1.018789685237507,0.8297187626031126
SparseGP_RFF,"(1, 12)","{'alpha': 0.1, 'gamma_socio': 0.05, 'gamma_space': 0.1, 'gamma_time': 0.05, 'n_socio': 300, 'n_space': 500, 'n_time': 200, 'w_socio': 1.0, 'w_space': 1.0, 'w_time': 1.0}",5,28194.045547509937,10490.526856547269,38916.60015627814,15549.948943049643,11.385657739318892,4.2068702996185525,1.1184785806165076,0.4078069250771623
SparseGP_RFF,"(1, 12)","{'alpha': 0.1, 'gamma_socio': 0.05, 'gamma_space': 0.1, 'gamma_time': 0.05, 'n_socio': 300, 'n_space': 200, 'n_time': 200, 'w_socio': 1.0, 'w_space': 1.0, 'w_time': 1.0}",5,28152.415404167456,10439.45319280614,38921.79770495272,15555.405368192603,11.366068339014705,4.1878126436180265,1.1168413084024351,0.4058504642086325
SparseGP_RFF,"(1, 2, 3, 12, 24)","{'alpha': 0.001, 'gamma_socio': 0.05, 'gamma_space': 0.1, 'gamma_time': 0.05, 'n_socio': 300, 'n_space': 200, 'n_time': 200, 'w_socio': 1.0, 'w_space': 1.0, 'w_time': 1.0}",5,26399.49406067418,21195.519122179347,38936.35671942904,32024.53754776798,9.474056822122957,6.583593826067016,1.0040962218333038,0.84210429924404
SparseGP_RFF,"(1, 2, 3, 12, 24)","{'alpha': 0.1, 'gamma_socio': 0.05, 'gamma_space': 0.1, 'gamma_time': 0.05, 'n_socio': 300, 'n_space': 200, 'n_time': 200, 'w_socio': 1.0, 'w_space': 1.0, 'w_time': 1.0}",5,26660.96406617306,21474.922689282866,38962.829314786904,32100.177992611792,9.559825160615246,6.7080803050483375,1.01401144655971,0.8530914164338366
SparseGP_RFF,"(1, 2, 12, 24)","{'alpha': 0.001, 'gamma_socio': 0.05, 'gamma_space': 0.1, 'gamma_time': 0.05, 'n_socio': 300, 'n_space': 500, 'n_time': 200, 'w_socio': 1.0, 'w_space': 1.0, 'w_time': 1.0}",5,27221.125655232743,19805.961504375256,38992.797284268425,28903.685483364163,9.995974201266211,6.317811232150214,1.0351091518975346,0.7904958968921905
SparseGP_RFF,"(1, 2, 3, 12, 24)","{'alpha': 0.1, 'gamma_socio': 0.05, 'gamma_space': 0.05, 'gamma_time': 0.05, 'n_socio': 300, 'n_space': 500, 'n_time': 200, 'w_socio': 1.0, 'w_space': 1.0, 'w_time': 1.0}",5,26766.026358293886,21392.081206768493,39011.65646266371,31843.1519588191,9.61516313206209,6.703063110310499,1.0177933014260883,0.8500188624716108
SparseGP_RFF,"(1, 2, 3, 12, 24)","{'alpha': 0.1, 'gamma_socio': 0.05, 'gamma_space': 0.05, 'gamma_time': 0.05, 'n_socio': 300, 'n_space': 200, 'n_time': 200, 'w_socio': 1.0, 'w_space': 1.0, 'w_time': 1.0}",5,26804.04799114765,21484.05423402723,39103.3681233111,32030.711006538466,9.626907237345161,6.726908385484946,1.019371690541254,0.8536047538184883
SparseGP_RFF,"(1, 12)","{'alpha': 0.1, 'gamma_socio': 0.05, 'gamma_space': 0.05, 'gamma_time': 0.05, 'n_socio': 300, 'n_space': 200, 'n_time': 200, 'w_socio': 1.0, 'w_space': 1.0, 'w_time': 1.0}",5,28395.150432702365,10335.160343839336,39154.74951809005,15397.624574154108,11.478276363290036,4.20920078047827,1.1266533553961768,0.402274630946508
SparseGP_RFF,"(1, 2, 12)","{'alpha': 0.01, 'gamma_socio': 0.05, 'gamma_space': 0.1, 'gamma_time': 0.1, 'n_socio': 300, 'n_space': 500, 'n_time': 500, 'w_socio': 1.0, 'w_space': 1.0, 'w_time': 1.0}",5,27483.454732890135,12266.010372969695,39157.82325189298,18641.981671794823,10.640811222758376,4.297037613651698,1.0894368371935783,0.4758948702979602
SparseGP_RFF,"(1, 2, 12, 24)","{'alpha': 0.1, 'gamma_socio': 0.05, 'gamma_space': 0.1, 'gamma_time': 0.05, 'n_socio': 300, 'n_space': 500, 'n_time': 200, 'w_socio': 1.0, 'w_space': 1.0, 'w_time': 1.0}",5,27585.25456885196,19743.085244932838,39174.16801739889,28750.761135292385,10.214002905237624,6.352824427601563,1.0488858316491938,0.7886223025844837
SparseGP_RFF,"(1, 12)","{'alpha': 0.1, 'gamma_socio': 0.05, 'gamma_space': 0.05, 'gamma_time': 0.05, 'n_socio': 300, 'n_space': 500, 'n_time': 200, 'w_socio': 1.0, 'w_space': 1.0, 'w_time': 1.0}",5,28437.947057979753,10369.108948392166,39188.293295877746,15419.607468119491,11.493033141401884,4.2112819822945395,1.1282908531245992,0.40345939915358076
SparseGP_RFF,"(1, 2, 3, 12, 24)","{'alpha': 0.1, 'gamma_socio': 0.05, 'gamma_space': 0.1, 'gamma_time': 0.1, 'n_socio': 300, 'n_space': 500, 'n_time': 500, 'w_socio': 1.0, 'w_space': 1.0, 'w_time': 1.0}",5,27792.451438454405,18812.569284999106,39210.6088585202,27912.68632990593,10.529588117999184,6.098580972204857,1.055853905601552,0.7540955750018635
SparseGP_RFF,"(1, 2, 3, 12, 24)","{'alpha': 0.01, 'gamma_socio': 0.05, 'gamma_space': 0.1, 'gamma_time': 0.05, 'n_socio': 300, 'n_space': 500, 'n_time': 200, 'w_socio': 1.0, 'w_space': 1.0, 'w_time': 1.0}",5,26651.386864490756,21575.27477017295,39214.07804212639,32487.45878311798,9.540728857053093,6.676383838384677,1.013724021580299,0.8569103653158041
SparseGP_RFF,"(1, 2, 12, 24)","{'alpha': 0.001, 'gamma_socio': 0.05, 'gamma_space': 0.1, 'gamma_time': 0.05, 'n_socio': 300, 'n_space': 200, 'n_time': 200, 'w_socio': 1.0, 'w_space': 1.0, 'w_time': 1.0}",5,27343.52344265433,19836.555337581034,39216.39244177313,29159.491302896888,10.046690730663148,6.334755982641827,1.0397018057639726,0.7918330246262407
SparseGP_RFF,"(1, 2, 12, 24)","{'alpha': 0.1, 'gamma_socio': 0.05, 'gamma_space': 0.05, 'gamma_time': 0.05, 'n_socio': 300, 'n_space': 500, 'n_time': 200, 'w_socio': 1.0, 'w_space': 1.0, 'w_time': 1.0}",5,27560.964318116272,19547.36662682825,39222.82823753973,28659.5290313941,10.2232860464758,6.306130405779397,1.0478166917972787,0.7811333149530744
SparseGP_RFF,"(1, 2, 12)","{'alpha': 0.01, 'gamma_socio': 0.05, 'gamma_space': 0.1, 'gamma_time': 0.1, 'n_socio': 300, 'n_space': 200, 'n_time': 500, 'w_socio': 1.0, 'w_space': 1.0, 'w_time': 1.0}",5,27557.42458984341,12304.218443753429,39239.28245536522,18687.102058509292,10.669912431783612,4.309118476251608,1.0923630972215248,0.4774177529516424
SparseGP_RFF,"(1, 2, 12)","{'alpha': 0.001, 'gamma_socio': 0.05, 'gamma_space': 0.05, 'gamma_time': 0.1, 'n_socio': 300, 'n_space': 500, 'n_time': 500, 'w_socio': 1.0, 'w_space': 1.0, 'w_time': 1.0}",5,27589.56488250207,12342.425514635148,39239.40399448899,18735.006962826697,10.673764414361404,4.304993342739897,1.0936589203754457,0.4788806453888785
SparseGP_RFF,"(1, 2, 12, 24)","{'alpha': 0.1, 'gamma_socio': 0.05, 'gamma_space': 0.1, 'gamma_time': 0.05, 'n_socio': 300, 'n_space': 200, 'n_time': 200, 'w_socio': 1.0, 'w_space': 1.0, 'w_time': 1.0}",5,27583.458895216056,19758.976408825518,39241.70986921397,28883.832481668465,10.214250570001846,6.352916586906196,1.0488423852155144,0.7892312360581656
SparseGP_RFF,"(1, 2, 3, 12, 24)","{'alpha': 0.1, 'gamma_socio': 0.05, 'gamma_space': 0.05, 'gamma_time': 0.1, 'n_socio': 300, 'n_space': 500, 'n_time': 500, 'w_socio': 1.0, 'w_space': 1.0, 'w_time': 1.0}",5,27760.9421605019,18675.71418346695,39256.50374606084,27837.691360202338,10.544205403244202,6.092463530872011,1.0544384089304244,0.7487595397355536
SparseGP_RFF,"(1, 2, 12)","{'alpha': 0.001, 'gamma_socio': 0.05, 'gamma_space': 0.05, 'gamma_time': 0.1, 'n_socio': 300, 'n_space': 200, 'n_time': 500, 'w_socio': 1.0, 'w_space': 1.0, 'w_time': 1.0}",5,27602.75163304205,12287.892213870276,39269.04601374539,18734.63528761863,10.676876436653796,4.279916840993803,1.0942150885943334,0.47680754567475253
SparseGP_RFF,"(1, 2, 3, 12, 24)","{'alpha': 0.1, 'gamma_socio': 0.05, 'gamma_space': 0.1, 'gamma_time': 0.1, 'n_socio': 300, 'n_space': 200, 'n_time': 500, 'w_socio': 1.0, 'w_space': 1.0, 'w_time': 1.0}",5,27810.496271096938,18886.441893866788,39284.1235237955,28090.085253481036,10.542079501259261,6.1254176646102705,1.0565462836854036,0.7569020450193269
SparseGP_RFF,"(1, 2, 3, 12, 24)","{'alpha': 0.01, 'gamma_socio': 0.05, 'gamma_space': 0.1, 'gamma_time': 0.05, 'n_socio': 300, 'n_space': 200, 'n_time': 200, 'w_socio': 1.0, 'w_space': 1.0, 'w_time': 1.0}",5,26684.748827944655,21620.319934871208,39289.46757733853,32652.04875425163,9.55209500873827,6.692695360765877,1.0150231620885395,0.8586782619704344
SparseGP_RFF,"(1, 2, 12, 24)","{'alpha': 0.1, 'gamma_socio': 0.05, 'gamma_space': 0.05, 'gamma_time': 0.05, 'n_socio': 300, 'n_space': 200, 'n_time': 200, 'w_socio': 1.0, 'w_space': 1.0, 'w_time': 1.0}",5,27583.84799763515,19645.148535043125,39291.80771048359,28858.041533376378,10.231277490221538,6.330343660580148,1.0487804458852128,0.7848882765963133
SparseGP_RFF,"(1, 2, 3, 12, 24)","{'alpha': 0.1, 'gamma_socio': 0.05, 'gamma_space': 0.05, 'gamma_time': 0.1, 'n_socio': 300, 'n_space': 200, 'n_time': 500, 'w_socio': 1.0, 'w_space': 1.0, 'w_time': 1.0}",5,27804.621417834413,18791.01920129009,39339.61756592232,28050.132508564315,10.561967389552462,6.125184887442486,1.0561895894696807,0.7532036291584142
SparseGP_RFF,"(1, 2, 3, 4, 5, 6, 12, 24)","{'alpha': 0.1, 'gamma_socio': 0.05, 'gamma_space': 0.1, 'gamma_time': 0.1, 'n_socio': 300, 'n_space': 500, 'n_time': 500, 'w_socio': 1.0, 'w_space': 1.0, 'w_time': 1.0}",5,27698.151394898083,19184.385917709067,39349.02999910571,28557.044743542014,10.446616796786994,6.2066923428069,1.0486891702224876,0.765568270769107
SparseGP_RFF,"(1, 2, 3, 12, 24)","{'alpha': 0.01, 'gamma_socio': 0.05, 'gamma_space': 0.05, 'gamma_time': 0.05, 'n_socio': 300, 'n_space': 200, 'n_time': 200, 'w_socio': 1.0, 'w_space': 1.0, 'w_time': 1.0}",5,26800.059513803386,21653.1117705698,39399.39324787785,32679.767794846113,9.591912167582992,6.687143496599931,1.0192616432948778,0.8600481334618071
SparseGP_RFF,"(1, 2, 3, 12, 24)","{'alpha': 0.001, 'gamma_socio': 0.05, 'gamma_space': 0.1, 'gamma_time': 0.1, 'n_socio': 300, 'n_space': 500, 'n_time': 500, 'w_socio': 1.0, 'w_space': 1.0, 'w_time': 1.0}",5,27880.04741881815,18652.13719657881,39410.80845413501,27810.560958782364,10.557003541109239,6.01695055221275,1.05886396623633,0.748097366018546
SparseGP_RFF,"(1, 2, 3, 12, 24)","{'alpha': 0.001, 'gamma_socio': 0.05, 'gamma_space': 0.05, 'gamma_time': 0.05, 'n_socio': 300, 'n_space': 200, 'n_time': 200, 'w_socio': 1.0, 'w_space': 1.0, 'w_time': 1.0}",5,26763.519756205187,21688.09904879415,39413.34761203122,32852.376924188924,9.574084853187301,6.685159003755699,1.0179553836347999,0.8613510216139473
SparseGP_RFF,"(1, 2, 3, 4, 5, 6, 12, 24)","{'alpha': 0.1, 'gamma_socio': 0.05, 'gamma_space': 0.1, 'gamma_time': 0.1, 'n_socio': 300, 'n_space': 500, 'n_time': 200, 'w_socio': 1.0, 'w_space': 1.0, 'w_time': 1.0}",5,27784.45895680586,20093.70195367224,39415.667396609235,29585.41036186567,10.402309220288315,6.648599701522953,1.054629174304765,0.8017152173721274
SparseGP_RFF,"(1, 2, 12, 24)","{'alpha': 0.01, 'gamma_socio': 0.05, 'gamma_space': 0.1, 'gamma_time': 0.05, 'n_socio': 300, 'n_space': 500, 'n_time': 200, 'w_socio': 1.0, 'w_space': 1.0, 'w_time': 1.0}",5,27550.25136551979,20163.64651578891,39417.48777446325,29537.40257543807,10.119726774767647,6.417460810661852,1.0476298254352714,0.8045157588701815
SparseGP_RFF,"(1, 2, 3, 4, 5, 6, 12, 24)","{'alpha': 0.001, 'gamma_socio': 0.05, 'gamma_space': 0.1, 'gamma_time': 0.1, 'n_socio': 300, 'n_space': 500, 'n_time': 500, 'w_socio': 1.0, 'w_space': 1.0, 'w_time': 1.0}",5,27700.089218288304,19261.184925035315,39443.92884436912,28552.726979674153,10.488023129632763,6.2418986209477945,1.048349368856735,0.7682923857648889
SparseGP_RFF,"(1, 2, 3, 4, 5, 6, 12, 24)","{'alpha': 0.1, 'gamma_socio': 0.05, 'gamma_space': 0.05, 'gamma_time': 0.1, 'n_socio': 300, 'n_space': 500, 'n_time': 500, 'w_socio': 1.0, 'w_space': 1.0, 'w_time': 1.0}",5,27737.195627915487,18873.520550213438,39450.49984941645,28286.18662210766,10.521074855117098,6.156808029998485,1.0499797482499313,0.753719807751759
SparseGP_RFF,"(1, 2, 3, 4, 5, 6, 12, 24)","{'alpha': 0.1, 'gamma_socio': 0.05, 'gamma_space': 0.05, 'gamma_time': 0.1, 'n_socio': 300, 'n_space': 500, 'n_time': 200, 'w_socio': 1.0, 'w_space': 1.0, 'w_time': 1.0}",5,27725.278167230612,19709.772861648602,39453.79118464262,29295.127036484973,10.410932861673299,6.551765352050927,1.0521952355131892,0.7870239632381003
SparseGP_RFF,"(1, 2, 3, 4, 5, 6, 12, 24)","{'alpha': 0.1, 'gamma_socio': 0.05, 'gamma_space': 0.1, 'gamma_time': 0.1, 'n_socio': 300, 'n_space': 200, 'n_time': 500, 'w_socio': 1.0, 'w_space': 1.0, 'w_time': 1.0}",5,27722.169397579855,19245.723443278835,39458.70987995349,28774.246848515937,10.454154591637357,6.2137168034352985,1.049612985920958,0.7679406685468375
SparseGP_RFF,"(1, 2, 12, 24)","{'alpha': 0.01, 'gamma_socio': 0.05, 'gamma_space': 0.1, 'gamma_time': 0.05, 'n_socio': 300, 'n_space': 200, 'n_time': 200, 'w_socio': 1.0, 'w_space': 1.0, 'w_time': 1.0}",5,27582.7465736177,20185.4325190353,39490.00667855863,29672.592460326618,10.1337009732491,6.4333418817803345,1.048898794121606,0.8054065050389627
SparseGP_RFF,"(1, 2, 3, 12, 24)","{'alpha': 0.001, 'gamma_socio': 0.05, 'gamma_space': 0.05, 'gamma_time': 0.05, 'n_socio': 300, 'n_space': 500, 'n_time': 200, 'w_socio': 1.0, 'w_space': 1.0, 'w_time': 1.0}",5,26842.216391190537,21831.396120535373,39490.23242377637,32923.02559268814,9.604320678643669,6.734603818393955,1.0210487178187297,0.8669335892477823
SparseGP_RFF,"(1, 2, 12, 24)","{'alpha': 0.01, 'gamma_socio': 0.05, 'gamma_space': 0.05, 'gamma_time': 0.05, 'n_socio': 300, 'n_space': 200, 'n_time': 200, 'w_socio': 1.0, 'w_space': 1.0, 'w_time': 1.0}",5,27575.815763347055,20139.715774573702,39493.772731173165,29702.70923088953,10.134402284914412,6.404715895728142,1.0484542866373154,0.8035776468736925
SparseGP_RFF,"(1, 2, 3, 4, 5, 6, 12, 24)","{'alpha': 0.1, 'gamma_socio': 0.05, 'gamma_space': 0.1, 'gamma_time': 0.1, 'n_socio': 300, 'n_space': 200, 'n_time': 200, 'w_socio': 1.0, 'w_space': 1.0, 'w_time': 1.0}",5,27790.94157012566,20086.07197610946,39495.142974379196,29735.702059982024,10.405154307451621,6.629578111958004,1.0548718490491755,0.8014342408471368
SparseGP_RFF,"(1, 2, 3, 12, 24)","{'alpha': 0.01, 'gamma_socio': 0.05, 'gamma_space': 0.05, 'gamma_time': 0.05, 'n_socio': 300, 'n_space': 500, 'n_time': 200, 'w_socio': 1.0, 'w_space': 1.0, 'w_time': 1.0}",5,26892.592810873204,21822.83991544049,39507.19046119628,32865.17292932195,9.621064459464678,6.741266728654604,1.0228563298583708,0.8666490392536778
SparseGP_RFF,"(1, 2, 12)","{'alpha': 0.01, 'gamma_socio': 0.05, 'gamma_space': 0.05, 'gamma_time': 0.1, 'n_socio': 300, 'n_space': 200, 'n_time': 500, 'w_socio': 1.0, 'w_space': 1.0, 'w_time': 1.0}",5,27768.885830955092,12338.056820856433,39530.46004310917,18900.22589628381,10.74265881976459,4.308201417540307,1.1008119109670946,0.4787549252704951
SparseGP_RFF,"(1, 2, 3, 4, 5, 6, 12, 24)","{'alpha': 0.1, 'gamma_socio': 0.05, 'gamma_space': 0.05, 'gamma_time': 0.1, 'n_socio': 300, 'n_space': 200, 'n_time': 200, 'w_socio': 1.0, 'w_space': 1.0, 'w_time': 1.0}",5,27754.2781494216,19788.170970005733,39537.14632917108,29494.670970855655,10.41687867132497,6.557106158743678,1.0533628371383688,0.7900546741977716
SparseGP_RFF,"(1, 2, 3, 4, 5, 6, 12, 24)","{'alpha': 0.1, 'gamma_socio': 0.05, 'gamma_space': 0.05, 'gamma_time': 0.1, 'n_socio': 300, 'n_space': 200, 'n_time': 500, 'w_socio': 1.0, 'w_space': 1.0, 'w_time': 1.0}",5,27769.047702806805,18982.996986184164,39537.40666337505,28518.542412936025,10.527530221832198,6.178493893734045,1.0513124486540775,0.7579735210303261
SparseGP_RFF,"(1, 2, 12)","{'alpha': 0.01, 'gamma_socio': 0.05, 'gamma_space': 0.05, 'gamma_time': 0.1, 'n_socio': 300, 'n_space': 500, 'n_time': 500, 'w_socio': 1.0, 'w_space': 1.0, 'w_time': 1.0}",5,27810.194382361406,12421.064428625197,39548.30426664094,18935.443167526275,10.75751658025411,4.347017612334611,1.1023737240301046,0.48183738063237186
SparseGP_RFF,"(1, 2, 12, 24)","{'alpha': 0.001, 'gamma_socio': 0.05, 'gamma_space': 0.05, 'gamma_time': 0.05, 'n_socio': 300, 'n_space': 200, 'n_time': 200, 'w_socio': 1.0, 'w_space': 1.0, 'w_time': 1.0}",5,27638.112656702753,20283.341903850767,39577.02641355591,29879.943638494984,10.142404598409462,6.441069618930773,1.0509699767665706,0.8091658405250534
SparseGP_RFF,"(1, 2, 12, 24)","{'alpha': 0.01, 'gamma_socio': 0.05, 'gamma_space': 0.05, 'gamma_time': 0.05, 'n_socio': 300, 'n_space': 500, 'n_time': 200, 'w_socio': 1.0, 'w_space': 1.0, 'w_time': 1.0}",5,27666.58441428324,20302.16684291491,39597.0120654167,29856.723770935976,10.163293592516526,6.460271961828725,1.0519584789073158,0.8098731266133761
SparseGP_RFF,"(1, 2, 12, 24)","{'alpha': 0.001, 'gamma_socio': 0.05, 'gamma_space': 0.05, 'gamma_time': 0.05, 'n_socio': 300, 'n_space': 500, 'n_time': 200, 'w_socio': 1.0, 'w_space': 1.0, 'w_time': 1.0}",5,27709.04309611526,20421.221207769577,39649.30745582322,29952.34917194906,10.167160515451416,6.486186948947424,1.053719056392676,0.8145063013247109
SparseGP_RFF,"(1, 2, 12)","{'alpha': 0.1, 'gamma_socio': 0.05, 'gamma_space': 0.1, 'gamma_time': 0.1, 'n_socio': 300, 'n_space': 500, 'n_time': 500, 'w_socio': 1.0, 'w_space': 1.0, 'w_time': 1.0}",5,27949.688734961423,12609.359836492486,39651.85943150178,18886.652987602767,10.867191639083183,4.470506095648893,1.1076668825622131,0.488808241100108
SparseGP_RFF,"(1, 2, 3, 12, 24)","{'alpha': 0.001, 'gamma_socio': 0.05, 'gamma_space': 0.1, 'gamma_time': 0.1, 'n_socio': 300, 'n_space': 200, 'n_time': 500, 'w_socio': 1.0, 'w_space': 1.0, 'w_time': 1.0}",5,28032.81958928804,18843.91567058147,39662.18703229145,28223.025420072474,10.62614182809477,6.108988435147091,1.0647054169837553,0.7555760370081958
SparseGP_RFF,"(1, 2, 12)","{'alpha': 0.1, 'gamma_socio': 0.05, 'gamma_space': 0.1, 'gamma_time': 0.1, 'n_socio': 300, 'n_space': 200, 'n_time': 500, 'w_socio': 1.0, 'w_space': 1.0, 'w_time': 1.0}",5,27949.547751122205,12614.16055510854,39687.24523382991,18939.59004302509,10.867120633395704,4.459832180574121,1.107707101547951,0.4891220206595729
SparseGP_RFF,"(1, 2, 3, 4, 5, 6, 12, 24)","{'alpha': 0.001, 'gamma_socio': 0.05, 'gamma_space': 0.1, 'gamma_time': 0.1, 'n_socio': 300, 'n_space': 500, 'n_time': 200, 'w_socio': 1.0, 'w_space': 1.0, 'w_time': 1.0}",5,27948.704792535438,20147.86152626313,39690.70871664979,29709.69797847,10.514599939528633,6.671022981472557,1.060715775382413,0.8039509524161319
SparseGP_RFF,"(1, 2, 3, 12, 24)","{'alpha': 0.1, 'gamma_socio': 0.05, 'gamma_space': 0.1, 'gamma_time': 0.1, 'n_socio': 300, 'n_space': 500, 'n_time': 200, 'w_socio': 1.0, 'w_space': 1.0, 'w_time': 1.0}",5,27488.752590650973,20926.39095181247,39814.67100008287,31854.637980500447,10.057456126407384,6.476499875183497,1.0456432948577645,0.8334446345606384
SparseGP_RFF,"(1, 2, 3, 12, 24)","{'alpha': 0.01, 'gamma_socio': 0.05, 'gamma_space': 0.1, 'gamma_time': 0.1, 'n_socio': 300, 'n_space': 500, 'n_time': 500, 'w_socio': 1.0, 'w_space': 1.0, 'w_time': 1.0}",5,28171.655945172726,19137.25371927178,39823.918655085785,28600.43038201205,10.653397042125773,6.156101431458876,1.0701515848429974,0.7668848506115598
SparseGP_RFF,"(1, 2, 3, 4, 5, 6, 12, 24)","{'alpha': 0.001, 'gamma_socio': 0.05, 'gamma_space': 0.1, 'gamma_time': 0.1, 'n_socio': 300, 'n_space': 200, 'n_time': 500, 'w_socio': 1.0, 'w_space': 1.0, 'w_time': 1.0}",5,27919.537901432814,19427.844360175248,39834.01649804281,29111.190359946253,10.5702507983179,6.287160035521945,1.0567444841009144,0.7749491525842723
SparseGP_RFF,"(1, 2, 3, 12, 24)","{'alpha': 0.1, 'gamma_socio': 0.05, 'gamma_space': 0.05, 'gamma_time': 0.1, 'n_socio': 300, 'n_space': 500, 'n_time': 200, 'w_socio': 1.0, 'w_space': 1.0, 'w_time': 1.0}",5,27513.91865260055,20810.761677261344,39888.797663975776,31734.75481906808,10.096751709300113,6.468401123065675,1.046447532704994,0.8290466644773721
SparseGP_RFF,"(1, 2, 3, 12, 24)","{'alpha': 0.1, 'gamma_socio': 0.05, 'gamma_space': 0.1, 'gamma_time': 0.1, 'n_socio': 300, 'n_space': 200, 'n_time': 200, 'w_socio': 1.0, 'w_space': 1.0, 'w_time': 1.0}",5,27498.114523789758,20966.732555716575,39894.92484993207,32025.424370034987,10.063396724848321,6.480216993938415,1.0459653386886176,0.8349806615061773
SparseGP_RFF,"(1, 2, 3, 12, 24)","{'alpha': 0.01, 'gamma_socio': 0.05, 'gamma_space': 0.1, 'gamma_time': 0.1, 'n_socio': 300, 'n_space': 200, 'n_time': 500, 'w_socio': 1.0, 'w_space': 1.0, 'w_time': 1.0}",5,28217.390050793725,19222.91692049477,39905.441956020266,28785.588348145826,10.675158325776119,6.203124979191917,1.0719073943272086,0.7701898721995678
SparseGP_RFF,"(1, 12, 24)","{'alpha': 0.001, 'gamma_socio': 0.05, 'gamma_space': 0.1, 'gamma_time': 0.1, 'n_socio': 300, 'n_space': 500, 'n_time': 200, 'w_socio': 1.0, 'w_space': 1.0, 'w_time': 1.0}",5,27821.309510211897,18722.749486492165,39911.47065658121,29164.536992696954,10.449435143201653,5.731093097237072,1.0548993528810953,0.7491655058534068
SparseGP_RFF,"(1, 12, 24)","{'alpha': 0.1, 'gamma_socio': 0.05, 'gamma_space': 0.1, 'gamma_time': 0.1, 'n_socio': 300, 'n_space': 500, 'n_time': 200, 'w_socio': 1.0, 'w_space': 1.0, 'w_time': 1.0}",5,27852.514886103243,19272.831816929567,39935.654162198145,29850.815321612143,10.38644968823813,5.915670735552716,1.0563390163584925,0.7701405967003186
SparseGP_RFF,"(1, 2, 12)","{'alpha': 0.1, 'gamma_socio': 0.05, 'gamma_space': 0.05, 'gamma_time': 0.1, 'n_socio': 300, 'n_space': 200, 'n_time': 500, 'w_socio': 1.0, 'w_space': 1.0, 'w_time': 1.0}",5,28175.23516629134,12549.183824864358,39938.26243511666,18937.52178730628,10.955527557344894,4.45719729215993,1.1168058779825183,0.4867538764730593
SparseGP_RFF,"(1, 2, 3, 12, 24)","{'alpha': 0.001, 'gamma_socio': 0.05, 'gamma_space': 0.1, 'gamma_time': 0.1, 'n_socio': 300, 'n_space': 500, 'n_time': 200, 'w_socio': 1.0, 'w_space': 1.0, 'w_time': 1.0}",5,27558.96210547716,20625.653342338337,39952.6395465062,31469.471664602454,10.151686520966587,6.371224225634094,1.0481976816106717,0.8220967989263405
SparseGP_RFF,"(1, 2, 12)","{'alpha': 0.1, 'gamma_socio': 0.05, 'gamma_space': 0.05, 'gamma_time': 0.1, 'n_socio': 300, 'n_space': 500, 'n_time': 500, 'w_socio': 1.0, 'w_space': 1.0, 'w_time': 1.0}",5,28191.798877734283,12551.662075193824,39955.3202134972,18926.17906334917,10.960263314730382,4.466679222087904,1.1173785773686846,0.4866470635581027
SparseGP_RFF,"(1, 2, 3, 12, 24)","{'alpha': 0.01, 'gamma_socio': 0.05, 'gamma_space': 0.05, 'gamma_time': 0.1, 'n_socio': 300, 'n_space': 200, 'n_time': 500, 'w_socio': 1.0, 'w_space': 1.0, 'w_time': 1.0}",5,28197.47011301191,19220.73439437889,39966.77158795514,28881.538408267323,10.656962916016196,6.167759194090388,1.0708886194996743,0.7698803134252847
SparseGP_RFF,"(1, 2, 3, 12, 24)","{'alpha': 0.1, 'gamma_socio': 0.05, 'gamma_space': 0.05, 'gamma_time': 0.1, 'n_socio': 300, 'n_space': 200, 'n_time': 200, 'w_socio': 1.0, 'w_space': 1.0, 'w_time': 1.0}",5,27550.523121897975,20933.965216528533,39976.09326446448,31970.569991616492,10.108806211474008,6.49528784336987,1.0478682531134997,0.8337742520223672
SparseGP_RFF,"(1, 12, 24)","{'alpha': 0.1, 'gamma_socio': 0.05, 'gamma_space': 0.05, 'gamma_time': 0.1, 'n_socio': 300, 'n_space': 500, 'n_time': 200, 'w_socio': 1.0, 'w_space': 1.0, 'w_time': 1.0}",5,27864.215504997577,19234.17723089557,39988.2593636556,29802.54094390388,10.415213770818749,5.9404328600526775,1.056804538741228,0.7686815705088843
SparseGP_RFF,"(1, 12, 24)","{'alpha': 0.1, 'gamma_socio': 0.05, 'gamma_space': 0.1, 'gamma_time': 0.1, 'n_socio': 300, 'n_space': 200, 'n_time': 200, 'w_socio': 1.0, 'w_space': 1.0, 'w_time': 1.0}",5,27854.299029353268,19354.103515242943,40015.71063584626,30063.9481395166,10.384255194353331,5.93606003975631,1.0564510879820799,0.7732408742424072
SparseGP_RFF,"(1, 2, 3, 4, 5, 6, 12, 24)","{'alpha': 0.001, 'gamma_socio': 0.05, 'gamma_space': 0.1, 'gamma_time': 0.1, 'n_socio': 300, 'n_space': 200, 'n_time': 200, 'w_socio': 1.0, 'w_space': 1.0, 'w_time': 1.0}",5,28085.753576099734,20182.8388767663,40020.97226220836,30152.87245708212,10.564256815174472,6.667411370591596,1.0659212158490254,0.8054892985573081
SparseGP_RFF,"(1, 2, 3, 4, 5, 6, 12, 24)","{'alpha': 0.01, 'gamma_socio': 0.05, 'gamma_space': 0.1, 'gamma_time': 0.1, 'n_socio': 300, 'n_space': 500, 'n_time': 500, 'w_socio': 1.0, 'w_space': 1.0, 'w_time': 1.0}",5,28093.947797844645,19704.66751937553,40023.35354767151,29456.354318589965,10.600811531202545,6.3364213829522,1.0635316092209428,0.7857832049615706
SparseGP_RFF,"(1, 2, 3, 12, 24)","{'alpha': 0.01, 'gamma_socio': 0.05, 'gamma_space': 0.05, 'gamma_time': 0.1, 'n_socio': 300, 'n_space': 500, 'n_time': 500, 'w_socio': 1.0, 'w_space': 1.0, 'w_time': 1.0}",5,28256.455716781136,19332.487926986712,40030.379757076,28991.257870458838,10.671816256977188,6.205791728840502,1.0732845573177319,0.7742666815363316
SparseGP_RFF,"(1, 12, 24)","{'alpha': 0.1, 'gamma_socio': 0.05, 'gamma_space': 0.05, 'gamma_time': 0.1, 'n_socio': 300, 'n_space': 200, 'n_time': 200, 'w_socio': 1.0, 'w_space': 1.0, 'w_time': 1.0}",5,27883.890404001366,19361.939470642046,40056.3532801701,30019.9138570126,10.419574902695837,5.973529385694485,1.0576709316584674,0.7735957222487498
SparseGP_RFF,"(1, 2, 3, 12, 24)","{'alpha': 0.001, 'gamma_socio': 0.05, 'gamma_space': 0.05, 'gamma_time': 0.1, 'n_socio': 300, 'n_space': 200, 'n_time': 500, 'w_socio': 1.0, 'w_space': 1.0, 'w_time': 1.0}",5,28309.25810349261,19320.25090604598,40066.58291630918,29019.507177616913,10.697763092113645,6.200368801736271,1.0753684198970164,0.7739700887232679
SparseGP_RFF,"(1, 2, 3, 12, 24)","{'alpha': 0.001, 'gamma_socio': 0.05, 'gamma_space': 0.05, 'gamma_time': 0.1, 'n_socio': 300, 'n_space': 500, 'n_time': 500, 'w_socio': 1.0, 'w_space': 1.0, 'w_time': 1.0}",5,28365.22811195595,19404.170830872095,40117.118077542014,29045.604471909046,10.714695182239062,6.222407956470306,1.077610721844866,0.7772804344285064
SparseGP_RFF,"(1, 2, 3, 4, 5, 6, 12, 24)","{'alpha': 0.01, 'gamma_socio': 0.05, 'gamma_space': 0.1, 'gamma_time': 0.1, 'n_socio': 300, 'n_space': 200, 'n_time': 500, 'w_socio': 1.0, 'w_space': 1.0, 'w_time': 1.0}",5,28174.063312450384,19789.123447458827,40196.9158320693,29768.123622464613,10.625806374609795,6.353971051582677,1.0665946134339277,0.7890995212163241
SparseGP_RFF,"(1, 2, 3, 4, 5, 6, 12, 24)","{'alpha': 0.01, 'gamma_socio': 0.05, 'gamma_space': 0.1, 'gamma_time': 0.1, 'n_socio': 300, 'n_space': 500, 'n_time': 200, 'w_socio': 1.0, 'w_space': 1.0, 'w_time': 1.0}",5,28276.88211580012,20579.74194667646,40218.32801596234,30571.06525557997,10.595889842834861,6.749999473776362,1.0734148341581151,0.8208798633548459
SparseGP_RFF,"(1, 12, 24)","{'alpha': 0.001, 'gamma_socio': 0.05, 'gamma_space': 0.1, 'gamma_time': 0.1, 'n_socio': 300, 'n_space': 200, 'n_time': 200, 'w_socio': 1.0, 'w_space': 1.0, 'w_time': 1.0}",5,27995.668089653424,18845.443347202043,40241.18412407901,29598.598906366875,10.51757940154617,5.770366072473511,1.0615527034879872,0.7540896933514618
SparseGP_RFF,"(1, 2, 3, 12, 24)","{'alpha': 0.001, 'gamma_socio': 0.05, 'gamma_space': 0.1, 'gamma_time': 0.1, 'n_socio': 300, 'n_space': 200, 'n_time': 200, 'w_socio': 1.0, 'w_space': 1.0, 'w_time': 1.0}",5,27726.174134317786,20717.047890776877,40274.829300454745,31884.949438019958,10.209985083019887,6.385276353232738,1.054510295103804,0.8258033489040867
SparseGP_RFF,"(1, 2, 3, 4, 5, 6, 12, 24)","{'alpha': 0.01, 'gamma_socio': 0.05, 'gamma_space': 0.05, 'gamma_time': 0.1, 'n_socio': 300, 'n_space': 200, 'n_time': 500, 'w_socio': 1.0, 'w_space': 1.0, 'w_time': 1.0}",5,28219.007595628726,19610.057423874005,40280.284468095975,29661.163605074624,10.64286179795364,6.2582430483032265,1.0682083462163532,0.7823017217628078
SparseGP_RFF,"(1, 2, 3, 4, 5, 6, 12, 24)","{'alpha': 0.001, 'gamma_socio': 0.05, 'gamma_space': 0.05, 'gamma_time': 0.1, 'n_socio': 300, 'n_space': 500, 'n_time': 500, 'w_socio': 1.0, 'w_space': 1.0, 'w_time': 1.0}",5,28287.184035837312,19956.750498963866,40323.86565988786,29917.91412795598,10.663587599710233,6.396333777357221,1.0709761621533782,0.7956674195218089
SparseGP_RFF,"(1, 2, 3, 4, 5, 6, 12, 24)","{'alpha': 0.001, 'gamma_socio': 0.05, 'gamma_space': 0.05, 'gamma_time': 0.1, 'n_socio': 300, 'n_space': 200, 'n_time': 500, 'w_socio': 1.0, 'w_space': 1.0, 'w_time': 1.0}",5,28259.86139995962,19852.765199102283,40337.403597207565,29966.265181538107,10.650043224120294,6.3460682028280235,1.0698252284516994,0.7916138902142815
SparseGP_RFF,"(1, 2, 3, 4, 5, 6, 12, 24)","{'alpha': 0.01, 'gamma_socio': 0.05, 'gamma_space': 0.05, 'gamma_time': 0.1, 'n_socio': 300, 'n_space': 500, 'n_time': 500, 'w_socio': 1.0, 'w_space': 1.0, 'w_time': 1.0}",5,28293.333858999125,19780.678007828243,40353.88209672373,29808.383547328525,10.66574299492537,6.3241355639373085,1.0711741689971008,0.7889565411306249
SparseGP_RFF,"(1, 2, 3, 4, 5, 6, 12, 24)","{'alpha': 0.01, 'gamma_socio': 0.05, 'gamma_space': 0.1, 'gamma_time': 0.1, 'n_socio': 300, 'n_space': 200, 'n_time': 200, 'w_socio': 1.0, 'w_space': 1.0, 'w_time': 1.0}",5,28318.475352732545,20593.62369196267,40358.8875712086,30826.587922907718,10.604148290942636,6.738133344171695,1.0749916643140114,0.8214671276642144
SparseGP_RFF,"(1, 2, 3, 4, 5, 6, 12, 24)","{'alpha': 0.01, 'gamma_socio': 0.05, 'gamma_space': 0.05, 'gamma_time': 0.1, 'n_socio': 300, 'n_space': 200, 'n_time': 200, 'w_socio': 1.0, 'w_space': 1.0, 'w_time': 1.0}",5,28285.170067267445,20402.691542932138,40383.01114019462,30735.86703134923,10.569013544842425,6.612165054817471,1.073697951285868,0.814170258475533
SparseGP_RFF,"(1, 12, 24)","{'alpha': 0.01, 'gamma_socio': 0.05, 'gamma_space': 0.1, 'gamma_time': 0.1, 'n_socio': 300, 'n_space': 500, 'n_time': 200, 'w_socio': 1.0, 'w_space': 1.0, 'w_time': 1.0}",5,28176.27921511101,19268.780508529926,40441.37458242657,30103.08715030852,10.546231578648255,5.872155384394167,1.068565873669027,0.7704192887405601
SparseGP_RFF,"(1, 2, 3, 4, 5, 6, 12, 24)","{'alpha': 0.01, 'gamma_socio': 0.05, 'gamma_space': 0.05, 'gamma_time': 0.1, 'n_socio': 300, 'n_space': 500, 'n_time': 200, 'w_socio': 1.0, 'w_space': 1.0, 'w_time': 1.0}",5,28382.415539672766,20612.169608819953,40475.1870835638,30900.9340105617,10.604835570114217,6.698487098897426,1.077536105166041,0.8223024827492709
SparseGP_RFF,"(1, 2, 3, 12, 24)","{'alpha': 0.01, 'gamma_socio': 0.05, 'gamma_space': 0.1, 'gamma_time': 0.1, 'n_socio': 300, 'n_space': 500, 'n_time': 200, 'w_socio': 1.0, 'w_space': 1.0, 'w_time': 1.0}",5,27893.216279954773,21127.792061417455,40493.973467312826,32436.09617277927,10.22189067919559,6.467679350761034,1.0610001935402755,0.8416438732516593
SparseGP_RFF,"(1, 2, 3, 4, 5, 6, 12, 24)","{'alpha': 0.001, 'gamma_socio': 0.05, 'gamma_space': 0.05, 'gamma_time': 0.1, 'n_socio': 300, 'n_space': 200, 'n_time': 200, 'w_socio': 1.0, 'w_space': 1.0, 'w_time': 1.0}",5,28387.08343254181,20650.861473278062,40503.31892015845,31058.484486683537,10.613770079934714,6.712500664646258,1.0776005246331735,0.8237315392979767
SparseGP_RFF,"(1, 2, 12, 24)","{'alpha': 0.1, 'gamma_socio': 0.05, 'gamma_space': 0.1, 'gamma_time': 0.1, 'n_socio': 300, 'n_space': 500, 'n_time': 200, 'w_socio': 1.0, 'w_space': 1.0, 'w_time': 1.0}",5,28710.79398038081,20486.968691753988,40507.7742085902,29925.135453206945,10.669174940418632,6.692258308967403,1.0909724584023905,0.8181689197807653
SparseGP_RFF,"(1, 2, 3, 4, 5, 6, 12, 24)","{'alpha': 0.001, 'gamma_socio': 0.05, 'gamma_space': 0.05, 'gamma_time': 0.1, 'n_socio': 300, 'n_space': 500, 'n_time': 200, 'w_socio': 1.0, 'w_space': 1.0, 'w_time': 1.0}",5,28455.926131152624,20802.50655570727,40513.59774751087,31023.57640956538,10.649612939415018,6.78703553237528,1.0803332267114565,0.8296214351390189
SparseGP_RFF,"(1, 2, 12, 24)","{'alpha': 0.1, 'gamma_socio': 0.05, 'gamma_space': 0.05, 'gamma_time': 0.1, 'n_socio': 300, 'n_space': 500, 'n_time': 200, 'w_socio': 1.0, 'w_space': 1.0, 'w_time': 1.0}",5,28637.06686733176,20228.070683157457,40515.34080431071,29765.360402691476,10.661363038150316,6.631034730298709,1.0880736715006245,0.8082163664167047
SparseGP_RFF,"(1, 2, 12, 24)","{'alpha': 0.1, 'gamma_socio': 0.05, 'gamma_space': 0.1, 'gamma_time': 0.1, 'n_socio': 300, 'n_space': 200, 'n_time': 200, 'w_socio': 1.0, 'w_space': 1.0, 'w_time': 1.0}",5,28698.506354280842,20503.50799531957,40561.79430048119,30076.1910522059,10.668866130995463,6.691343617582485,1.0904856286031812,0.8187702003391146
SparseGP_RFF,"(1, 12, 24)","{'alpha': 0.01, 'gamma_socio': 0.05, 'gamma_space': 0.1, 'gamma_time': 0.1, 'n_socio': 300, 'n_space': 200, 'n_time': 200, 'w_socio': 1.0, 'w_space': 1.0, 'w_time': 1.0}",5,28232.516844472535,19360.897624927296,40569.827353307555,30361.344908087427,10.564869805395036,5.903838769113125,1.0707464356391332,0.7740027130700488
SparseGP_RFF,"(1, 2, 12, 24)","{'alpha': 0.1, 'gamma_socio': 0.05, 'gamma_space': 0.05, 'gamma_time': 0.1, 'n_socio': 300, 'n_space': 200, 'n_time': 200, 'w_socio': 1.0, 'w_space': 1.0, 'w_time': 1.0}",5,28650.033820723096,20322.41179793202,40571.23693068852,29971.434145014216,10.66685371690656,6.649504748383004,1.088636990623915,0.8118233865802473
SparseGP_RFF,"(1, 12, 24)","{'alpha': 0.01, 'gamma_socio': 0.05, 'gamma_space': 0.05, 'gamma_time': 0.1, 'n_socio': 300, 'n_space': 200, 'n_time': 200, 'w_socio': 1.0, 'w_space': 1.0, 'w_time': 1.0}",5,28244.268404209404,19368.705788255214,40612.06931980252,30412.289685911557,10.561078514333303,5.882958230363019,1.0710788583959812,0.7742365275825877
SparseGP_RFF,"(1, 2, 3, 12, 24)","{'alpha': 0.01, 'gamma_socio': 0.05, 'gamma_space': 0.1, 'gamma_time': 0.1, 'n_socio': 300, 'n_space': 200, 'n_time': 200, 'w_socio': 1.0, 'w_space': 1.0, 'w_time': 1.0}",5,27944.799525605496,21185.482617626025,40625.159502834584,32674.727156384397,10.239238989673998,6.481377895921215,1.0629665606515841,0.8439094932958621
SparseGP_RFF,"(1, 2, 3, 12, 24)","{'alpha': 0.01, 'gamma_socio': 0.05, 'gamma_space': 0.05, 'gamma_time': 0.1, 'n_socio': 300, 'n_space': 200, 'n_time': 200, 'w_socio': 1.0, 'w_space': 1.0, 'w_time': 1.0}",5,27957.520309923282,21171.51778041089,40687.19633831819,32747.603856893762,10.230519184883363,6.438121486627267,1.0633203017145516,0.8433465791800446
SparseGP_RFF,"(1, 12, 24)","{'alpha': 0.001, 'gamma_socio': 0.05, 'gamma_space': 0.05, 'gamma_time': 0.1, 'n_socio': 300, 'n_space': 200, 'n_time': 200, 'w_socio': 1.0, 'w_space': 1.0, 'w_time': 1.0}",5,28338.735806364344,19391.044249710743,40709.9332301587,30494.558765524424,10.605095646021512,5.884084098259571,1.0747449143581949,0.7752710515364476
SparseGP_RFF,"(1, 12, 24)","{'alpha': 0.01, 'gamma_socio': 0.05, 'gamma_space': 0.05, 'gamma_time': 0.1, 'n_socio': 300, 'n_space': 500, 'n_time': 200, 'w_socio': 1.0, 'w_space': 1.0, 'w_time': 1.0}",5,28351.204574243613,19509.94654614073,40718.59748337379,30545.570736576905,10.598100429284147,5.9335133608619355,1.075232605566466,0.7797812411610004
SparseGP_RFF,"(1, 12, 24)","{'alpha': 0.001, 'gamma_socio': 0.05, 'gamma_space': 0.05, 'gamma_time': 0.1, 'n_socio': 300, 'n_space': 500, 'n_time': 200, 'w_socio': 1.0, 'w_space': 1.0, 'w_time': 1.0}",5,28389.684889771677,19486.148800115625,40727.956985774006,30475.41266094309,10.626469632575361,5.922893254870335,1.0767761598526702,0.7789975718359944
SparseGP_RFF,"(1, 2, 12, 24)","{'alpha': 0.001, 'gamma_socio': 0.05, 'gamma_space': 0.1, 'gamma_time': 0.1, 'n_socio': 300, 'n_space': 500, 'n_time': 200, 'w_socio': 1.0, 'w_space': 1.0, 'w_time': 1.0}",5,28801.04796079481,20401.964891403644,40737.029798609336,29927.25439427352,10.72807005057097,6.619349967192884,1.0939749252946336,0.814986433995072
SparseGP_RFF,"(1, 2, 3, 12, 24)","{'alpha': 0.001, 'gamma_socio': 0.05, 'gamma_space': 0.05, 'gamma_time': 0.1, 'n_socio': 300, 'n_space': 200, 'n_time': 200, 'w_socio': 1.0, 'w_space': 1.0, 'w_time': 1.0}",5,28030.01117625564,21243.817049448753,40772.63407403167,32893.237588247255,10.26133102222738,6.463862893520914,1.0661728069428769,0.8462383570473212
SparseGP_RFF,"(1, 2, 3, 12, 24)","{'alpha': 0.01, 'gamma_socio': 0.05, 'gamma_space': 0.05, 'gamma_time': 0.1, 'n_socio': 300, 'n_space': 500, 'n_time': 200, 'w_socio': 1.0, 'w_space': 1.0, 'w_time': 1.0}",5,28053.709682026314,21334.37549869842,40792.08459001574,32906.16610602685,10.260664853295983,6.497224247336335,1.067121564050485,0.8497031140046228
SparseGP_RFF,"(1, 2, 3, 12, 24)","{'alpha': 0.001, 'gamma_socio': 0.05, 'gamma_space': 0.05, 'gamma_time': 0.1, 'n_socio': 300, 'n_space': 500, 'n_time': 200, 'w_socio': 1.0, 'w_space': 1.0, 'w_time': 1.0}",5,28098.15722412056,21368.384384710043,40808.156574503155,32893.19919075666,10.288067044773914,6.513984341717125,1.0688836559217714,0.8510931082727177
SparseGP_RFF,"(1, 12, 24)","{'alpha': 0.001, 'gamma_socio': 0.05, 'gamma_space': 0.1, 'gamma_time': 0.05, 'n_socio': 300, 'n_space': 500, 'n_time': 200, 'w_socio': 1.0, 'w_space': 1.0, 'w_time': 1.0}",5,28259.763506425144,21966.370926897467,40934.33794407219,32963.456580873055,10.133242750417589,6.590851247731716,1.0750294984045994,0.8741902968672709
SparseGP_RFF,"(1, 2, 12, 24)","{'alpha': 0.001, 'gamma_socio': 0.05, 'gamma_space': 0.1, 'gamma_time': 0.1, 'n_socio': 300, 'n_space': 200, 'n_time': 200, 'w_socio': 1.0, 'w_space': 1.0, 'w_time': 1.0}",5,28934.52121532395,20476.1020988599,41032.04442164095,30319.351761681053,10.782476311780982,6.645486499581274,1.098878480549893,0.8179095590654805
SparseGP_RFF,"(1, 2, 12, 24)","{'alpha': 0.001, 'gamma_socio': 0.05, 'gamma_space': 0.1, 'gamma_time': 0.1, 'n_socio': 300, 'n_space': 500, 'n_time': 500, 'w_socio': 1.0, 'w_space': 1.0, 'w_time': 1.0}",5,28668.71889287387,21085.19415173463,41088.78266961625,31367.003919012386,10.40022939906227,6.502418271801355,1.0926796861631238,0.8424070755841555
SparseGP_RFF,"(1, 2, 3, 12)","{'alpha': 0.001, 'gamma_socio': 0.05, 'gamma_space': 0.1, 'gamma_time': 0.05, 'n_socio': 300, 'n_space': 500, 'n_time': 500, 'w_socio': 1.0, 'w_space': 1.0, 'w_time': 1.0}",5,29096.641913968873,13145.6728085177,41220.047274353405,19344.352136067224,11.410133775684693,4.609955760066412,1.1521794709573887,0.5119791094586149
SparseGP_RFF,"(1, 12, 24)","{'alpha': 0.001, 'gamma_socio': 0.05, 'gamma_space': 0.1, 'gamma_time': 0.05, 'n_socio': 300, 'n_space': 200, 'n_time': 200, 'w_socio': 1.0, 'w_space': 1.0, 'w_time': 1.0}",5,28503.097424886866,22188.6163845077,41224.424028741654,33310.730259772834,10.217994049001955,6.645739905243395,1.0842356880414423,0.8829585873455948
SparseGP_RFF,"(1, 2, 12, 24)","{'alpha': 0.01, 'gamma_socio': 0.05, 'gamma_space': 0.1, 'gamma_time': 0.1, 'n_socio': 300, 'n_space': 500, 'n_time': 200, 'w_socio': 1.0, 'w_space': 1.0, 'w_time': 1.0}",5,29127.109036450238,20863.455160722162,41228.57324943622,30764.139827549014,10.822024247084094,6.734332493909166,1.106481238139065,0.8329431927293461
SparseGP_RFF,"(1, 2, 12, 24)","{'alpha': 0.001, 'gamma_socio': 0.05, 'gamma_space': 0.1, 'gamma_time': 0.1, 'n_socio': 300, 'n_space': 200, 'n_time': 500, 'w_socio': 1.0, 'w_space': 1.0, 'w_time': 1.0}",5,28793.04184321182,21227.717925882618,41322.93905721128,31732.237087506415,10.431077131859375,6.531319586250632,1.0974898914774645,0.8480360176948027
SparseGP_RFF,"(1, 2, 12, 24)","{'alpha': 0.01, 'gamma_socio': 0.05, 'gamma_space': 0.1, 'gamma_time': 0.1, 'n_socio': 300, 'n_space': 200, 'n_time': 200, 'w_socio': 1.0, 'w_space': 1.0, 'w_time': 1.0}",5,29156.216889012896,20880.482431809764,41329.50635797016,30951.350455795327,10.833287668909007,6.739214402319853,1.1075291770685283,0.833600712834756
SparseGP_RFF,"(1, 2, 12, 24)","{'alpha': 0.01, 'gamma_socio': 0.05, 'gamma_space': 0.05, 'gamma_time': 0.1, 'n_socio': 300, 'n_space': 200, 'n_time': 200, 'w_socio': 1.0, 'w_space': 1.0, 'w_time': 1.0}",5,29123.145627517835,20770.051323081698,41335.651045815575,30923.11033511082,10.8068890175205,6.661841473142308,1.106199114517083,0.8293233363946114
SparseGP_RFF,"(1, 2, 12, 24)","{'alpha': 0.01, 'gamma_socio': 0.05, 'gamma_space': 0.05, 'gamma_time': 0.1, 'n_socio': 300, 'n_space': 500, 'n_time': 200, 'w_socio': 1.0, 'w_space': 1.0, 'w_time': 1.0}",5,29233.900359043462,20959.509890620247,41451.85951236071,31102.56778274301,10.841082151833788,6.730618057381952,1.1105328767827998,0.8367045659488449
SparseGP_RFF,"(1, 2, 12, 24)","{'alpha': 0.001, 'gamma_socio': 0.05, 'gamma_space': 0.05, 'gamma_time': 0.1, 'n_socio': 300, 'n_space': 200, 'n_time': 200, 'w_socio': 1.0, 'w_space': 1.0, 'w_time': 1.0}",5,29246.42946806519,20954.161462434193,41481.71656065468,31165.218106716653,10.855574292925748,6.726804584365698,1.1109342239984379,0.8365066653001434
SparseGP_RFF,"(1, 2, 12, 24)","{'alpha': 0.001, 'gamma_socio': 0.05, 'gamma_space': 0.05, 'gamma_time': 0.1, 'n_socio': 300, 'n_space': 500, 'n_time': 200, 'w_socio': 1.0, 'w_space': 1.0, 'w_time': 1.0}",5,29320.117529265128,21105.326544354644,41522.75350380497,31197.678471494484,10.88547613008502,6.786403846140048,1.1138604929910716,0.8423963049634365
SparseGP_RFF,"(1, 2, 3, 12)","{'alpha': 0.001, 'gamma_socio': 0.05, 'gamma_space': 0.1, 'gamma_time': 0.05, 'n_socio': 300, 'n_space': 200, 'n_time': 500, 'w_socio': 1.0, 'w_space': 1.0, 'w_time': 1.0}",5,29364.18087670601,13224.351863627571,41599.21578105817,19533.109025321643,11.495660374246706,4.6260288170872474,1.1629699686885062,0.5155986424110874
SparseGP_RFF,"(1, 12, 24)","{'alpha': 0.01, 'gamma_socio': 0.05, 'gamma_space': 0.1, 'gamma_time': 0.05, 'n_socio': 300, 'n_space': 500, 'n_time': 200, 'w_socio': 1.0, 'w_space': 1.0, 'w_time': 1.0}",5,28918.1314856417,22785.384419742913,41624.191873186406,33844.734794033204,10.346611443286525,6.812277949845073,1.1000380170373185,0.9061966788747828
SparseGP_RFF,"(1, 12, 24)","{'alpha': 0.01, 'gamma_socio': 0.05, 'gamma_space': 0.1, 'gamma_time': 0.05, 'n_socio': 300, 'n_space': 200, 'n_time': 200, 'w_socio': 1.0, 'w_space': 1.0, 'w_time': 1.0}",5,29007.65039080681,22915.155928986493,41729.86832107989,34044.14990421624,10.381530633057428,6.858340526554853,1.1034630656414322,0.9112497286265534
SparseGP_RFF,"(1, 2, 12, 24)","{'alpha': 0.01, 'gamma_socio': 0.05, 'gamma_space': 0.1, 'gamma_time': 0.1, 'n_socio': 300, 'n_space': 500, 'n_time': 500, 'w_socio': 1.0, 'w_space': 1.0, 'w_time': 1.0}",5,29205.8229999352,21730.879603497633,41752.5999531542,32285.53289376783,10.577142803821474,6.674642257893146,1.1133215693904153,0.8676883368150872
SparseGP_RFF,"(1, 12, 24)","{'alpha': 0.001, 'gamma_socio': 0.05, 'gamma_space': 0.05, 'gamma_time': 0.05, 'n_socio': 300, 'n_space': 200, 'n_time': 200, 'w_socio': 1.0, 'w_space': 1.0, 'w_time': 1.0}",5,28982.053438332183,22930.833599655467,41766.81465142073,34214.02312271192,10.355418179771362,6.836298146358358,1.1024708523325621,0.9118181885604432
SparseGP_RFF,"(1, 2, 12, 24)","{'alpha': 0.01, 'gamma_socio': 0.05, 'gamma_space': 0.1, 'gamma_time': 0.1, 'n_socio': 300, 'n_space': 200, 'n_time': 500, 'w_socio': 1.0, 'w_space': 1.0, 'w_time': 1.0}",5,29224.717263127393,21814.90059215685,41821.47154316427,32481.266836499737,10.577470721859118,6.70101892738272,1.114134291677224,0.8709253468304199
SparseGP_RFF,"(1, 12, 24)","{'alpha': 0.001, 'gamma_socio': 0.05, 'gamma_space': 0.05, 'gamma_time': 0.05, 'n_socio': 300, 'n_space': 500, 'n_time': 200, 'w_socio': 1.0, 'w_space': 1.0, 'w_time': 1.0}",5,29036.75671445726,23049.920414601016,41831.00600104724,34295.89479855573,10.369635968527195,6.868921383592507,1.104660330354397,0.9164506506026974
SparseGP_RFF,"(1, 12, 24)","{'alpha': 0.01, 'gamma_socio': 0.05, 'gamma_space': 0.05, 'gamma_time': 0.05, 'n_socio': 300, 'n_space': 200, 'n_time': 200, 'w_socio': 1.0, 'w_space': 1.0, 'w_time': 1.0}",5,29215.35896681755,23224.15596820553,41892.67193365258,34218.51563014152,10.448024763392237,6.953397756052072,1.111286744941138,0.9232524137727511
SparseGP_RFF,"(1, 2, 12, 24)","{'alpha': 0.001, 'gamma_socio': 0.05, 'gamma_space': 0.05, 'gamma_time': 0.1, 'n_socio': 300, 'n_space': 200, 'n_time': 500, 'w_socio': 1.0, 'w_space': 1.0, 'w_time': 1.0}",5,29257.13500722869,21824.502236251355,41895.41656041747,32614.442811611432,10.580404125764044,6.6770074517081754,1.1153271614452855,0.8713077084749274
SparseGP_RFF,"(1, 2, 12, 24)","{'alpha': 0.001, 'gamma_socio': 0.05, 'gamma_space': 0.05, 'gamma_time': 0.1, 'n_socio': 300, 'n_space': 500, 'n_time': 500, 'w_socio': 1.0, 'w_space': 1.0, 'w_time': 1.0}",5,29347.086049445224,21947.610720275177,41990.58269451611,32690.923869238006,10.614613127762698,6.714825222200391,1.1188084580748945,0.8761106111017326
SparseGP_RFF,"(1, 12, 24)","{'alpha': 0.01, 'gamma_socio': 0.05, 'gamma_space': 0.05, 'gamma_time': 0.05, 'n_socio': 300, 'n_space': 500, 'n_time': 200, 'w_socio': 1.0, 'w_space': 1.0, 'w_time': 1.0}",5,29296.354633335817,23346.330773892732,41994.94684342941,34369.776577521494,10.472776804500379,6.981569316789833,1.114390020611646,0.9280135340658529
SparseGP_RFF,"(1, 2, 12, 24)","{'alpha': 0.01, 'gamma_socio': 0.05, 'gamma_space': 0.05, 'gamma_time': 0.1, 'n_socio': 300, 'n_space': 200, 'n_time': 500, 'w_socio': 1.0, 'w_space': 1.0, 'w_time': 1.0}",5,29424.217771059506,22020.30933055502,42004.8179356476,32693.950092407616,10.64934314587423,6.770215629394936,1.1215563892320242,0.878890404759298
SparseGP_RFF,"(1, 2, 12, 24)","{'alpha': 0.1, 'gamma_socio': 0.05, 'gamma_space': 0.1, 'gamma_time': 0.1, 'n_socio': 300, 'n_space': 500, 'n_time': 500, 'w_socio': 1.0, 'w_space': 1.0, 'w_time': 1.0}",5,29771.80803145843,22137.521997678235,42039.27480333359,32215.67480592421,10.84464481073508,6.901706491339603,1.1349090443476664,0.883986779935568
SparseGP_RFF,"(1, 2, 12, 24)","{'alpha': 0.01, 'gamma_socio': 0.05, 'gamma_space': 0.05, 'gamma_time': 0.1, 'n_socio': 300, 'n_space': 500, 'n_time': 500, 'w_socio': 1.0, 'w_space': 1.0, 'w_time': 1.0}",5,29492.022672659834,22120.409794262152,42091.547408508784,32810.1517477102,10.671852525107548,6.797599586840362,1.1241815290271968,0.8827876359317565
SparseGP_RFF,"(1, 2, 12, 24)","{'alpha': 0.1, 'gamma_socio': 0.05, 'gamma_space': 0.1, 'gamma_time': 0.1, 'n_socio': 300, 'n_space': 200, 'n_time': 500, 'w_socio': 1.0, 'w_space': 1.0, 'w_time': 1.0}",5,29806.889193511986,22260.2142748276,42138.770417129,32442.246635954907,10.849787000206662,6.933502785196283,1.1363438358648466,0.8887045347145123
SparseGP_RFF,"(1, 2, 3, 12)","{'alpha': 0.01, 'gamma_socio': 0.05, 'gamma_space': 0.1, 'gamma_time': 0.05, 'n_socio': 300, 'n_space': 500, 'n_time': 500, 'w_socio': 1.0, 'w_space': 1.0, 'w_time': 1.0}",5,29822.763015705765,13651.62357144422,42161.218967568064,20084.3661610473,11.657745905343639,4.750779367913417,1.1810026153935813,0.5319038875151144
SparseGP_RFF,"(1, 2, 3, 12)","{'alpha': 0.001, 'gamma_socio': 0.05, 'gamma_space': 0.05, 'gamma_time': 0.05, 'n_socio': 300, 'n_space': 500, 'n_time': 500, 'w_socio': 1.0, 'w_space': 1.0, 'w_time': 1.0}",5,29848.312250787443,13734.872622677658,42166.11912958303,20204.656770655005,11.664895884853426,4.762391769707706,1.18194159610896,0.5349860423536045
SparseGP_RFF,"(1, 12, 24)","{'alpha': 0.1, 'gamma_socio': 0.05, 'gamma_space': 0.1, 'gamma_time': 0.05, 'n_socio': 300, 'n_space': 500, 'n_time': 200, 'w_socio': 1.0, 'w_space': 1.0, 'w_time': 1.0}",5,29972.06109335943,23816.03734465044,42193.77789924456,33960.18850111597,10.795622442592585,7.220063538100775,1.1399196350250094,0.9466628948784778
SparseGP_RFF,"(1, 2, 3, 12)","{'alpha': 0.001, 'gamma_socio': 0.05, 'gamma_space': 0.05, 'gamma_time': 0.05, 'n_socio': 300, 'n_space': 200, 'n_time': 500, 'w_socio': 1.0, 'w_space': 1.0, 'w_time': 1.0}",5,29886.481192735362,13700.662658617073,42238.97491617435,20207.063790033346,11.676497081570002,4.7535816800918855,1.183533637214836,0.5338908633685745
SparseGP_RFF,"(1, 2, 12, 24)","{'alpha': 0.1, 'gamma_socio': 0.05, 'gamma_space': 0.05, 'gamma_time': 0.1, 'n_socio': 300, 'n_space': 500, 'n_time': 500, 'w_socio': 1.0, 'w_space': 1.0, 'w_time': 1.0}",5,29983.314692659333,22220.879839997993,42258.82101364449,32263.22860565636,10.924698479309267,6.940863342745985,1.1426758291621613,0.8873347827208051
SparseGP_RFF,"(1, 12, 24)","{'alpha': 0.1, 'gamma_socio': 0.05, 'gamma_space': 0.1, 'gamma_time': 0.05, 'n_socio': 300, 'n_space': 200, 'n_time': 200, 'w_socio': 1.0, 'w_space': 1.0, 'w_time': 1.0}",5,30013.79701175271,23947.07103950282,42280.56410128576,34159.46152668176,10.803655787080604,7.258166617814442,1.1415841717296153,0.9517211199342672
SparseGP_RFF,"(1, 2, 3, 12)","{'alpha': 0.01, 'gamma_socio': 0.05, 'gamma_space': 0.1, 'gamma_time': 0.05, 'n_socio': 300, 'n_space': 200, 'n_time': 500, 'w_socio': 1.0, 'w_space': 1.0, 'w_time': 1.0}",5,29948.974268790596,13749.662308881516,42340.182354526434,20209.818841804565,11.699660400877239,4.7851087379596455,1.1860386139740178,0.5359150784496328
SparseGP_RFF,"(1, 2, 12, 24)","{'alpha': 0.1, 'gamma_socio': 0.05, 'gamma_space': 0.05, 'gamma_time': 0.1, 'n_socio': 300, 'n_space': 200, 'n_time': 500, 'w_socio': 1.0, 'w_space': 1.0, 'w_time': 1.0}",5,30068.415727348754,22387.510260182687,42377.844742472975,32516.155808587482,10.95005751305741,6.985795284781856,1.1460755725926663,0.8938151501455053
SparseGP_RFF,"(1, 12, 24)","{'alpha': 0.1, 'gamma_socio': 0.05, 'gamma_space': 0.05, 'gamma_time': 0.05, 'n_socio': 300, 'n_space': 500, 'n_time': 200, 'w_socio': 1.0, 'w_space': 1.0, 'w_time': 1.0}",5,30289.88471433629,24093.20991604789,42447.83336819931,34003.55326742832,10.912738895344921,7.3009591825331,1.1518506320625452,0.9575740659419795
SparseGP_RFF,"(1, 12, 24)","{'alpha': 0.1, 'gamma_socio': 0.05, 'gamma_space': 0.05, 'gamma_time': 0.05, 'n_socio': 300, 'n_space': 200, 'n_time': 200, 'w_socio': 1.0, 'w_space': 1.0, 'w_time': 1.0}",5,30329.448852060643,24216.850510883858,42524.98360611312,34185.05393135106,10.921101216585189,7.339854210776189,1.1535199742611617,0.9623751791950959
SparseGP_RFF,"(1, 2, 3, 12)","{'alpha': 0.01, 'gamma_socio': 0.05, 'gamma_space': 0.05, 'gamma_time': 0.05, 'n_socio': 300, 'n_space': 500, 'n_time': 500, 'w_socio': 1.0, 'w_space': 1.0, 'w_time': 1.0}",5,30255.7992294278,14033.175123570098,42679.51694227182,20545.681961300364,11.80504190938478,4.877536481808895,1.1980363603180215,0.5466754132180502
SparseGP_RFF,"(1, 2, 3, 12)","{'alpha': 0.01, 'gamma_socio': 0.05, 'gamma_space': 0.05, 'gamma_time': 0.05, 'n_socio': 300, 'n_space': 200, 'n_time': 500, 'w_socio': 1.0, 'w_space': 1.0, 'w_time': 1.0}",5,30228.337609021884,13953.631498755465,42683.21107648497,20493.624201429473,11.794063133083528,4.853580587835076,1.1970463315953055,0.543820282139899
SparseGP_RFF,"(1, 12, 24)","{'alpha': 0.001, 'gamma_socio': 0.05, 'gamma_space': 0.1, 'gamma_time': 0.1, 'n_socio': 300, 'n_space': 500, 'n_time': 500, 'w_socio': 1.0, 'w_space': 1.0, 'w_time': 1.0}",5,30117.052260738936,20548.025012418613,42861.09107537065,31134.324416949003,11.060185464473012,6.115004315448227,1.1425215422600048,0.8223059604795274
SparseGP_RFF,"(1, 2, 3, 12, 24)","{'alpha': 0.001, 'gamma_socio': 0.05, 'gamma_space': 0.1, 'gamma_time': 0.05, 'n_socio': 300, 'n_space': 500, 'n_time': 500, 'w_socio': 1.0, 'w_space': 1.0, 'w_time': 1.0}",5,30575.448792090687,20033.164599364187,42889.15737232837,29099.98112573922,11.384744828517384,6.1613966997097185,1.166287904549306,0.8073461627330323
SparseGP_RFF,"(1, 12, 24)","{'alpha': 0.001, 'gamma_socio': 0.05, 'gamma_space': 0.1, 'gamma_time': 0.1, 'n_socio': 300, 'n_space': 200, 'n_time': 500, 'w_socio': 1.0, 'w_space': 1.0, 'w_time': 1.0}",5,30347.236347788472,20773.421935000475,43170.82921290861,31554.436965788973,11.131103667054777,6.158138981781181,1.151304139201684,0.831195308172017
SparseGP_RFF,"(1, 2, 3, 12, 24)","{'alpha': 0.001, 'gamma_socio': 0.05, 'gamma_space': 0.1, 'gamma_time': 0.05, 'n_socio': 300, 'n_space': 200, 'n_time': 500, 'w_socio': 1.0, 'w_space': 1.0, 'w_time': 1.0}",5,30847.077857184184,20133.515124820435,43244.73473132767,29339.510067741747,11.47987560980911,6.18428303196741,1.1768887739176084,0.8118624921382458
SparseGP_RFF,"(1, 2, 12)","{'alpha': 0.1, 'gamma_socio': 0.05, 'gamma_space': 0.1, 'gamma_time': 0.05, 'n_socio': 300, 'n_space': 500, 'n_time': 500, 'w_socio': 1.0, 'w_space': 1.0, 'w_time': 1.0}",5,31396.224466610634,15957.752602715454,43442.03191094139,21076.177264446178,12.188499172550852,5.9792028699425845,1.2416104534831418,0.6144746807746072
SparseGP_RFF,"(1, 2, 12)","{'alpha': 0.1, 'gamma_socio': 0.05, 'gamma_space': 0.1, 'gamma_time': 0.05, 'n_socio': 300, 'n_space': 200, 'n_time': 500, 'w_socio': 1.0, 'w_space': 1.0, 'w_time': 1.0}",5,31412.09968200549,15962.01098770496,43489.12836705367,21124.77229335683,12.190821724631984,5.966825193419364,1.2423036727271195,0.6147385534092767
SparseGP_RFF,"(1, 2, 3, 12)","{'alpha': 0.1, 'gamma_socio': 0.05, 'gamma_space': 0.1, 'gamma_time': 0.05, 'n_socio': 300, 'n_space': 500, 'n_time': 500, 'w_socio': 1.0, 'w_space': 1.0, 'w_time': 1.0}",5,30953.04484476502,14243.495573569637,43538.49559456453,20574.01901081522,12.080177281823842,5.006053455566836,1.2261656872119622,0.5562027947226811
SparseGP_RFF,"(1, 2, 3, 12)","{'alpha': 0.1, 'gamma_socio': 0.05, 'gamma_space': 0.1, 'gamma_time': 0.05, 'n_socio': 300, 'n_space': 200, 'n_time': 500, 'w_socio': 1.0, 'w_space': 1.0, 'w_time': 1.0}",5,30991.75800151181,14282.641135656637,43627.69033679227,20656.371353939645,12.088738088789334,5.011668828559371,1.2277874034491234,0.5580117589866008
SparseGP_RFF,"(1, 2, 12)","{'alpha': 0.001, 'gamma_socio': 0.05, 'gamma_space': 0.1, 'gamma_time': 0.05, 'n_socio': 300, 'n_space': 500, 'n_time': 500, 'w_socio': 1.0, 'w_space': 1.0, 'w_time': 1.0}",5,31613.48882877855,15775.631942125843,43648.80699470996,20545.288058212667,12.220602081292254,5.852940846801434,1.2512056995712915,0.6082214612514751
SparseGP_RFF,"(1, 12, 24)","{'alpha': 0.01, 'gamma_socio': 0.05, 'gamma_space': 0.1, 'gamma_time': 0.1, 'n_socio': 300, 'n_space': 500, 'n_time': 500, 'w_socio': 1.0, 'w_space': 1.0, 'w_time': 1.0}",5,30808.77831697042,21228.28485505391,43663.5066739645,32010.81917100113,11.29721002380822,6.278650900006405,1.169007207218664,0.8491600947658061
SparseGP_RFF,"(1, 2, 3, 12, 24)","{'alpha': 0.01, 'gamma_socio': 0.05, 'gamma_space': 0.1, 'gamma_time': 0.05, 'n_socio': 300, 'n_space': 500, 'n_time': 500, 'w_socio': 1.0, 'w_space': 1.0, 'w_time': 1.0}",5,31232.301728336904,20489.320906642628,43675.73512604881,29702.095842776354,11.618757016645679,6.291494928750758,1.1919092014243258,0.8260860904741267
SparseGP_RFF,"(1, 2, 3, 12, 24)","{'alpha': 0.01, 'gamma_socio': 0.05, 'gamma_space': 0.1, 'gamma_time': 0.05, 'n_socio': 300, 'n_space': 200, 'n_time': 500, 'w_socio': 1.0, 'w_space': 1.0, 'w_time': 1.0}",5,31263.27069462206,20514.230095906296,43720.685141678405,29772.809402706458,11.63280724671191,6.305720347382288,1.1930996318268758,0.8270733464223186
SparseGP_RFF,"(1, 12, 24)","{'alpha': 0.01, 'gamma_socio': 0.05, 'gamma_space': 0.1, 'gamma_time': 0.1, 'n_socio': 300, 'n_space': 200, 'n_time': 500, 'w_socio': 1.0, 'w_space': 1.0, 'w_time': 1.0}",5,30897.28841467749,21331.772573297105,43785.721731656624,32194.032754228767,11.328019417403443,6.308778024504698,1.172333096101093,0.8531804492586669
SparseGP_RFF,"(1, 2, 3, 12, 24)","{'alpha': 0.001, 'gamma_socio': 0.05, 'gamma_space': 0.05, 'gamma_time': 0.05, 'n_socio': 300, 'n_space': 200, 'n_time': 500, 'w_socio': 1.0, 'w_space': 1.0, 'w_time': 1.0}",5,31300.919408523238,20556.822234452884,43797.45815120107,29962.071778055208,11.639079508666677,6.283387363357136,1.1943920939676869,0.82861340389512
SparseGP_RFF,"(1, 2, 3, 12, 24)","{'alpha': 0.1, 'gamma_socio': 0.05, 'gamma_space': 0.1, 'gamma_time': 0.05, 'n_socio': 300, 'n_space': 500, 'n_time': 500, 'w_socio': 1.0, 'w_space': 1.0, 'w_time': 1.0}",5,31556.92119909536,20425.3208762418,43837.0601705254,29125.84231471769,11.811143764586944,6.404336463342461,1.204413960402523,0.8244117921916823
SparseGP_RFF,"(1, 2, 12)","{'alpha': 0.1, 'gamma_socio': 0.05, 'gamma_space': 0.05, 'gamma_time': 0.05, 'n_socio': 300, 'n_space': 200, 'n_time': 500, 'w_socio': 1.0, 'w_space': 1.0, 'w_time': 1.0}",5,31710.756309910947,16072.696396621377,43860.8937334796,21334.332751601552,12.291140830913543,6.014843350043163,1.2541791017995834,0.6190250429990856
SparseGP_RFF,"(1, 2, 3, 12, 24)","{'alpha': 0.001, 'gamma_socio': 0.05, 'gamma_space': 0.05, 'gamma_time': 0.05, 'n_socio': 300, 'n_space': 500, 'n_time': 500, 'w_socio': 1.0, 'w_space': 1.0, 'w_time': 1.0}",5,31363.17376134762,20690.071809298686,43871.19429057236,30081.325995346157,11.656094186435247,6.320783355065906,1.1968223223302867,0.8337045301151977
SparseGP_RFF,"(1, 12, 24)","{'alpha': 0.001, 'gamma_socio': 0.05, 'gamma_space': 0.05, 'gamma_time': 0.1, 'n_socio': 300, 'n_space': 200, 'n_time': 500, 'w_socio': 1.0, 'w_space': 1.0, 'w_time': 1.0}",5,30966.592335211906,21417.04737759718,43898.22466727406,32416.449517921457,11.335277095732078,6.309509692592782,1.1750559108652219,0.8565593870777051
SparseGP_RFF,"(1, 2, 3, 12, 24)","{'alpha': 0.1, 'gamma_socio': 0.05, 'gamma_space': 0.1, 'gamma_time': 0.05, 'n_socio': 300, 'n_space': 200, 'n_time': 500, 'w_socio': 1.0, 'w_space': 1.0, 'w_time': 1.0}",5,31579.43038880498,20473.44577245717,43903.26928615694,29229.775895494862,11.818571033243867,6.416728902883457,1.2053285979686421,0.8262864858187006
SparseGP_RFF,"(1, 2, 12)","{'alpha': 0.1, 'gamma_socio': 0.05, 'gamma_space': 0.05, 'gamma_time': 0.05, 'n_socio': 300, 'n_space': 500, 'n_time': 500, 'w_socio': 1.0, 'w_space': 1.0, 'w_time': 1.0}",5,31748.199889249758,16105.681110064688,43910.3675424493,21363.77546949368,12.30165286292725,6.033619504990898,1.2555512016447214,0.620129450893909
SparseGP_RFF,"(1, 12, 24)","{'alpha': 0.001, 'gamma_socio': 0.05, 'gamma_space': 0.05, 'gamma_time': 0.1, 'n_socio': 300, 'n_space': 500, 'n_time': 500, 'w_socio': 1.0, 'w_space': 1.0, 'w_time': 1.0}",5,30978.404268575796,21476.77565596854,43916.970627567694,32445.414448934247,11.338915068445086,6.32716199861249,1.1754968856792911,0.8588255163630758
SparseGP_RFF,"(1, 2, 3, 12)","{'alpha': 0.1, 'gamma_socio': 0.05, 'gamma_space': 0.05, 'gamma_time': 0.05, 'n_socio': 300, 'n_space': 500, 'n_time': 500, 'w_socio': 1.0, 'w_space': 1.0, 'w_time': 1.0}",5,31351.102420818526,14499.758376966893,44002.16530824712,20815.45679876065,12.212654138879184,5.107725927287519,1.2418751717174403,0.5661832189142407
SparseGP_RFF,"(1, 2, 3, 12)","{'alpha': 0.1, 'gamma_socio': 0.05, 'gamma_space': 0.05, 'gamma_time': 0.05, 'n_socio': 300, 'n_space': 200, 'n_time': 500, 'w_socio': 1.0, 'w_space': 1.0, 'w_time': 1.0}",5,31340.108671809063,14496.794628992115,44004.57230914198,20826.61110351086,12.204997232796526,5.103218731363866,1.2415591379840383,0.5664674039609872
SparseGP_RFF,"(1, 2, 3, 12, 24)","{'alpha': 0.01, 'gamma_socio': 0.05, 'gamma_space': 0.05, 'gamma_time': 0.05, 'n_socio': 300, 'n_space': 200, 'n_time': 500, 'w_socio': 1.0, 'w_space': 1.0, 'w_time': 1.0}",5,31514.95959707842,20630.098371130716,44008.948509754424,29915.830658387633,11.72683758481177,6.341047669382586,1.2028478060231131,0.8320157597658919
SparseGP_RFF,"(1, 2, 12)","{'alpha': 0.001, 'gamma_socio': 0.05, 'gamma_space': 0.1, 'gamma_time': 0.05, 'n_socio': 300, 'n_space': 200, 'n_time': 500, 'w_socio': 1.0, 'w_space': 1.0, 'w_time': 1.0}",5,31903.724846984805,15893.494818796988,44052.43018307453,20807.16657255282,12.313708298774637,5.874132904871263,1.2627974501156944,0.6129428148333403
SparseGP_RFF,"(1, 2, 3, 12, 24)","{'alpha': 0.01, 'gamma_socio': 0.05, 'gamma_space': 0.05, 'gamma_time': 0.05, 'n_socio': 300, 'n_space': 500, 'n_time': 500, 'w_socio': 1.0, 'w_space': 1.0, 'w_time': 1.0}",5,31559.451992778544,20731.02566645745,44060.12704709705,30028.58247873045,11.736618994249381,6.370026819785275,1.2045540354135726,0.8358282891811021
SparseGP_RFF,"(1, 12, 24)","{'alpha': 0.01, 'gamma_socio': 0.05, 'gamma_space': 0.05, 'gamma_time': 0.1, 'n_socio': 300, 'n_space': 200, 'n_time': 500, 'w_socio': 1.0, 'w_space': 1.0, 'w_time': 1.0}",5,31213.839860202348,21672.562230727275,44079.44017473519,32464.12557882841,11.440976293886088,6.414907670852651,1.1844956974024945,0.8666061315982673
SparseGP_RFF,"(1, 12, 24)","{'alpha': 0.01, 'gamma_socio': 0.05, 'gamma_space': 0.05, 'gamma_time': 0.1, 'n_socio': 300, 'n_space': 500, 'n_time': 500, 'w_socio': 1.0, 'w_space': 1.0, 'w_time': 1.0}",5,31266.988116081815,21735.983687059936,44160.880970470105,32559.60664413421,11.456086791228929,6.425309960478034,1.1864337462978232,0.8690421279937004
SparseGP_RFF,"(1, 2, 3, 12, 24)","{'alpha': 0.1, 'gamma_socio': 0.05, 'gamma_space': 0.05, 'gamma_time': 0.05, 'n_socio': 300, 'n_space': 500, 'n_time': 500, 'w_socio': 1.0, 'w_space': 1.0, 'w_time': 1.0}",5,31860.815173252624,20501.192936491367,44173.84784029609,29144.905520095355,11.927571621361126,6.436482663486968,1.2159549184652834,0.8277702364087717
SparseGP_RFF,"(1, 2, 3, 12, 24)","{'alpha': 0.1, 'gamma_socio': 0.05, 'gamma_space': 0.05, 'gamma_time': 0.05, 'n_socio': 300, 'n_space': 200, 'n_time': 500, 'w_socio': 1.0, 'w_space': 1.0, 'w_time': 1.0}",5,31914.406900313705,20605.295168827004,44262.71544034907,29314.101474658466,11.94483002151912,6.465635066692498,1.2182195908019782,0.8319218951027985
SparseGP_RFF,"(1, 2, 12)","{'alpha': 0.01, 'gamma_socio': 0.05, 'gamma_space': 0.1, 'gamma_time': 0.05, 'n_socio': 300, 'n_space': 500, 'n_time': 500, 'w_socio': 1.0, 'w_space': 1.0, 'w_time': 1.0}",5,32078.204096967434,16118.233377634917,44271.43049296115,21130.248293554578,12.377029457719987,5.954613029884367,1.2695094137211764,0.6214903903052172
SparseGP_RFF,"(1, 12, 24)","{'alpha': 0.1, 'gamma_socio': 0.05, 'gamma_space': 0.1, 'gamma_time': 0.1, 'n_socio': 300, 'n_space': 500, 'n_time': 500, 'w_socio': 1.0, 'w_space': 1.0, 'w_time': 1.0}",5,31676.273808471895,21900.200879264754,44279.60054383577,31997.73344973167,11.71203101850964,6.573568254111757,1.2016584657045786,0.8756664723062981
SparseGP_RFF,"(1, 12, 24)","{'alpha': 0.1, 'gamma_socio': 0.05, 'gamma_space': 0.1, 'gamma_time': 0.1, 'n_socio': 300, 'n_space': 200, 'n_time': 500, 'w_socio': 1.0, 'w_space': 1.0, 'w_time': 1.0}",5,31715.919994258344,22048.570060990012,44359.12087411529,32222.78523158369,11.719456792335233,6.617568720988218,1.203270260357277,0.881376027025119
SparseGP_RFF,"(1, 2, 12)","{'alpha': 0.01, 'gamma_socio': 0.05, 'gamma_space': 0.1, 'gamma_time': 0.05, 'n_socio': 300, 'n_space': 200, 'n_time': 500, 'w_socio': 1.0, 'w_space': 1.0, 'w_time': 1.0}",5,32190.06918107607,16177.889151086221,44414.49340516426,21235.150402856565,12.41352352310143,5.968574987254715,1.2739604155023962,0.623822801824054
SparseGP_RFF,"(1, 2, 12, 24)","{'alpha': 0.001, 'gamma_socio': 0.05, 'gamma_space': 0.1, 'gamma_time': 0.05, 'n_socio': 300, 'n_space': 500, 'n_time': 500, 'w_socio': 1.0, 'w_space': 1.0, 'w_time': 1.0}",5,31346.123724833054,19915.394225448792,44598.588190578026,28714.50379688501,11.767126739094468,6.316707629838836,1.1922894190473932,0.8017178199352307
SparseGP_RFF,"(1, 2, 12)","{'alpha': 0.001, 'gamma_socio': 0.05, 'gamma_space': 0.05, 'gamma_time': 0.05, 'n_socio': 300, 'n_space': 500, 'n_time': 500, 'w_socio': 1.0, 'w_space': 1.0, 'w_time': 1.0}",5,32446.79100726787,16253.297176536487,44689.49236107191,21269.513625037598,12.5003336528848,5.984855300973742,1.284248744587609,0.6268449313744336
SparseGP_RFF,"(1, 12, 24)","{'alpha': 0.1, 'gamma_socio': 0.05, 'gamma_space': 0.05, 'gamma_time': 0.1, 'n_socio': 300, 'n_space': 500, 'n_time': 500, 'w_socio': 1.0, 'w_space': 1.0, 'w_time': 1.0}",5,32117.333406738915,22335.71196924366,44698.331285328844,32283.459549671883,11.869212779150535,6.706938434880779,1.2182183994121016,0.8926829710130434
SparseGP_RFF,"(1, 2, 12)","{'alpha': 0.001, 'gamma_socio': 0.05, 'gamma_space': 0.05, 'gamma_time': 0.05, 'n_socio': 300, 'n_space': 200, 'n_time': 500, 'w_socio': 1.0, 'w_space': 1.0, 'w_time': 1.0}",5,32498.923611667346,16212.910552890467,44770.299412053086,21302.76028478513,12.513732190994634,5.96496731849057,1.2863778061637183,0.6253121937422842
SparseGP_RFF,"(1, 12, 24)","{'alpha': 0.1, 'gamma_socio': 0.05, 'gamma_space': 0.05, 'gamma_time': 0.1, 'n_socio': 300, 'n_space': 200, 'n_time': 500, 'w_socio': 1.0, 'w_space': 1.0, 'w_time': 1.0}",5,32199.151374090718,22506.583376707986,44801.17109610471,32513.5162514966,11.895634052588063,6.758045436559732,1.2215088491658994,0.8993490825790139
SparseGP_RFF,"(1, 2, 12)","{'alpha': 0.01, 'gamma_socio': 0.05, 'gamma_space': 0.05, 'gamma_time': 0.05, 'n_socio': 300, 'n_space': 200, 'n_time': 500, 'w_socio': 1.0, 'w_space': 1.0, 'w_time': 1.0}",5,32517.7074786994,16272.471475544795,44826.94898945345,21463.275594764425,12.516462964685582,5.9982204610638465,1.28699745040189,0.6275120958830532
SparseGP_RFF,"(1, 2, 12)","{'alpha': 0.01, 'gamma_socio': 0.05, 'gamma_space': 0.05, 'gamma_time': 0.05, 'n_socio': 300, 'n_space': 500, 'n_time': 500, 'w_socio': 1.0, 'w_space': 1.0, 'w_time': 1.0}",5,32556.253461689677,16341.054367049146,44850.22987617131,21485.0992237598,12.531729928423855,6.033120045090537,1.2884348201754063,0.6300739830691228
SparseGP_RFF,"(1, 2, 12, 24)","{'alpha': 0.001, 'gamma_socio': 0.05, 'gamma_space': 0.1, 'gamma_time': 0.05, 'n_socio': 300, 'n_space': 200, 'n_time': 500, 'w_socio': 1.0, 'w_space': 1.0, 'w_time': 1.0}",5,31540.409041977993,20049.083140288905,44873.76421585784,28929.014874836044,11.831667061162989,6.344767297698818,1.1999309118586283,0.8073616154950723
SparseGP_RFF,"(1, 2, 12, 24)","{'alpha': 0.001, 'gamma_socio': 0.05, 'gamma_space': 0.05, 'gamma_time': 0.05, 'n_socio': 300, 'n_space': 200, 'n_time': 500, 'w_socio': 1.0, 'w_space': 1.0, 'w_time': 1.0}",5,32039.1419421568,20512.726617884593,45417.70005122204,29547.51275314501,12.01658533186654,6.452321056461054,1.2189316998377118,0.8255330018541605
SparseGP_RFF,"(1, 2, 12, 24)","{'alpha': 0.01, 'gamma_socio': 0.05, 'gamma_space': 0.1, 'gamma_time': 0.05, 'n_socio': 300, 'n_space': 500, 'n_time': 500, 'w_socio': 1.0, 'w_space': 1.0, 'w_time': 1.0}",5,32077.367120104656,20620.810622027573,45419.52561464694,29471.357203030508,12.03692785971271,6.512818649539677,1.2205484090944518,0.829716687712104
SparseGP_RFF,"(1, 2, 12, 24)","{'alpha': 0.01, 'gamma_socio': 0.05, 'gamma_space': 0.1, 'gamma_time': 0.05, 'n_socio': 300, 'n_space': 200, 'n_time': 500, 'w_socio': 1.0, 'w_space': 1.0, 'w_time': 1.0}",5,32113.794024633164,20628.02179318161,45485.397283971266,29534.79744953373,12.048767212458907,6.512056901516731,1.2219904061424924,0.8301309767337035
SparseGP_RFF,"(1, 2, 12, 24)","{'alpha': 0.001, 'gamma_socio': 0.05, 'gamma_space': 0.05, 'gamma_time': 0.05, 'n_socio': 300, 'n_space': 500, 'n_time': 500, 'w_socio': 1.0, 'w_space': 1.0, 'w_time': 1.0}",5,32106.031459590107,20685.19925509143,45508.183258684076,29717.785399338703,12.03257451579206,6.505540177395894,1.2215632104019987,0.8321189250436677
SparseGP_RFF,"(1, 2, 12, 24)","{'alpha': 0.01, 'gamma_socio': 0.05, 'gamma_space': 0.05, 'gamma_time': 0.05, 'n_socio': 300, 'n_space': 200, 'n_time': 500, 'w_socio': 1.0, 'w_space': 1.0, 'w_time': 1.0}",5,32319.183182795903,20816.450262087037,45621.44936938397,29655.885950369746,12.140169949949897,6.571826510140907,1.229606590724401,0.8373352277955034
SparseGP_RFF,"(1, 2, 12, 24)","{'alpha': 0.01, 'gamma_socio': 0.05, 'gamma_space': 0.05, 'gamma_time': 0.05, 'n_socio': 300, 'n_space': 500, 'n_time': 500, 'w_socio': 1.0, 'w_space': 1.0, 'w_time': 1.0}",5,32403.300579237424,20968.676608599846,45735.2397975852,29835.28563473123,12.160497649354765,6.614644390881525,1.2328546895020989,0.8431787050882592
SparseGP_RFF,"(1, 2, 12, 24)","{'alpha': 0.1, 'gamma_socio': 0.05, 'gamma_space': 0.1, 'gamma_time': 0.05, 'n_socio': 300, 'n_space': 500, 'n_time': 500, 'w_socio': 1.0, 'w_space': 1.0, 'w_time': 1.0}",5,33341.9371483455,21665.203599158936,46502.42292069922,29935.497978448035,12.577257321208858,6.895389329315045,1.2692713568225273,0.8714031105240911
SparseGP_RFF,"(1, 2, 12, 24)","{'alpha': 0.1, 'gamma_socio': 0.05, 'gamma_space': 0.1, 'gamma_time': 0.05, 'n_socio': 300, 'n_space': 200, 'n_time': 500, 'w_socio': 1.0, 'w_space': 1.0, 'w_time': 1.0}",5,33360.382870502464,21714.36820108437,46549.85528656097,30038.939425896348,12.579967757880508,6.901626132791196,1.2700284020445225,0.8733150406428468
SparseGP_RFF,"(1, 2, 12, 24)","{'alpha': 0.1, 'gamma_socio': 0.05, 'gamma_space': 0.05, 'gamma_time': 0.05, 'n_socio': 300, 'n_space': 500, 'n_time': 500, 'w_socio': 1.0, 'w_space': 1.0, 'w_time': 1.0}",5,33593.61442390444,21765.63805903847,46704.24874504815,29869.31780007248,12.671904032498716,6.924063659132966,1.278518262013174,0.8753135016714806
SparseGP_RFF,"(1, 2, 12, 24)","{'alpha': 0.1, 'gamma_socio': 0.05, 'gamma_space': 0.05, 'gamma_time': 0.05, 'n_socio': 300, 'n_space': 200, 'n_time': 500, 'w_socio': 1.0, 'w_space': 1.0, 'w_time': 1.0}",5,33614.37031956828,21833.96992383315,46745.66137537948,29995.520822163875,12.67827558897032,6.939886389157465,1.2794215639378,0.8779938030897991
SparseGP_RFF,"(1, 12)","{'alpha': 0.001, 'gamma_socio': 0.05, 'gamma_space': 0.1, 'gamma_time': 0.1, 'n_socio': 300, 'n_space': 500, 'n_time': 500, 'w_socio': 1.0, 'w_space': 1.0, 'w_time': 1.0}",5,35588.08978869177,13786.62496782165,48525.7435003323,19932.540605034214,13.818563130713201,4.8552325575607655,1.415812601028542,0.5418256024149974
SparseGP_RFF,"(1, 12)","{'alpha': 0.1, 'gamma_socio': 0.05, 'gamma_space': 0.1, 'gamma_time': 0.1, 'n_socio': 300, 'n_space': 500, 'n_time': 500, 'w_socio': 1.0, 'w_space': 1.0, 'w_time': 1.0}",5,35803.20101095612,13748.38794321182,48745.25057513515,20117.94967991783,13.903666611993222,4.798826806573425,1.4250879151321294,0.5424983570316757
SparseGP_RFF,"(1, 12)","{'alpha': 0.1, 'gamma_socio': 0.05, 'gamma_space': 0.1, 'gamma_time': 0.1, 'n_socio': 300, 'n_space': 200, 'n_time': 500, 'w_socio': 1.0, 'w_space': 1.0, 'w_time': 1.0}",5,35806.374978071384,13763.720057024086,48779.15559042946,20166.270604646925,13.900918329323952,4.788487108466535,1.4252671316342274,0.5432890474473308
SparseGP_RFF,"(1, 12)","{'alpha': 0.001, 'gamma_socio': 0.05, 'gamma_space': 0.1, 'gamma_time': 0.1, 'n_socio': 300, 'n_space': 200, 'n_time': 500, 'w_socio': 1.0, 'w_space': 1.0, 'w_time': 1.0}",5,35747.76525036497,13787.53492109973,48803.137785462575,20057.18111346152,13.868517483663416,4.846042180842644,1.422137771536589,0.5419304553418778
SparseGP_RFF,"(1, 2, 3, 4, 5, 6, 12)","{'alpha': 0.001, 'gamma_socio': 0.1, 'gamma_space': 0.1, 'gamma_time': 0.05, 'n_socio': 300, 'n_space': 500, 'n_time': 200, 'w_socio': 1.0, 'w_space': 1.0, 'w_time': 1.0}",5,34137.575893664936,16937.39348553284,49084.6750296791,23837.488770115968,13.496883528057463,6.594144224922375,1.3538657944219132,0.6596721193897044
SparseGP_RFF,"(1, 12)","{'alpha': 0.1, 'gamma_socio': 0.05, 'gamma_space': 0.05, 'gamma_time': 0.1, 'n_socio': 300, 'n_space': 200, 'n_time': 500, 'w_socio': 1.0, 'w_space': 1.0, 'w_time': 1.0}",5,36213.03537215438,13842.287172377997,49160.90454065392,20292.740894173214,14.036107131615179,4.807199814281128,1.4418685929939445,0.5475012544718983
SparseGP_RFF,"(1, 12)","{'alpha': 0.1, 'gamma_socio': 0.05, 'gamma_space': 0.05, 'gamma_time': 0.1, 'n_socio': 300, 'n_space': 500, 'n_time': 500, 'w_socio': 1.0, 'w_space': 1.0, 'w_time': 1.0}",5,36217.18718752869,13839.09029581467,49183.438753154674,20277.633691576524,14.041407817635564,4.82352699610756,1.4418948172527084,0.5469266893691042
SparseGP_RFF,"(1, 2, 3, 4, 5, 6, 12)","{'alpha': 0.001, 'gamma_socio': 0.1, 'gamma_space': 0.1, 'gamma_time': 0.05, 'n_socio': 300, 'n_space': 200, 'n_time': 200, 'w_socio': 1.0, 'w_space': 1.0, 'w_time': 1.0}",5,34310.76112103327,17215.511375556893,49258.47918802285,23754.537060394985,13.692658103298822,6.997174786448107,1.3606163676882876,0.670310639414658
SparseGP_RFF,"(1, 12)","{'alpha': 0.01, 'gamma_socio': 0.05, 'gamma_space': 0.1, 'gamma_time': 0.1, 'n_socio': 300, 'n_space': 500, 'n_time': 500, 'w_socio': 1.0, 'w_space': 1.0, 'w_time': 1.0}",5,36178.13620729181,13981.792621568578,49313.774513219076,20340.245848340823,14.021069288826634,4.891494976642992,1.439425060849064,0.550007513987046
SparseGP_RFF,"(1, 12)","{'alpha': 0.01, 'gamma_socio': 0.05, 'gamma_space': 0.1, 'gamma_time': 0.1, 'n_socio': 300, 'n_space': 200, 'n_time': 500, 'w_socio': 1.0, 'w_space': 1.0, 'w_time': 1.0}",5,36233.174730833496,14052.252771377442,49397.4657547011,20430.51483695721,14.036662755838279,4.910177977964803,1.4415729921992768,0.5526390328510999
SparseGP_RFF,"(1, 2, 3, 4, 5, 6, 12)","{'alpha': 0.001, 'gamma_socio': 0.1, 'gamma_space': 0.05, 'gamma_time': 0.05, 'n_socio': 300, 'n_space': 200, 'n_time': 200, 'w_socio': 1.0, 'w_space': 1.0, 'w_time': 1.0}",5,34660.38646172502,17339.21809772616,49521.792036210034,23916.36995445778,13.827510944741755,6.977369115484341,1.3744614677870028,0.6752163326181041
SparseGP_RFF,"(1, 12)","{'alpha': 0.001, 'gamma_socio': 0.05, 'gamma_space': 0.05, 'gamma_time': 0.1, 'n_socio': 300, 'n_space': 500, 'n_time': 500, 'w_socio': 1.0, 'w_space': 1.0, 'w_time': 1.0}",5,36458.41356138427,14171.616511370172,49617.39973481233,20564.439802408408,14.119705691666113,4.946948395754995,1.4504657496090745,0.5571082581029244
SparseGP_RFF,"(1, 12)","{'alpha': 0.001, 'gamma_socio': 0.05, 'gamma_space': 0.05, 'gamma_time': 0.1, 'n_socio': 300, 'n_space': 200, 'n_time': 500, 'w_socio': 1.0, 'w_space': 1.0, 'w_time': 1.0}",5,36451.9135610264,14115.361320399332,49625.27487257754,20545.51237101294,14.114488421521964,4.924010383132776,1.4502325256007702,0.5550274375052655
SparseGP_RFF,"(1, 2, 3, 4, 5, 6, 12)","{'alpha': 0.01, 'gamma_socio': 0.1, 'gamma_space': 0.1, 'gamma_time': 0.05, 'n_socio': 300, 'n_space': 200, 'n_time': 200, 'w_socio': 1.0, 'w_space': 1.0, 'w_time': 1.0}",5,34642.7081920212,17388.49931669892,49644.44653423884,24058.70232018495,13.784030730872828,6.957035569974647,1.3737692796013412,0.6771342469498248
SparseGP_RFF,"(1, 2, 3, 4, 5, 6, 12)","{'alpha': 0.01, 'gamma_socio': 0.1, 'gamma_space': 0.05, 'gamma_time': 0.05, 'n_socio': 300, 'n_space': 200, 'n_time': 200, 'w_socio': 1.0, 'w_space': 1.0, 'w_time': 1.0}",5,34671.229041485596,17215.970507387152,49650.92923722164,23909.8098881665,13.835015574426938,6.8749949949455855,1.37493158335138,0.6704395353864916
SparseGP_RFF,"(1, 2, 3, 4, 5, 6, 12)","{'alpha': 0.001, 'gamma_socio': 0.1, 'gamma_space': 0.05, 'gamma_time': 0.05, 'n_socio': 300, 'n_space': 500, 'n_time': 200, 'w_socio': 1.0, 'w_space': 1.0, 'w_time': 1.0}",5,34753.75829520746,17475.29999576776,49654.268402024216,24075.77790692457,13.85523458156852,7.004326793135278,1.3781507588339483,0.6805352471708747
SparseGP_RFF,"(1, 2, 3, 4, 5, 6, 12)","{'alpha': 0.01, 'gamma_socio': 0.1, 'gamma_space': 0.1, 'gamma_time': 0.05, 'n_socio': 300, 'n_space': 500, 'n_time': 200, 'w_socio': 1.0, 'w_space': 1.0, 'w_time': 1.0}",5,34717.37757174991,17462.361332780678,49726.14824963937,24201.11396124974,13.825801995063614,6.972644815196433,1.3767281244707086,0.6800365541647916
SparseGP_RFF,"(1, 2, 3, 4, 5, 6, 12)","{'alpha': 0.01, 'gamma_socio': 0.1, 'gamma_space': 0.05, 'gamma_time': 0.05, 'n_socio': 300, 'n_space': 500, 'n_time': 200, 'w_socio': 1.0, 'w_space': 1.0, 'w_time': 1.0}",5,34781.5890267462,17379.584553713314,49768.568645468964,24082.022023580015,13.86398066815498,6.919126406022897,1.3792770171197097,0.6768117043883686
SparseGP_RFF,"(1, 12)","{'alpha': 0.01, 'gamma_socio': 0.05, 'gamma_space': 0.05, 'gamma_time': 0.1, 'n_socio': 300, 'n_space': 200, 'n_time': 500, 'w_socio': 1.0, 'w_space': 1.0, 'w_time': 1.0}",5,36585.89845947005,14154.854553743098,49773.56489042894,20654.084376605355,14.150707614163716,4.924621604270503,1.4558719737865657,0.5574188613990931
SparseGP_RFF,"(1, 2, 3, 4, 5, 6, 12)","{'alpha': 0.1, 'gamma_socio': 0.1, 'gamma_space': 0.1, 'gamma_time': 0.05, 'n_socio': 300, 'n_space': 500, 'n_time': 200, 'w_socio': 1.0, 'w_space': 1.0, 'w_time': 1.0}",5,34618.510315437496,17244.381021533605,49788.553435477275,24015.17295369637,13.713020433069236,6.718176419364831,1.3728522781000212,0.6716277468706965
SparseGP_RFF,"(1, 2, 3, 4, 5, 6, 12)","{'alpha': 0.1, 'gamma_socio': 0.1, 'gamma_space': 0.1, 'gamma_time': 0.05, 'n_socio': 300, 'n_space': 200, 'n_time': 200, 'w_socio': 1.0, 'w_space': 1.0, 'w_time': 1.0}",5,34599.37199970948,17226.59489498702,49800.06879189656,24030.60030426727,13.692865627667501,6.6881572631948645,1.3720846533840745,0.670902520370138
SparseGP_RFF,"(1, 12)","{'alpha': 0.01, 'gamma_socio': 0.05, 'gamma_space': 0.05, 'gamma_time': 0.1, 'n_socio': 300, 'n_space': 500, 'n_time': 500, 'w_socio': 1.0, 'w_space': 1.0, 'w_time': 1.0}",5,36662.03575728468,14235.661025601845,49840.82930609912,20705.397134575865,14.180278736825638,4.960794764510785,1.45885383498111,0.5603629013790573
SparseGP_RFF,"(1, 2, 3, 4, 5, 6, 12)","{'alpha': 0.1, 'gamma_socio': 0.1, 'gamma_space': 0.05, 'gamma_time': 0.05, 'n_socio': 300, 'n_space': 500, 'n_time': 200, 'w_socio': 1.0, 'w_space': 1.0, 'w_time': 1.0}",5,34579.366091211145,17088.751719644173,49905.724548672886,24089.177107789208,13.694246539579643,6.615015847927918,1.3713412114915444,0.6655024483425023
SparseGP_RFF,"(1, 2, 3, 4, 5, 6, 12)","{'alpha': 0.1, 'gamma_socio': 0.1, 'gamma_space': 0.05, 'gamma_time': 0.05, 'n_socio': 300, 'n_space': 200, 'n_time': 200, 'w_socio': 1.0, 'w_space': 1.0, 'w_time': 1.0}",5,34602.22633161313,17171.916652942837,50005.45605707387,24218.349444770578,13.697262824292451,6.619366313455559,1.372207665783667,0.6686484520360928
SparseGP_RFF,"(1, 12)","{'alpha': 0.1, 'gamma_socio': 0.05, 'gamma_space': 0.1, 'gamma_time': 0.05, 'n_socio': 300, 'n_space': 200, 'n_time': 500, 'w_socio': 1.0, 'w_space': 1.0, 'w_time': 1.0}",5,39262.09909891056,19810.70910683942,51132.14776689437,25056.103301581956,14.85761183782402,6.8851389724347465,1.5656067958597384,0.7805050020988296
SparseGP_RFF,"(1, 12)","{'alpha': 0.1, 'gamma_socio': 0.05, 'gamma_space': 0.1, 'gamma_time': 0.05, 'n_socio': 300, 'n_space': 500, 'n_time': 500, 'w_socio': 1.0, 'w_space': 1.0, 'w_time': 1.0}",5,39291.7087385561,19836.069956537543,51156.25434654903,25078.427968041724,14.870202374526912,6.898037126939482,1.5668098243298054,0.7815225663859365
SparseGP_RFF,"(1, 2, 12)","{'alpha': 0.001, 'gamma_socio': 0.1, 'gamma_space': 0.1, 'gamma_time': 0.1, 'n_socio': 300, 'n_space': 500, 'n_time': 200, 'w_socio': 1.0, 'w_space': 1.0, 'w_time': 1.0}",5,36241.83817405322,16253.163712683456,51304.18942994237,23716.41651668331,14.07988716758265,5.5746136065353475,1.4370122584535794,0.6314297336579737
SparseGP_RFF,"(1, 2, 3, 12)","{'alpha': 0.001, 'gamma_socio': 0.1, 'gamma_space': 0.1, 'gamma_time': 0.1, 'n_socio': 300, 'n_space': 500, 'n_time': 200, 'w_socio': 1.0, 'w_space': 1.0, 'w_time': 1.0}",5,36572.354454689055,18494.60883960141,51421.22547099806,25210.871043398867,14.521129991775672,7.237384980395777,1.4506696373003602,0.719976895950869
SparseGP_RFF,"(1, 2, 3, 12)","{'alpha': 0.001, 'gamma_socio': 0.1, 'gamma_space': 0.1, 'gamma_time': 0.05, 'n_socio': 300, 'n_space': 500, 'n_time': 200, 'w_socio': 1.0, 'w_space': 1.0, 'w_time': 1.0}",5,36673.609272052534,15345.491679839866,51424.68886180257,21968.583439671223,14.427311211082179,5.737863796166394,1.4573670871561664,0.6011561265138966
SparseGP_RFF,"(1, 2, 3, 4, 5, 6, 12, 24)","{'alpha': 0.001, 'gamma_socio': 0.1, 'gamma_space': 0.1, 'gamma_time': 0.05, 'n_socio': 300, 'n_space': 500, 'n_time': 500, 'w_socio': 1.0, 'w_space': 1.0, 'w_time': 1.0}",5,35710.06100529126,19427.684263695766,51483.74312833952,29206.928854896723,13.556637892155873,6.574786181506912,1.3553215812137627,0.791864290564042
SparseGP_RFF,"(1, 2, 12)","{'alpha': 0.001, 'gamma_socio': 0.1, 'gamma_space': 0.1, 'gamma_time': 0.1, 'n_socio': 300, 'n_space': 200, 'n_time': 200, 'w_socio': 1.0, 'w_space': 1.0, 'w_time': 1.0}",5,36421.90285258018,16405.012833498076,51507.968937225654,23542.33690705863,14.24180040058489,5.840434491972736,1.4440774338265812,0.637218316610173
SparseGP_RFF,"(1, 2, 3, 12)","{'alpha': 0.001, 'gamma_socio': 0.1, 'gamma_space': 0.1, 'gamma_time': 0.05, 'n_socio': 300, 'n_space': 200, 'n_time': 200, 'w_socio': 1.0, 'w_space': 1.0, 'w_time': 1.0}",5,36823.58803536542,15549.771001331283,51548.966874930644,21832.149315933802,14.58674546059279,6.054852895350583,1.4631293779494214,0.6086764372789906
SparseGP_RFF,"(1, 2, 3, 12)","{'alpha': 0.001, 'gamma_socio': 0.1, 'gamma_space': 0.1, 'gamma_time': 0.1, 'n_socio': 300, 'n_space': 200, 'n_time': 200, 'w_socio': 1.0, 'w_space': 1.0, 'w_time': 1.0}",5,36751.44612260926,18756.36409365267,51599.428846409675,25151.13988691137,14.703275927036604,7.6150948712578055,1.457593515524609,0.7299496067039669
SparseGP_RFF,"(1, 12)","{'alpha': 0.1, 'gamma_socio': 0.05, 'gamma_space': 0.05, 'gamma_time': 0.05, 'n_socio': 300, 'n_space': 500, 'n_time': 500, 'w_socio': 1.0, 'w_space': 1.0, 'w_time': 1.0}",5,39797.9171728876,20129.945401445653,51684.34809451112,25302.99965179513,15.039588105769894,6.983234965953424,1.5870794356343723,0.7931579535972589
SparseGP_RFF,"(1, 12)","{'alpha': 0.1, 'gamma_socio': 0.05, 'gamma_space': 0.05, 'gamma_time': 0.05, 'n_socio': 300, 'n_space': 200, 'n_time': 500, 'w_socio': 1.0, 'w_space': 1.0, 'w_time': 1.0}",5,39800.21510517275,20075.858614771696,51688.81998784363,25270.859591979675,15.038361106576897,6.961097661963423,1.587300341385054,0.7913585587227041
SparseGP_RFF,"(1, 2, 3, 4, 5, 6, 12, 24)","{'alpha': 0.001, 'gamma_socio': 0.1, 'gamma_space': 0.1, 'gamma_time': 0.05, 'n_socio': 300, 'n_space': 500, 'n_time': 200, 'w_socio': 1.0, 'w_space': 1.0, 'w_time': 1.0}",5,36156.38650665331,21063.863273857056,51735.582457037795,30590.76311783808,13.990297541029605,7.578134541854522,1.3694032816025006,0.8506341755345018
SparseGP_RFF,"(1, 2, 12)","{'alpha': 0.001, 'gamma_socio': 0.1, 'gamma_space': 0.05, 'gamma_time': 0.1, 'n_socio': 300, 'n_space': 200, 'n_time': 200, 'w_socio': 1.0, 'w_space': 1.0, 'w_time': 1.0}",5,36776.7555349025,16652.99770676072,51798.452443381495,23720.448453399313,14.370227903463936,5.87297010675991,1.4581059500402052,0.6469011512902088
SparseGP_RFF,"(1, 2, 3, 12)","{'alpha': 0.001, 'gamma_socio': 0.1, 'gamma_space': 0.05, 'gamma_time': 0.1, 'n_socio': 300, 'n_space': 200, 'n_time': 200, 'w_socio': 1.0, 'w_space': 1.0, 'w_time': 1.0}",5,37072.429529062516,18900.49649548377,51830.244343173246,25257.430489365743,14.830687174167357,7.630525388845968,1.4703068333314118,0.7356207278685134
SparseGP_RFF,"(1, 2, 3, 12)","{'alpha': 0.01, 'gamma_socio': 0.1, 'gamma_space': 0.05, 'gamma_time': 0.1, 'n_socio': 300, 'n_space': 200, 'n_time': 200, 'w_socio': 1.0, 'w_space': 1.0, 'w_time': 1.0}",5,36989.52598533253,18716.04693858556,51840.27075382578,25179.921193283328,14.814494502518176,7.539080318375674,1.4670737538981335,0.7284467580573176
SparseGP_RFF,"(1, 2, 12)","{'alpha': 0.001, 'gamma_socio': 0.1, 'gamma_space': 0.05, 'gamma_time': 0.1, 'n_socio': 300, 'n_space': 500, 'n_time': 200, 'w_socio': 1.0, 'w_space': 1.0, 'w_time': 1.0}",5,36839.920854030686,16808.905284828666,51879.44200276937,23885.729120241704,14.39230892008718,5.917676636752751,1.460559478725001,0.6529270343332468
SparseGP_RFF,"(1, 2, 3, 4, 5, 6, 12, 24)","{'alpha': 0.001, 'gamma_socio': 0.1, 'gamma_space': 0.1, 'gamma_time': 0.05, 'n_socio': 300, 'n_space': 200, 'n_time': 500, 'w_socio': 1.0, 'w_space': 1.0, 'w_time': 1.0}",5,36115.24343858731,19794.594879188026,51884.464171503016,29235.726007257006,13.82921652185485,6.975159547398298,1.3710577772280323,0.8065885072161736
SparseGP_RFF,"(1, 2, 12)","{'alpha': 0.01, 'gamma_socio': 0.1, 'gamma_space': 0.05, 'gamma_time': 0.1, 'n_socio': 300, 'n_space': 200, 'n_time': 200, 'w_socio': 1.0, 'w_space': 1.0, 'w_time': 1.0}",5,36755.53318204953,16613.128660115224,51901.31448785203,23750.27550760996,14.354207613783538,5.798192763996584,1.4572704356320585,0.645403519961174
SparseGP_RFF,"(1, 2, 12)","{'alpha': 0.01, 'gamma_socio': 0.1, 'gamma_space': 0.1, 'gamma_time': 0.1, 'n_socio': 300, 'n_space': 200, 'n_time': 200, 'w_socio': 1.0, 'w_space': 1.0, 'w_time': 1.0}",5,36775.09687445885,16744.327684036245,51912.563242946184,23898.63111215539,14.343562848157594,5.8717246558299285,1.4580361450725345,0.6504477056639162
SparseGP_RFF,"(1, 2, 3, 12)","{'alpha': 0.001, 'gamma_socio': 0.1, 'gamma_space': 0.05, 'gamma_time': 0.05, 'n_socio': 300, 'n_space': 200, 'n_time': 200, 'w_socio': 1.0, 'w_space': 1.0, 'w_time': 1.0}",5,37212.62031398037,15681.39479107533,51914.20396232607,21983.256625853384,14.721105104169302,6.0658412118801435,1.4785195297741158,0.613775395949965
SparseGP_RFF,"(1, 2, 3, 12)","{'alpha': 0.01, 'gamma_socio': 0.1, 'gamma_space': 0.1, 'gamma_time': 0.1, 'n_socio': 300, 'n_space': 200, 'n_time': 200, 'w_socio': 1.0, 'w_space': 1.0, 'w_time': 1.0}",5,37045.59843048349,18955.148395080243,51931.74145586085,25400.22260470435,14.788660887805616,7.621330330142448,1.4692187178368337,0.7376991390138046
SparseGP_RFF,"(1, 2, 3, 12)","{'alpha': 0.001, 'gamma_socio': 0.1, 'gamma_space': 0.05, 'gamma_time': 0.1, 'n_socio': 300, 'n_space': 500, 'n_time': 200, 'w_socio': 1.0, 'w_space': 1.0, 'w_time': 1.0}",5,37137.391576404625,19027.72342783537,51934.66892610265,25408.26224769308,14.852906620406412,7.66497520492007,1.4728401751690792,0.7405305648668264
SparseGP_RFF,"(1, 2, 12)","{'alpha': 0.01, 'gamma_socio': 0.1, 'gamma_space': 0.1, 'gamma_time': 0.1, 'n_socio': 300, 'n_space': 500, 'n_time': 200, 'w_socio': 1.0, 'w_space': 1.0, 'w_time': 1.0}",5,36806.07143421097,16836.02912155553,51943.72360441445,24041.247250564782,14.36723192715902,5.900434307338491,1.459255552461981,0.6540159214888625
SparseGP_RFF,"(1, 2, 3, 12)","{'alpha': 0.1, 'gamma_socio': 0.1, 'gamma_space': 0.05, 'gamma_time': 0.1, 'n_socio': 300, 'n_space': 500, 'n_time': 200, 'w_socio': 1.0, 'w_space': 1.0, 'w_time': 1.0}",5,36838.06030280313,18499.5751125869,51945.00537761289,25215.15462204292,14.679291781570475,7.287403028769961,1.4613246558946158,0.7202752517643352
SparseGP_RFF,"(1, 2, 3, 12)","{'alpha': 0.1, 'gamma_socio': 0.1, 'gamma_space': 0.1, 'gamma_time': 0.1, 'n_socio': 300, 'n_space': 200, 'n_time': 200, 'w_socio': 1.0, 'w_space': 1.0, 'w_time': 1.0}",5,36918.477931612186,18730.727343174,51949.209649814955,25251.29029754388,14.698010678065085,7.399313415676709,1.4643472663202404,0.7291151317967725
SparseGP_RFF,"(1, 2, 3, 12)","{'alpha': 0.1, 'gamma_socio': 0.1, 'gamma_space': 0.1, 'gamma_time': 0.1, 'n_socio': 300, 'n_space': 500, 'n_time': 200, 'w_socio': 1.0, 'w_space': 1.0, 'w_time': 1.0}",5,36949.41784137241,18750.667880229623,51951.61285814781,25243.547217672287,14.722477828346538,7.422964131411321,1.46559428163327,0.7299357829676265
SparseGP_RFF,"(1, 2, 3, 12)","{'alpha': 0.01, 'gamma_socio': 0.1, 'gamma_space': 0.05, 'gamma_time': 0.1, 'n_socio': 300, 'n_space': 500, 'n_time': 200, 'w_socio': 1.0, 'w_space': 1.0, 'w_time': 1.0}",5,37101.68449922706,18903.461256271326,51953.2058672413,25357.485651261148,14.84494772945817,7.595159705691594,1.4714577774511064,0.7357111808134469
SparseGP_RFF,"(1, 2, 3, 4, 5, 6, 12)","{'alpha': 0.001, 'gamma_socio': 0.1, 'gamma_space': 0.1, 'gamma_time': 0.1, 'n_socio': 300, 'n_space': 500, 'n_time': 500, 'w_socio': 1.0, 'w_space': 1.0, 'w_time': 1.0}",5,37070.73262157652,17486.613387464862,51976.62046335031,24163.98428948226,14.562055451347968,6.594488972451073,1.4700637844120834,0.6792481279780899
SparseGP_RFF,"(1, 2, 3, 12)","{'alpha': 0.01, 'gamma_socio': 0.1, 'gamma_space': 0.1, 'gamma_time': 0.1, 'n_socio': 300, 'n_space': 500, 'n_time': 200, 'w_socio': 1.0, 'w_space': 1.0, 'w_time': 1.0}",5,37096.849535652516,19024.299295967296,51992.17976608078,25519.808564905594,14.825798006493006,7.6424428672472935,1.4712598760170272,0.7404015972220769
SparseGP_RFF,"(1, 2, 3, 12)","{'alpha': 0.1, 'gamma_socio': 0.1, 'gamma_space': 0.05, 'gamma_time': 0.1, 'n_socio': 300, 'n_space': 200, 'n_time': 200, 'w_socio': 1.0, 'w_space': 1.0, 'w_time': 1.0}",5,36813.58406596542,18558.61608024796,51993.28729124881,25308.953568791665,14.66870421047767,7.300367856247381,1.4602825099796892,0.7224347178350912
SparseGP_RFF,"(1, 2, 3, 12)","{'alpha': 0.001, 'gamma_socio': 0.1, 'gamma_space': 0.05, 'gamma_time': 0.05, 'n_socio': 300, 'n_space': 500, 'n_time': 200, 'w_socio': 1.0, 'w_space': 1.0, 'w_time': 1.0}",5,37261.57701482956,15766.826419246912,51999.418052531095,22102.411092738595,14.737582414403267,6.084876163789788,1.480434961091402,0.6170589419462525
SparseGP_RFF,"(1, 2, 12)","{'alpha': 0.01, 'gamma_socio': 0.1, 'gamma_space': 0.05, 'gamma_time': 0.1, 'n_socio': 300, 'n_space': 500, 'n_time': 200, 'w_socio': 1.0, 'w_space': 1.0, 'w_time': 1.0}",5,36870.02202858172,16767.094223795917,52017.00720745242,23906.941116876475,14.390405237435086,5.844501516842018,1.4617681815451569,0.6513528106615236
SparseGP_RFF,"(1, 2, 3, 12)","{'alpha': 0.01, 'gamma_socio': 0.1, 'gamma_space': 0.1, 'gamma_time': 0.05, 'n_socio': 300, 'n_space': 200, 'n_time': 200, 'w_socio': 1.0, 'w_space': 1.0, 'w_time': 1.0}",5,37214.50283571247,15700.025544261005,52033.88956119084,22058.919752457867,14.699178946946267,6.049060528581489,1.4786058585497794,0.6144840995104608
SparseGP_RFF,"(1, 2, 3, 12)","{'alpha': 0.01, 'gamma_socio': 0.1, 'gamma_space': 0.1, 'gamma_time': 0.05, 'n_socio': 300, 'n_space': 500, 'n_time': 200, 'w_socio': 1.0, 'w_space': 1.0, 'w_time': 1.0}",5,37257.76283088808,15754.996038676303,52087.59594272925,22189.49827738731,14.72101019541914,6.058482800899205,1.480327880005988,0.6166438133931552
SparseGP_RFF,"(1, 2, 3, 12, 24)","{'alpha': 0.001, 'gamma_socio': 0.1, 'gamma_space': 0.1, 'gamma_time': 0.05, 'n_socio': 300, 'n_space': 500, 'n_time': 200, 'w_socio': 1.0, 'w_space': 1.0, 'w_time': 1.0}",5,35501.447585252994,20109.86423434102,52094.58824045329,31192.70794843017,13.088272350294043,5.997382893872348,1.3459683484896234,0.8148506819809924
SparseGP_RFF,"(1, 2, 3, 4, 5, 6, 12, 24)","{'alpha': 0.001, 'gamma_socio': 0.1, 'gamma_space': 0.1, 'gamma_time': 0.05, 'n_socio': 300, 'n_space': 200, 'n_time': 200, 'w_socio': 1.0, 'w_space': 1.0, 'w_time': 1.0}",5,36545.430304669295,21507.064746762626,52101.51377958333,30689.35344985387,14.264775163056362,8.016310131832718,1.3843452031058943,0.868039991623437
SparseGP_RFF,"(1, 2, 12)","{'alpha': 0.1, 'gamma_socio': 0.1, 'gamma_space': 0.1, 'gamma_time': 0.1, 'n_socio': 300, 'n_space': 500, 'n_time': 200, 'w_socio': 1.0, 'w_space': 1.0, 'w_time': 1.0}",5,36818.43173665358,16737.779336577983,52104.77315483198,23917.908280631127,14.311658034368623,5.708129780287925,1.4598434266609173,0.650418800030188
SparseGP_RFF,"(1, 2, 12)","{'alpha': 0.1, 'gamma_socio': 0.1, 'gamma_space': 0.1, 'gamma_time': 0.1, 'n_socio': 300, 'n_space': 200, 'n_time': 200, 'w_socio': 1.0, 'w_space': 1.0, 'w_time': 1.0}",5,36784.950151295605,16744.015404217767,52115.39531528772,23962.18424824449,14.281028237674818,5.682575037538366,1.4585371585080833,0.6507137873826985
SparseGP_RFF,"(1, 2, 3, 12)","{'alpha': 0.01, 'gamma_socio': 0.1, 'gamma_space': 0.05, 'gamma_time': 0.05, 'n_socio': 300, 'n_space': 200, 'n_time': 200, 'w_socio': 1.0, 'w_space': 1.0, 'w_time': 1.0}",5,37279.700695222666,15510.000520984267,52137.69697241769,21910.60309357425,14.7361731367893,5.979880525246163,1.481192749568296,0.6071548593671512
SparseGP_RFF,"(1, 2, 3, 12)","{'alpha': 0.01, 'gamma_socio': 0.1, 'gamma_space': 0.05, 'gamma_time': 0.05, 'n_socio': 300, 'n_space': 500, 'n_time': 200, 'w_socio': 1.0, 'w_space': 1.0, 'w_time': 1.0}",5,37337.157670723296,15627.23363684971,52210.86580573755,22036.918692031075,14.745925160678746,5.999085072268652,1.4833839205798565,0.6115623986717124
SparseGP_RFF,"(1, 2, 3, 4, 5, 6, 12)","{'alpha': 0.001, 'gamma_socio': 0.1, 'gamma_space': 0.1, 'gamma_time': 0.1, 'n_socio': 300, 'n_space': 200, 'n_time': 500, 'w_socio': 1.0, 'w_space': 1.0, 'w_time': 1.0}",5,37253.55333717363,17731.76901588054,52218.93327032704,24183.750150450367,14.709876800505606,6.883706375601379,1.477260602439127,0.6887557506298083
SparseGP_RFF,"(1, 2, 3, 12, 24)","{'alpha': 0.001, 'gamma_socio': 0.1, 'gamma_space': 0.1, 'gamma_time': 0.05, 'n_socio': 300, 'n_space': 200, 'n_time': 200, 'w_socio': 1.0, 'w_space': 1.0, 'w_time': 1.0}",5,35686.68764185963,20266.542180317985,52273.3893233141,31051.501581077562,13.248728408103933,6.26180461963693,1.3529620940310074,0.8210080920529093
SparseGP_RFF,"(1, 2, 12)","{'alpha': 0.1, 'gamma_socio': 0.1, 'gamma_space': 0.05, 'gamma_time': 0.1, 'n_socio': 300, 'n_space': 500, 'n_time': 200, 'w_socio': 1.0, 'w_space': 1.0, 'w_time': 1.0}",5,36858.74921871939,16650.637592142903,52292.25357359582,24013.82725891342,14.308507432676844,5.625422936221717,1.4615541205305143,0.6471941691172004
SparseGP_RFF,"(1, 2, 12)","{'alpha': 0.1, 'gamma_socio': 0.1, 'gamma_space': 0.05, 'gamma_time': 0.1, 'n_socio': 300, 'n_space': 200, 'n_time': 200, 'w_socio': 1.0, 'w_space': 1.0, 'w_time': 1.0}",5,36838.13510562489,16777.679341963903,52343.201920946114,24190.606048420148,14.284485532765032,5.6390165870070454,1.4607110679727489,0.6521351293856297
SparseGP_RFF,"(1, 2, 3, 4, 5, 6, 12)","{'alpha': 0.001, 'gamma_socio': 0.1, 'gamma_space': 0.05, 'gamma_time': 0.1, 'n_socio': 300, 'n_space': 200, 'n_time': 500, 'w_socio': 1.0, 'w_space': 1.0, 'w_time': 1.0}",5,37504.126733297504,17788.705734353043,52392.59369249157,24178.97841326634,14.824712139334562,6.905964647845015,1.4871517604846745,0.6909687595722714
SparseGP_RFF,"(1, 2, 3, 4, 5, 6, 12)","{'alpha': 0.001, 'gamma_socio': 0.1, 'gamma_space': 0.05, 'gamma_time': 0.1, 'n_socio': 300, 'n_space': 500, 'n_time': 500, 'w_socio': 1.0, 'w_space': 1.0, 'w_time': 1.0}",5,37554.2476075289,17869.005522615324,52462.98160096634,24269.275029280634,14.843670590935082,6.918181657834703,1.4891317837153886,0.6940845910988886
SparseGP_RFF,"(1, 2, 3, 4, 5, 6, 12, 24)","{'alpha': 0.001, 'gamma_socio': 0.1, 'gamma_space': 0.05, 'gamma_time': 0.05, 'n_socio': 300, 'n_space': 200, 'n_time': 500, 'w_socio': 1.0, 'w_space': 1.0, 'w_time': 1.0}",5,36585.912535695934,20034.528695778532,52477.50007855678,29746.054745286932,13.92606270055414,6.888723599206283,1.3891701060149164,0.8167760848328867
SparseGP_RFF,"(1, 2, 3, 4, 5, 6, 12)","{'alpha': 0.01, 'gamma_socio': 0.1, 'gamma_space': 0.05, 'gamma_time': 0.1, 'n_socio': 300, 'n_space': 200, 'n_time': 500, 'w_socio': 1.0, 'w_space': 1.0, 'w_time': 1.0}",5,37479.13640727737,17588.001855914237,52492.65707136999,24018.46801090795,14.83852577436657,6.832561471193372,1.48613641123731,0.6830796187050726
SparseGP_RFF,"(1, 2, 3, 12)","{'alpha': 0.1, 'gamma_socio': 0.1, 'gamma_space': 0.1, 'gamma_time': 0.05, 'n_socio': 300, 'n_space': 500, 'n_time': 200, 'w_socio': 1.0, 'w_space': 1.0, 'w_time': 1.0}",5,37460.536320461055,15427.815667641235,52498.25474331543,21905.413929328726,14.735969121427726,5.8187652211396,1.4884123513476855,0.6039846832568251
SparseGP_RFF,"(1, 2, 3, 12, 24)","{'alpha': 0.001, 'gamma_socio': 0.1, 'gamma_space': 0.1, 'gamma_time': 0.1, 'n_socio': 300, 'n_space': 500, 'n_time': 200, 'w_socio': 1.0, 'w_space': 1.0, 'w_time': 1.0}",5,36367.67344628398,21759.257861573886,52512.62093307426,32771.84606872882,13.682104540693071,6.839248615007566,1.3789829316721485,0.8780548691359822
SparseGP_RFF,"(1, 2, 3, 12)","{'alpha': 0.1, 'gamma_socio': 0.1, 'gamma_space': 0.1, 'gamma_time': 0.05, 'n_socio': 300, 'n_space': 200, 'n_time': 200, 'w_socio': 1.0, 'w_space': 1.0, 'w_time': 1.0}",5,37448.3365938396,15429.19333122979,52517.22529887082,21924.525490797834,14.718820263822911,5.805409263047828,1.487943996445869,0.6040500422155837
SparseGP_RFF,"(1, 2, 3, 4, 5, 6, 12, 24)","{'alpha': 0.1, 'gamma_socio': 0.1, 'gamma_space': 0.1, 'gamma_time': 0.05, 'n_socio': 300, 'n_space': 500, 'n_time': 200, 'w_socio': 1.0, 'w_space': 1.0, 'w_time': 1.0}",5,36672.805747055936,21181.511371925488,52519.761309433336,30562.997519109642,14.200897878451377,7.595291832191577,1.389252057794041,0.8563691915242636
SparseGP_RFF,"(1, 2, 3, 4, 5, 6, 12, 24)","{'alpha': 0.001, 'gamma_socio': 0.1, 'gamma_space': 0.05, 'gamma_time': 0.05, 'n_socio': 300, 'n_space': 500, 'n_time': 500, 'w_socio': 1.0, 'w_space': 1.0, 'w_time': 1.0}",5,36647.68864266758,20111.236258275665,52530.76811874918,29775.89302378345,13.964385291897775,6.939266272565514,1.391575429255322,0.8197890118091133
SparseGP_RFF,"(1, 2, 3, 4, 5, 6, 12, 24)","{'alpha': 0.001, 'gamma_socio': 0.1, 'gamma_space': 0.05, 'gamma_time': 0.05, 'n_socio': 300, 'n_space': 200, 'n_time': 200, 'w_socio': 1.0, 'w_space': 1.0, 'w_time': 1.0}",5,36918.18637761585,21709.861380990344,52549.400943616565,31171.4590873706,14.371819604981301,7.964075980099793,1.3984856224792888,0.8763611978620116
SparseGP_RFF,"(1, 2, 3, 4, 5, 6, 12, 24)","{'alpha': 0.01, 'gamma_socio': 0.1, 'gamma_space': 0.1, 'gamma_time': 0.05, 'n_socio': 300, 'n_space': 200, 'n_time': 500, 'w_socio': 1.0, 'w_space': 1.0, 'w_time': 1.0}",5,36598.11493556075,20088.178860454616,52558.469944780925,29776.30440718061,13.917765201889491,6.911666875257499,1.3898160659119931,0.818931039555348
SparseGP_RFF,"(1, 2, 3, 4, 5, 6, 12)","{'alpha': 0.01, 'gamma_socio': 0.1, 'gamma_space': 0.1, 'gamma_time': 0.1, 'n_socio': 300, 'n_space': 200, 'n_time': 500, 'w_socio': 1.0, 'w_space': 1.0, 'w_time': 1.0}",5,37531.339341803294,17831.37952780916,52560.73343886314,24329.902820112893,14.804735959381569,6.88008171272361,1.4882439753526755,0.6926318170363798
SparseGP_RFF,"(1, 2, 3, 4, 5, 6, 12)","{'alpha': 0.01, 'gamma_socio': 0.1, 'gamma_space': 0.1, 'gamma_time': 0.1, 'n_socio': 300, 'n_space': 500, 'n_time': 500, 'w_socio': 1.0, 'w_space': 1.0, 'w_time': 1.0}",5,37551.62813955503,17883.899702497314,52564.173150845934,24388.028908997356,14.835487631984472,6.909366616196533,1.4890111727077522,0.6946101361915458
SparseGP_RFF,"(1, 2, 3, 4, 5, 6, 12, 24)","{'alpha': 0.1, 'gamma_socio': 0.1, 'gamma_space': 0.1, 'gamma_time': 0.05, 'n_socio': 300, 'n_space': 200, 'n_time': 200, 'w_socio': 1.0, 'w_space': 1.0, 'w_time': 1.0}",5,36650.441938823795,21209.632011947622,52569.47669771842,30668.62089696318,14.165688706717154,7.566130084139557,1.3884152415840798,0.8573635639521525
SparseGP_RFF,"(1, 2, 3, 4, 5, 6, 12)","{'alpha': 0.01, 'gamma_socio': 0.1, 'gamma_space': 0.05, 'gamma_time': 0.1, 'n_socio': 300, 'n_space': 500, 'n_time': 500, 'w_socio': 1.0, 'w_space': 1.0, 'w_time': 1.0}",5,37573.5495220218,17731.86568999437,52581.331655328024,24144.665390091915,14.866729581162337,6.871113041016365,1.4898242129812738,0.6886170428961775
SparseGP_RFF,"(1, 2, 3, 4, 5, 6, 12, 24)","{'alpha': 0.01, 'gamma_socio': 0.1, 'gamma_space': 0.1, 'gamma_time': 0.05, 'n_socio': 300, 'n_space': 200, 'n_time': 200, 'w_socio': 1.0, 'w_space': 1.0, 'w_time': 1.0}",5,36857.660780387974,21693.97809525532,52587.03530938551,31178.347325377596,14.325059807559796,7.934961306573705,1.3962727386144436,0.8757174499878437
SparseGP_RFF,"(1, 2, 3, 4, 5, 6, 12, 24)","{'alpha': 0.01, 'gamma_socio': 0.1, 'gamma_space': 0.1, 'gamma_time': 0.05, 'n_socio': 300, 'n_space': 500, 'n_time': 500, 'w_socio': 1.0, 'w_space': 1.0, 'w_time': 1.0}",5,36629.749663125076,20091.02006897593,52589.54422571968,29822.01767887128,13.934985044155727,6.896670234997825,1.3910159867957286,0.819113149344348
SparseGP_RFF,"(1, 2, 3, 4, 5, 6, 12, 24)","{'alpha': 0.001, 'gamma_socio': 0.1, 'gamma_space': 0.05, 'gamma_time': 0.05, 'n_socio': 300, 'n_space': 500, 'n_time': 200, 'w_socio': 1.0, 'w_space': 1.0, 'w_time': 1.0}",5,36943.912121808266,21787.024129599933,52597.05119062554,31231.037745569887,14.400709048607535,8.019007485489537,1.399567410963128,0.8793775730717328
SparseGP_RFF,"(1, 2, 3, 4, 5, 6, 12, 24)","{'alpha': 0.01, 'gamma_socio': 0.1, 'gamma_space': 0.1, 'gamma_time': 0.05, 'n_socio': 300, 'n_space': 500, 'n_time': 200, 'w_socio': 1.0, 'w_space': 1.0, 'w_time': 1.0}",5,36869.03430482491,21723.275769552496,52611.10374364928,31231.717033903955,14.346458807359804,7.9501429524900455,1.3967566189308127,0.8768693347477726
SparseGP_RFF,"(1, 2, 3, 4, 5, 6, 12)","{'alpha': 0.001, 'gamma_socio': 0.1, 'gamma_space': 0.1, 'gamma_time': 0.05, 'n_socio': 300, 'n_space': 500, 'n_time': 500, 'w_socio': 1.0, 'w_space': 1.0, 'w_time': 1.0}",5,37610.58174974918,14440.954349332163,52635.92156233898,20501.325225615514,14.802810109593498,5.444797309962351,1.4928738763833718,0.561766442560653
SparseGP_RFF,"(1, 2, 3, 4, 5, 6, 12, 24)","{'alpha': 0.1, 'gamma_socio': 0.1, 'gamma_space': 0.05, 'gamma_time': 0.05, 'n_socio': 300, 'n_space': 500, 'n_time': 200, 'w_socio': 1.0, 'w_space': 1.0, 'w_time': 1.0}",5,36667.24874331968,21046.67443612512,52680.61753399115,30573.38387927724,14.16493618729765,7.453300387810148,1.389077536961074,0.8513690399409005
SparseGP_RFF,"(1, 2, 3, 4, 5, 6, 12, 24)","{'alpha': 0.01, 'gamma_socio': 0.1, 'gamma_space': 0.05, 'gamma_time': 0.05, 'n_socio': 300, 'n_space': 200, 'n_time': 200, 'w_socio': 1.0, 'w_space': 1.0, 'w_time': 1.0}",5,36843.76622937134,21478.075510969848,52715.001808958245,31171.74318795824,14.310986488145446,7.777751568943015,1.3955016493450674,0.8675089934773704
SparseGP_RFF,"(1, 2, 3, 4, 5, 6, 12)","{'alpha': 0.1, 'gamma_socio': 0.1, 'gamma_space': 0.1, 'gamma_time': 0.1, 'n_socio': 300, 'n_space': 500, 'n_time': 500, 'w_socio': 1.0, 'w_space': 1.0, 'w_time': 1.0}",5,37578.736172763645,17558.014834386526,52738.00494431832,24018.110460804575,14.814176820350184,6.688931815299657,1.490166820696959,0.6820035057752555
SparseGP_RFF,"(1, 2, 3, 12)","{'alpha': 0.1, 'gamma_socio': 0.1, 'gamma_space': 0.05, 'gamma_time': 0.05, 'n_socio': 300, 'n_space': 500, 'n_time': 200, 'w_socio': 1.0, 'w_space': 1.0, 'w_time': 1.0}",5,37524.7439045295,15248.28701780347,52738.01409499613,21888.89228921097,14.731307976674483,5.704859964811621,1.4909332797465855,0.5969606701038459
SparseGP_RFF,"(1, 2, 3, 12, 24)","{'alpha': 0.001, 'gamma_socio': 0.1, 'gamma_space': 0.1, 'gamma_time': 0.1, 'n_socio': 300, 'n_space': 200, 'n_time': 200, 'w_socio': 1.0, 'w_space': 1.0, 'w_time': 1.0}",5,36588.262604103715,21985.775197268667,52744.47863290998,32741.53491357164,13.880321975596184,7.1709623728830945,1.3873777435661423,0.8869416905532215
SparseGP_RFF,"(1, 2, 3, 4, 5, 6, 12)","{'alpha': 0.1, 'gamma_socio': 0.1, 'gamma_space': 0.1, 'gamma_time': 0.1, 'n_socio': 300, 'n_space': 200, 'n_time': 500, 'w_socio': 1.0, 'w_space': 1.0, 'w_time': 1.0}",5,37552.45882560898,17573.65700103529,52764.91872522615,24073.65322722327,14.782338008957336,6.671436412879205,1.489123223606627,0.6826257939580868
SparseGP_RFF,"(1, 2, 3, 4, 5, 6, 12, 24)","{'alpha': 0.1, 'gamma_socio': 0.1, 'gamma_space': 0.1, 'gamma_time': 0.05, 'n_socio': 300, 'n_space': 500, 'n_time': 500, 'w_socio': 1.0, 'w_space': 1.0, 'w_time': 1.0}",5,36695.26785620572,19873.87205747874,52770.748877408485,29435.097347262526,13.83374061514564,6.619922953821951,1.393794453853062,0.8117650064496477
SparseGP_RFF,"(1, 2, 3, 12)","{'alpha': 0.1, 'gamma_socio': 0.1, 'gamma_space': 0.05, 'gamma_time': 0.05, 'n_socio': 300, 'n_space': 200, 'n_time': 200, 'w_socio': 1.0, 'w_space': 1.0, 'w_time': 1.0}",5,37533.8651516193,15323.117697999445,52801.7998990529,21981.14037244319,14.72961647753426,5.729504729825632,1.4912626540301006,0.5997624087010285
SparseGP_RFF,"(1, 2, 3, 4, 5, 6, 12, 24)","{'alpha': 0.01, 'gamma_socio': 0.1, 'gamma_space': 0.05, 'gamma_time': 0.05, 'n_socio': 300, 'n_space': 500, 'n_time': 200, 'w_socio': 1.0, 'w_space': 1.0, 'w_time': 1.0}",5,36952.68878238936,21652.622942326623,52810.076499607414,31335.829345537986,14.360379820945676,7.861955773573809,1.3998087148852207,0.8743583283002853
SparseGP_RFF,"(1, 2, 3, 4, 5, 6, 12, 24)","{'alpha': 0.01, 'gamma_socio': 0.1, 'gamma_space': 0.05, 'gamma_time': 0.05, 'n_socio': 300, 'n_space': 200, 'n_time': 500, 'w_socio': 1.0, 'w_space': 1.0, 'w_time': 1.0}",5,36726.65247184768,20032.174661164972,52816.35285856478,29866.012924065093,13.904189449356696,6.740777567431778,1.394464766661711,0.8170224088739448
SparseGP_RFF,"(1, 2, 3, 4, 5, 6, 12)","{'alpha': 0.1, 'gamma_socio': 0.1, 'gamma_space': 0.05, 'gamma_time': 0.1, 'n_socio': 300, 'n_space': 500, 'n_time': 500, 'w_socio': 1.0, 'w_space': 1.0, 'w_time': 1.0}",5,37549.30262686335,17288.225163362877,52848.79305364597,23893.023368196617,14.797263725043885,6.562888844893209,1.4890273002480017,0.6714661499346236
SparseGP_RFF,"(1, 2, 3, 4, 5, 6, 12, 24)","{'alpha': 0.1, 'gamma_socio': 0.1, 'gamma_space': 0.05, 'gamma_time': 0.05, 'n_socio': 300, 'n_space': 200, 'n_time': 200, 'w_socio': 1.0, 'w_space': 1.0, 'w_time': 1.0}",5,36731.023423243765,21253.319169772658,52856.1048081096,30885.741381175754,14.155604938965165,7.468688930897921,1.3916367357346169,0.8592614373203536
SparseGP_RFF,"(1, 2, 3, 12, 24)","{'alpha': 0.001, 'gamma_socio': 0.1, 'gamma_space': 0.05, 'gamma_time': 0.05, 'n_socio': 300, 'n_space': 200, 'n_time': 200, 'w_socio': 1.0, 'w_space': 1.0, 'w_time': 1.0}",5,36174.44727307277,20492.5153773258,52858.01429753739,31547.207942707286,13.38329401857943,6.206418616862837,1.3718294187858386,0.8307235678136187
SparseGP_RFF,"(1, 2, 3, 4, 5, 6, 12, 24)","{'alpha': 0.1, 'gamma_socio': 0.1, 'gamma_space': 0.1, 'gamma_time': 0.05, 'n_socio': 300, 'n_space': 200, 'n_time': 500, 'w_socio': 1.0, 'w_space': 1.0, 'w_time': 1.0}",5,36727.75289571214,19949.668049676005,52866.49830335616,29595.068330736412,13.81771160824604,6.609348108688283,1.3951722232961283,0.8147416025997037
SparseGP_RFF,"(1, 2, 3, 4, 5, 6, 12)","{'alpha': 0.1, 'gamma_socio': 0.1, 'gamma_space': 0.05, 'gamma_time': 0.1, 'n_socio': 300, 'n_space': 200, 'n_time': 500, 'w_socio': 1.0, 'w_space': 1.0, 'w_time': 1.0}",5,37542.34168707532,17362.008363396835,52905.5978629896,23993.852724679622,14.782919602462627,6.570474824536652,1.4887494817780178,0.6743400166776593
SparseGP_RFF,"(1, 2, 3, 4, 5, 6, 12, 24)","{'alpha': 0.01, 'gamma_socio': 0.1, 'gamma_space': 0.05, 'gamma_time': 0.05, 'n_socio': 300, 'n_space': 500, 'n_time': 500, 'w_socio': 1.0, 'w_space': 1.0, 'w_time': 1.0}",5,36823.720418172015,20143.567841861994,52907.51328588186,29976.20053012064,13.944984481406376,6.794007218432941,1.3983003728951928,0.8214784228654298
SparseGP_RFF,"(1, 2, 3, 4, 5, 6, 12)","{'alpha': 0.001, 'gamma_socio': 0.1, 'gamma_space': 0.1, 'gamma_time': 0.05, 'n_socio': 300, 'n_space': 200, 'n_time': 500, 'w_socio': 1.0, 'w_space': 1.0, 'w_time': 1.0}",5,37876.291197914536,14667.758782351544,52911.13079638903,20451.123659623347,14.97417455029273,5.709410770013203,1.5034296785894454,0.570622441130704
SparseGP_RFF,"(1, 2, 3, 4, 5, 6, 12)","{'alpha': 0.001, 'gamma_socio': 0.1, 'gamma_space': 0.1, 'gamma_time': 0.1, 'n_socio': 300, 'n_space': 500, 'n_time': 200, 'w_socio': 1.0, 'w_space': 1.0, 'w_time': 1.0}",5,38128.09286465377,18751.908631762897,52912.087320136154,25525.160192220825,15.618661705283003,7.766768197941598,1.5113931614915335,0.7287498816886014
SparseGP_RFF,"(1, 2, 3, 12, 24)","{'alpha': 0.01, 'gamma_socio': 0.1, 'gamma_space': 0.1, 'gamma_time': 0.05, 'n_socio': 300, 'n_space': 200, 'n_time': 200, 'w_socio': 1.0, 'w_space': 1.0, 'w_time': 1.0}",5,36189.36423114257,20537.445453908098,52943.92145857271,31570.011007051882,13.375543084550898,6.222788492503996,1.3724736799764048,0.8324646470100959
SparseGP_RFF,"(1, 2, 3, 12, 24)","{'alpha': 0.001, 'gamma_socio': 0.1, 'gamma_space': 0.05, 'gamma_time': 0.05, 'n_socio': 300, 'n_space': 500, 'n_time': 200, 'w_socio': 1.0, 'w_space': 1.0, 'w_time': 1.0}",5,36239.67020637709,20557.65245717753,52944.8763647999,31624.554537362397,13.411263555870514,6.223991056308499,1.3744129999645631,0.8333791518234281
SparseGP_RFF,"(1, 2, 3, 12, 24)","{'alpha': 0.01, 'gamma_socio': 0.1, 'gamma_space': 0.1, 'gamma_time': 0.05, 'n_socio': 300, 'n_space': 500, 'n_time': 200, 'w_socio': 1.0, 'w_space': 1.0, 'w_time': 1.0}",5,36235.68568022755,20553.724307810462,53005.8903831207,31647.26485595516,13.394141113850495,6.198204875766585,1.3743430223553583,0.8332723979209397
SparseGP_RFF,"(1, 12, 24)","{'alpha': 0.001, 'gamma_socio': 0.1, 'gamma_space': 0.1, 'gamma_time': 0.1, 'n_socio': 300, 'n_space': 500, 'n_time': 200, 'w_socio': 1.0, 'w_space': 1.0, 'w_time': 1.0}",5,36940.140971802575,20342.42776916868,53010.21078847737,31164.502319825027,14.065292306985999,6.235335979934566,1.3974927291086956,0.8239219204607764
SparseGP_RFF,"(1, 2, 3, 4, 5, 6, 12)","{'alpha': 0.001, 'gamma_socio': 0.1, 'gamma_space': 0.1, 'gamma_time': 0.1, 'n_socio': 300, 'n_space': 200, 'n_time': 200, 'w_socio': 1.0, 'w_space': 1.0, 'w_time': 1.0}",5,38352.8053093947,19068.38566020643,53128.97162915848,25509.904442667383,15.845169144794431,8.212139350901985,1.5201555673259939,0.7408564847744527
SparseGP_RFF,"(1, 2, 3, 12, 24)","{'alpha': 0.001, 'gamma_socio': 0.1, 'gamma_space': 0.05, 'gamma_time': 0.1, 'n_socio': 300, 'n_space': 200, 'n_time': 200, 'w_socio': 1.0, 'w_space': 1.0, 'w_time': 1.0}",5,36971.54356547508,22184.49434378527,53194.18246099669,33291.82912249788,13.98908164301138,7.080881046760102,1.4020736829727678,0.8952123256547305
SparseGP_RFF,"(1, 2, 3, 12, 24)","{'alpha': 0.1, 'gamma_socio': 0.1, 'gamma_space': 0.1, 'gamma_time': 0.1, 'n_socio': 300, 'n_space': 500, 'n_time': 200, 'w_socio': 1.0, 'w_space': 1.0, 'w_time': 1.0}",5,36857.86266322348,22142.406889737318,53195.45718565985,32965.60704780327,13.861262901098973,6.874810873107262,1.3977842341360862,0.8934198086853243
SparseGP_RFF,"(1, 2, 3, 4, 5, 6, 12, 24)","{'alpha': 0.1, 'gamma_socio': 0.1, 'gamma_space': 0.05, 'gamma_time': 0.05, 'n_socio': 300, 'n_space': 500, 'n_time': 500, 'w_socio': 1.0, 'w_space': 1.0, 'w_time': 1.0}",5,37006.50373714043,20026.953940716932,53213.59028405987,29664.425491542053,13.889722524993314,6.567971247434136,1.4059339797024566,0.8184296019904305
SparseGP_RFF,"(1, 2, 3, 12, 24)","{'alpha': 0.01, 'gamma_socio': 0.1, 'gamma_space': 0.05, 'gamma_time': 0.05, 'n_socio': 300, 'n_space': 200, 'n_time': 200, 'w_socio': 1.0, 'w_space': 1.0, 'w_time': 1.0}",5,36377.29945885041,20528.784581108805,53216.212204228694,31640.239438971556,13.427388222681582,6.134548343407055,1.3797749841935105,0.8327278315195283
SparseGP_RFF,"(1, 2, 3, 12, 24)","{'alpha': 0.01, 'gamma_socio': 0.1, 'gamma_space': 0.1, 'gamma_time': 0.1, 'n_socio': 300, 'n_space': 200, 'n_time': 200, 'w_socio': 1.0, 'w_space': 1.0, 'w_time': 1.0}",5,36948.49048527091,22280.958649026605,53258.483087839835,33373.03607825353,13.952434160217916,7.099517077095457,1.401208266307815,0.8987531716131426
SparseGP_RFF,"(1, 2, 3, 12, 24)","{'alpha': 0.1, 'gamma_socio': 0.1, 'gamma_space': 0.1, 'gamma_time': 0.05, 'n_socio': 300, 'n_space': 500, 'n_time': 200, 'w_socio': 1.0, 'w_space': 1.0, 'w_time': 1.0}",5,36463.66839234841,20400.92364192645,53262.79254792605,31170.389124699843,13.422286903739087,6.045058073999176,1.3833472957812396,0.8284601587799514
SparseGP_RFF,"(1, 2, 3, 12, 24)","{'alpha': 0.1, 'gamma_socio': 0.1, 'gamma_space': 0.1, 'gamma_time': 0.1, 'n_socio': 300, 'n_space': 200, 'n_time': 200, 'w_socio': 1.0, 'w_space': 1.0, 'w_time': 1.0}",5,36854.401410852195,22195.66214665318,53267.590836553965,33096.33048378039,13.838362080574873,6.860152380571106,1.3975666986499935,0.8953209663230149
SparseGP_RFF,"(1, 2, 3, 12, 24)","{'alpha': 0.001, 'gamma_socio': 0.1, 'gamma_space': 0.05, 'gamma_time': 0.1, 'n_socio': 300, 'n_space': 500, 'n_time': 200, 'w_socio': 1.0, 'w_space': 1.0, 'w_time': 1.0}",5,37054.80564606029,22303.14326058942,53305.98650058722,33413.216636167075,14.023314124467504,7.110618461635005,1.4053935566374367,0.8999161065133248
SparseGP_RFF,"(1, 12, 24)","{'alpha': 0.001, 'gamma_socio': 0.1, 'gamma_space': 0.1, 'gamma_time': 0.1, 'n_socio': 300, 'n_space': 200, 'n_time': 200, 'w_socio': 1.0, 'w_space': 1.0, 'w_time': 1.0}",5,37184.81303248583,20522.01308136831,53309.922339562596,31113.178536755357,14.2655032556822,6.552689525083351,1.4067441414677369,0.8310808312700579
SparseGP_RFF,"(1, 2, 3, 12, 24)","{'alpha': 0.01, 'gamma_socio': 0.1, 'gamma_space': 0.05, 'gamma_time': 0.05, 'n_socio': 300, 'n_space': 500, 'n_time': 200, 'w_socio': 1.0, 'w_space': 1.0, 'w_time': 1.0}",5,36475.53455033594,20647.020153862137,53314.43908083553,31773.79737087893,13.464178092376068,6.175814135105862,1.3835969292039694,0.8373921798815275
SparseGP_RFF,"(1, 2, 3, 4, 5, 6, 12)","{'alpha': 0.1, 'gamma_socio': 0.1, 'gamma_space': 0.05, 'gamma_time': 0.1, 'n_socio': 300, 'n_space': 500, 'n_time': 200, 'w_socio': 1.0, 'w_space': 1.0, 'w_time': 1.0}",5,38348.99687323165,18527.536987446496,53324.72808397546,25287.603660672565,15.806499883074778,7.685142167332016,1.5204601815640695,0.7204668548280391
SparseGP_RFF,"(1, 2, 3, 12, 24)","{'alpha': 0.01, 'gamma_socio': 0.1, 'gamma_space': 0.1, 'gamma_time': 0.1, 'n_socio': 300, 'n_space': 500, 'n_time': 200, 'w_socio': 1.0, 'w_space': 1.0, 'w_time': 1.0}",5,37020.87879294579,22339.19562428094,53328.22610060601,33457.405305352775,13.991386899402375,7.093612301858069,1.4041172957423464,0.9011823590468152
SparseGP_RFF,"(1, 2, 3, 12, 24)","{'alpha': 0.1, 'gamma_socio': 0.1, 'gamma_space': 0.1, 'gamma_time': 0.05, 'n_socio': 300, 'n_space': 200, 'n_time': 200, 'w_socio': 1.0, 'w_space': 1.0, 'w_time': 1.0}",5,36469.0221234497,20459.81084850158,53338.31118906268,31293.35608582449,13.401954967700934,6.0472013476249575,1.3837028556793736,0.8307620507748861
SparseGP_RFF,"(1, 2, 3, 4, 5, 6, 12)","{'alpha': 0.001, 'gamma_socio': 0.1, 'gamma_space': 0.05, 'gamma_time': 0.1, 'n_socio': 300, 'n_space': 200, 'n_time': 200, 'w_socio': 1.0, 'w_space': 1.0, 'w_time': 1.0}",5,38689.36118885855,19160.477144164586,53356.987062460976,25594.233401224534,16.012718249089176,8.210928702900244,1.5335770326234064,0.7446163765039692
SparseGP_RFF,"(1, 2, 3, 4, 5, 6, 12)","{'alpha': 0.1, 'gamma_socio': 0.1, 'gamma_space': 0.1, 'gamma_time': 0.1, 'n_socio': 300, 'n_space': 200, 'n_time': 200, 'w_socio': 1.0, 'w_space': 1.0, 'w_time': 1.0}",5,38442.42786374671,18852.382445699008,53357.11985400808,25448.608108447428,15.818503165441692,7.833968671685041,1.5239711910974023,0.7328877767185874
SparseGP_RFF,"(1, 2, 3, 4, 5, 6, 12)","{'alpha': 0.01, 'gamma_socio': 0.1, 'gamma_space': 0.05, 'gamma_time': 0.1, 'n_socio': 300, 'n_space': 200, 'n_time': 200, 'w_socio': 1.0, 'w_space': 1.0, 'w_time': 1.0}",5,38615.827857040626,18894.904732566687,53363.76576559155,25431.872579840612,16.006816274399018,8.045029848376855,1.5308004738923886,0.7344356655890116
SparseGP_RFF,"(1, 2, 3, 4, 5, 6, 12)","{'alpha': 0.1, 'gamma_socio': 0.1, 'gamma_space': 0.05, 'gamma_time': 0.1, 'n_socio': 300, 'n_space': 200, 'n_time': 200, 'w_socio': 1.0, 'w_space': 1.0, 'w_time': 1.0}",5,38325.96717795002,18558.672865356904,53370.223424885284,25359.790206292535,15.793416178014851,7.6602119743524,1.5194984618632943,0.7215683027630173
SparseGP_RFF,"(1, 2, 3, 4, 5, 6, 12)","{'alpha': 0.1, 'gamma_socio': 0.1, 'gamma_space': 0.1, 'gamma_time': 0.1, 'n_socio': 300, 'n_space': 500, 'n_time': 200, 'w_socio': 1.0, 'w_space': 1.0, 'w_time': 1.0}",5,38481.74689877376,18856.56677781507,53371.871793915365,25423.953179397442,15.85110448406599,7.868142783355355,1.525542979493635,0.7331126169398556
SparseGP_RFF,"(1, 2, 3, 4, 5, 6, 12)","{'alpha': 0.001, 'gamma_socio': 0.1, 'gamma_space': 0.05, 'gamma_time': 0.05, 'n_socio': 300, 'n_space': 200, 'n_time': 500, 'w_socio': 1.0, 'w_space': 1.0, 'w_time': 1.0}",5,38369.080428454195,14804.954103301705,53382.587921004146,20550.94829398573,15.157357885192482,5.730135221485971,1.522965136544269,0.5759934371583524
SparseGP_RFF,"(1, 2, 3, 12, 24)","{'alpha': 0.1, 'gamma_socio': 0.1, 'gamma_space': 0.05, 'gamma_time': 0.1, 'n_socio': 300, 'n_space': 500, 'n_time': 200, 'w_socio': 1.0, 'w_space': 1.0, 'w_time': 1.0}",5,36950.99684690126,22259.452402381372,53393.89209025093,33093.58049539691,13.880371479308526,6.835922075894375,1.401371407289766,0.8979482824091443
SparseGP_RFF,"(1, 2, 3, 12, 24)","{'alpha': 0.01, 'gamma_socio': 0.1, 'gamma_space': 0.05, 'gamma_time': 0.1, 'n_socio': 300, 'n_space': 200, 'n_time': 200, 'w_socio': 1.0, 'w_space': 1.0, 'w_time': 1.0}",5,37049.846033257076,22227.955456446194,53438.51570166029,33438.56567157923,13.990866254885798,6.954745377013159,1.4050275225934208,0.8969492696654873
SparseGP_RFF,"(1, 2, 3, 4, 5, 6, 12, 24)","{'alpha': 0.001, 'gamma_socio': 0.1, 'gamma_space': 0.1, 'gamma_time': 0.1, 'n_socio': 300, 'n_space': 500, 'n_time': 500, 'w_socio': 1.0, 'w_space': 1.0, 'w_time': 1.0}",5,37918.412360401184,20608.89646985917,53439.1181022258,29774.446355876687,14.97726146503652,7.440448994895124,1.4340493954171496,0.8350178818268077
SparseGP_RFF,"(1, 2, 3, 4, 5, 6, 12)","{'alpha': 0.01, 'gamma_socio': 0.1, 'gamma_space': 0.1, 'gamma_time': 0.1, 'n_socio': 300, 'n_space': 200, 'n_time': 200, 'w_socio': 1.0, 'w_space': 1.0, 'w_time': 1.0}",5,38635.07461013174,19176.416635159512,53439.762638274675,25721.54827571167,15.938845497970144,8.15133409280814,1.5314213157572483,0.7452387319430142
SparseGP_RFF,"(1, 2, 3, 4, 5, 6, 12, 24)","{'alpha': 0.1, 'gamma_socio': 0.1, 'gamma_space': 0.05, 'gamma_time': 0.05, 'n_socio': 300, 'n_space': 200, 'n_time': 500, 'w_socio': 1.0, 'w_space': 1.0, 'w_time': 1.0}",5,37177.91707200771,20295.228186832835,53458.15074778387,30037.03607852649,13.918885823371799,6.6108019094014,1.412700431290374,0.8288452187770693
SparseGP_RFF,"(1, 2, 3, 4, 5, 6, 12)","{'alpha': 0.001, 'gamma_socio': 0.1, 'gamma_space': 0.05, 'gamma_time': 0.1, 'n_socio': 300, 'n_space': 500, 'n_time': 200, 'w_socio': 1.0, 'w_space': 1.0, 'w_time': 1.0}",5,38749.84677908719,19251.275381874566,53458.86224345847,25729.20152102426,16.0277413972259,8.208214977257875,1.5359656002490394,0.7482104399044409
SparseGP_RFF,"(1, 2, 3, 4, 5, 6, 12)","{'alpha': 0.001, 'gamma_socio': 0.1, 'gamma_space': 0.05, 'gamma_time': 0.05, 'n_socio': 300, 'n_space': 500, 'n_time': 500, 'w_socio': 1.0, 'w_space': 1.0, 'w_time': 1.0}",5,38426.11145113543,14906.540158922886,53468.146276291074,20682.9727660142,15.170858406473252,5.739705190392086,1.5252239856420597,0.5799585171217617
SparseGP_RFF,"(1, 2, 3, 4, 5, 6, 12)","{'alpha': 0.01, 'gamma_socio': 0.1, 'gamma_space': 0.05, 'gamma_time': 0.1, 'n_socio': 300, 'n_space': 500, 'n_time': 200, 'w_socio': 1.0, 'w_space': 1.0, 'w_time': 1.0}",5,38720.678594509154,19066.244532862016,53476.70296574423,25610.913700127152,16.035072963976905,8.099935963895264,1.5349103084669518,0.7410914684341996
SparseGP_RFF,"(1, 2, 3, 4, 5, 6, 12)","{'alpha': 0.01, 'gamma_socio': 0.1, 'gamma_space': 0.1, 'gamma_time': 0.1, 'n_socio': 300, 'n_space': 500, 'n_time': 200, 'w_socio': 1.0, 'w_space': 1.0, 'w_time': 1.0}",5,38719.4965464393,19245.976231559183,53514.76518648376,25840.857189430102,16.00063521410551,8.174632129332835,1.5348007179652319,0.7480740539629719
SparseGP_RFF,"(1, 2, 3, 12, 24)","{'alpha': 0.01, 'gamma_socio': 0.1, 'gamma_space': 0.05, 'gamma_time': 0.1, 'n_socio': 300, 'n_space': 500, 'n_time': 200, 'w_socio': 1.0, 'w_space': 1.0, 'w_time': 1.0}",5,37122.27998738151,22353.967573027876,53516.18139270262,33594.680505961645,14.014830665525958,7.009593451506635,1.4079290815690908,0.9018989302035693
SparseGP_RFF,"(1, 2, 3, 4, 5, 6, 12)","{'alpha': 0.01, 'gamma_socio': 0.1, 'gamma_space': 0.1, 'gamma_time': 0.05, 'n_socio': 300, 'n_space': 200, 'n_time': 500, 'w_socio': 1.0, 'w_space': 1.0, 'w_time': 1.0}",5,38440.049319973674,14900.962491022783,53566.76230521743,20721.63323553149,15.155763774380398,5.737667804147397,1.525821198026482,0.579783680526646
SparseGP_RFF,"(1, 2, 3, 4, 5, 6, 12)","{'alpha': 0.01, 'gamma_socio': 0.1, 'gamma_space': 0.1, 'gamma_time': 0.05, 'n_socio': 300, 'n_space': 500, 'n_time': 500, 'w_socio': 1.0, 'w_space': 1.0, 'w_time': 1.0}",5,38464.02728706916,14970.105293184022,53593.336221841804,20827.574256701937,15.174465433031054,5.750777228666059,1.52668733479644,0.5823123412031423
SparseGP_RFF,"(1, 2, 3, 12, 24)","{'alpha': 0.1, 'gamma_socio': 0.1, 'gamma_space': 0.05, 'gamma_time': 0.05, 'n_socio': 300, 'n_space': 500, 'n_time': 200, 'w_socio': 1.0, 'w_space': 1.0, 'w_time': 1.0}",5,36756.58352632718,20558.917676918565,53644.06883716279,31309.843264660078,13.521720193929138,6.065933260062081,1.3948185212674782,0.83522293970817
SparseGP_RFF,"(1, 2, 3, 12, 24)","{'alpha': 0.1, 'gamma_socio': 0.1, 'gamma_space': 0.05, 'gamma_time': 0.1, 'n_socio': 300, 'n_space': 200, 'n_time': 200, 'w_socio': 1.0, 'w_space': 1.0, 'w_time': 1.0}",5,37065.2198113906,22548.48226951114,53656.82979400214,33530.913016844606,13.886711580580947,6.860962662240993,1.4057770744710325,0.9089623134033844
SparseGP_RFF,"(1, 12, 24)","{'alpha': 0.001, 'gamma_socio': 0.1, 'gamma_space': 0.05, 'gamma_time': 0.1, 'n_socio': 300, 'n_space': 200, 'n_time': 200, 'w_socio': 1.0, 'w_space': 1.0, 'w_time': 1.0}",5,37538.61742021575,20810.146850563837,53795.76732828755,31767.39959480942,14.324168493257678,6.471565333905149,1.4203878867616446,0.8427057975660077
SparseGP_RFF,"(1, 2, 3, 4, 5, 6, 12)","{'alpha': 0.01, 'gamma_socio': 0.1, 'gamma_space': 0.05, 'gamma_time': 0.05, 'n_socio': 300, 'n_space': 200, 'n_time': 500, 'w_socio': 1.0, 'w_space': 1.0, 'w_time': 1.0}",5,38656.65308125688,14782.197354679252,53847.01407021779,20579.047451537932,15.260187047262132,5.719125146247243,1.5343442186117318,0.5750363584453452
SparseGP_RFF,"(1, 12, 24)","{'alpha': 0.01, 'gamma_socio': 0.1, 'gamma_space': 0.1, 'gamma_time': 0.1, 'n_socio': 300, 'n_space': 200, 'n_time': 200, 'w_socio': 1.0, 'w_space': 1.0, 'w_time': 1.0}",5,37528.04598279986,20904.82129075873,53858.253715501385,31847.959027985067,14.29871641468694,6.48550446749366,1.42007172442815,0.8462719206962636
SparseGP_RFF,"(1, 12, 24)","{'alpha': 0.001, 'gamma_socio': 0.1, 'gamma_space': 0.05, 'gamma_time': 0.1, 'n_socio': 300, 'n_space': 500, 'n_time': 200, 'w_socio': 1.0, 'w_space': 1.0, 'w_time': 1.0}",5,37598.87757777628,20945.41509244617,53863.795378214985,31886.02965135347,14.356144710935988,6.51769511431634,1.4228659932202707,0.8480247281847326
SparseGP_RFF,"(1, 2, 3, 4, 5, 6, 12, 24)","{'alpha': 0.001, 'gamma_socio': 0.1, 'gamma_space': 0.1, 'gamma_time': 0.1, 'n_socio': 300, 'n_space': 200, 'n_time': 500, 'w_socio': 1.0, 'w_space': 1.0, 'w_time': 1.0}",5,38335.88573289754,21166.46823103754,53869.2787660538,29981.304374170137,15.267152286645345,7.933742585944163,1.4501070419293591,0.8567537998294342
SparseGP_RFF,"(1, 2, 3, 12, 24)","{'alpha': 0.1, 'gamma_socio': 0.1, 'gamma_space': 0.05, 'gamma_time': 0.05, 'n_socio': 300, 'n_space': 200, 'n_time': 200, 'w_socio': 1.0, 'w_space': 1.0, 'w_time': 1.0}",5,36888.71667581373,20826.61009902742,53898.23071593405,31708.122285537316,13.532886479872127,6.105848779512508,1.4001687876751863,0.845643946069337
SparseGP_RFF,"(1, 12, 24)","{'alpha': 0.01, 'gamma_socio': 0.1, 'gamma_space': 0.1, 'gamma_time': 0.1, 'n_socio': 300, 'n_space': 500, 'n_time': 200, 'w_socio': 1.0, 'w_space': 1.0, 'w_time': 1.0}",5,37574.23526172825,20995.498768789213,53904.21190078747,31957.103717650327,14.327241614409388,6.495831905674135,1.4220155667529546,0.8498945810426186
SparseGP_RFF,"(1, 2, 12, 24)","{'alpha': 0.001, 'gamma_socio': 0.1, 'gamma_space': 0.1, 'gamma_time': 0.05, 'n_socio': 300, 'n_space': 500, 'n_time': 200, 'w_socio': 1.0, 'w_space': 1.0, 'w_time': 1.0}",5,37911.20344950331,19041.192451503848,53913.03678946154,28374.908606221372,14.327938923118046,5.965809390659441,1.436850212524075,0.7801884284516776
SparseGP_RFF,"(1, 2, 3, 4, 5, 6, 12)","{'alpha': 0.01, 'gamma_socio': 0.1, 'gamma_space': 0.05, 'gamma_time': 0.05, 'n_socio': 300, 'n_space': 500, 'n_time': 500, 'w_socio': 1.0, 'w_space': 1.0, 'w_time': 1.0}",5,38740.50110753098,14865.65894681068,53938.210322036095,20672.05099896986,15.279732796923039,5.725480836416306,1.5376592906054787,0.5782750659077339
SparseGP_RFF,"(1, 2, 3, 12, 24)","{'alpha': 0.001, 'gamma_socio': 0.1, 'gamma_space': 0.1, 'gamma_time': 0.1, 'n_socio': 300, 'n_space': 500, 'n_time': 500, 'w_socio': 1.0, 'w_space': 1.0, 'w_time': 1.0}",5,38610.43734679309,20900.4629052156,53939.3495297152,29805.032120437234,15.351484292977727,7.754077255355003,1.4645033853108422,0.8519752719665568
SparseGP_RFF,"(1, 12, 24)","{'alpha': 0.1, 'gamma_socio': 0.1, 'gamma_space': 0.1, 'gamma_time': 0.1, 'n_socio': 300, 'n_space': 500, 'n_time': 200, 'w_socio': 1.0, 'w_space': 1.0, 'w_time': 1.0}",5,37510.56584545455,20939.257000748847,53945.42475690619,31718.634750725396,14.184892128383641,6.254809897809273,1.4197265262593306,0.8477819346762026
SparseGP_RFF,"(1, 12, 24)","{'alpha': 0.1, 'gamma_socio': 0.1, 'gamma_space': 0.1, 'gamma_time': 0.1, 'n_socio': 300, 'n_space': 200, 'n_time': 200, 'w_socio': 1.0, 'w_space': 1.0, 'w_time': 1.0}",5,37499.4139131282,21032.645878059582,54022.03689994248,31887.63419676179,14.148171749983593,6.248650641105049,1.4193318907450898,0.8512483292117677
SparseGP_RFF,"(1, 2, 3, 4, 5, 6, 12, 24)","{'alpha': 0.001, 'gamma_socio': 0.1, 'gamma_space': 0.1, 'gamma_time': 0.1, 'n_socio': 300, 'n_space': 500, 'n_time': 200, 'w_socio': 1.0, 'w_space': 1.0, 'w_time': 1.0}",5,38385.58973725337,22860.948076159395,54043.25078607444,32524.80728756105,15.207786330236875,8.79172336190147,1.4525006469902617,0.9209298761121696
SparseGP_RFF,"(1, 12, 24)","{'alpha': 0.01, 'gamma_socio': 0.1, 'gamma_space': 0.05, 'gamma_time': 0.1, 'n_socio': 300, 'n_space': 200, 'n_time': 200, 'w_socio': 1.0, 'w_space': 1.0, 'w_time': 1.0}",5,37622.08247702878,20972.859067151854,54095.55229620986,32049.87131615967,14.299128207124449,6.363251257339494,1.423839803770819,0.8491571190365363
SparseGP_RFF,"(1, 12, 24)","{'alpha': 0.01, 'gamma_socio': 0.1, 'gamma_space': 0.05, 'gamma_time': 0.1, 'n_socio': 300, 'n_space': 500, 'n_time': 200, 'w_socio': 1.0, 'w_space': 1.0, 'w_time': 1.0}",5,37692.54446647241,21076.49871326511,54162.11794987666,32184.602039721383,14.324591423128016,6.410823433242084,1.4265544667290335,0.8531814819735677
SparseGP_RFF,"(1, 2, 12, 24)","{'alpha': 0.001, 'gamma_socio': 0.1, 'gamma_space': 0.1, 'gamma_time': 0.05, 'n_socio': 300, 'n_space': 200, 'n_time': 200, 'w_socio': 1.0, 'w_space': 1.0, 'w_time': 1.0}",5,38176.9818212901,19266.322787759167,54186.148748351006,28316.425579551826,14.527777265191395,6.257030443747821,1.4468996105664482,0.7889903743790841
SparseGP_RFF,"(1, 2, 3, 4, 5, 6, 12, 24)","{'alpha': 0.1, 'gamma_socio': 0.1, 'gamma_space': 0.1, 'gamma_time': 0.1, 'n_socio': 300, 'n_space': 500, 'n_time': 500, 'w_socio': 1.0, 'w_space': 1.0, 'w_time': 1.0}",5,38367.63805623284,20721.080537713056,54210.21849865633,29851.29632891358,15.154870447400487,7.433018719772784,1.451291381378502,0.8405202940183794
SparseGP_RFF,"(1, 2, 3, 4, 5, 6, 12)","{'alpha': 0.1, 'gamma_socio': 0.1, 'gamma_space': 0.1, 'gamma_time': 0.05, 'n_socio': 300, 'n_space': 500, 'n_time': 500, 'w_socio': 1.0, 'w_space': 1.0, 'w_time': 1.0}",5,38899.507360522264,14855.962803247596,54249.76757273639,20742.403205816438,15.276803109800706,5.627301701227176,1.5439883082708528,0.5778847284923805
SparseGP_RFF,"(1, 2, 3, 12, 24)","{'alpha': 0.001, 'gamma_socio': 0.1, 'gamma_space': 0.1, 'gamma_time': 0.1, 'n_socio': 300, 'n_space': 200, 'n_time': 500, 'w_socio': 1.0, 'w_space': 1.0, 'w_time': 1.0}",5,38877.334777849326,21406.00103765901,54249.84016781468,30035.565656774015,15.595350423715226,8.272655179291757,1.4746255421491867,0.8710976319128827
SparseGP_RFF,"(1, 2, 3, 4, 5, 6, 12, 24)","{'alpha': 0.1, 'gamma_socio': 0.1, 'gamma_space': 0.1, 'gamma_time': 0.1, 'n_socio': 300, 'n_space': 200, 'n_time': 500, 'w_socio': 1.0, 'w_space': 1.0, 'w_time': 1.0}",5,38336.718615861915,20783.498488926318,54262.232785711276,30024.228231350746,15.103240855449164,7.403757254107287,1.450143003456851,0.8427869029245363
SparseGP_RFF,"(1, 12, 24)","{'alpha': 0.1, 'gamma_socio': 0.1, 'gamma_space': 0.05, 'gamma_time': 0.1, 'n_socio': 300, 'n_space': 500, 'n_time': 200, 'w_socio': 1.0, 'w_space': 1.0, 'w_time': 1.0}",5,37687.61216387908,21168.824231679875,54266.36096464955,31990.130997744833,14.218139711108858,6.256838634018853,1.426769666389437,0.856869200904228
SparseGP_RFF,"(1, 2, 3, 4, 5, 6, 12)","{'alpha': 0.1, 'gamma_socio': 0.1, 'gamma_space': 0.1, 'gamma_time': 0.05, 'n_socio': 300, 'n_space': 200, 'n_time': 500, 'w_socio': 1.0, 'w_space': 1.0, 'w_time': 1.0}",5,38899.43542844296,14870.299158043876,54287.411200994626,20777.067328172707,15.263172034712838,5.620969066737692,1.5439861402947999,0.5784314781945734
SparseGP_RFF,"(1, 2, 3, 4, 5, 6, 12, 24)","{'alpha': 0.001, 'gamma_socio': 0.1, 'gamma_space': 0.05, 'gamma_time': 0.1, 'n_socio': 300, 'n_space': 200, 'n_time': 500, 'w_socio': 1.0, 'w_space': 1.0, 'w_time': 1.0}",5,38700.221479698695,21357.941384625723,54329.49642615076,30541.15161613581,15.36108995457385,7.859615947663324,1.464003705516006,0.8647245803611824
SparseGP_RFF,"(1, 2, 3, 4, 5, 6, 12, 24)","{'alpha': 0.01, 'gamma_socio': 0.1, 'gamma_space': 0.1, 'gamma_time': 0.1, 'n_socio': 300, 'n_space': 200, 'n_time': 500, 'w_socio': 1.0, 'w_space': 1.0, 'w_time': 1.0}",5,38628.61507120046,21333.11109629266,54355.371434851506,30529.118015596843,15.303542435963308,7.823910291397715,1.4613417059281697,0.8637271627430984
SparseGP_RFF,"(1, 2, 3, 4, 5, 6, 12, 24)","{'alpha': 0.001, 'gamma_socio': 0.1, 'gamma_space': 0.05, 'gamma_time': 0.1, 'n_socio': 300, 'n_space': 500, 'n_time': 500, 'w_socio': 1.0, 'w_space': 1.0, 'w_time': 1.0}",5,38747.830937565675,21393.227244147038,54379.57100320044,30553.95954501356,15.403899009791663,7.9107949800152815,1.4658986746166387,0.8662269537057311
SparseGP_RFF,"(1, 2, 3, 4, 5, 6, 12, 24)","{'alpha': 0.01, 'gamma_socio': 0.1, 'gamma_space': 0.1, 'gamma_time': 0.1, 'n_socio': 300, 'n_space': 500, 'n_time': 500, 'w_socio': 1.0, 'w_space': 1.0, 'w_time': 1.0}",5,38663.94858641152,21333.550991660795,54381.92675173258,30547.444904404805,15.350722575270286,7.847312544679561,1.4627556158178714,0.863874709432429
SparseGP_RFF,"(1, 2, 3, 4, 5, 6, 12, 24)","{'alpha': 0.001, 'gamma_socio': 0.1, 'gamma_space': 0.1, 'gamma_time': 0.1, 'n_socio': 300, 'n_space': 200, 'n_time': 200, 'w_socio': 1.0, 'w_space': 1.0, 'w_time': 1.0}",5,38782.50442194572,23388.037637455265,54419.08968393244,32672.723760130906,15.497370999135583,9.299012381931561,1.4677462684916844,0.9414920527574692
SparseGP_RFF,"(1, 2, 3, 4, 5, 6, 12, 24)","{'alpha': 0.1, 'gamma_socio': 0.1, 'gamma_space': 0.05, 'gamma_time': 0.1, 'n_socio': 300, 'n_space': 500, 'n_time': 500, 'w_socio': 1.0, 'w_space': 1.0, 'w_time': 1.0}",5,38447.63683667865,20539.95740630234,54444.655746632816,29817.495989348525,15.201094609228509,7.295188598380764,1.4542607004028767,0.8339345818237043
SparseGP_RFF,"(1, 2, 3, 12)","{'alpha': 0.001, 'gamma_socio': 0.1, 'gamma_space': 0.1, 'gamma_time': 0.1, 'n_socio': 300, 'n_space': 500, 'n_time': 500, 'w_socio': 1.0, 'w_space': 1.0, 'w_time': 1.0}",5,39222.715806902794,15827.653769455206,54495.29532965766,22274.311233385422,15.110276194928545,5.376870105869082,1.5571810452048633,0.6216053558235731
SparseGP_RFF,"(1, 12, 24)","{'alpha': 0.1, 'gamma_socio': 0.1, 'gamma_space': 0.05, 'gamma_time': 0.1, 'n_socio': 300, 'n_space': 200, 'n_time': 200, 'w_socio': 1.0, 'w_space': 1.0, 'w_time': 1.0}",5,37768.66537666171,21514.227104979236,54498.42821695128,32470.215656701814,14.202882119180263,6.300629235317125,1.4300614615793708,0.8700338004962106
SparseGP_RFF,"(1, 2, 3, 4, 5, 6, 12, 24)","{'alpha': 0.1, 'gamma_socio': 0.1, 'gamma_space': 0.1, 'gamma_time': 0.1, 'n_socio': 300, 'n_space': 500, 'n_time': 200, 'w_socio': 1.0, 'w_space': 1.0, 'w_time': 1.0}",5,38744.63182289781,22871.3271722137,54508.273204867015,32353.94865131597,15.358857290337752,8.720374919926462,1.4663997588620667,0.9222226862716237
SparseGP_RFF,"(1, 2, 3, 4, 5, 6, 12, 24)","{'alpha': 0.01, 'gamma_socio': 0.1, 'gamma_space': 0.05, 'gamma_time': 0.1, 'n_socio': 300, 'n_space': 200, 'n_time': 500, 'w_socio': 1.0, 'w_space': 1.0, 'w_time': 1.0}",5,38668.01129445506,21057.7333298145,54544.44565611555,30506.882222450444,15.337156541066884,7.632358218802822,1.4625235542118817,0.8533673785506791
SparseGP_RFF,"(1, 2, 3, 4, 5, 6, 12, 24)","{'alpha': 0.1, 'gamma_socio': 0.1, 'gamma_space': 0.1, 'gamma_time': 0.1, 'n_socio': 300, 'n_space': 200, 'n_time': 200, 'w_socio': 1.0, 'w_space': 1.0, 'w_time': 1.0}",5,38712.140772182625,22886.910830885892,54551.17772635682,32474.778508701347,15.311313987968186,8.663752879934037,1.4651810593465264,0.9227461609423191
SparseGP_RFF,"(1, 2, 3, 4, 5, 6, 12, 24)","{'alpha': 0.1, 'gamma_socio': 0.1, 'gamma_space': 0.05, 'gamma_time': 0.1, 'n_socio': 300, 'n_space': 500, 'n_time': 200, 'w_socio': 1.0, 'w_space': 1.0, 'w_time': 1.0}",5,38648.24205769655,22540.985528052493,54560.638320481885,32222.068804394246,15.292261733846143,8.476785873421303,1.4627503517889333,0.9096989974661671
SparseGP_RFF,"(1, 2, 3, 12)","{'alpha': 0.001, 'gamma_socio': 0.1, 'gamma_space': 0.1, 'gamma_time': 0.1, 'n_socio': 300, 'n_space': 200, 'n_time': 500, 'w_socio': 1.0, 'w_space': 1.0, 'w_time': 1.0}",5,39354.825640184856,15984.544115051769,54629.606316865844,22235.647285258867,15.200952074686404,5.574733034042806,1.5623778793759073,0.6276805696333756
SparseGP_RFF,"(1, 2, 3, 4, 5, 6, 12, 24)","{'alpha': 0.1, 'gamma_socio': 0.1, 'gamma_space': 0.05, 'gamma_time': 0.1, 'n_socio': 300, 'n_space': 200, 'n_time': 500, 'w_socio': 1.0, 'w_space': 1.0, 'w_time': 1.0}",5,38507.33034804427,20742.682630028205,54631.810559924364,30162.183432960952,15.188022183149434,7.301074558728409,1.4565875280867726,0.8416170371214778
SparseGP_RFF,"(1, 2, 3, 4, 5, 6, 12, 24)","{'alpha': 0.01, 'gamma_socio': 0.1, 'gamma_space': 0.05, 'gamma_time': 0.1, 'n_socio': 300, 'n_space': 500, 'n_time': 500, 'w_socio': 1.0, 'w_space': 1.0, 'w_time': 1.0}",5,38772.807337671016,21212.325987713757,54631.810628721316,30644.783016262692,15.380844794818975,7.710845620370988,1.4666547803207366,0.8594673575558776
SparseGP_RFF,"(1, 2, 12, 24)","{'alpha': 0.001, 'gamma_socio': 0.1, 'gamma_space': 0.1, 'gamma_time': 0.1, 'n_socio': 300, 'n_space': 500, 'n_time': 200, 'w_socio': 1.0, 'w_space': 1.0, 'w_time': 1.0}",5,39276.15826388572,22218.254655732053,54632.25039988774,31412.79238804282,15.342749847256092,8.240432222419221,1.48890382534799,0.8998000770824991
SparseGP_RFF,"(1, 2, 3, 12, 24)","{'alpha': 0.1, 'gamma_socio': 0.1, 'gamma_space': 0.1, 'gamma_time': 0.1, 'n_socio': 300, 'n_space': 500, 'n_time': 500, 'w_socio': 1.0, 'w_space': 1.0, 'w_time': 1.0}",5,38976.36565318025,20969.119037563247,54695.76400662662,29891.0449001655,15.4330894649265,7.674125129188254,1.4782283384400483,0.855224563811988
SparseGP_RFF,"(1, 2, 3, 4, 5, 6, 12, 24)","{'alpha': 0.1, 'gamma_socio': 0.1, 'gamma_space': 0.05, 'gamma_time': 0.1, 'n_socio': 300, 'n_space': 200, 'n_time': 200, 'w_socio': 1.0, 'w_space': 1.0, 'w_time': 1.0}",5,38680.55959927915,22692.8483763619,54732.92028614161,32524.401228300343,15.260648091001656,8.432764352510219,1.4640671915619887,0.9154820732612124
SparseGP_RFF,"(1, 2, 3, 4, 5, 6, 12)","{'alpha': 0.1, 'gamma_socio': 0.1, 'gamma_space': 0.05, 'gamma_time': 0.05, 'n_socio': 300, 'n_space': 500, 'n_time': 500, 'w_socio': 1.0, 'w_space': 1.0, 'w_time': 1.0}",5,39213.58185971258,14831.52449124086,54742.508296610904,20846.178239533514,15.358358201563291,5.591365936569381,1.5564688639251687,0.5768872884293029
SparseGP_RFF,"(1, 2, 3, 12, 24)","{'alpha': 0.1, 'gamma_socio': 0.1, 'gamma_space': 0.1, 'gamma_time': 0.1, 'n_socio': 300, 'n_space': 200, 'n_time': 500, 'w_socio': 1.0, 'w_space': 1.0, 'w_time': 1.0}",5,38955.38227843284,21023.09512860906,54753.15461452441,30011.854767216028,15.399252384751197,7.659021307204451,1.4774189935815998,0.8571089623322432
SparseGP_RFF,"(1, 2, 3, 12, 24)","{'alpha': 0.001, 'gamma_socio': 0.1, 'gamma_space': 0.05, 'gamma_time': 0.1, 'n_socio': 300, 'n_space': 200, 'n_time': 500, 'w_socio': 1.0, 'w_space': 1.0, 'w_time': 1.0}",5,39285.65713827015,21607.44067498368,54774.73630876948,30552.475222207024,15.687393480157633,8.186391158352752,1.4903427682111705,0.8796683820644007
SparseGP_RFF,"(1, 2, 3, 12, 24)","{'alpha': 0.01, 'gamma_socio': 0.1, 'gamma_space': 0.1, 'gamma_time': 0.1, 'n_socio': 300, 'n_space': 200, 'n_time': 500, 'w_socio': 1.0, 'w_space': 1.0, 'w_time': 1.0}",5,39221.445628013134,21561.09379232198,54792.779329608195,30506.048823682377,15.63600308885039,8.141175780823543,1.4877966369300164,0.8776996472831358
SparseGP_RFF,"(1, 2, 12, 24)","{'alpha': 0.001, 'gamma_socio': 0.1, 'gamma_space': 0.05, 'gamma_time': 0.05, 'n_socio': 300, 'n_space': 200, 'n_time': 200, 'w_socio': 1.0, 'w_space': 1.0, 'w_time': 1.0}",5,38634.46445999557,19525.991291811762,54804.055662609186,28840.34398286626,14.629742552803004,6.206377760898086,1.4644301490651426,0.7997877035507777
SparseGP_RFF,"(1, 2, 3, 4, 5, 6, 12, 24)","{'alpha': 0.001, 'gamma_socio': 0.1, 'gamma_space': 0.05, 'gamma_time': 0.1, 'n_socio': 300, 'n_space': 200, 'n_time': 200, 'w_socio': 1.0, 'w_space': 1.0, 'w_time': 1.0}",5,39191.79278403053,23620.240924929276,54829.51672432828,33210.89111043265,15.630466692387419,9.23535914118989,1.483487118647989,0.9510822461556948
SparseGP_RFF,"(1, 2, 3, 4, 5, 6, 12)","{'alpha': 0.1, 'gamma_socio': 0.1, 'gamma_space': 0.05, 'gamma_time': 0.05, 'n_socio': 300, 'n_space': 200, 'n_time': 500, 'w_socio': 1.0, 'w_space': 1.0, 'w_time': 1.0}",5,39259.91585023152,14952.879906078435,54832.27888084531,20984.205048642332,15.366832266096901,5.62363803853349,1.5582558546227174,0.5815085738331376
SparseGP_RFF,"(1, 2, 3, 4, 5, 6, 12, 24)","{'alpha': 0.01, 'gamma_socio': 0.1, 'gamma_space': 0.1, 'gamma_time': 0.1, 'n_socio': 300, 'n_space': 200, 'n_time': 200, 'w_socio': 1.0, 'w_space': 1.0, 'w_time': 1.0}",5,39090.96038781357,23559.198014021906,54839.10674011606,33192.48794329094,15.552666243043072,9.172007339862981,1.4796525112421564,0.9486159693782507
SparseGP_RFF,"(1, 2, 3, 12, 24)","{'alpha': 0.001, 'gamma_socio': 0.1, 'gamma_space': 0.05, 'gamma_time': 0.1, 'n_socio': 300, 'n_space': 500, 'n_time': 500, 'w_socio': 1.0, 'w_space': 1.0, 'w_time': 1.0}",5,39374.94442849222,21662.86510547822,54857.22255273683,30581.721533084572,15.740047552684516,8.221328127565457,1.4939154855082453,0.8820888454567606
SparseGP_RFF,"(1, 2, 3, 12, 24)","{'alpha': 0.01, 'gamma_socio': 0.1, 'gamma_space': 0.1, 'gamma_time': 0.1, 'n_socio': 300, 'n_space': 500, 'n_time': 500, 'w_socio': 1.0, 'w_space': 1.0, 'w_time': 1.0}",5,39308.38625214293,21597.86330913959,54860.04128879383,30569.79491253038,15.689291021494364,8.145373421051234,1.4912782142083156,0.8794257313643811
SparseGP_RFF,"(1, 2, 3, 4, 5, 6, 12, 24)","{'alpha': 0.01, 'gamma_socio': 0.1, 'gamma_space': 0.1, 'gamma_time': 0.1, 'n_socio': 300, 'n_space': 500, 'n_time': 200, 'w_socio': 1.0, 'w_space': 1.0, 'w_time': 1.0}",5,39117.90128065613,23584.000507096178,54870.25151598269,33248.99163669594,15.599625926739995,9.205478490109709,1.4808084293599475,0.9496905368104804
SparseGP_RFF,"(1, 2, 3, 12, 24)","{'alpha': 0.1, 'gamma_socio': 0.1, 'gamma_space': 0.05, 'gamma_time': 0.1, 'n_socio': 300, 'n_space': 500, 'n_time': 500, 'w_socio': 1.0, 'w_space': 1.0, 'w_time': 1.0}",5,38971.14389613118,20777.881440075125,54877.56931886704,29870.60979888677,15.372654856359379,7.479113069612398,1.477838818842834,0.8479848888491581
SparseGP_RFF,"(1, 2, 3, 4, 5, 6, 12, 24)","{'alpha': 0.001, 'gamma_socio': 0.1, 'gamma_space': 0.05, 'gamma_time': 0.1, 'n_socio': 300, 'n_space': 500, 'n_time': 200, 'w_socio': 1.0, 'w_space': 1.0, 'w_time': 1.0}",5,39212.515841270375,23670.227458022433,54879.525503796336,33270.346256281955,15.661254982547755,9.281147028479946,1.4843982615633415,0.9530902271684676
SparseGP_RFF,"(1, 2, 12, 24)","{'alpha': 0.01, 'gamma_socio': 0.1, 'gamma_space': 0.1, 'gamma_time': 0.05, 'n_socio': 300, 'n_space': 200, 'n_time': 200, 'w_socio': 1.0, 'w_space': 1.0, 'w_time': 1.0}",5,38662.48067508549,19518.7198710979,54893.16588963044,28820.6671818244,14.635624964348589,6.198286063259559,1.4654573944859497,0.7995380587092579
SparseGP_RFF,"(1, 2, 12, 24)","{'alpha': 0.001, 'gamma_socio': 0.1, 'gamma_space': 0.05, 'gamma_time': 0.05, 'n_socio': 300, 'n_space': 500, 'n_time': 200, 'w_socio': 1.0, 'w_space': 1.0, 'w_time': 1.0}",5,38709.05612000813,19572.869634638784,54898.96036928261,28903.19069833411,14.665700128620685,6.218531640380895,1.4673244081335621,0.8017707418758254
SparseGP_RFF,"(1, 12, 24)","{'alpha': 0.1, 'gamma_socio': 0.05, 'gamma_space': 0.1, 'gamma_time': 0.05, 'n_socio': 300, 'n_space': 500, 'n_time': 500, 'w_socio': 1.0, 'w_space': 1.0, 'w_time': 1.0}",5,40520.040564997194,25627.3083338966,54911.22927813725,33191.59432716631,14.959708419178316,8.520339697073736,1.5161060805322777,0.992803909932646
SparseGP_RFF,"(1, 2, 3, 4, 5, 6, 12, 24)","{'alpha': 0.01, 'gamma_socio': 0.1, 'gamma_space': 0.05, 'gamma_time': 0.1, 'n_socio': 300, 'n_space': 200, 'n_time': 200, 'w_socio': 1.0, 'w_space': 1.0, 'w_time': 1.0}",5,39084.081605246414,23234.824580517106,54919.702528480615,33103.083153145926,15.556444983299803,8.926700870472649,1.4792790621392338,0.9363985353413419
SparseGP_RFF,"(1, 2, 3, 12, 24)","{'alpha': 0.01, 'gamma_socio': 0.1, 'gamma_space': 0.05, 'gamma_time': 0.1, 'n_socio': 300, 'n_space': 200, 'n_time': 500, 'w_socio': 1.0, 'w_space': 1.0, 'w_time': 1.0}",5,39231.11197944754,21319.830932463876,54973.74667535371,30495.553128586973,15.609585108753564,7.9260488019998645,1.4878856420824191,0.8686388628285076
SparseGP_RFF,"(1, 2, 12, 24)","{'alpha': 0.01, 'gamma_socio': 0.1, 'gamma_space': 0.1, 'gamma_time': 0.05, 'n_socio': 300, 'n_space': 500, 'n_time': 200, 'w_socio': 1.0, 'w_space': 1.0, 'w_time': 1.0}",5,38713.41789601564,19537.904324932242,54978.0765536075,28918.50712634803,14.652865629350279,6.17591345940411,1.4675184096128482,0.8005172185280001
SparseGP_RFF,"(1, 12, 24)","{'alpha': 0.1, 'gamma_socio': 0.05, 'gamma_space': 0.1, 'gamma_time': 0.05, 'n_socio': 300, 'n_space': 200, 'n_time': 500, 'w_socio': 1.0, 'w_space': 1.0, 'w_time': 1.0}",5,40575.58655446492,25690.096021694884,54995.29638607142,33303.62240731177,14.973775041036944,8.525650635317382,1.5182438999217318,0.9955000622181188
SparseGP_RFF,"(1, 2, 12, 24)","{'alpha': 0.001, 'gamma_socio': 0.1, 'gamma_space': 0.1, 'gamma_time': 0.1, 'n_socio': 300, 'n_space': 200, 'n_time': 200, 'w_socio': 1.0, 'w_space': 1.0, 'w_time': 1.0}",5,39659.68726905652,22635.233054788387,54997.051432576714,31471.97382981167,15.627442770732227,8.693513381883248,1.5036149021821539,0.9161808346936864
SparseGP_RFF,"(1, 2, 3, 4, 5, 6, 12, 24)","{'alpha': 0.01, 'gamma_socio': 0.1, 'gamma_space': 0.05, 'gamma_time': 0.1, 'n_socio': 300, 'n_space': 500, 'n_time': 200, 'w_socio': 1.0, 'w_space': 1.0, 'w_time': 1.0}",5,39190.30553950114,23441.69473632248,55007.3854206672,33287.8603693231,15.60672916368116,9.036364351220245,1.483492441361156,0.9444610275471083
SparseGP_RFF,"(1, 2, 3, 12, 24)","{'alpha': 0.01, 'gamma_socio': 0.1, 'gamma_space': 0.05, 'gamma_time': 0.1, 'n_socio': 300, 'n_space': 500, 'n_time': 500, 'w_socio': 1.0, 'w_space': 1.0, 'w_time': 1.0}",5,39328.67736416182,21448.758417863228,55057.25134005173,30621.70884539188,15.648803655097788,7.990536381707247,1.4917706476179389,0.873774945914051
SparseGP_RFF,"(1, 2, 3, 12, 24)","{'alpha': 0.1, 'gamma_socio': 0.1, 'gamma_space': 0.05, 'gamma_time': 0.1, 'n_socio': 300, 'n_space': 200, 'n_time': 500, 'w_socio': 1.0, 'w_space': 1.0, 'w_time': 1.0}",5,39072.97825056629,21005.850768627017,55088.66988432412,30187.394910826562,15.387857892154846,7.5115251076397085,1.4817889530412667,0.8566056870791292
SparseGP_RFF,"(1, 2, 3, 12)","{'alpha': 0.001, 'gamma_socio': 0.1, 'gamma_space': 0.05, 'gamma_time': 0.1, 'n_socio': 300, 'n_space': 200, 'n_time': 500, 'w_socio': 1.0, 'w_space': 1.0, 'w_time': 1.0}",5,39789.388571114876,16052.022392678224,55096.88675842759,22315.142108177497,15.344614505529439,5.551257202226421,1.5796324426633561,0.6304573485064788
SparseGP_RFF,"(1, 2, 3, 12)","{'alpha': 0.001, 'gamma_socio': 0.1, 'gamma_space': 0.05, 'gamma_time': 0.1, 'n_socio': 300, 'n_space': 500, 'n_time': 500, 'w_socio': 1.0, 'w_space': 1.0, 'w_time': 1.0}",5,39893.73503743604,16180.08122480848,55226.680246480566,22456.373982940608,15.38090929135131,5.589055932871045,1.583793427117531,0.6355438355249062
SparseGP_RFF,"(1, 2, 12, 24)","{'alpha': 0.1, 'gamma_socio': 0.1, 'gamma_space': 0.1, 'gamma_time': 0.1, 'n_socio': 300, 'n_space': 500, 'n_time': 200, 'w_socio': 1.0, 'w_space': 1.0, 'w_time': 1.0}",5,39559.11109215757,22078.88915575677,55228.70898998532,31325.960160440696,15.411881374811818,8.043068999530314,1.4996918797241572,0.8955199186623503
SparseGP_RFF,"(1, 2, 12, 24)","{'alpha': 0.1, 'gamma_socio': 0.1, 'gamma_space': 0.1, 'gamma_time': 0.1, 'n_socio': 300, 'n_space': 200, 'n_time': 200, 'w_socio': 1.0, 'w_space': 1.0, 'w_time': 1.0}",5,39526.309811391446,22100.600027465578,55261.01418912197,31426.973012400766,15.369075698825037,8.00537178315671,1.4984703711747993,0.8962711632146164
SparseGP_RFF,"(1, 2, 3, 12)","{'alpha': 0.01, 'gamma_socio': 0.1, 'gamma_space': 0.1, 'gamma_time': 0.1, 'n_socio': 300, 'n_space': 200, 'n_time': 500, 'w_socio': 1.0, 'w_space': 1.0, 'w_time': 1.0}",5,39873.638077578544,16174.913299601483,55275.32885616057,22493.779799260672,15.357869347972334,5.585926025288804,1.5830113774447785,0.6353272355995906
SparseGP_RFF,"(1, 2, 12, 24)","{'alpha': 0.01, 'gamma_socio': 0.1, 'gamma_space': 0.05, 'gamma_time': 0.05, 'n_socio': 300, 'n_space': 200, 'n_time': 200, 'w_socio': 1.0, 'w_space': 1.0, 'w_time': 1.0}",5,38883.57596656739,19508.354512172224,55284.324400190046,29030.764175464374,14.663210144090701,6.058223181053717,1.473864889690025,0.7997357763819366
SparseGP_RFF,"(1, 2, 12, 24)","{'alpha': 0.1, 'gamma_socio': 0.1, 'gamma_space': 0.05, 'gamma_time': 0.1, 'n_socio': 300, 'n_space': 500, 'n_time': 200, 'w_socio': 1.0, 'w_space': 1.0, 'w_time': 1.0}",5,39465.12819277293,21829.015274365483,55296.0381158738,31281.78912642074,15.325360875041511,7.831657815204202,1.4958452201222896,0.8858392561906488
SparseGP_RFF,"(1, 2, 3, 12)","{'alpha': 0.01, 'gamma_socio': 0.1, 'gamma_space': 0.1, 'gamma_time': 0.1, 'n_socio': 300, 'n_space': 500, 'n_time': 500, 'w_socio': 1.0, 'w_space': 1.0, 'w_time': 1.0}",5,39917.43545074068,16203.616546136052,55340.01992634971,22600.949414586874,15.374970698761382,5.569223073121731,1.5848184998059751,0.636656775374277
SparseGP_RFF,"(1, 2, 12, 24)","{'alpha': 0.01, 'gamma_socio': 0.1, 'gamma_space': 0.05, 'gamma_time': 0.05, 'n_socio': 300, 'n_space': 500, 'n_time': 200, 'w_socio': 1.0, 'w_space': 1.0, 'w_time': 1.0}",5,38956.02791155263,19593.33272633316,55356.18580593561,29128.00020144175,14.695463841372511,6.090976702015017,1.4766442883128053,0.8030605476818443
SparseGP_RFF,"(1, 2, 3, 12)","{'alpha': 0.01, 'gamma_socio': 0.1, 'gamma_space': 0.05, 'gamma_time': 0.1, 'n_socio': 300, 'n_space': 200, 'n_time': 500, 'w_socio': 1.0, 'w_space': 1.0, 'w_time': 1.0}",5,39960.20299935093,16040.192972210154,55410.13831145862,22405.398852964576,15.389842587050055,5.502041075965668,1.5865259516960786,0.6304615089615163
SparseGP_RFF,"(1, 2, 12, 24)","{'alpha': 0.001, 'gamma_socio': 0.1, 'gamma_space': 0.05, 'gamma_time': 0.1, 'n_socio': 300, 'n_space': 200, 'n_time': 200, 'w_socio': 1.0, 'w_space': 1.0, 'w_time': 1.0}",5,39984.85597978959,22820.368519154184,55436.39707966776,31983.39298071847,15.694548399686628,8.595568343308225,1.5160530989596612,0.9238766050494284
SparseGP_RFF,"(1, 2, 12, 24)","{'alpha': 0.01, 'gamma_socio': 0.1, 'gamma_space': 0.1, 'gamma_time': 0.1, 'n_socio': 300, 'n_space': 200, 'n_time': 200, 'w_socio': 1.0, 'w_space': 1.0, 'w_time': 1.0}",5,39910.12345624727,22767.885698221726,55444.71276450716,31968.19065610811,15.64047385269723,8.542257365340532,1.5132254154030833,0.9218008682673344
SparseGP_RFF,"(1, 2, 12, 24)","{'alpha': 0.1, 'gamma_socio': 0.1, 'gamma_space': 0.05, 'gamma_time': 0.1, 'n_socio': 300, 'n_space': 200, 'n_time': 200, 'w_socio': 1.0, 'w_space': 1.0, 'w_time': 1.0}",5,39518.50550388654,22018.5495808107,55473.74279921928,31620.185592152215,15.30688576028822,7.819774296565056,1.498023276494188,0.8930817239933974
SparseGP_RFF,"(1, 2, 12, 24)","{'alpha': 0.1, 'gamma_socio': 0.1, 'gamma_space': 0.1, 'gamma_time': 0.05, 'n_socio': 300, 'n_space': 500, 'n_time': 200, 'w_socio': 1.0, 'w_space': 1.0, 'w_time': 1.0}",5,39071.69088565707,19263.626767698017,55476.689091186934,28527.3178713502,14.711726241147016,5.907819072034248,1.4807905574421156,0.7909918076371609
SparseGP_RFF,"(1, 2, 12, 24)","{'alpha': 0.01, 'gamma_socio': 0.1, 'gamma_space': 0.1, 'gamma_time': 0.1, 'n_socio': 300, 'n_space': 500, 'n_time': 200, 'w_socio': 1.0, 'w_space': 1.0, 'w_time': 1.0}",5,39941.429798476674,22833.924981734286,55495.429590144384,32093.79681152878,15.675409949678397,8.575631964082005,1.5145161348734164,0.9243989106982218
SparseGP_RFF,"(1, 2, 12, 24)","{'alpha': 0.001, 'gamma_socio': 0.1, 'gamma_space': 0.05, 'gamma_time': 0.1, 'n_socio': 300, 'n_space': 500, 'n_time': 200, 'w_socio': 1.0, 'w_space': 1.0, 'w_time': 1.0}",5,40026.4289762244,22904.18076137325,55508.06028800452,32100.58928590944,15.73185766974862,8.646222569269574,1.5177151620783738,0.9271664869226443
SparseGP_RFF,"(1, 2, 3, 12)","{'alpha': 0.01, 'gamma_socio': 0.1, 'gamma_space': 0.05, 'gamma_time': 0.1, 'n_socio': 300, 'n_space': 500, 'n_time': 500, 'w_socio': 1.0, 'w_space': 1.0, 'w_time': 1.0}",5,40046.30720254507,16151.28476935594,55510.53577127701,22509.45191557276,15.4111590034165,5.537863456529825,1.589907152334002,0.6347543163660017
SparseGP_RFF,"(1, 2, 12, 24)","{'alpha': 0.01, 'gamma_socio': 0.1, 'gamma_space': 0.05, 'gamma_time': 0.1, 'n_socio': 300, 'n_space': 200, 'n_time': 200, 'w_socio': 1.0, 'w_space': 1.0, 'w_time': 1.0}",5,39806.197555159204,22469.0298613399,55516.6707563526,31964.919898677806,15.56906196017485,8.304814253742698,1.5089412610168071,0.9102927830759073
SparseGP_RFF,"(1, 12)","{'alpha': 0.01, 'gamma_socio': 0.05, 'gamma_space': 0.1, 'gamma_time': 0.05, 'n_socio': 300, 'n_space': 500, 'n_time': 500, 'w_socio': 1.0, 'w_space': 1.0, 'w_time': 1.0}",5,43160.15190254979,26908.1005767991,55519.471150753045,31735.435363288958,15.94915883678926,8.989466032125959,1.7180323451616588,1.0505686776641021
SparseGP_RFF,"(1, 12, 24)","{'alpha': 0.1, 'gamma_socio': 0.05, 'gamma_space': 0.05, 'gamma_time': 0.05, 'n_socio': 300, 'n_space': 500, 'n_time': 500, 'w_socio': 1.0, 'w_space': 1.0, 'w_time': 1.0}",5,41118.43349670785,26078.472640382883,55538.167484596095,33598.35722195916,15.144514302977175,8.64848199783671,1.5380531577710634,1.0091155985742586
SparseGP_RFF,"(1, 2, 12, 24)","{'alpha': 0.1, 'gamma_socio': 0.1, 'gamma_space': 0.1, 'gamma_time': 0.05, 'n_socio': 300, 'n_space': 200, 'n_time': 200, 'w_socio': 1.0, 'w_space': 1.0, 'w_time': 1.0}",5,39101.59829505278,19340.06821079459,55568.25970261524,28661.225322669427,14.69871762005892,5.910505591059978,1.4820138425416718,0.7939097752251711
SparseGP_RFF,"(1, 12, 24)","{'alpha': 0.1, 'gamma_socio': 0.05, 'gamma_space': 0.05, 'gamma_time': 0.05, 'n_socio': 300, 'n_space': 200, 'n_time': 500, 'w_socio': 1.0, 'w_space': 1.0, 'w_time': 1.0}",5,41171.06522092891,26102.11732424303,55615.55588008695,33685.1350215426,15.161031587825127,8.645584961803497,1.5401436067931158,1.0103182399551767
SparseGP_RFF,"(1, 2, 12, 24)","{'alpha': 0.01, 'gamma_socio': 0.1, 'gamma_space': 0.05, 'gamma_time': 0.1, 'n_socio': 300, 'n_space': 500, 'n_time': 200, 'w_socio': 1.0, 'w_space': 1.0, 'w_time': 1.0}",5,39915.91555315304,22638.80516974655,55623.40222199855,32143.415687340737,15.621555781296815,8.38995534020971,1.5132156789839606,0.9169094900477824
SparseGP_RFF,"(1, 12)","{'alpha': 0.01, 'gamma_socio': 0.05, 'gamma_space': 0.1, 'gamma_time': 0.05, 'n_socio': 300, 'n_space': 200, 'n_time': 500, 'w_socio': 1.0, 'w_space': 1.0, 'w_time': 1.0}",5,43257.663242840405,27028.507852636565,55627.27877891186,31848.060210154406,15.976693962254163,9.020776914089513,1.7218394054717159,1.0551581817060571
SparseGP_RFF,"(1, 2, 3, 12)","{'alpha': 0.1, 'gamma_socio': 0.1, 'gamma_space': 0.1, 'gamma_time': 0.1, 'n_socio': 300, 'n_space': 500, 'n_time': 500, 'w_socio': 1.0, 'w_space': 1.0, 'w_time': 1.0}",5,40080.88476422994,16203.988429968027,55680.05436252933,22639.932370048566,15.370455450965062,5.475892172754682,1.5915810194480133,0.6376375691716558
SparseGP_RFF,"(1, 2, 3, 12)","{'alpha': 0.1, 'gamma_socio': 0.1, 'gamma_space': 0.1, 'gamma_time': 0.1, 'n_socio': 300, 'n_space': 200, 'n_time': 500, 'w_socio': 1.0, 'w_space': 1.0, 'w_time': 1.0}",5,40137.055476268375,16221.208546481506,55777.15120532048,22694.2574119815,15.381516742634073,5.465072071452628,1.5938878050732943,0.6385056937159322
SparseGP_RFF,"(1, 12)","{'alpha': 0.01, 'gamma_socio': 0.05, 'gamma_space': 0.05, 'gamma_time': 0.05, 'n_socio': 300, 'n_space': 200, 'n_time': 500, 'w_socio': 1.0, 'w_space': 1.0, 'w_time': 1.0}",5,43525.08652057546,27157.018624408145,55910.12015173625,31979.579759928463,16.056840428100795,9.054267391014589,1.7327157699148745,1.0604701080861478
SparseGP_RFF,"(1, 2, 12, 24)","{'alpha': 0.1, 'gamma_socio': 0.1, 'gamma_space': 0.05, 'gamma_time': 0.05, 'n_socio': 300, 'n_space': 500, 'n_time': 200, 'w_socio': 1.0, 'w_space': 1.0, 'w_time': 1.0}",5,39439.62381499562,19400.493453229123,55958.06430778885,28734.39915652441,14.811595839265701,5.878787618577896,1.494898519115877,0.796987001004352
SparseGP_RFF,"(1, 12, 24)","{'alpha': 0.001, 'gamma_socio': 0.05, 'gamma_space': 0.1, 'gamma_time': 0.05, 'n_socio': 300, 'n_space': 500, 'n_time': 500, 'w_socio': 1.0, 'w_space': 1.0, 'w_time': 1.0}",5,41028.17513373471,23961.593167344294,55978.79256229869,30872.621927381588,15.12872913885013,8.21558588367125,1.5324465853893714,0.9174992988872734
SparseGP_RFF,"(1, 12)","{'alpha': 0.01, 'gamma_socio': 0.05, 'gamma_space': 0.05, 'gamma_time': 0.05, 'n_socio': 300, 'n_space': 500, 'n_time': 500, 'w_socio': 1.0, 'w_space': 1.0, 'w_time': 1.0}",5,43608.023190423555,27281.55444397626,55998.33146824808,32101.18969525207,16.083320922536064,9.088702808048597,1.7359772723075533,1.0652475001120032
SparseGP_RFF,"(1, 2, 3, 12)","{'alpha': 0.1, 'gamma_socio': 0.1, 'gamma_space': 0.05, 'gamma_time': 0.1, 'n_socio': 300, 'n_space': 500, 'n_time': 500, 'w_socio': 1.0, 'w_space': 1.0, 'w_time': 1.0}",5,40280.82658388983,16153.24950029195,56023.731311961754,22748.688121539504,15.426072576167787,5.416015403503357,1.5996441958467218,0.636161641615481
SparseGP_RFF,"(1, 12)","{'alpha': 0.001, 'gamma_socio': 0.05, 'gamma_space': 0.1, 'gamma_time': 0.05, 'n_socio': 300, 'n_space': 500, 'n_time': 500, 'w_socio': 1.0, 'w_space': 1.0, 'w_time': 1.0}",5,43596.872964996524,28550.484276167506,56037.450045105026,33299.67628949845,16.030974008929455,9.446815892914243,1.7343981579662653,1.1131065647960183
SparseGP_RFF,"(1, 2, 3, 12)","{'alpha': 0.1, 'gamma_socio': 0.1, 'gamma_space': 0.05, 'gamma_time': 0.1, 'n_socio': 300, 'n_space': 200, 'n_time': 500, 'w_socio': 1.0, 'w_space': 1.0, 'w_time': 1.0}",5,40383.24408140612,16277.71084030086,56183.05217863291,22931.78614915561,15.447523120578932,5.431341154007024,1.6037992192990238,0.6412304557222949
SparseGP_RFF,"(1, 2, 12, 24)","{'alpha': 0.1, 'gamma_socio': 0.1, 'gamma_space': 0.05, 'gamma_time': 0.05, 'n_socio': 300, 'n_space': 200, 'n_time': 200, 'w_socio': 1.0, 'w_space': 1.0, 'w_time': 1.0}",5,39591.65924524795,19660.28850328886,56221.3790637354,29121.30941898874,14.832311969077745,5.913397132383397,1.5008769176470547,0.8069900679096221
SparseGP_RFF,"(1, 12, 24)","{'alpha': 0.001, 'gamma_socio': 0.05, 'gamma_space': 0.1, 'gamma_time': 0.05, 'n_socio': 300, 'n_space': 200, 'n_time': 500, 'w_socio': 1.0, 'w_space': 1.0, 'w_time': 1.0}",5,41338.71570989406,24357.465967144246,56285.46227680177,31331.58703880746,15.220073993228695,8.300621792908593,1.5440606847517417,0.933395992124682
SparseGP_RFF,"(1, 12)","{'alpha': 0.001, 'gamma_socio': 0.05, 'gamma_space': 0.1, 'gamma_time': 0.05, 'n_socio': 300, 'n_space': 200, 'n_time': 500, 'w_socio': 1.0, 'w_space': 1.0, 'w_time': 1.0}",5,43928.12492054445,28875.044031793044,56439.53971878585,33643.19001982862,16.12469912259074,9.518444508195936,1.7474730128680758,1.1256073292970348
SparseGP_RFF,"(1, 12, 24)","{'alpha': 0.01, 'gamma_socio': 0.05, 'gamma_space': 0.1, 'gamma_time': 0.05, 'n_socio': 300, 'n_space': 500, 'n_time': 500, 'w_socio': 1.0, 'w_space': 1.0, 'w_time': 1.0}",5,41491.69460383472,24853.89985186534,56443.15293295041,31938.376589020307,15.260314481004514,8.417689089437353,1.550085280693327,0.9539530185978701
SparseGP_RFF,"(1, 12, 24)","{'alpha': 0.01, 'gamma_socio': 0.05, 'gamma_space': 0.1, 'gamma_time': 0.05, 'n_socio': 300, 'n_space': 200, 'n_time': 500, 'w_socio': 1.0, 'w_space': 1.0, 'w_time': 1.0}",5,41611.32198096614,24942.51726381317,56558.166970404985,32049.44200841617,15.299805633669692,8.437488678437948,1.5544533867707373,0.9572759708604999
SparseGP_RFF,"(1, 12)","{'alpha': 0.001, 'gamma_socio': 0.1, 'gamma_space': 0.1, 'gamma_time': 0.1, 'n_socio': 300, 'n_space': 500, 'n_time': 200, 'w_socio': 1.0, 'w_space': 1.0, 'w_time': 1.0}",5,40131.41956807755,15576.20578999885,56667.442652677884,21750.40845483805,15.705941971865837,5.683278566074749,1.5900665470678792,0.5995086623878112
SparseGP_RFF,"(1, 12)","{'alpha': 0.001, 'gamma_socio': 0.05, 'gamma_space': 0.05, 'gamma_time': 0.05, 'n_socio': 300, 'n_space': 200, 'n_time': 500, 'w_socio': 1.0, 'w_space': 1.0, 'w_time': 1.0}",5,44310.94693277085,29205.035633565698,56850.31811885334,34010.86860631695,16.2368656879062,9.595643778702891,1.7627844794178755,1.1385313802705408
SparseGP_RFF,"(1, 12, 24)","{'alpha': 0.001, 'gamma_socio': 0.05, 'gamma_space': 0.05, 'gamma_time': 0.05, 'n_socio': 300, 'n_space': 500, 'n_time': 500, 'w_socio': 1.0, 'w_space': 1.0, 'w_time': 1.0}",5,41834.390874013516,24825.351144920936,56866.02424088372,31888.487713570645,15.366973949568173,8.414890221108006,1.5625233360985082,0.9513005636838707
SparseGP_RFF,"(1, 12, 24)","{'alpha': 0.001, 'gamma_socio': 0.05, 'gamma_space': 0.05, 'gamma_time': 0.05, 'n_socio': 300, 'n_space': 200, 'n_time': 500, 'w_socio': 1.0, 'w_space': 1.0, 'w_time': 1.0}",5,41856.58325838322,24791.972076532336,56876.2167824361,31844.936102764488,15.375546212858456,8.4051217381754,1.5632597995982322,0.9498685889784216
SparseGP_RFF,"(1, 12)","{'alpha': 0.001, 'gamma_socio': 0.05, 'gamma_space': 0.05, 'gamma_time': 0.05, 'n_socio': 300, 'n_space': 500, 'n_time': 500, 'w_socio': 1.0, 'w_space': 1.0, 'w_time': 1.0}",5,44342.40908502705,29263.85795373983,56881.382505642694,34049.76224283434,16.24878855313682,9.613855922054483,1.7640155656103986,1.1407856438482273
SparseGP_RFF,"(1, 12, 24)","{'alpha': 0.01, 'gamma_socio': 0.05, 'gamma_space': 0.05, 'gamma_time': 0.05, 'n_socio': 300, 'n_space': 200, 'n_time': 500, 'w_socio': 1.0, 'w_space': 1.0, 'w_time': 1.0}",5,41949.268292399494,25251.556166365328,56906.434460045384,32351.6956373109,15.406942628436363,8.52482718630121,1.5669131081867413,0.9687857012137776
SparseGP_RFF,"(1, 12, 24)","{'alpha': 0.01, 'gamma_socio': 0.05, 'gamma_space': 0.05, 'gamma_time': 0.05, 'n_socio': 300, 'n_space': 500, 'n_time': 500, 'w_socio': 1.0, 'w_space': 1.0, 'w_time': 1.0}",5,41968.675347749384,25335.078681011564,56931.48904077806,32446.589548799966,15.40957186871644,8.551364464353124,1.567601525898127,0.971852019769725
SparseGP_RFF,"(1, 12)","{'alpha': 0.001, 'gamma_socio': 0.1, 'gamma_space': 0.1, 'gamma_time': 0.1, 'n_socio': 300, 'n_space': 200, 'n_time': 200, 'w_socio': 1.0, 'w_space': 1.0, 'w_time': 1.0}",5,40421.99489367913,15859.454043225385,56988.89206469208,21617.984109408924,15.879107034211975,5.950298307045695,1.6013002831611836,0.6100265993136159
SparseGP_RFF,"(1, 12, 24)","{'alpha': 0.001, 'gamma_socio': 0.1, 'gamma_space': 0.1, 'gamma_time': 0.05, 'n_socio': 300, 'n_space': 500, 'n_time': 200, 'w_socio': 1.0, 'w_space': 1.0, 'w_time': 1.0}",5,40950.37102334558,25779.795949423362,57510.45299394087,36247.327969658625,14.648023591227702,7.061411704162648,1.553026102213656,1.0354789642397537
SparseGP_RFF,"(1, 2, 12)","{'alpha': 0.001, 'gamma_socio': 0.1, 'gamma_space': 0.1, 'gamma_time': 0.05, 'n_socio': 300, 'n_space': 500, 'n_time': 200, 'w_socio': 1.0, 'w_space': 1.0, 'w_time': 1.0}",5,41450.79786651435,17032.142383813207,57575.388145711,24204.1133981069,15.83755640973701,5.254128510166789,1.6461087680445552,0.6636218457976303
SparseGP_RFF,"(1, 12)","{'alpha': 0.001, 'gamma_socio': 0.1, 'gamma_space': 0.05, 'gamma_time': 0.1, 'n_socio': 300, 'n_space': 200, 'n_time': 200, 'w_socio': 1.0, 'w_space': 1.0, 'w_time': 1.0}",5,41050.403846199624,16098.317964399344,57585.89518067227,21799.647212039392,16.103361886037664,6.006970872893943,1.6262126499029024,0.619275402927581
SparseGP_RFF,"(1, 12)","{'alpha': 0.001, 'gamma_socio': 0.1, 'gamma_space': 0.05, 'gamma_time': 0.1, 'n_socio': 300, 'n_space': 500, 'n_time': 200, 'w_socio': 1.0, 'w_space': 1.0, 'w_time': 1.0}",5,41102.254201846874,16199.410128887908,57649.058428272314,21910.493674733472,16.122948862655303,6.031620317694091,1.6282366980408995,0.6232196576572978
SparseGP_RFF,"(1, 12, 24)","{'alpha': 0.001, 'gamma_socio': 0.1, 'gamma_space': 0.1, 'gamma_time': 0.05, 'n_socio': 300, 'n_space': 200, 'n_time': 200, 'w_socio': 1.0, 'w_space': 1.0, 'w_time': 1.0}",5,40988.97011055555,25345.894642989817,57693.646682254344,35704.89726337858,14.710520012529788,7.010141732867121,1.553931126828068,1.0189046124333339
SparseGP_RFF,"(1, 12)","{'alpha': 0.01, 'gamma_socio': 0.1, 'gamma_space': 0.1, 'gamma_time': 0.1, 'n_socio': 300, 'n_space': 500, 'n_time': 200, 'w_socio': 1.0, 'w_space': 1.0, 'w_time': 1.0}",5,41120.74458565277,16229.73299180442,57790.38814776203,22027.525902182682,16.11472438548481,6.027451111901019,1.6289793118820086,0.6244258665943414
SparseGP_RFF,"(1, 12)","{'alpha': 0.01, 'gamma_socio': 0.1, 'gamma_space': 0.1, 'gamma_time': 0.1, 'n_socio': 300, 'n_space': 200, 'n_time': 200, 'w_socio': 1.0, 'w_space': 1.0, 'w_time': 1.0}",5,41183.99575904082,16195.660368771738,57866.87178029671,21935.851035498577,16.12801304600854,6.033263209867767,1.6314926292375003,0.6230152594822963
SparseGP_RFF,"(1, 2, 12)","{'alpha': 0.001, 'gamma_socio': 0.1, 'gamma_space': 0.1, 'gamma_time': 0.05, 'n_socio': 300, 'n_space': 200, 'n_time': 200, 'w_socio': 1.0, 'w_space': 1.0, 'w_time': 1.0}",5,41690.658830579996,16946.781171726572,57870.37707817067,23916.16776739165,15.971830969472368,5.31760869201697,1.6558450500489186,0.6606838611850944
SparseGP_RFF,"(1, 2, 12, 24)","{'alpha': 0.001, 'gamma_socio': 0.1, 'gamma_space': 0.1, 'gamma_time': 0.1, 'n_socio': 300, 'n_space': 500, 'n_time': 500, 'w_socio': 1.0, 'w_space': 1.0, 'w_time': 1.0}",5,41449.333160393,21176.566707775575,57954.6347258571,31604.83478827264,15.28741975321915,6.002258514178519,1.57230456371417,0.8678161676407453
SparseGP_RFF,"(1, 12)","{'alpha': 0.01, 'gamma_socio': 0.1, 'gamma_space': 0.05, 'gamma_time': 0.1, 'n_socio': 300, 'n_space': 200, 'n_time': 200, 'w_socio': 1.0, 'w_space': 1.0, 'w_time': 1.0}",5,41358.91027278839,16127.267529650964,58113.04643289279,21826.170723499716,16.189233383689675,6.000103328754614,1.6383949476483177,0.6202539208162121
SparseGP_RFF,"(1, 2, 12, 24)","{'alpha': 0.001, 'gamma_socio': 0.1, 'gamma_space': 0.1, 'gamma_time': 0.1, 'n_socio': 300, 'n_space': 200, 'n_time': 500, 'w_socio': 1.0, 'w_space': 1.0, 'w_time': 1.0}",5,41514.776213452424,21081.124394027287,58128.62148900649,31466.18919555379,15.349015712976481,6.078112122912108,1.574898963427151,0.8647723347613481
SparseGP_RFF,"(1, 12)","{'alpha': 0.01, 'gamma_socio': 0.1, 'gamma_space': 0.05, 'gamma_time': 0.1, 'n_socio': 300, 'n_space': 500, 'n_time': 200, 'w_socio': 1.0, 'w_space': 1.0, 'w_time': 1.0}",5,41469.34708161598,16243.505601879047,58223.80623612382,21950.62063751634,16.22853220312536,6.033714630271288,1.6427046968507628,0.6246902963594538
SparseGP_RFF,"(1, 12, 24)","{'alpha': 0.001, 'gamma_socio': 0.1, 'gamma_space': 0.05, 'gamma_time': 0.05, 'n_socio': 300, 'n_space': 200, 'n_time': 200, 'w_socio': 1.0, 'w_space': 1.0, 'w_time': 1.0}",5,41868.964557981715,26087.985465979946,58621.32754682556,36472.10557189629,14.964854259551682,7.1319158434472225,1.587795618704889,1.0485708739868875
SparseGP_RFF,"(1, 2, 12)","{'alpha': 0.001, 'gamma_socio': 0.1, 'gamma_space': 0.05, 'gamma_time': 0.05, 'n_socio': 300, 'n_space': 200, 'n_time': 200, 'w_socio': 1.0, 'w_space': 1.0, 'w_time': 1.0}",5,42471.96635449371,17401.226704931993,58677.2968928647,24388.92511267501,16.223699071086227,5.392575136109502,1.686857084348182,0.6783318220328935
SparseGP_RFF,"(1, 12, 24)","{'alpha': 0.001, 'gamma_socio': 0.1, 'gamma_space': 0.05, 'gamma_time': 0.05, 'n_socio': 300, 'n_space': 500, 'n_time': 200, 'w_socio': 1.0, 'w_space': 1.0, 'w_time': 1.0}",5,41984.18519408013,26266.14343661839,58745.88702770617,36677.72149976125,14.993729800330438,7.16342181531303,1.5923333380906584,1.0555822636124907
SparseGP_RFF,"(1, 12)","{'alpha': 0.1, 'gamma_socio': 0.1, 'gamma_space': 0.1, 'gamma_time': 0.1, 'n_socio': 300, 'n_space': 500, 'n_time': 200, 'w_socio': 1.0, 'w_space': 1.0, 'w_time': 1.0}",5,41779.06670603966,16206.107677103482,58753.07847003594,21938.40312563752,16.274635947859274,5.945496012161235,1.6552146799227423,0.6234275876197143
SparseGP_RFF,"(1, 2, 12)","{'alpha': 0.001, 'gamma_socio': 0.1, 'gamma_space': 0.05, 'gamma_time': 0.05, 'n_socio': 300, 'n_space': 500, 'n_time': 200, 'w_socio': 1.0, 'w_space': 1.0, 'w_time': 1.0}",5,42546.53943711413,17535.834051210015,58776.5592864722,24558.12270581258,16.23924289017129,5.412895866170665,1.6897369826745763,0.6834282983600765
SparseGP_RFF,"(1, 12)","{'alpha': 0.1, 'gamma_socio': 0.1, 'gamma_space': 0.1, 'gamma_time': 0.1, 'n_socio': 300, 'n_space': 200, 'n_time': 200, 'w_socio': 1.0, 'w_space': 1.0, 'w_time': 1.0}",5,41826.1499345357,16217.887040301468,58851.78484370705,21980.808886491726,16.273051823268688,5.9325261073316735,1.6571464436894927,0.6239912994933849
SparseGP_RFF,"(1, 12, 24)","{'alpha': 0.01, 'gamma_socio': 0.1, 'gamma_space': 0.1, 'gamma_time': 0.05, 'n_socio': 300, 'n_space': 200, 'n_time': 200, 'w_socio': 1.0, 'w_space': 1.0, 'w_time': 1.0}",5,42081.91468295603,26309.839767447113,58891.774951984626,36647.05931719968,15.028396450343237,7.202249040150782,1.595962497578538,1.0572330984166285
SparseGP_RFF,"(1, 2, 12, 24)","{'alpha': 0.001, 'gamma_socio': 0.1, 'gamma_space': 0.05, 'gamma_time': 0.1, 'n_socio': 300, 'n_space': 200, 'n_time': 500, 'w_socio': 1.0, 'w_space': 1.0, 'w_time': 1.0}",5,42204.38592132316,21817.129181022396,58920.33170180244,32428.866955871978,15.543546186460876,6.224230759905822,1.6014922833386538,0.8937252079794804
SparseGP_RFF,"(1, 2, 12, 24)","{'alpha': 0.001, 'gamma_socio': 0.1, 'gamma_space': 0.05, 'gamma_time': 0.1, 'n_socio': 300, 'n_space': 500, 'n_time': 500, 'w_socio': 1.0, 'w_space': 1.0, 'w_time': 1.0}",5,42216.35766519629,21914.831582793588,58923.148913325895,32508.839232451945,15.549323002214033,6.2540977746756825,1.602030691934828,0.8974020044771533
SparseGP_RFF,"(1, 12, 24)","{'alpha': 0.01, 'gamma_socio': 0.1, 'gamma_space': 0.1, 'gamma_time': 0.05, 'n_socio': 300, 'n_space': 500, 'n_time': 200, 'w_socio': 1.0, 'w_space': 1.0, 'w_time': 1.0}",5,42137.219676174675,26466.559450029745,58933.77460174643,36848.693812791076,15.034529738107398,7.217382213599598,1.5983032534814483,1.0633938808822687
SparseGP_RFF,"(1, 2, 12)","{'alpha': 0.01, 'gamma_socio': 0.1, 'gamma_space': 0.1, 'gamma_time': 0.05, 'n_socio': 300, 'n_space': 200, 'n_time': 200, 'w_socio': 1.0, 'w_space': 1.0, 'w_time': 1.0}",5,42657.460101584715,17523.690876095392,58956.52841254392,24545.231956575724,16.277490833392235,5.425905432180017,1.694277071000944,0.6831700656224972
SparseGP_RFF,"(1, 2, 12)","{'alpha': 0.01, 'gamma_socio': 0.1, 'gamma_space': 0.1, 'gamma_time': 0.05, 'n_socio': 300, 'n_space': 500, 'n_time': 200, 'w_socio': 1.0, 'w_space': 1.0, 'w_time': 1.0}",5,42654.59687105438,17626.21229266428,58967.407475020176,24713.858912514628,16.269384321585633,5.428974132037238,1.6940274153717567,0.6869161532980557
SparseGP_RFF,"(1, 2, 12, 24)","{'alpha': 0.01, 'gamma_socio': 0.1, 'gamma_space': 0.1, 'gamma_time': 0.1, 'n_socio': 300, 'n_space': 500, 'n_time': 500, 'w_socio': 1.0, 'w_space': 1.0, 'w_time': 1.0}",5,42318.899867366206,22061.946277164618,59057.71012502555,32651.871860192987,15.572779607897335,6.282961948378919,1.6060726254451823,0.9031476364629201
SparseGP_RFF,"(1, 2, 12, 24)","{'alpha': 0.01, 'gamma_socio': 0.1, 'gamma_space': 0.1, 'gamma_time': 0.1, 'n_socio': 300, 'n_space': 200, 'n_time': 500, 'w_socio': 1.0, 'w_space': 1.0, 'w_time': 1.0}",5,42322.410710103555,21952.114195819402,59074.933820250655,32514.130443673646,15.578037837223272,6.269160070628383,1.6061019611417398,0.8990454043746425
SparseGP_RFF,"(1, 12)","{'alpha': 0.1, 'gamma_socio': 0.1, 'gamma_space': 0.05, 'gamma_time': 0.1, 'n_socio': 300, 'n_space': 500, 'n_time': 200, 'w_socio': 1.0, 'w_space': 1.0, 'w_time': 1.0}",5,42125.55166071275,16237.44342856253,59356.912272374364,22078.002379219877,16.352733608346508,5.942957689922527,1.6688697104814825,0.6243526757620547
SparseGP_RFF,"(1, 2, 12, 24)","{'alpha': 0.01, 'gamma_socio': 0.1, 'gamma_space': 0.05, 'gamma_time': 0.1, 'n_socio': 300, 'n_space': 200, 'n_time': 500, 'w_socio': 1.0, 'w_space': 1.0, 'w_time': 1.0}",5,42660.50361765817,22527.948375930748,59437.019888595256,33120.964734002366,15.650954528540193,6.378127416976444,1.6190708376044707,0.9210640128816118
SparseGP_RFF,"(1, 2, 12)","{'alpha': 0.01, 'gamma_socio': 0.1, 'gamma_space': 0.05, 'gamma_time': 0.05, 'n_socio': 300, 'n_space': 200, 'n_time': 200, 'w_socio': 1.0, 'w_space': 1.0, 'w_time': 1.0}",5,43101.75637030487,17777.176836124094,59467.207139565246,24779.49156345926,16.413043610287215,5.454863834321579,1.7118973647854072,0.6929858071799256
SparseGP_RFF,"(1, 2, 12, 24)","{'alpha': 0.01, 'gamma_socio': 0.1, 'gamma_space': 0.05, 'gamma_time': 0.1, 'n_socio': 300, 'n_space': 500, 'n_time': 500, 'w_socio': 1.0, 'w_space': 1.0, 'w_time': 1.0}",5,42684.71974940161,22565.1620339262,59474.60295021292,33188.511446627075,15.658150163465184,6.3904523381628975,1.6200979741562445,0.9226237903620605
SparseGP_RFF,"(1, 12)","{'alpha': 0.1, 'gamma_socio': 0.1, 'gamma_space': 0.05, 'gamma_time': 0.1, 'n_socio': 300, 'n_space': 200, 'n_time': 200, 'w_socio': 1.0, 'w_space': 1.0, 'w_time': 1.0}",5,42189.28759662467,16336.11768908893,59481.16790124639,22208.14364660195,16.359671046909668,5.953775337200084,1.6714498998314755,0.6283482476962718
SparseGP_RFF,"(1, 2, 12)","{'alpha': 0.01, 'gamma_socio': 0.1, 'gamma_space': 0.05, 'gamma_time': 0.05, 'n_socio': 300, 'n_space': 500, 'n_time': 200, 'w_socio': 1.0, 'w_space': 1.0, 'w_time': 1.0}",5,43171.68921496211,17849.386217418098,59539.61149698535,24878.23665154206,16.431770517253742,5.4682895205284066,1.7146777288405695,0.6958088667989559
SparseGP_RFF,"(1, 2, 12, 24)","{'alpha': 0.1, 'gamma_socio': 0.1, 'gamma_space': 0.1, 'gamma_time': 0.1, 'n_socio': 300, 'n_space': 500, 'n_time': 500, 'w_socio': 1.0, 'w_space': 1.0, 'w_time': 1.0}",5,42925.9264200337,22774.677086637235,59655.45243747074,33050.53864505031,15.731782301742943,6.450456723903658,1.629373676705746,0.9309261879183326
SparseGP_RFF,"(1, 12, 24)","{'alpha': 0.01, 'gamma_socio': 0.1, 'gamma_space': 0.05, 'gamma_time': 0.05, 'n_socio': 300, 'n_space': 200, 'n_time': 200, 'w_socio': 1.0, 'w_space': 1.0, 'w_time': 1.0}",5,42858.97288278462,27171.400659464984,59671.68564366029,37287.74046563668,15.239705984283969,7.381153177525705,1.6261342924197741,1.0912826606953459
SparseGP_RFF,"(1, 12, 24)","{'alpha': 0.01, 'gamma_socio': 0.1, 'gamma_space': 0.05, 'gamma_time': 0.05, 'n_socio': 300, 'n_space': 500, 'n_time': 200, 'w_socio': 1.0, 'w_space': 1.0, 'w_time': 1.0}",5,42881.600999037066,27174.481053551503,59707.46454537208,37350.81302010852,15.247029494894633,7.373546653309224,1.6269094442669743,1.0913991486113988
SparseGP_RFF,"(1, 2, 12, 24)","{'alpha': 0.1, 'gamma_socio': 0.1, 'gamma_space': 0.1, 'gamma_time': 0.1, 'n_socio': 300, 'n_space': 200, 'n_time': 500, 'w_socio': 1.0, 'w_space': 1.0, 'w_time': 1.0}",5,43065.93547898999,22899.227630711426,59856.97911863194,33226.91161924866,15.767703839046884,6.472567737831807,1.6346986697388968,0.9357315148321371
SparseGP_RFF,"(1, 2, 12)","{'alpha': 0.1, 'gamma_socio': 0.1, 'gamma_space': 0.1, 'gamma_time': 0.05, 'n_socio': 300, 'n_space': 500, 'n_time': 200, 'w_socio': 1.0, 'w_space': 1.0, 'w_time': 1.0}",5,43669.73245641414,18256.987726194177,60172.55238865806,25327.811550430466,16.572745776689864,5.529331787437881,1.7345748648016222,0.7118163278748495
SparseGP_RFF,"(1, 2, 3, 12, 24)","{'alpha': 0.001, 'gamma_socio': 0.1, 'gamma_space': 0.1, 'gamma_time': 0.05, 'n_socio': 300, 'n_space': 500, 'n_time': 500, 'w_socio': 1.0, 'w_space': 1.0, 'w_time': 1.0}",5,43683.118556899586,18552.525607585903,60202.55462099769,27452.624397568863,16.33316854499018,5.576559799092507,1.6570350310036737,0.7782735217657143
SparseGP_RFF,"(1, 2, 12, 24)","{'alpha': 0.1, 'gamma_socio': 0.1, 'gamma_space': 0.05, 'gamma_time': 0.1, 'n_socio': 300, 'n_space': 500, 'n_time': 500, 'w_socio': 1.0, 'w_space': 1.0, 'w_time': 1.0}",5,43427.39563707834,23398.510631847323,60210.91259739649,33648.00119435276,15.860650360944703,6.589832653820871,1.6486463296474185,0.955158554889075
SparseGP_RFF,"(1, 2, 12)","{'alpha': 0.1, 'gamma_socio': 0.1, 'gamma_space': 0.1, 'gamma_time': 0.05, 'n_socio': 300, 'n_space': 200, 'n_time': 200, 'w_socio': 1.0, 'w_space': 1.0, 'w_time': 1.0}",5,43708.72585228517,18266.245730182272,60238.17674416929,25350.674479231584,16.580237591102467,5.525969683252464,1.7362074811871395,0.712329184072206
SparseGP_RFF,"(1, 12, 24)","{'alpha': 0.1, 'gamma_socio': 0.1, 'gamma_space': 0.1, 'gamma_time': 0.05, 'n_socio': 300, 'n_space': 500, 'n_time': 200, 'w_socio': 1.0, 'w_space': 1.0, 'w_time': 1.0}",5,43614.32524888673,27754.214733846635,60394.28236545141,37455.53405463686,15.482948962760284,7.552349166254999,1.6549486257175705,1.1143589612240483
SparseGP_RFF,"(1, 2, 12, 24)","{'alpha': 0.1, 'gamma_socio': 0.1, 'gamma_space': 0.05, 'gamma_time': 0.1, 'n_socio': 300, 'n_space': 200, 'n_time': 500, 'w_socio': 1.0, 'w_space': 1.0, 'w_time': 1.0}",5,43659.88377189978,23805.49988169682,60539.02897473601,34168.753178179366,15.908619335020486,6.668996302462172,1.6576540042305812,0.9706853925208455
SparseGP_RFF,"(1, 12, 24)","{'alpha': 0.1, 'gamma_socio': 0.1, 'gamma_space': 0.1, 'gamma_time': 0.05, 'n_socio': 300, 'n_space': 200, 'n_time': 200, 'w_socio': 1.0, 'w_space': 1.0, 'w_time': 1.0}",5,43712.725987081074,27931.11377194362,60544.11665667656,37652.2027059439,15.500750187001795,7.602682203961241,1.6588238333227587,1.1212068960782446
SparseGP_RFF,"(1, 2, 3, 12, 24)","{'alpha': 0.001, 'gamma_socio': 0.1, 'gamma_space': 0.1, 'gamma_time': 0.05, 'n_socio': 300, 'n_space': 200, 'n_time': 500, 'w_socio': 1.0, 'w_space': 1.0, 'w_time': 1.0}",5,44047.41757232397,18714.828117539222,60635.21850471727,27479.886950120348,16.511484971615044,5.739597303245621,1.6714976728826645,0.7865576262587523
SparseGP_RFF,"(1, 2, 12)","{'alpha': 0.1, 'gamma_socio': 0.1, 'gamma_space': 0.05, 'gamma_time': 0.05, 'n_socio': 300, 'n_space': 500, 'n_time': 200, 'w_socio': 1.0, 'w_space': 1.0, 'w_time': 1.0}",5,44394.8649681108,18611.56937462519,61025.629367343805,25726.998302907807,16.789882713962243,5.596084741288642,1.7636164825070124,0.7259981617015492
SparseGP_RFF,"(1, 12, 24)","{'alpha': 0.001, 'gamma_socio': 0.1, 'gamma_space': 0.1, 'gamma_time': 0.1, 'n_socio': 300, 'n_space': 500, 'n_time': 500, 'w_socio': 1.0, 'w_space': 1.0, 'w_time': 1.0}",5,43863.50437338664,18455.04145747232,61145.68627904761,27917.175148101258,16.27656770761393,5.141091118763806,1.6515743330378256,0.7563626853781693
SparseGP_RFF,"(1, 2, 12)","{'alpha': 0.1, 'gamma_socio': 0.1, 'gamma_space': 0.05, 'gamma_time': 0.05, 'n_socio': 300, 'n_space': 200, 'n_time': 200, 'w_socio': 1.0, 'w_space': 1.0, 'w_time': 1.0}",5,44511.41937496978,18746.819487278026,61195.83434964881,25892.15453332636,16.81332214759355,5.611026838263008,1.7682356387158424,0.7312282684627256
SparseGP_RFF,"(1, 12, 24)","{'alpha': 0.1, 'gamma_socio': 0.1, 'gamma_space': 0.05, 'gamma_time': 0.05, 'n_socio': 300, 'n_space': 500, 'n_time': 200, 'w_socio': 1.0, 'w_space': 1.0, 'w_time': 1.0}",5,44472.26617015654,28642.256369146922,61284.5514900475,38086.217128493896,15.718001234826485,7.769315179153285,1.6881706186140775,1.1493977317543727
SparseGP_RFF,"(1, 12, 24)","{'alpha': 0.001, 'gamma_socio': 0.1, 'gamma_space': 0.1, 'gamma_time': 0.1, 'n_socio': 300, 'n_space': 200, 'n_time': 500, 'w_socio': 1.0, 'w_space': 1.0, 'w_time': 1.0}",5,44031.39749819263,18386.34533255798,61387.6619313993,27773.573938862857,16.36430801903101,5.198164428277773,1.657911221452076,0.7541935643098205
SparseGP_RFF,"(1, 12)","{'alpha': 0.001, 'gamma_socio': 0.1, 'gamma_space': 0.1, 'gamma_time': 0.05, 'n_socio': 300, 'n_space': 500, 'n_time': 200, 'w_socio': 1.0, 'w_space': 1.0, 'w_time': 1.0}",5,44819.32564261166,14334.350268920734,61548.75290777916,18817.539846914082,17.254444756571296,5.653101153360275,1.7819454487983197,0.5627081220936853
SparseGP_RFF,"(1, 12, 24)","{'alpha': 0.1, 'gamma_socio': 0.1, 'gamma_space': 0.05, 'gamma_time': 0.05, 'n_socio': 300, 'n_space': 200, 'n_time': 200, 'w_socio': 1.0, 'w_space': 1.0, 'w_time': 1.0}",5,44727.47673250707,29144.098885983578,61616.78343383083,38640.99693548553,15.767957886337808,7.88528304754754,1.6982054154928115,1.1688247218480967
SparseGP_RFF,"(1, 2, 3, 12, 24)","{'alpha': 0.001, 'gamma_socio': 0.1, 'gamma_space': 0.05, 'gamma_time': 0.05, 'n_socio': 300, 'n_space': 200, 'n_time': 500, 'w_socio': 1.0, 'w_space': 1.0, 'w_time': 1.0}",5,44971.30624949007,19335.710922440652,61691.22143576965,28201.406707888666,16.765960470072997,5.842847488998402,1.707245977495345,0.8124469317705733
SparseGP_RFF,"(1, 2, 3, 12, 24)","{'alpha': 0.01, 'gamma_socio': 0.1, 'gamma_space': 0.1, 'gamma_time': 0.05, 'n_socio': 300, 'n_space': 200, 'n_time': 500, 'w_socio': 1.0, 'w_space': 1.0, 'w_time': 1.0}",5,44999.06682034875,19375.929996334078,61772.484056961584,28228.704225154645,16.767269882855565,5.870808010823352,1.7082754349034985,0.8137686281947178
SparseGP_RFF,"(1, 12)","{'alpha': 0.001, 'gamma_socio': 0.1, 'gamma_space': 0.1, 'gamma_time': 0.05, 'n_socio': 300, 'n_space': 200, 'n_time': 200, 'w_socio': 1.0, 'w_space': 1.0, 'w_time': 1.0}",5,45063.83291503867,14556.60454871733,61812.576414978925,18855.529749635993,17.38102789124506,5.791451216980441,1.791458628188226,0.5705968586381466
SparseGP_RFF,"(1, 2, 3, 12, 24)","{'alpha': 0.001, 'gamma_socio': 0.1, 'gamma_space': 0.05, 'gamma_time': 0.05, 'n_socio': 300, 'n_space': 500, 'n_time': 500, 'w_socio': 1.0, 'w_space': 1.0, 'w_time': 1.0}",5,45089.946959515684,19421.60660253735,61819.51502428935,28259.648496993756,16.811701337396933,5.877376561357895,1.7118298521974478,0.8159433077617714
SparseGP_RFF,"(1, 2, 3, 12, 24)","{'alpha': 0.01, 'gamma_socio': 0.1, 'gamma_space': 0.1, 'gamma_time': 0.05, 'n_socio': 300, 'n_space': 500, 'n_time': 500, 'w_socio': 1.0, 'w_space': 1.0, 'w_time': 1.0}",5,45088.296425187065,19431.386414668064,61853.84153019639,28306.83261782198,16.801739006794147,5.868982813292483,1.7117469545473931,0.8161369601176464
SparseGP_RFF,"(1, 2, 12)","{'alpha': 0.001, 'gamma_socio': 0.1, 'gamma_space': 0.1, 'gamma_time': 0.1, 'n_socio': 300, 'n_space': 500, 'n_time': 500, 'w_socio': 1.0, 'w_space': 1.0, 'w_time': 1.0}",5,44274.191202359805,15436.62064126874,61877.48861440002,21525.8443701681,16.987560039996076,5.680080132600939,1.7549377151238381,0.596613343671753
SparseGP_RFF,"(1, 2, 12)","{'alpha': 0.001, 'gamma_socio': 0.1, 'gamma_space': 0.1, 'gamma_time': 0.1, 'n_socio': 300, 'n_space': 200, 'n_time': 500, 'w_socio': 1.0, 'w_space': 1.0, 'w_time': 1.0}",5,44640.30695436715,15640.884796464145,62366.59766118693,21610.611218329566,17.147931286887037,5.819325874533722,1.7694639325605337,0.6047561924010681
SparseGP_RFF,"(1, 12)","{'alpha': 0.001, 'gamma_socio': 0.1, 'gamma_space': 0.05, 'gamma_time': 0.05, 'n_socio': 300, 'n_space': 200, 'n_time': 200, 'w_socio': 1.0, 'w_space': 1.0, 'w_time': 1.0}",5,45661.09204267146,14740.767549058768,62414.78009249255,18973.20541232308,17.59619571047804,5.863520194885064,1.8154000144156601,0.5784574924941028
SparseGP_RFF,"(1, 12)","{'alpha': 0.001, 'gamma_socio': 0.1, 'gamma_space': 0.05, 'gamma_time': 0.05, 'n_socio': 300, 'n_space': 500, 'n_time': 200, 'w_socio': 1.0, 'w_space': 1.0, 'w_time': 1.0}",5,45665.71961062215,14713.722533204153,62432.04190067035,18959.84391870887,17.601908702686238,5.857274690899597,1.8155861726234448,0.5774855534068413
SparseGP_RFF,"(1, 2, 3, 12, 24)","{'alpha': 0.1, 'gamma_socio': 0.1, 'gamma_space': 0.1, 'gamma_time': 0.05, 'n_socio': 300, 'n_space': 500, 'n_time': 500, 'w_socio': 1.0, 'w_space': 1.0, 'w_time': 1.0}",5,45583.37149169557,19884.962225864063,62451.45490703732,28565.93604112782,16.866555413650662,5.9385389502075325,1.73129530121631,0.8348885637289823
SparseGP_RFF,"(1, 2, 3, 12, 24)","{'alpha': 0.1, 'gamma_socio': 0.1, 'gamma_space': 0.1, 'gamma_time': 0.05, 'n_socio': 300, 'n_space': 200, 'n_time': 500, 'w_socio': 1.0, 'w_space': 1.0, 'w_time': 1.0}",5,45625.33346934409,19946.313558744725,62543.14937513124,28658.45989951868,16.86467567653428,5.951586429893953,1.732905648168856,0.8371012943529428
SparseGP_RFF,"(1, 12)","{'alpha': 0.01, 'gamma_socio': 0.1, 'gamma_space': 0.1, 'gamma_time': 0.05, 'n_socio': 300, 'n_space': 500, 'n_time': 200, 'w_socio': 1.0, 'w_space': 1.0, 'w_time': 1.0}",5,45775.51927382582,14795.871577061094,62597.22571262558,19063.59038302432,17.631824276032848,5.8752386988403815,1.8200225341720568,0.5809153761878502
SparseGP_RFF,"(1, 2, 3, 12, 24)","{'alpha': 0.01, 'gamma_socio': 0.1, 'gamma_space': 0.05, 'gamma_time': 0.05, 'n_socio': 300, 'n_space': 200, 'n_time': 500, 'w_socio': 1.0, 'w_space': 1.0, 'w_time': 1.0}",5,45772.14312165545,19903.971331336037,62636.535499406615,28738.752213164542,16.971705198244006,5.9377590706717385,1.73862040170055,0.8366636893442914
SparseGP_RFF,"(1, 12)","{'alpha': 0.01, 'gamma_socio': 0.1, 'gamma_space': 0.1, 'gamma_time': 0.05, 'n_socio': 300, 'n_space': 200, 'n_time': 200, 'w_socio': 1.0, 'w_space': 1.0, 'w_time': 1.0}",5,45840.95334684743,14868.772558031907,62659.85102795025,19088.70972278884,17.645192823560127,5.9017242106338825,1.8225699535139608,0.5835104698736195
SparseGP_RFF,"(1, 2, 3, 12, 24)","{'alpha': 0.01, 'gamma_socio': 0.1, 'gamma_space': 0.05, 'gamma_time': 0.05, 'n_socio': 300, 'n_space': 500, 'n_time': 500, 'w_socio': 1.0, 'w_space': 1.0, 'w_time': 1.0}",5,45845.766339607595,19957.1919965277,62728.789374485685,28801.858891011976,16.990021488405933,5.959851867570771,1.741394713843777,0.8386996944800696
SparseGP_RFF,"(1, 12, 24)","{'alpha': 0.001, 'gamma_socio': 0.1, 'gamma_space': 0.05, 'gamma_time': 0.1, 'n_socio': 300, 'n_space': 200, 'n_time': 500, 'w_socio': 1.0, 'w_space': 1.0, 'w_time': 1.0}",5,45281.345105432665,19361.95769642404,62779.39989182107,28905.532154875422,16.730502442904786,5.379447310016168,1.7062233483977665,0.7939987001500597
SparseGP_RFF,"(1, 12, 24)","{'alpha': 0.001, 'gamma_socio': 0.1, 'gamma_space': 0.05, 'gamma_time': 0.1, 'n_socio': 300, 'n_space': 500, 'n_time': 500, 'w_socio': 1.0, 'w_space': 1.0, 'w_time': 1.0}",5,45283.28752969883,19417.696635650933,62788.96072148634,28931.431423730177,16.73215037123324,5.39313338446617,1.7064010632386108,0.796228353723617
SparseGP_RFF,"(1, 12, 24)","{'alpha': 0.01, 'gamma_socio': 0.1, 'gamma_space': 0.1, 'gamma_time': 0.1, 'n_socio': 300, 'n_space': 200, 'n_time': 500, 'w_socio': 1.0, 'w_space': 1.0, 'w_time': 1.0}",5,45337.12009442942,19429.411371855716,62856.03889644786,28909.55116890263,16.749837451578486,5.410753898004146,1.7084957337873132,0.796779343701871
SparseGP_RFF,"(1, 12, 24)","{'alpha': 0.01, 'gamma_socio': 0.1, 'gamma_space': 0.1, 'gamma_time': 0.1, 'n_socio': 300, 'n_space': 500, 'n_time': 500, 'w_socio': 1.0, 'w_space': 1.0, 'w_time': 1.0}",5,45355.15309905874,19544.14205181229,62883.82797088371,29058.183473709592,16.74964663972745,5.422355238217367,1.7094343928480913,0.8014559673245198
SparseGP_RFF,"(1, 2, 12)","{'alpha': 0.001, 'gamma_socio': 0.1, 'gamma_space': 0.05, 'gamma_time': 0.1, 'n_socio': 300, 'n_space': 500, 'n_time': 500, 'w_socio': 1.0, 'w_space': 1.0, 'w_time': 1.0}",5,45192.236374335305,15932.756428519771,62937.75056227874,21875.805273469716,17.328405989308074,5.901140634503284,1.7912144404275594,0.6158605160271589
SparseGP_RFF,"(1, 2, 12)","{'alpha': 0.001, 'gamma_socio': 0.1, 'gamma_space': 0.05, 'gamma_time': 0.1, 'n_socio': 300, 'n_space': 200, 'n_time': 500, 'w_socio': 1.0, 'w_space': 1.0, 'w_time': 1.0}",5,45202.483809070036,15932.26953703014,62940.75928045406,21876.299702661338,17.32908396897706,5.908746800162204,1.791595320495868,0.6157824492328194
SparseGP_RFF,"(1, 2, 3, 12)","{'alpha': 0.001, 'gamma_socio': 0.1, 'gamma_space': 0.1, 'gamma_time': 0.05, 'n_socio': 300, 'n_space': 500, 'n_time': 500, 'w_socio': 1.0, 'w_space': 1.0, 'w_time': 1.0}",5,44703.02963469299,18139.97767741331,63042.45703700562,24652.65566165842,16.471231371859105,5.931845622834622,1.778566545223192,0.7355839350274249
SparseGP_RFF,"(1, 2, 12)","{'alpha': 0.01, 'gamma_socio': 0.1, 'gamma_space': 0.1, 'gamma_time': 0.1, 'n_socio': 300, 'n_space': 500, 'n_time': 500, 'w_socio': 1.0, 'w_space': 1.0, 'w_time': 1.0}",5,45292.262147581045,15988.671225950111,63120.715503007654,22028.83426942744,17.34926753352427,5.9010262887483895,1.795305236668273,0.6183502971859861
SparseGP_RFF,"(1, 12)","{'alpha': 0.01, 'gamma_socio': 0.1, 'gamma_space': 0.05, 'gamma_time': 0.05, 'n_socio': 300, 'n_space': 200, 'n_time': 200, 'w_socio': 1.0, 'w_space': 1.0, 'w_time': 1.0}",5,46267.843188730956,14974.317218597973,63139.57063222826,19113.9508758618,17.792410449525853,5.942572583124403,1.83977991984741,0.588480544044872
SparseGP_RFF,"(1, 12)","{'alpha': 0.01, 'gamma_socio': 0.1, 'gamma_space': 0.05, 'gamma_time': 0.05, 'n_socio': 300, 'n_space': 500, 'n_time': 200, 'w_socio': 1.0, 'w_space': 1.0, 'w_time': 1.0}",5,46293.794704937354,14980.633438378123,63163.183069816485,19129.38178359465,17.80799302103738,5.949728101741529,1.8407209897627443,0.5884514385418562
SparseGP_RFF,"(1, 2, 12)","{'alpha': 0.01, 'gamma_socio': 0.1, 'gamma_space': 0.1, 'gamma_time': 0.1, 'n_socio': 300, 'n_space': 200, 'n_time': 500, 'w_socio': 1.0, 'w_space': 1.0, 'w_time': 1.0}",5,45360.66178828073,16072.240028124748,63222.47019486851,22072.31255540455,17.366048624994825,5.946863677066504,1.7979442092798859,0.6214291662901841
SparseGP_RFF,"(1, 2, 3, 12, 24)","{'alpha': 0.1, 'gamma_socio': 0.1, 'gamma_space': 0.05, 'gamma_time': 0.05, 'n_socio': 300, 'n_space': 500, 'n_time': 500, 'w_socio': 1.0, 'w_space': 1.0, 'w_time': 1.0}",5,46410.02227312508,20536.700642206186,63414.523194758534,29209.787686144162,17.075292199732438,6.072312754143364,1.7638358232053732,0.8623493272983009
SparseGP_RFF,"(1, 12)","{'alpha': 0.1, 'gamma_socio': 0.1, 'gamma_space': 0.1, 'gamma_time': 0.05, 'n_socio': 300, 'n_space': 500, 'n_time': 200, 'w_socio': 1.0, 'w_space': 1.0, 'w_time': 1.0}",5,46650.81992426921,15234.547241245811,63491.040620067135,19282.436716568296,17.883597210649402,5.981203398901834,1.8551033198468836,0.5987731275563847
SparseGP_RFF,"(1, 2, 3, 12)","{'alpha': 0.001, 'gamma_socio': 0.1, 'gamma_space': 0.1, 'gamma_time': 0.05, 'n_socio': 300, 'n_space': 200, 'n_time': 500, 'w_socio': 1.0, 'w_space': 1.0, 'w_time': 1.0}",5,45120.25005800411,18481.622254609963,63540.39047431174,24922.03506594105,16.6116168163468,6.0415345663792355,1.79540973511781,0.7504532895526483
SparseGP_RFF,"(1, 12)","{'alpha': 0.1, 'gamma_socio': 0.1, 'gamma_space': 0.1, 'gamma_time': 0.05, 'n_socio': 300, 'n_space': 200, 'n_time': 200, 'w_socio': 1.0, 'w_space': 1.0, 'w_time': 1.0}",5,46740.95672471103,15303.362342374672,63620.889592237094,19350.714485468758,17.897870338302724,5.994647531318632,1.8587641878369463,0.6017023644030058
SparseGP_RFF,"(1, 2, 3, 12, 24)","{'alpha': 0.1, 'gamma_socio': 0.1, 'gamma_space': 0.05, 'gamma_time': 0.05, 'n_socio': 300, 'n_space': 200, 'n_time': 500, 'w_socio': 1.0, 'w_space': 1.0, 'w_time': 1.0}",5,46593.876764685956,20737.438851608837,63648.86346884632,29451.552014205346,17.119503868649353,6.116367111592723,1.7709553790347954,0.8700504783871372
SparseGP_RFF,"(1, 12, 24)","{'alpha': 0.1, 'gamma_socio': 0.1, 'gamma_space': 0.1, 'gamma_time': 0.1, 'n_socio': 300, 'n_space': 500, 'n_time': 500, 'w_socio': 1.0, 'w_space': 1.0, 'w_time': 1.0}",5,46258.58857865441,20605.68904129497,63732.44680815318,29785.372827277835,16.999072002200602,5.670072677768235,1.7455193155527315,0.8452322466271514
SparseGP_RFF,"(1, 12, 24)","{'alpha': 0.01, 'gamma_socio': 0.1, 'gamma_space': 0.05, 'gamma_time': 0.1, 'n_socio': 300, 'n_space': 200, 'n_time': 500, 'w_socio': 1.0, 'w_space': 1.0, 'w_time': 1.0}",5,46212.4059425017,20293.0403258546,63805.024149686404,29736.594383118274,16.98677425858495,5.577102594113959,1.7425266613126862,0.8317782419815587
SparseGP_RFF,"(1, 2, 12)","{'alpha': 0.01, 'gamma_socio': 0.1, 'gamma_space': 0.05, 'gamma_time': 0.1, 'n_socio': 300, 'n_space': 200, 'n_time': 500, 'w_socio': 1.0, 'w_space': 1.0, 'w_time': 1.0}",5,45862.33965121179,16212.034508081417,63809.09504624987,22254.781706450423,17.523400417641458,5.976126994430322,1.8179122373100765,0.62718240998918
SparseGP_RFF,"(1, 2, 12)","{'alpha': 0.01, 'gamma_socio': 0.1, 'gamma_space': 0.05, 'gamma_time': 0.1, 'n_socio': 300, 'n_space': 500, 'n_time': 500, 'w_socio': 1.0, 'w_space': 1.0, 'w_time': 1.0}",5,45915.33312205957,16273.892995558439,63844.37907502449,22297.831829586346,17.537112331096765,5.990657020250584,1.819929937147116,0.6294402684862206
SparseGP_RFF,"(1, 2, 12)","{'alpha': 0.1, 'gamma_socio': 0.1, 'gamma_space': 0.1, 'gamma_time': 0.1, 'n_socio': 300, 'n_space': 500, 'n_time': 500, 'w_socio': 1.0, 'w_space': 1.0, 'w_time': 1.0}",5,45862.97245525945,16373.706257893993,63860.72115755351,22434.70406790575,17.487834920611604,5.98045567741043,1.8180061430464982,0.6341068975157207
SparseGP_RFF,"(1, 12, 24)","{'alpha': 0.01, 'gamma_socio': 0.1, 'gamma_space': 0.05, 'gamma_time': 0.1, 'n_socio': 300, 'n_space': 500, 'n_time': 500, 'w_socio': 1.0, 'w_space': 1.0, 'w_time': 1.0}",5,46252.59624839153,20323.122750540562,63865.322022308246,29803.25772459784,17.000674010866017,5.582380500972758,1.7440904656821483,0.8329911932916163
SparseGP_RFF,"(1, 12, 24)","{'alpha': 0.1, 'gamma_socio': 0.1, 'gamma_space': 0.1, 'gamma_time': 0.1, 'n_socio': 300, 'n_space': 200, 'n_time': 500, 'w_socio': 1.0, 'w_space': 1.0, 'w_time': 1.0}",5,46412.85979342697,20726.271117020256,63934.32550207332,29945.979153125656,17.03901545040606,5.696847078482726,1.7514717086109137,0.8500381344504899
SparseGP_RFF,"(1, 2, 12)","{'alpha': 0.1, 'gamma_socio': 0.1, 'gamma_space': 0.1, 'gamma_time': 0.1, 'n_socio': 300, 'n_space': 200, 'n_time': 500, 'w_socio': 1.0, 'w_space': 1.0, 'w_time': 1.0}",5,45941.49189272411,16426.83604863169,63985.858649384485,22512.292807839207,17.504874381531806,5.991352353534118,1.8211973263828973,0.6363381838133402
SparseGP_RFF,"(1, 12)","{'alpha': 0.1, 'gamma_socio': 0.1, 'gamma_space': 0.05, 'gamma_time': 0.05, 'n_socio': 300, 'n_space': 500, 'n_time': 200, 'w_socio': 1.0, 'w_space': 1.0, 'w_time': 1.0}",5,47211.97637773877,15530.572235181131,64208.60729098743,19505.54175300823,18.042412760330127,6.06130909505419,1.8774493122102076,0.6103936978200976
SparseGP_RFF,"(1, 2, 12, 24)","{'alpha': 0.001, 'gamma_socio': 0.1, 'gamma_space': 0.1, 'gamma_time': 0.05, 'n_socio': 300, 'n_space': 500, 'n_time': 500, 'w_socio': 1.0, 'w_space': 1.0, 'w_time': 1.0}",5,46081.05977648894,21361.706066072264,64234.12439893471,29119.83968954136,16.962299202859704,6.353448488521665,1.7433905598085153,0.8772946758868715
SparseGP_RFF,"(1, 2, 3, 12)","{'alpha': 0.001, 'gamma_socio': 0.1, 'gamma_space': 0.05, 'gamma_time': 0.05, 'n_socio': 300, 'n_space': 200, 'n_time': 500, 'w_socio': 1.0, 'w_space': 1.0, 'w_time': 1.0}",5,45776.118428658185,18959.22557083591,64297.85007061926,25412.232890466927,16.78464774914463,6.164728906312805,1.8216146459816849,0.7699859056296914
SparseGP_RFF,"(1, 12)","{'alpha': 0.1, 'gamma_socio': 0.1, 'gamma_space': 0.05, 'gamma_time': 0.05, 'n_socio': 300, 'n_space': 200, 'n_time': 200, 'w_socio': 1.0, 'w_space': 1.0, 'w_time': 1.0}",5,47280.351197913165,15521.748268353685,64300.354256027276,19498.841102492195,18.05506986736541,6.055591132639652,1.8803620054473142,0.61079807329898
SparseGP_RFF,"(1, 2, 3, 12)","{'alpha': 0.001, 'gamma_socio': 0.1, 'gamma_space': 0.05, 'gamma_time': 0.05, 'n_socio': 300, 'n_space': 500, 'n_time': 500, 'w_socio': 1.0, 'w_space': 1.0, 'w_time': 1.0}",5,45847.68257359188,19020.258600703084,64394.779488694374,25490.531854808854,16.80546339566076,6.176288818987502,1.8244533458576484,0.7722934654093835
SparseGP_RFF,"(1, 2, 3, 12)","{'alpha': 0.01, 'gamma_socio': 0.1, 'gamma_space': 0.1, 'gamma_time': 0.05, 'n_socio': 300, 'n_space': 500, 'n_time': 500, 'w_socio': 1.0, 'w_space': 1.0, 'w_time': 1.0}",5,45850.990970031984,19068.370474590993,64452.85111825189,25612.732411207213,16.799226456415788,6.181011806844515,1.8246817688408803,0.7745486079060814
SparseGP_RFF,"(1, 2, 3, 12)","{'alpha': 0.01, 'gamma_socio': 0.1, 'gamma_space': 0.1, 'gamma_time': 0.05, 'n_socio': 300, 'n_space': 200, 'n_time': 500, 'w_socio': 1.0, 'w_space': 1.0, 'w_time': 1.0}",5,45883.15705342473,19058.78262935647,64496.274512896685,25564.960208455464,16.811576319796966,6.196218996123968,1.8258851795566529,0.7739285930132258
SparseGP_RFF,"(1, 2, 12, 24)","{'alpha': 0.001, 'gamma_socio': 0.1, 'gamma_space': 0.1, 'gamma_time': 0.05, 'n_socio': 300, 'n_space': 200, 'n_time': 500, 'w_socio': 1.0, 'w_space': 1.0, 'w_time': 1.0}",5,46364.16797568141,21261.144475081033,64610.92680829154,29012.641624341453,17.062788718882523,6.337841227444185,1.7540845233683189,0.8742705931581409
SparseGP_RFF,"(1, 12, 24)","{'alpha': 0.1, 'gamma_socio': 0.1, 'gamma_space': 0.05, 'gamma_time': 0.1, 'n_socio': 300, 'n_space': 500, 'n_time': 500, 'w_socio': 1.0, 'w_space': 1.0, 'w_time': 1.0}",5,47215.27532222736,21425.387567046262,64797.90318984011,30530.694215227977,17.26792994373868,5.852499672937399,1.7824138352570358,0.8781718138611593
SparseGP_RFF,"(1, 2, 12)","{'alpha': 0.1, 'gamma_socio': 0.1, 'gamma_space': 0.05, 'gamma_time': 0.1, 'n_socio': 300, 'n_space': 500, 'n_time': 500, 'w_socio': 1.0, 'w_space': 1.0, 'w_time': 1.0}",5,46713.735258736924,16784.091677522218,64957.411753887696,23013.786294928454,17.727876921491486,6.082278599871964,1.851831475961069,0.6504723265566151
SparseGP_RFF,"(1, 2, 3, 12)","{'alpha': 0.1, 'gamma_socio': 0.1, 'gamma_space': 0.1, 'gamma_time': 0.05, 'n_socio': 300, 'n_space': 500, 'n_time': 500, 'w_socio': 1.0, 'w_space': 1.0, 'w_time': 1.0}",5,46305.72123419769,19655.37474093334,64970.00496563433,26281.66186042906,16.9095641472906,6.306983542920371,1.8434318828262142,0.8003016148526497
SparseGP_RFF,"(1, 2, 12)","{'alpha': 0.1, 'gamma_socio': 0.1, 'gamma_space': 0.05, 'gamma_time': 0.1, 'n_socio': 300, 'n_space': 200, 'n_time': 500, 'w_socio': 1.0, 'w_space': 1.0, 'w_time': 1.0}",5,46772.69537387517,16799.18925490866,65061.20025706121,23062.9988832895,17.73811116844496,6.068341051408362,1.8543168402288424,0.6514081344373861
SparseGP_RFF,"(1, 12, 24)","{'alpha': 0.1, 'gamma_socio': 0.1, 'gamma_space': 0.05, 'gamma_time': 0.1, 'n_socio': 300, 'n_space': 200, 'n_time': 500, 'w_socio': 1.0, 'w_space': 1.0, 'w_time': 1.0}",5,47459.80994558552,21812.576559295314,65095.840216198376,31002.90671515878,17.31996441637776,5.926013665954137,1.7921565739386467,0.893549244096615
SparseGP_RFF,"(1, 2, 3, 12)","{'alpha': 0.01, 'gamma_socio': 0.1, 'gamma_space': 0.05, 'gamma_time': 0.05, 'n_socio': 300, 'n_space': 200, 'n_time': 500, 'w_socio': 1.0, 'w_space': 1.0, 'w_time': 1.0}",5,46388.906586296995,19528.47877193067,65099.84301896519,26042.03790246552,16.933830572317447,6.302719027723066,1.8462692496364717,0.7939234633892516
SparseGP_RFF,"(1, 2, 3, 12)","{'alpha': 0.1, 'gamma_socio': 0.1, 'gamma_space': 0.1, 'gamma_time': 0.05, 'n_socio': 300, 'n_space': 200, 'n_time': 500, 'w_socio': 1.0, 'w_space': 1.0, 'w_time': 1.0}",5,46418.370440419545,19759.61472768949,65130.1810592229,26405.077268975467,16.934937530329062,6.335323131048798,1.8479679677004828,0.8046028370398277
SparseGP_RFF,"(1, 2, 3, 12)","{'alpha': 0.01, 'gamma_socio': 0.1, 'gamma_space': 0.05, 'gamma_time': 0.05, 'n_socio': 300, 'n_space': 500, 'n_time': 500, 'w_socio': 1.0, 'w_space': 1.0, 'w_time': 1.0}",5,46424.613256858334,19516.026738433426,65139.32893370483,26033.23031214183,16.945953119076897,6.29942518226487,1.8476479752210693,0.793213317354455
SparseGP_RFF,"(1, 2, 12, 24)","{'alpha': 0.001, 'gamma_socio': 0.1, 'gamma_space': 0.05, 'gamma_time': 0.05, 'n_socio': 300, 'n_space': 500, 'n_time': 500, 'w_socio': 1.0, 'w_space': 1.0, 'w_time': 1.0}",5,47121.205158397934,22148.52186822366,65419.51061614238,29851.8296641722,17.264816337850128,6.567532197039096,1.7836778328896794,0.909468505380103
SparseGP_RFF,"(1, 2, 12, 24)","{'alpha': 0.001, 'gamma_socio': 0.1, 'gamma_space': 0.05, 'gamma_time': 0.05, 'n_socio': 300, 'n_space': 200, 'n_time': 500, 'w_socio': 1.0, 'w_space': 1.0, 'w_time': 1.0}",5,47186.21612827623,22156.051945856674,65463.17000448999,29852.670091661763,17.297923295437716,6.5778564746994395,1.7861695645869375,0.9099304031722505
SparseGP_RFF,"(1, 2, 12, 24)","{'alpha': 0.01, 'gamma_socio': 0.1, 'gamma_space': 0.1, 'gamma_time': 0.05, 'n_socio': 300, 'n_space': 500, 'n_time': 500, 'w_socio': 1.0, 'w_space': 1.0, 'w_time': 1.0}",5,47239.93606686061,22306.675094187933,65566.7580923862,30051.24308141024,17.299125959709258,6.603729798791466,1.7884717269179258,0.9158394183774228
SparseGP_RFF,"(1, 2, 12, 24)","{'alpha': 0.01, 'gamma_socio': 0.1, 'gamma_space': 0.1, 'gamma_time': 0.05, 'n_socio': 300, 'n_space': 200, 'n_time': 500, 'w_socio': 1.0, 'w_space': 1.0, 'w_time': 1.0}",5,47302.32403834674,22341.79933182773,65622.97338563499,30057.44647391781,17.32886648368957,6.628498326308457,1.7907637874641078,0.9171173185847726
SparseGP_RFF,"(1, 2, 3, 12)","{'alpha': 0.1, 'gamma_socio': 0.1, 'gamma_space': 0.05, 'gamma_time': 0.05, 'n_socio': 300, 'n_space': 500, 'n_time': 500, 'w_socio': 1.0, 'w_space': 1.0, 'w_time': 1.0}",5,47080.71885829838,20267.663414629333,65964.58972649458,26991.759015654254,17.105598572688596,6.453317870217707,1.874485841755415,0.8257353879799553
SparseGP_RFF,"(1, 2, 12, 24)","{'alpha': 0.1, 'gamma_socio': 0.1, 'gamma_space': 0.1, 'gamma_time': 0.05, 'n_socio': 300, 'n_space': 500, 'n_time': 500, 'w_socio': 1.0, 'w_space': 1.0, 'w_time': 1.0}",5,47871.207172592694,23673.30019931584,66015.8674953326,31319.14067905321,17.489425119118938,6.977084680677787,1.8144134545644675,0.9693474755759944
SparseGP_RFF,"(1, 2, 3, 12)","{'alpha': 0.1, 'gamma_socio': 0.1, 'gamma_space': 0.05, 'gamma_time': 0.05, 'n_socio': 300, 'n_space': 200, 'n_time': 500, 'w_socio': 1.0, 'w_space': 1.0, 'w_time': 1.0}",5,47239.152283522926,20446.300415687303,66160.2167428567,27202.666194121666,17.140129955297173,6.489749051927437,1.8808807562214755,0.8331032264039284
SparseGP_RFF,"(1, 2, 12, 24)","{'alpha': 0.1, 'gamma_socio': 0.1, 'gamma_space': 0.1, 'gamma_time': 0.05, 'n_socio': 300, 'n_space': 200, 'n_time': 500, 'w_socio': 1.0, 'w_space': 1.0, 'w_time': 1.0}",5,48006.311464294165,23820.88970908069,66193.27729577108,31485.276562564162,17.524722278615556,7.017767052077694,1.8196058991734905,0.9750325133915115
SparseGP_RFF,"(1, 2, 12, 24)","{'alpha': 0.01, 'gamma_socio': 0.1, 'gamma_space': 0.05, 'gamma_time': 0.05, 'n_socio': 300, 'n_space': 200, 'n_time': 500, 'w_socio': 1.0, 'w_space': 1.0, 'w_time': 1.0}",5,48104.353335703076,23237.956933404355,66413.54813432589,30767.269653787353,17.547619030709615,6.864122155690672,1.8219639230458804,0.9525327938500399
SparseGP_RFF,"(1, 2, 12, 24)","{'alpha': 0.01, 'gamma_socio': 0.1, 'gamma_space': 0.05, 'gamma_time': 0.05, 'n_socio': 300, 'n_space': 500, 'n_time': 500, 'w_socio': 1.0, 'w_space': 1.0, 'w_time': 1.0}",5,48093.28575538557,23247.437638658805,66413.68470635236,30802.405187405955,17.54062941005469,6.866242582494569,1.8215802489982535,0.952926197284213
SparseGP_RFF,"(1, 2, 12, 24)","{'alpha': 0.1, 'gamma_socio': 0.1, 'gamma_space': 0.05, 'gamma_time': 0.05, 'n_socio': 300, 'n_space': 500, 'n_time': 500, 'w_socio': 1.0, 'w_space': 1.0, 'w_time': 1.0}",5,48900.62579062614,24600.91703523739,67061.82730003181,32056.17125184566,17.78112899910173,7.21732817174615,1.854172318101741,1.0062713945244188
SparseGP_RFF,"(1, 2, 12, 24)","{'alpha': 0.1, 'gamma_socio': 0.1, 'gamma_space': 0.05, 'gamma_time': 0.05, 'n_socio': 300, 'n_space': 200, 'n_time': 500, 'w_socio': 1.0, 'w_space': 1.0, 'w_time': 1.0}",5,49069.363423538634,24859.2374624105,67274.90712521556,32352.8090118668,17.81239728989682,7.272352758327494,1.8607430321852754,1.0162226196753674
SparseGP_RFF,"(1, 2, 12)","{'alpha': 0.1, 'gamma_socio': 0.1, 'gamma_space': 0.1, 'gamma_time': 0.05, 'n_socio': 300, 'n_space': 500, 'n_time': 500, 'w_socio': 1.0, 'w_space': 1.0, 'w_time': 1.0}",5,50592.56612433487,19044.421958452574,69253.88872065139,24851.6483991743,18.527323118312957,6.801075977824666,2.009925745646112,0.7460959378978071
SparseGP_RFF,"(1, 2, 12)","{'alpha': 0.1, 'gamma_socio': 0.1, 'gamma_space': 0.1, 'gamma_time': 0.05, 'n_socio': 300, 'n_space': 200, 'n_time': 500, 'w_socio': 1.0, 'w_space': 1.0, 'w_time': 1.0}",5,50647.55504093184,19101.901138256733,69350.49032591564,24927.69186373568,18.535717587085642,6.814568988380833,2.0121573979491245,0.7484282985855032
SparseGP_RFF,"(1, 2, 12)","{'alpha': 0.1, 'gamma_socio': 0.1, 'gamma_space': 0.05, 'gamma_time': 0.05, 'n_socio': 300, 'n_space': 500, 'n_time': 500, 'w_socio': 1.0, 'w_space': 1.0, 'w_time': 1.0}",5,51303.857646256474,19308.023873828504,70149.37359233815,25254.840210174323,18.708800870642307,6.835671115046188,2.0383779586143698,0.7567502071469058
SparseGP_RFF,"(1, 2, 12)","{'alpha': 0.1, 'gamma_socio': 0.1, 'gamma_space': 0.05, 'gamma_time': 0.05, 'n_socio': 300, 'n_space': 200, 'n_time': 500, 'w_socio': 1.0, 'w_space': 1.0, 'w_time': 1.0}",5,51368.063682572436,19375.15796051365,70252.82475408263,25350.471909664666,18.72113238327953,6.84312962417366,2.0410897550412184,0.7598340582091506
SparseGP_RFF,"(1, 2, 12)","{'alpha': 0.001, 'gamma_socio': 0.1, 'gamma_space': 0.1, 'gamma_time': 0.05, 'n_socio': 300, 'n_space': 500, 'n_time': 500, 'w_socio': 1.0, 'w_space': 1.0, 'w_time': 1.0}",5,52223.04623279504,18853.774395121418,70982.29433079911,24516.390730199222,19.07667727596184,6.727514473560255,2.074944711164183,0.7392704765159326
SparseGP_RFF,"(1, 2, 12)","{'alpha': 0.001, 'gamma_socio': 0.1, 'gamma_space': 0.1, 'gamma_time': 0.05, 'n_socio': 300, 'n_space': 200, 'n_time': 500, 'w_socio': 1.0, 'w_space': 1.0, 'w_time': 1.0}",5,52615.62938122087,19055.2017626063,71448.93598761529,24677.345045583705,19.225058858512114,6.842769650860095,2.090663488767855,0.7475668906824657
SparseGP_RFF,"(1, 2, 12)","{'alpha': 0.01, 'gamma_socio': 0.1, 'gamma_space': 0.1, 'gamma_time': 0.05, 'n_socio': 300, 'n_space': 200, 'n_time': 500, 'w_socio': 1.0, 'w_space': 1.0, 'w_time': 1.0}",5,52708.0999663983,19377.5191011268,71670.74445103211,25113.589194387856,19.217938073752503,6.917136048720006,2.0943763161700764,0.7603650377594239
SparseGP_RFF,"(1, 2, 12)","{'alpha': 0.01, 'gamma_socio': 0.1, 'gamma_space': 0.1, 'gamma_time': 0.05, 'n_socio': 300, 'n_space': 500, 'n_time': 500, 'w_socio': 1.0, 'w_space': 1.0, 'w_time': 1.0}",5,52692.71493520209,19393.30718410229,71672.16927540928,25160.66442727094,19.21061275151248,6.904976734894354,2.093777807954625,0.7610321863544682
SparseGP_RFF,"(1, 2, 12)","{'alpha': 0.001, 'gamma_socio': 0.1, 'gamma_space': 0.05, 'gamma_time': 0.05, 'n_socio': 300, 'n_space': 500, 'n_time': 500, 'w_socio': 1.0, 'w_space': 1.0, 'w_time': 1.0}",5,53026.96416377193,19391.48738195978,72029.20297143584,25127.77485266356,19.331205954845284,6.9042835996632315,2.107165856760358,0.7613722226392231
SparseGP_RFF,"(1, 2, 12)","{'alpha': 0.001, 'gamma_socio': 0.1, 'gamma_space': 0.05, 'gamma_time': 0.05, 'n_socio': 300, 'n_space': 200, 'n_time': 500, 'w_socio': 1.0, 'w_space': 1.0, 'w_time': 1.0}",5,53047.34530788683,19388.99051579934,72034.47909012447,25129.611677845474,19.33980693903653,6.913666324191297,2.1079149590760795,0.7611135851961404
SparseGP_RFF,"(1, 2, 12)","{'alpha': 0.01, 'gamma_socio': 0.1, 'gamma_space': 0.05, 'gamma_time': 0.05, 'n_socio': 300, 'n_space': 200, 'n_time': 500, 'w_socio': 1.0, 'w_space': 1.0, 'w_time': 1.0}",5,53177.78299912084,19593.236356153706,72292.29438781203,25451.3225567381,19.341010537854114,6.950283751133825,2.113190810536241,0.7691394920997854
SparseGP_RFF,"(1, 2, 12)","{'alpha': 0.01, 'gamma_socio': 0.1, 'gamma_space': 0.05, 'gamma_time': 0.05, 'n_socio': 300, 'n_space': 500, 'n_time': 500, 'w_socio': 1.0, 'w_space': 1.0, 'w_time': 1.0}",5,53194.42739918013,19605.055595866368,72293.36149290329,25442.09535587751,19.3446020102159,6.946907604479835,2.1138525185823895,0.7696495332285916
SparseGP_RFF,"(1, 12)","{'alpha': 0.1, 'gamma_socio': 0.1, 'gamma_space': 0.1, 'gamma_time': 0.1, 'n_socio': 300, 'n_space': 500, 'n_time': 500, 'w_socio': 1.0, 'w_space': 1.0, 'w_time': 1.0}",5,57882.035512644135,19973.781084060447,76665.3853784758,26831.479363701357,20.82074089893006,6.265974144477505,2.3056315526489586,0.8002271680847529
SparseGP_RFF,"(1, 12)","{'alpha': 0.1, 'gamma_socio': 0.1, 'gamma_space': 0.1, 'gamma_time': 0.1, 'n_socio': 300, 'n_space': 200, 'n_time': 500, 'w_socio': 1.0, 'w_space': 1.0, 'w_time': 1.0}",5,57967.607473870936,20055.236889514388,76773.664101653,26903.121850093015,20.84412554161552,6.290512441350085,2.3090729662868243,0.8036153979069447
SparseGP_RFF,"(1, 12)","{'alpha': 0.001, 'gamma_socio': 0.1, 'gamma_space': 0.1, 'gamma_time': 0.1, 'n_socio': 300, 'n_space': 500, 'n_time': 500, 'w_socio': 1.0, 'w_space': 1.0, 'w_time': 1.0}",5,58133.74631377701,20268.71493877024,77658.69754654902,28158.34852280376,20.87684159937287,6.350661955561308,2.3134820063064097,0.8032318897875015
SparseGP_RFF,"(1, 12)","{'alpha': 0.1, 'gamma_socio': 0.1, 'gamma_space': 0.05, 'gamma_time': 0.1, 'n_socio': 300, 'n_space': 500, 'n_time': 500, 'w_socio': 1.0, 'w_space': 1.0, 'w_time': 1.0}",5,59014.54133282522,20544.63385257033,77965.39690287576,27435.085047438886,21.121927674791827,6.370572471772935,2.351357488612828,0.8249490695330223
SparseGP_RFF,"(1, 12)","{'alpha': 0.001, 'gamma_socio': 0.1, 'gamma_space': 0.1, 'gamma_time': 0.1, 'n_socio': 300, 'n_space': 200, 'n_time': 500, 'w_socio': 1.0, 'w_space': 1.0, 'w_time': 1.0}",5,58464.173930470344,20317.99035185282,78078.36735640021,28041.54064770334,20.98005710121073,6.401552620872378,2.3268050691846183,0.8063588567624861
SparseGP_RFF,"(1, 12)","{'alpha': 0.1, 'gamma_socio': 0.1, 'gamma_space': 0.05, 'gamma_time': 0.1, 'n_socio': 300, 'n_space': 200, 'n_time': 500, 'w_socio': 1.0, 'w_space': 1.0, 'w_time': 1.0}",5,59161.070764075426,20680.066518883246,78120.5609906929,27554.836831486482,21.156886881450088,6.392502000859971,2.3572346575246885,0.8304056724537785
SparseGP_RFF,"(1, 12)","{'alpha': 0.01, 'gamma_socio': 0.1, 'gamma_space': 0.1, 'gamma_time': 0.1, 'n_socio': 300, 'n_space': 200, 'n_time': 500, 'w_socio': 1.0, 'w_space': 1.0, 'w_time': 1.0}",5,59438.49291255436,20791.748701417684,79179.88413865535,28498.56714969415,21.242841242538827,6.499088166121502,2.365921813630384,0.8263675293471356
SparseGP_RFF,"(1, 12)","{'alpha': 0.01, 'gamma_socio': 0.1, 'gamma_space': 0.1, 'gamma_time': 0.1, 'n_socio': 300, 'n_space': 500, 'n_time': 500, 'w_socio': 1.0, 'w_space': 1.0, 'w_time': 1.0}",5,59473.27267042872,20862.384002611125,79221.20843889024,28620.786239768197,21.244112710996173,6.492333124704349,2.367263650764426,0.8289603815937432
SparseGP_RFF,"(1, 12)","{'alpha': 0.001, 'gamma_socio': 0.1, 'gamma_space': 0.05, 'gamma_time': 0.1, 'n_socio': 300, 'n_space': 200, 'n_time': 500, 'w_socio': 1.0, 'w_space': 1.0, 'w_time': 1.0}",5,59677.89036698352,20978.29968735139,79514.01928622914,28835.445615894812,21.301413805848654,6.531115246120095,2.3753207881286484,0.8331875943328529
SparseGP_RFF,"(1, 12)","{'alpha': 0.001, 'gamma_socio': 0.1, 'gamma_space': 0.05, 'gamma_time': 0.1, 'n_socio': 300, 'n_space': 500, 'n_time': 500, 'w_socio': 1.0, 'w_space': 1.0, 'w_time': 1.0}",5,59807.04337635904,21087.12785096263,79665.79938122118,28960.627852956353,21.335962386218057,6.549454290550168,2.380407960296742,0.8373518318811304
SparseGP_RFF,"(1, 12)","{'alpha': 0.1, 'gamma_socio': 0.1, 'gamma_space': 0.1, 'gamma_time': 0.05, 'n_socio': 300, 'n_space': 500, 'n_time': 500, 'w_socio': 1.0, 'w_space': 1.0, 'w_time': 1.0}",5,61716.16899674087,25606.284860422926,79781.32612544898,31866.247843499747,21.67249574153177,8.170171002426246,2.4650331381865143,1.023602748943729
SparseGP_RFF,"(1, 12)","{'alpha': 0.1, 'gamma_socio': 0.1, 'gamma_space': 0.1, 'gamma_time': 0.05, 'n_socio': 300, 'n_space': 200, 'n_time': 500, 'w_socio': 1.0, 'w_space': 1.0, 'w_time': 1.0}",5,61741.634351714805,25625.96513586972,79805.72948589799,31878.51313987734,21.68111568087155,8.178224005949694,2.466053248327816,1.0243881659646992
SparseGP_RFF,"(1, 12)","{'alpha': 0.01, 'gamma_socio': 0.1, 'gamma_space': 0.05, 'gamma_time': 0.1, 'n_socio': 300, 'n_space': 200, 'n_time': 500, 'w_socio': 1.0, 'w_space': 1.0, 'w_time': 1.0}",5,60368.92278902363,21247.05534030071,80274.15719487652,29023.09413695542,21.478391826717633,6.560977363670354,2.403536054299541,0.8461303467292848
SparseGP_RFF,"(1, 12)","{'alpha': 0.01, 'gamma_socio': 0.1, 'gamma_space': 0.05, 'gamma_time': 0.1, 'n_socio': 300, 'n_space': 500, 'n_time': 500, 'w_socio': 1.0, 'w_space': 1.0, 'w_time': 1.0}",5,60504.09309591537,21332.94482479953,80405.23976734708,29090.26493648707,21.52043529981062,6.5840211700963795,2.4088720668393617,0.8494576437964062
SparseGP_RFF,"(1, 12)","{'alpha': 0.1, 'gamma_socio': 0.1, 'gamma_space': 0.05, 'gamma_time': 0.05, 'n_socio': 300, 'n_space': 500, 'n_time': 500, 'w_socio': 1.0, 'w_space': 1.0, 'w_time': 1.0}",5,62578.82273242655,26229.75244650978,80715.55850006631,32440.143132325793,21.912793629918298,8.330620306872902,2.499427354027635,1.0476539880405333
SparseGP_RFF,"(1, 12)","{'alpha': 0.1, 'gamma_socio': 0.1, 'gamma_space': 0.05, 'gamma_time': 0.05, 'n_socio': 300, 'n_space': 200, 'n_time': 500, 'w_socio': 1.0, 'w_space': 1.0, 'w_time': 1.0}",5,62672.936763119964,26300.394697075943,80811.31522210847,32506.997239613,21.939396561140242,8.3410204670779,2.5031807733139892,1.0504244669482532
SparseGP_RFF,"(1, 12, 24)","{'alpha': 0.1, 'gamma_socio': 0.1, 'gamma_space': 0.1, 'gamma_time': 0.05, 'n_socio': 300, 'n_space': 500, 'n_time': 500, 'w_socio': 1.0, 'w_space': 1.0, 'w_time': 1.0}",5,62494.80755203318,31964.819643992934,84708.9967478188,43242.6481632012,21.51632815602769,9.701504716421722,2.3211387573555884,1.1934533956274114
SparseGP_RFF,"(1, 12, 24)","{'alpha': 0.1, 'gamma_socio': 0.1, 'gamma_space': 0.1, 'gamma_time': 0.05, 'n_socio': 300, 'n_space': 200, 'n_time': 500, 'w_socio': 1.0, 'w_space': 1.0, 'w_time': 1.0}",5,62681.11739829765,32106.676976999883,84963.23683668907,43411.176432114786,21.562810024447533,9.735314942615128,2.3281233023953147,1.1985913843401093
SparseGP_RFF,"(1, 12)","{'alpha': 0.01, 'gamma_socio': 0.1, 'gamma_space': 0.1, 'gamma_time': 0.05, 'n_socio': 300, 'n_space': 500, 'n_time': 500, 'w_socio': 1.0, 'w_space': 1.0, 'w_time': 1.0}",5,66310.5685386525,34650.67943803952,84985.21972118622,40431.30865640905,22.723971285710032,10.59030838631324,2.6369880111552844,1.3503792260662035
SparseGP_RFF,"(1, 12)","{'alpha': 0.01, 'gamma_socio': 0.1, 'gamma_space': 0.1, 'gamma_time': 0.05, 'n_socio': 300, 'n_space': 200, 'n_time': 500, 'w_socio': 1.0, 'w_space': 1.0, 'w_time': 1.0}",5,66301.93287862057,34655.62811196733,84985.48100172266,40450.11982140432,22.72578519704711,10.596799321873982,2.6366078622487286,1.350541386011254
SparseGP_RFF,"(1, 12)","{'alpha': 0.01, 'gamma_socio': 0.1, 'gamma_space': 0.05, 'gamma_time': 0.05, 'n_socio': 300, 'n_space': 200, 'n_time': 500, 'w_socio': 1.0, 'w_space': 1.0, 'w_time': 1.0}",5,66756.23505676984,35082.742316410724,85453.94323112961,40828.84758605903,22.83766400520776,10.681662879671586,2.6547238957619803,1.3671986406852545
SparseGP_RFF,"(1, 12)","{'alpha': 0.001, 'gamma_socio': 0.1, 'gamma_space': 0.1, 'gamma_time': 0.05, 'n_socio': 300, 'n_space': 500, 'n_time': 500, 'w_socio': 1.0, 'w_space': 1.0, 'w_time': 1.0}",5,66624.2572826494,37242.38431558761,85524.49150888444,43030.31391577721,22.735363794994583,11.19429461013591,2.6456662785827305,1.4473431266698296
SparseGP_RFF,"(1, 12)","{'alpha': 0.01, 'gamma_socio': 0.1, 'gamma_space': 0.05, 'gamma_time': 0.05, 'n_socio': 300, 'n_space': 500, 'n_time': 500, 'w_socio': 1.0, 'w_space': 1.0, 'w_time': 1.0}",5,66869.47600439191,35181.144342541025,85574.1941428718,40943.53011117588,22.868812055431512,10.702328482784711,2.659113198454539,1.3707996835605294
SparseGP_RFF,"(1, 12)","{'alpha': 0.001, 'gamma_socio': 0.1, 'gamma_space': 0.1, 'gamma_time': 0.05, 'n_socio': 300, 'n_space': 200, 'n_time': 500, 'w_socio': 1.0, 'w_space': 1.0, 'w_time': 1.0}",5,66913.55300376323,37216.72201068436,85870.9867467845,43109.22009069042,22.820186488013714,11.168614288219201,2.6572788292613976,1.446519605493051
SparseGP_RFF,"(1, 12, 24)","{'alpha': 0.1, 'gamma_socio': 0.1, 'gamma_space': 0.05, 'gamma_time': 0.05, 'n_socio': 300, 'n_space': 500, 'n_time': 500, 'w_socio': 1.0, 'w_space': 1.0, 'w_time': 1.0}",5,63557.098901104124,32707.59159485839,86021.61102795215,44167.7906436227,21.789374769697815,9.829432510821695,2.361416340951455,1.2230927880686657
SparseGP_RFF,"(1, 12)","{'alpha': 0.001, 'gamma_socio': 0.1, 'gamma_space': 0.05, 'gamma_time': 0.05, 'n_socio': 300, 'n_space': 200, 'n_time': 500, 'w_socio': 1.0, 'w_space': 1.0, 'w_time': 1.0}",5,67377.82477855311,37743.336708978786,86340.18665941522,43634.69409642675,22.93999955999222,11.264267354841456,2.675630150465742,1.4667903379249823
SparseGP_RFF,"(1, 12, 24)","{'alpha': 0.1, 'gamma_socio': 0.1, 'gamma_space': 0.05, 'gamma_time': 0.05, 'n_socio': 300, 'n_space': 200, 'n_time': 500, 'w_socio': 1.0, 'w_space': 1.0, 'w_time': 1.0}",5,63822.75977412912,32872.40305824784,86348.44874690128,44379.49406040617,21.855919818764203,9.853236549455385,2.371600800893968,1.2300109314374006
SparseGP_RFF,"(1, 12)","{'alpha': 0.001, 'gamma_socio': 0.1, 'gamma_space': 0.05, 'gamma_time': 0.05, 'n_socio': 300, 'n_space': 500, 'n_time': 500, 'w_socio': 1.0, 'w_space': 1.0, 'w_time': 1.0}",5,67486.83104576338,37802.41323121274,86450.65647992068,43673.51932638035,22.96951677740308,11.276817199689997,2.6798777070729147,1.4689385925345078
SparseGP_RFF,"(1, 12, 24)","{'alpha': 0.001, 'gamma_socio': 0.1, 'gamma_space': 0.1, 'gamma_time': 0.05, 'n_socio': 300, 'n_space': 500, 'n_time': 500, 'w_socio': 1.0, 'w_space': 1.0, 'w_time': 1.0}",5,66347.24684100809,35670.746739025606,89700.39403500561,46975.72424691777,22.53635329952415,10.598602724694702,2.453345073030694,1.300570379819252
SparseGP_RFF,"(1, 12, 24)","{'alpha': 0.001, 'gamma_socio': 0.1, 'gamma_space': 0.1, 'gamma_time': 0.05, 'n_socio': 300, 'n_space': 200, 'n_time': 500, 'w_socio': 1.0, 'w_space': 1.0, 'w_time': 1.0}",5,66759.22798559527,35931.4334749909,90409.61071581047,47349.63439715471,22.639144342277465,10.666636929690696,2.4680686275080665,1.3087274523457448
SparseGP_RFF,"(1, 12, 24)","{'alpha': 0.01, 'gamma_socio': 0.1, 'gamma_space': 0.1, 'gamma_time': 0.05, 'n_socio': 300, 'n_space': 500, 'n_time': 500, 'w_socio': 1.0, 'w_space': 1.0, 'w_time': 1.0}",5,66801.55274285971,35977.1858698313,90508.98398654719,47648.61569829122,22.619979402339702,10.634289370232423,2.4717188860544637,1.3182356025838118
SparseGP_RFF,"(1, 12, 24)","{'alpha': 0.01, 'gamma_socio': 0.1, 'gamma_space': 0.1, 'gamma_time': 0.05, 'n_socio': 300, 'n_space': 200, 'n_time': 500, 'w_socio': 1.0, 'w_space': 1.0, 'w_time': 1.0}",5,66827.69167542567,36003.53990742595,90557.90054747804,47655.54258754588,22.62812616978926,10.65793952339351,2.4724263216844893,1.3182652781301627
SparseGP_RFF,"(1, 12, 24)","{'alpha': 0.001, 'gamma_socio': 0.1, 'gamma_space': 0.05, 'gamma_time': 0.05, 'n_socio': 300, 'n_space': 500, 'n_time': 500, 'w_socio': 1.0, 'w_space': 1.0, 'w_time': 1.0}",5,67471.44228720132,36442.569607780984,91335.9807400253,48126.400925904934,22.798349941811978,10.725284599605311,2.495683888945732,1.3325485713043972
SparseGP_RFF,"(1, 12, 24)","{'alpha': 0.001, 'gamma_socio': 0.1, 'gamma_space': 0.05, 'gamma_time': 0.05, 'n_socio': 300, 'n_space': 200, 'n_time': 500, 'w_socio': 1.0, 'w_space': 1.0, 'w_time': 1.0}",5,67547.04611918723,36577.2817385808,91433.44900761763,48277.726844562196,22.814365470754275,10.767067028666032,2.498128382408783,1.336348985155194
SparseGP_RFF,"(1, 12, 24)","{'alpha': 0.01, 'gamma_socio': 0.1, 'gamma_space': 0.05, 'gamma_time': 0.05, 'n_socio': 300, 'n_space': 500, 'n_time': 500, 'w_socio': 1.0, 'w_space': 1.0, 'w_time': 1.0}",5,67549.7384064483,36614.08614972737,91496.0129669529,48474.90349702565,22.794159208091166,10.742646045731554,2.5001814806576994,1.3448827833739798
SparseGP_RFF,"(1, 12, 24)","{'alpha': 0.01, 'gamma_socio': 0.1, 'gamma_space': 0.05, 'gamma_time': 0.05, 'n_socio': 300, 'n_space': 200, 'n_time': 500, 'w_socio': 1.0, 'w_space': 1.0, 'w_time': 1.0}",5,67664.91091875793,36718.34588294567,91631.57442009434,48582.75541818018,22.82524909373432,10.767683032043443,2.504208673939149,1.347824193753246
