model_type,lag_set,params,folds,MAE_mean,MAE_std,RMSE_mean,RMSE_std,sMAPE_mean,sMAPE_std,MASE_mean,MASE_std
SGD_EPS_INSENSITIVE_BLOCKWISE_RFF,"(1, 2, 3, 12)","{'spatial_gamma': 0.05, 'spatial_n_components': 150, 'temporal_gammas': (0.05, 0.1), 'temporal_n_components': 150, 'alpha': 1e-06, 'epsilon': 0.1}",5,19671.6457532963,10152.969265643767,28405.343129536464,10025.22135044133,8.421624634622473,6.095081811312287,0.7767787515530271,0.3912878680468011
SGD_EPS_INSENSITIVE_BLOCKWISE_RFF,"(1, 12, 24)","{'spatial_gamma': 0.01, 'spatial_n_components': 150, 'temporal_gammas': (0.05, 0.1), 'temporal_n_components': 150, 'alpha': 0.0001, 'epsilon': 0.1}",5,19355.769564598166,11367.205231232922,29019.15015010105,10210.739488659206,7.863020785363548,5.975962873560845,0.7282630915809291,0.4552600549697925
SGD_EPS_INSENSITIVE_BLOCKWISE_RFF,"(1, 2, 12, 24)","{'spatial_gamma': 0.05, 'spatial_n_components': 150, 'temporal_gammas': (0.05, 0.1), 'temporal_n_components': 150, 'alpha': 1e-06, 'epsilon': 0.1}",5,21539.47290768123,13744.38349645961,29367.14070832801,13489.71593920441,9.041838033420813,7.423875063259715,0.8113612182687902,0.5488859740425481
SGD_EPS_INSENSITIVE_BLOCKWISE_RFF,"(1, 2, 3, 12, 24)","{'spatial_gamma': 0.05, 'spatial_n_components': 150, 'temporal_gammas': (0.05, 0.1), 'temporal_n_components': 150, 'alpha': 1e-05, 'epsilon': 0.1}",5,22060.223417695168,13687.69136152746,29487.752413268474,13085.879314111697,10.010021354886915,8.703691210391966,0.8326748333007338,0.5482560477032
SGD_EPS_INSENSITIVE_BLOCKWISE_RFF,"(1, 2, 12, 24)","{'spatial_gamma': 0.05, 'spatial_n_components': 150, 'temporal_gammas': (0.05, 0.1), 'temporal_n_components': 150, 'alpha': 0.0001, 'epsilon': 0.1}",5,21252.370387727187,12285.06263937007,29603.45327662552,11977.23330515196,9.104202069902959,6.989921939207262,0.7994547107123973,0.49205104767604957
SGD_EPS_INSENSITIVE_BLOCKWISE_RFF,"(1, 2, 3, 12, 24)","{'spatial_gamma': 0.05, 'spatial_n_components': 150, 'temporal_gammas': (0.05, 0.1), 'temporal_n_components': 150, 'alpha': 0.0001, 'epsilon': 0.1}",5,22351.10523425931,14228.544256354297,29706.059577125776,13462.142122280735,9.461440584219515,7.810460946441154,0.8442945772070336,0.5697215292726446
SGD_EPS_INSENSITIVE_BLOCKWISE_RFF,"(1, 2, 12, 24)","{'spatial_gamma': 0.05, 'spatial_n_components': 300, 'temporal_gammas': (0.05, 0.1), 'temporal_n_components': 150, 'alpha': 1e-06, 'epsilon': 0.1}",5,22061.59335839717,12230.161325057088,29795.75285238477,12393.565367207279,9.393278787383124,6.6157569849998366,0.832270845585105,0.49321576964106917
SGD_EPS_INSENSITIVE_BLOCKWISE_RFF,"(1, 2, 3, 4, 5, 6, 12)","{'spatial_gamma': 0.01, 'spatial_n_components': 150, 'temporal_gammas': (0.05, 0.1), 'temporal_n_components': 150, 'alpha': 0.0001, 'epsilon': 0.1}",5,22931.62173976761,13167.792409378073,29850.090150432883,13456.586191327404,9.7164408045624,7.164725937693636,0.9087333600336975,0.5112991091139886
SGD_EPS_INSENSITIVE_BLOCKWISE_RFF,"(1, 2, 3, 12, 24)","{'spatial_gamma': 0.05, 'spatial_n_components': 150, 'temporal_gammas': (0.05, 0.1, 0.2), 'temporal_n_components': 150, 'alpha': 1e-05, 'epsilon': 0.1}",5,22314.069980716966,11980.57411692014,30333.78712146503,11897.79149667448,9.905971978161912,7.8085786852575705,0.8403667866496847,0.4828811475038582
SGD_EPS_INSENSITIVE_BLOCKWISE_RFF,"(1, 12, 24)","{'spatial_gamma': 0.01, 'spatial_n_components': 150, 'temporal_gammas': (0.05, 0.1), 'temporal_n_components': 150, 'alpha': 1e-05, 'epsilon': 0.1}",5,20612.012307068908,10862.807674357293,30571.804265562376,9416.58084700111,8.686298545224206,6.445483934771441,0.7771367664820402,0.4386911772750062
SGD_EPS_INSENSITIVE_BLOCKWISE_RFF,"(1, 2, 3, 4, 5, 6, 12)","{'spatial_gamma': 0.05, 'spatial_n_components': 300, 'temporal_gammas': (0.05, 0.1), 'temporal_n_components': 150, 'alpha': 0.0001, 'epsilon': 0.1}",5,22999.964845776274,12331.968820970082,30735.433167366973,11798.572910399715,9.530308250117312,6.517218223499672,0.9072829793009245,0.47472860418814417
SGD_EPS_INSENSITIVE_BLOCKWISE_RFF,"(1, 12, 24)","{'spatial_gamma': 0.01, 'spatial_n_components': 300, 'temporal_gammas': (0.05, 0.1), 'temporal_n_components': 150, 'alpha': 0.0001, 'epsilon': 0.1}",5,20494.515893560954,12583.113441881536,30747.916053341945,11387.944209494257,8.204187420417776,6.310882794943023,0.7760488463493475,0.5061674886794182
SGD_EPS_INSENSITIVE_BLOCKWISE_RFF,"(1, 2, 12)","{'spatial_gamma': 0.05, 'spatial_n_components': 150, 'temporal_gammas': (0.05, 0.1), 'temporal_n_components': 150, 'alpha': 1e-06, 'epsilon': 0.1}",5,20159.174204607803,10285.860109711457,30804.95909705158,9248.10435913307,8.527195103327278,6.2677837362290685,0.7986315274999743,0.3991143277384076
SGD_EPS_INSENSITIVE_BLOCKWISE_RFF,"(1, 12, 24)","{'spatial_gamma': 0.01, 'spatial_n_components': 150, 'temporal_gammas': (0.05, 0.1, 0.2), 'temporal_n_components': 150, 'alpha': 1e-05, 'epsilon': 0.1}",5,20406.570810871846,7796.444315858026,30836.116559432237,7491.966104357956,8.175888054147821,4.87607477745876,0.7666330072877385,0.3225608666184752
SGD_EPS_INSENSITIVE_BLOCKWISE_RFF,"(1, 2, 3, 4, 5, 6, 12)","{'spatial_gamma': 0.01, 'spatial_n_components': 300, 'temporal_gammas': (0.05, 0.1, 0.2), 'temporal_n_components': 150, 'alpha': 1e-05, 'epsilon': 0.1}",5,23326.779551986798,12083.019929252217,30851.05306004597,13699.595553083871,10.900518770137117,8.432047036399576,0.9238392043919494,0.4681590478199176
SGD_EPS_INSENSITIVE_BLOCKWISE_RFF,"(1, 12, 24)","{'spatial_gamma': 0.01, 'spatial_n_components': 300, 'temporal_gammas': (0.05, 0.1), 'temporal_n_components': 150, 'alpha': 1e-05, 'epsilon': 0.1}",5,21348.913757058897,8955.748706485718,30851.826359060484,9050.985739179514,9.413267519069977,5.320448361776004,0.8007664082791999,0.3647059047083464
SGD_EPS_INSENSITIVE_BLOCKWISE_RFF,"(1, 2, 12, 24)","{'spatial_gamma': 0.05, 'spatial_n_components': 150, 'temporal_gammas': (0.05, 0.1), 'temporal_n_components': 150, 'alpha': 1e-05, 'epsilon': 0.1}",5,22244.578322310033,12431.033459243103,30861.396953303665,11475.849415006966,9.890503426114288,7.799848055221809,0.8392623363093772,0.5010642677783599
SGD_EPS_INSENSITIVE_BLOCKWISE_RFF,"(1, 2, 3, 12)","{'spatial_gamma': 0.05, 'spatial_n_components': 150, 'temporal_gammas': (0.05, 0.1), 'temporal_n_components': 150, 'alpha': 1e-06, 'epsilon': 0.01}",5,21423.77170804787,10685.030518180716,30877.082896389416,10524.937635996188,9.230299754301727,6.886217867407716,0.8498741531226847,0.4157584820087736
SGD_EPS_INSENSITIVE_BLOCKWISE_RFF,"(1, 2, 3, 12)","{'spatial_gamma': 0.05, 'spatial_n_components': 150, 'temporal_gammas': (0.05, 0.1), 'temporal_n_components': 150, 'alpha': 1e-05, 'epsilon': 0.1}",5,21482.466389454843,13129.119599396132,30909.985885666647,12771.467347388985,8.399236910142438,6.080619291604372,0.8480229516765692,0.5073350658475868
SGD_EPS_INSENSITIVE_BLOCKWISE_RFF,"(1, 2, 3, 12, 24)","{'spatial_gamma': 0.05, 'spatial_n_components': 150, 'temporal_gammas': (0.05, 0.1, 0.2), 'temporal_n_components': 150, 'alpha': 0.0001, 'epsilon': 0.1}",5,23074.580086680893,13400.24437094684,30925.34500785778,12913.000397850275,9.901500935770022,7.882926696933677,0.8707059461001274,0.5389964607522207
SGD_EPS_INSENSITIVE_BLOCKWISE_RFF,"(1, 2, 3, 4, 5, 6, 12, 24)","{'spatial_gamma': 0.05, 'spatial_n_components': 150, 'temporal_gammas': (0.05, 0.1), 'temporal_n_components': 150, 'alpha': 1e-06, 'epsilon': 0.1}",5,23029.587083428756,13679.073905739458,30936.42131451032,13589.356713570985,10.028452493304874,8.132004893821179,0.872057409334085,0.5516673040537713
SGD_EPS_INSENSITIVE_BLOCKWISE_RFF,"(1, 2, 3, 12)","{'spatial_gamma': 0.01, 'spatial_n_components': 150, 'temporal_gammas': (0.05, 0.1), 'temporal_n_components': 150, 'alpha': 1e-05, 'epsilon': 0.1}",5,20407.887011749863,9915.462675581366,30959.508829074184,11101.998398864058,8.555852173601538,6.480471209297181,0.8068826678644762,0.3831686518207949
SGD_EPS_INSENSITIVE_BLOCKWISE_RFF,"(1, 2, 12)","{'spatial_gamma': 0.05, 'spatial_n_components': 150, 'temporal_gammas': (0.05, 0.1), 'temporal_n_components': 150, 'alpha': 0.0001, 'epsilon': 0.1}",5,20042.285535788098,9920.774187295843,30964.995829224383,8602.558508277825,8.102102894019515,5.453184320924609,0.7923430759494119,0.3827453153617911
SGD_EPS_INSENSITIVE_BLOCKWISE_RFF,"(1, 2, 3, 4, 5, 6, 12)","{'spatial_gamma': 0.01, 'spatial_n_components': 300, 'temporal_gammas': (0.05, 0.1), 'temporal_n_components': 150, 'alpha': 1e-06, 'epsilon': 0.1}",5,22324.425876253594,10979.826968414387,31060.58004807351,12042.207837840979,9.487277854205852,6.392272022547802,0.8827130193298872,0.42412708579032954
SGD_EPS_INSENSITIVE_BLOCKWISE_RFF,"(1, 2, 3, 12)","{'spatial_gamma': 0.05, 'spatial_n_components': 300, 'temporal_gammas': (0.05, 0.1), 'temporal_n_components': 150, 'alpha': 1e-05, 'epsilon': 0.1}",5,21825.17957732117,10738.502563157392,31171.354279081017,10230.687032440936,9.227280395129071,6.171274405166307,0.8650473885604102,0.41761492446509774
SGD_EPS_INSENSITIVE_BLOCKWISE_RFF,"(1, 2, 3, 4, 5, 6, 12)","{'spatial_gamma': 0.05, 'spatial_n_components': 150, 'temporal_gammas': (0.05, 0.1), 'temporal_n_components': 150, 'alpha': 1e-05, 'epsilon': 0.1}",5,23145.001048837905,12894.965894267454,31194.220252368534,13160.92496906353,9.619839480596324,6.811266669366207,0.9119917398021278,0.49590580251256994
SGD_EPS_INSENSITIVE_BLOCKWISE_RFF,"(1, 2, 3, 4, 5, 6, 12, 24)","{'spatial_gamma': 0.01, 'spatial_n_components': 150, 'temporal_gammas': (0.05, 0.1), 'temporal_n_components': 150, 'alpha': 1e-05, 'epsilon': 0.1}",5,23317.122072451013,13460.846531382307,31202.94046534923,14178.7951266564,11.21008625398515,10.220500360587996,0.8841679270574524,0.5445647594945308
SGD_EPS_INSENSITIVE_BLOCKWISE_RFF,"(1, 2, 3, 12, 24)","{'spatial_gamma': 0.05, 'spatial_n_components': 150, 'temporal_gammas': (0.05, 0.1), 'temporal_n_components': 150, 'alpha': 1e-06, 'epsilon': 0.1}",5,23171.001684481675,12800.677362760525,31228.524806629033,12310.9515470306,10.696168941057795,8.915952564549093,0.8717905401484204,0.5146144033158259
SGD_EPS_INSENSITIVE_BLOCKWISE_RFF,"(1, 2, 3, 4, 5, 6, 12)","{'spatial_gamma': 0.05, 'spatial_n_components': 150, 'temporal_gammas': (0.05, 0.1), 'temporal_n_components': 150, 'alpha': 0.0001, 'epsilon': 0.1}",5,23899.4539239551,12170.540661830983,31252.103220149518,12130.397002200718,10.476667606390686,7.197130773483035,0.9472565489365252,0.4730586783906812
SGD_EPS_INSENSITIVE_BLOCKWISE_RFF,"(1, 2, 3, 12, 24)","{'spatial_gamma': 0.01, 'spatial_n_components': 150, 'temporal_gammas': (0.05, 0.1), 'temporal_n_components': 150, 'alpha': 1e-05, 'epsilon': 0.1}",5,22872.22944398833,11845.986920074822,31279.899974124048,11575.168847093704,9.738033101852427,7.019537739774971,0.8623698730025804,0.479726081481367
SGD_EPS_INSENSITIVE_BLOCKWISE_RFF,"(1, 2, 3, 12, 24)","{'spatial_gamma': 0.01, 'spatial_n_components': 150, 'temporal_gammas': (0.05, 0.1), 'temporal_n_components': 150, 'alpha': 1e-06, 'epsilon': 0.01}",5,22978.30195452997,13455.98406063374,31285.30281571128,13965.274763300602,10.507000917036327,8.73494763252442,0.8739195887296788,0.5464698781408026
SGD_EPS_INSENSITIVE_BLOCKWISE_RFF,"(1, 2, 3, 4, 5, 6, 12, 24)","{'spatial_gamma': 0.05, 'spatial_n_components': 150, 'temporal_gammas': (0.05, 0.1), 'temporal_n_components': 150, 'alpha': 1e-05, 'epsilon': 0.1}",5,23700.275047796662,13333.949732143827,31330.97470497751,13293.359772327953,10.504445319417368,8.242820769597905,0.8947990748580228,0.5373535939657945
SGD_EPS_INSENSITIVE_BLOCKWISE_RFF,"(1, 2, 3, 12)","{'spatial_gamma': 0.01, 'spatial_n_components': 150, 'temporal_gammas': (0.05, 0.1), 'temporal_n_components': 150, 'alpha': 1e-06, 'epsilon': 0.1}",5,22238.422986710586,12337.802815795132,31331.984427625277,11350.98116473979,9.520831433566624,7.107324453928586,0.8811656667384433,0.47917671521092076
SGD_EPS_INSENSITIVE_BLOCKWISE_RFF,"(1, 12, 24)","{'spatial_gamma': 0.05, 'spatial_n_components': 300, 'temporal_gammas': (0.05, 0.1), 'temporal_n_components': 150, 'alpha': 1e-06, 'epsilon': 0.1}",5,21339.691275597048,10734.57195998863,31377.506868388584,9830.579549398846,8.616812403784653,5.846353174589761,0.8040831376226141,0.43520631257734155
SGD_EPS_INSENSITIVE_BLOCKWISE_RFF,"(1, 2, 3, 12)","{'spatial_gamma': 0.05, 'spatial_n_components': 150, 'temporal_gammas': (0.05, 0.1), 'temporal_n_components': 150, 'alpha': 0.0001, 'epsilon': 0.1}",5,22608.618249389496,14404.956721642053,31400.8169930826,13888.795438132754,9.459684583484474,7.594785860246587,0.8933516712434401,0.5577647175082512
SGD_EPS_INSENSITIVE_BLOCKWISE_RFF,"(1, 2, 3, 4, 5, 6, 12)","{'spatial_gamma': 0.01, 'spatial_n_components': 150, 'temporal_gammas': (0.05, 0.1), 'temporal_n_components': 150, 'alpha': 1e-06, 'epsilon': 0.1}",5,24159.521427504103,11500.357844498682,31466.54316695078,11894.166216686815,11.433413207508782,8.264707553029217,0.9576566581172088,0.4463907799759801
SGD_EPS_INSENSITIVE_BLOCKWISE_RFF,"(1, 2, 12)","{'spatial_gamma': 0.05, 'spatial_n_components': 300, 'temporal_gammas': (0.05, 0.1), 'temporal_n_components': 150, 'alpha': 1e-05, 'epsilon': 0.1}",5,20412.891897902493,9106.138738479582,31530.575941175503,8863.411324332752,8.258642399285717,4.751957613180459,0.8082633352454888,0.3520537679714736
SGD_EPS_INSENSITIVE_BLOCKWISE_RFF,"(1, 2, 3, 12, 24)","{'spatial_gamma': 0.05, 'spatial_n_components': 300, 'temporal_gammas': (0.05, 0.1), 'temporal_n_components': 150, 'alpha': 1e-05, 'epsilon': 0.1}",5,23600.48398140034,14959.839511172302,31551.346134116564,14492.330462394371,10.621890420070372,8.777877200655734,0.893540670140162,0.6003517277296249
SGD_EPS_INSENSITIVE_BLOCKWISE_RFF,"(1, 2, 3, 4, 5, 6, 12)","{'spatial_gamma': 0.01, 'spatial_n_components': 300, 'temporal_gammas': (0.05, 0.1), 'temporal_n_components': 150, 'alpha': 0.0001, 'epsilon': 0.1}",5,23884.95582318693,13712.842027440463,31663.44458025885,14129.188683301245,10.828380720875336,8.617655251166882,0.9441835680417459,0.5302703455429828
SGD_EPS_INSENSITIVE_BLOCKWISE_RFF,"(1, 2, 3, 12)","{'spatial_gamma': 0.05, 'spatial_n_components': 300, 'temporal_gammas': (0.05, 0.1), 'temporal_n_components': 150, 'alpha': 0.0001, 'epsilon': 0.1}",5,22945.291609521315,10039.995834870448,31738.570892135285,9884.212656696534,10.072699517102711,6.288626051185493,0.9106205587476272,0.3920789294950734
SGD_EPS_INSENSITIVE_BLOCKWISE_RFF,"(1, 2, 3, 12)","{'spatial_gamma': 0.01, 'spatial_n_components': 150, 'temporal_gammas': (0.05, 0.1), 'temporal_n_components': 150, 'alpha': 1e-06, 'epsilon': 0.01}",5,21196.294212469813,10859.253273237566,31848.003797336285,9883.467792966328,8.570609410637369,6.051880362060657,0.8390652600546697,0.4202813437591614
SGD_EPS_INSENSITIVE_BLOCKWISE_RFF,"(1, 2, 3, 4, 5, 6, 12, 24)","{'spatial_gamma': 0.01, 'spatial_n_components': 300, 'temporal_gammas': (0.05, 0.1), 'temporal_n_components': 150, 'alpha': 0.0001, 'epsilon': 0.1}",5,24095.995732157113,13564.746156220039,31850.8668839599,13550.813440499207,11.05569753502837,8.74606697933064,0.9088060220886905,0.5465512937556034
SGD_EPS_INSENSITIVE_BLOCKWISE_RFF,"(1, 12, 24)","{'spatial_gamma': 0.05, 'spatial_n_components': 150, 'temporal_gammas': (0.05, 0.1, 0.2), 'temporal_n_components': 150, 'alpha': 0.0001, 'epsilon': 0.1}",5,21277.098146632794,9712.30616689456,31863.13882244716,8577.471843846364,8.661593015031361,5.672432849999993,0.8001052362632386,0.39572126993850304
SGD_EPS_INSENSITIVE_BLOCKWISE_RFF,"(1, 2, 12, 24)","{'spatial_gamma': 0.01, 'spatial_n_components': 150, 'temporal_gammas': (0.05, 0.1), 'temporal_n_components': 150, 'alpha': 1e-05, 'epsilon': 0.1}",5,22873.40054637663,11294.13071578791,31875.455521442298,10989.42401300867,9.15692040628605,6.285314277075866,0.8636507613621385,0.4601192805601231
SGD_EPS_INSENSITIVE_BLOCKWISE_RFF,"(1, 2, 3, 12)","{'spatial_gamma': 0.01, 'spatial_n_components': 300, 'temporal_gammas': (0.05, 0.1), 'temporal_n_components': 150, 'alpha': 1e-06, 'epsilon': 0.1}",5,21124.695192155392,10952.996630927273,31911.107175512523,9399.864614045911,9.192945233408537,6.962557460571437,0.8350294563933,0.4227821604194243
SGD_EPS_INSENSITIVE_BLOCKWISE_RFF,"(1, 2, 3, 4, 5, 6, 12)","{'spatial_gamma': 0.05, 'spatial_n_components': 300, 'temporal_gammas': (0.05, 0.1), 'temporal_n_components': 150, 'alpha': 1e-06, 'epsilon': 0.1}",5,24528.357247709948,13587.552278831732,31922.25861710462,13098.786514806847,10.60429372779033,7.310682631210264,0.9693463687075722,0.5254715077158317
SGD_EPS_INSENSITIVE_BLOCKWISE_RFF,"(1, 2, 3, 4, 5, 6, 12)","{'spatial_gamma': 0.01, 'spatial_n_components': 300, 'temporal_gammas': (0.05, 0.1), 'temporal_n_components': 150, 'alpha': 1e-05, 'epsilon': 0.1}",5,24247.940882899195,11985.47602096414,31929.872232728834,12041.48404413249,10.703564339118522,7.357961495250249,0.9576200034804909,0.46128247906838554
SGD_EPS_INSENSITIVE_BLOCKWISE_RFF,"(1, 2, 3, 12)","{'spatial_gamma': 0.01, 'spatial_n_components': 150, 'temporal_gammas': (0.05, 0.1, 0.2), 'temporal_n_components': 150, 'alpha': 1e-06, 'epsilon': 0.1}",5,21481.462030029717,10876.092987962833,31933.643759670686,10319.787231848155,8.95930317815642,6.303679923750685,0.8486243503927667,0.41940282928172407
SGD_EPS_INSENSITIVE_BLOCKWISE_RFF,"(1, 2, 3, 12)","{'spatial_gamma': 0.01, 'spatial_n_components': 300, 'temporal_gammas': (0.05, 0.1), 'temporal_n_components': 150, 'alpha': 1e-05, 'epsilon': 0.1}",5,22928.371248721047,11593.284366491142,31951.56231635381,11551.97631355656,10.15242863069686,7.529400073078686,0.9061397493142562,0.4468669153894239
SGD_EPS_INSENSITIVE_BLOCKWISE_RFF,"(1, 2, 3, 12, 24)","{'spatial_gamma': 0.01, 'spatial_n_components': 150, 'temporal_gammas': (0.05, 0.1), 'temporal_n_components': 150, 'alpha': 1e-06, 'epsilon': 0.1}",5,23451.320869247847,12401.272038226936,32007.900757430354,11181.413277259127,9.798830307968135,7.3323739762388,0.8785955318370876,0.4959154791853854
SGD_EPS_INSENSITIVE_BLOCKWISE_RFF,"(1, 2, 3, 4, 5, 6, 12)","{'spatial_gamma': 0.01, 'spatial_n_components': 150, 'temporal_gammas': (0.05, 0.1), 'temporal_n_components': 150, 'alpha': 1e-05, 'epsilon': 0.1}",5,23773.912668607092,12494.3136979683,32057.274662011576,13134.675206281307,10.685163168766575,8.184427561007823,0.9423098919722797,0.4861899540905867
SGD_EPS_INSENSITIVE_BLOCKWISE_RFF,"(1, 2, 12)","{'spatial_gamma': 0.05, 'spatial_n_components': 150, 'temporal_gammas': (0.05, 0.1), 'temporal_n_components': 150, 'alpha': 1e-05, 'epsilon': 0.1}",5,20927.802376797263,10799.131823381496,32061.037332655087,8963.139049342697,8.675148781831329,6.1158144146364,0.823796409944797,0.41409608125731767
SGD_EPS_INSENSITIVE_BLOCKWISE_RFF,"(1, 2, 3, 12)","{'spatial_gamma': 0.05, 'spatial_n_components': 150, 'temporal_gammas': (0.05, 0.1), 'temporal_n_components': 150, 'alpha': 1e-05, 'epsilon': 0.01}",5,22537.08578775783,10426.852043262936,32099.176998857118,9540.595411325427,9.534417348772722,6.501748496977842,0.8901228835933839,0.4008365577917825
SGD_EPS_INSENSITIVE_BLOCKWISE_RFF,"(1, 2, 3, 4, 5, 6, 12)","{'spatial_gamma': 0.05, 'spatial_n_components': 300, 'temporal_gammas': (0.05, 0.1), 'temporal_n_components': 150, 'alpha': 1e-05, 'epsilon': 0.1}",5,24098.321090077243,13514.478269582849,32136.479517955937,14275.130616047854,11.255245152381601,9.270644668032972,0.9521849049479615,0.5227501345188231
SGD_EPS_INSENSITIVE_BLOCKWISE_RFF,"(1, 2, 3, 4, 5, 6, 12)","{'spatial_gamma': 0.01, 'spatial_n_components': 150, 'temporal_gammas': (0.05, 0.1), 'temporal_n_components': 150, 'alpha': 1e-05, 'epsilon': 0.01}",5,23674.006115113494,11371.391540453524,32144.38981222918,11402.928539667304,10.089108245052495,7.257111611305225,0.9339642205706618,0.436872946189998
SGD_EPS_INSENSITIVE_BLOCKWISE_RFF,"(1, 12, 24)","{'spatial_gamma': 0.05, 'spatial_n_components': 150, 'temporal_gammas': (0.05, 0.1, 0.2), 'temporal_n_components': 150, 'alpha': 1e-06, 'epsilon': 0.1}",5,22604.13572820404,12582.841504111915,32233.511131680116,11311.531803541156,9.791285508492425,8.096575913349218,0.8527908466281724,0.5074104929956507
SGD_EPS_INSENSITIVE_BLOCKWISE_RFF,"(1, 2, 3, 4, 5, 6, 12, 24)","{'spatial_gamma': 0.01, 'spatial_n_components': 300, 'temporal_gammas': (0.05, 0.1), 'temporal_n_components': 150, 'alpha': 1e-05, 'epsilon': 0.1}",5,24691.14507598785,12509.375674699033,32234.09166774626,13268.929893817181,10.959782276754279,7.132778889772405,0.9270404156341672,0.5029294070381649
SGD_EPS_INSENSITIVE_BLOCKWISE_RFF,"(1, 2, 3, 12, 24)","{'spatial_gamma': 0.05, 'spatial_n_components': 300, 'temporal_gammas': (0.05, 0.1), 'temporal_n_components': 150, 'alpha': 1e-06, 'epsilon': 0.1}",5,24501.62669696169,12210.148138644683,32240.66787021794,12373.193545751046,11.06664715712006,7.786878178082988,0.9241067389581825,0.4963052627014295
SGD_EPS_INSENSITIVE_BLOCKWISE_RFF,"(1, 2, 3, 12, 24)","{'spatial_gamma': 0.01, 'spatial_n_components': 300, 'temporal_gammas': (0.05, 0.1), 'temporal_n_components': 150, 'alpha': 0.0001, 'epsilon': 0.1}",5,23071.496720326184,12121.365652581746,32254.48277710706,11682.482087548162,9.722692341697968,6.774817732878577,0.8702934104778626,0.4908354164371805
SGD_EPS_INSENSITIVE_BLOCKWISE_RFF,"(1, 2, 3, 4, 5, 6, 12, 24)","{'spatial_gamma': 0.01, 'spatial_n_components': 150, 'temporal_gammas': (0.05, 0.1), 'temporal_n_components': 150, 'alpha': 1e-06, 'epsilon': 0.1}",5,24379.56462864858,13107.320748679464,32305.875091748974,12935.77968983517,10.973901251257091,8.505905416851338,0.9183627972166841,0.528421145350439
SGD_EPS_INSENSITIVE_BLOCKWISE_RFF,"(1, 2, 3, 12)","{'spatial_gamma': 0.05, 'spatial_n_components': 150, 'temporal_gammas': (0.05, 0.1, 0.2), 'temporal_n_components': 150, 'alpha': 1e-05, 'epsilon': 0.1}",5,22329.0144961931,11755.950073236096,32335.19045320975,11520.426972599807,9.358773924272302,6.966129012526182,0.8844242446609097,0.4570439555123012
SGD_EPS_INSENSITIVE_BLOCKWISE_RFF,"(1, 2, 3, 4, 5, 6, 12)","{'spatial_gamma': 0.05, 'spatial_n_components': 150, 'temporal_gammas': (0.05, 0.1, 0.2), 'temporal_n_components': 150, 'alpha': 1e-06, 'epsilon': 0.1}",5,24372.244800210286,13033.679742258455,32347.668766149924,12699.188662452558,10.693792510735236,8.27737973190395,0.9619802142995146,0.5018821888920125
SGD_EPS_INSENSITIVE_BLOCKWISE_RFF,"(1, 2, 3, 4, 5, 6, 12, 24)","{'spatial_gamma': 0.05, 'spatial_n_components': 150, 'temporal_gammas': (0.05, 0.1, 0.2), 'temporal_n_components': 150, 'alpha': 1e-05, 'epsilon': 0.1}",5,24619.9067172646,11202.339404689827,32358.299918217934,11449.94371932851,10.332548619940859,6.60617937827815,0.9261775667435455,0.45670181019024386
SGD_EPS_INSENSITIVE_BLOCKWISE_RFF,"(1, 2, 3, 4, 5, 6, 12)","{'spatial_gamma': 0.05, 'spatial_n_components': 150, 'temporal_gammas': (0.05, 0.1, 0.2), 'temporal_n_components': 150, 'alpha': 0.0001, 'epsilon': 0.1}",5,24491.62805138425,12107.719141498937,32362.040838258203,12676.574252061104,10.795809894458284,7.816584919862883,0.9683535367858802,0.46704168535006907
SGD_EPS_INSENSITIVE_BLOCKWISE_RFF,"(1, 2, 3, 12)","{'spatial_gamma': 0.05, 'spatial_n_components': 150, 'temporal_gammas': (0.05, 0.1), 'temporal_n_components': 150, 'alpha': 0.0001, 'epsilon': 0.01}",5,21766.688856830304,10632.623695477343,32366.05611613654,9265.441315959006,8.852891338557342,6.168356482442655,0.8602705913449835,0.40962584592715473
SGD_EPS_INSENSITIVE_BLOCKWISE_RFF,"(1, 2, 12, 24)","{'spatial_gamma': 0.01, 'spatial_n_components': 300, 'temporal_gammas': (0.05, 0.1), 'temporal_n_components': 150, 'alpha': 1e-05, 'epsilon': 0.1}",5,23919.58193652603,13541.881778462806,32410.11076833662,12523.228244639735,10.417086299948128,7.774269316936389,0.8990614290470926,0.542087262032896
SGD_EPS_INSENSITIVE_BLOCKWISE_RFF,"(1, 2, 3, 4, 5, 6, 12, 24)","{'spatial_gamma': 0.05, 'spatial_n_components': 150, 'temporal_gammas': (0.05, 0.1, 0.2), 'temporal_n_components': 150, 'alpha': 0.0001, 'epsilon': 0.1}",5,24824.066013781074,14505.599894153083,32426.536906951213,14922.289884290354,12.3223990752897,10.786871099362994,0.9389363300336063,0.5850562013093767
SGD_EPS_INSENSITIVE_BLOCKWISE_RFF,"(1, 2, 3, 4, 5, 6, 12, 24)","{'spatial_gamma': 0.01, 'spatial_n_components': 150, 'temporal_gammas': (0.05, 0.1, 0.2), 'temporal_n_components': 150, 'alpha': 0.0001, 'epsilon': 0.1}",5,23907.327662448428,9959.900505173191,32464.342247186112,9467.675032355226,10.798446632750988,7.126215690075479,0.8965730241120848,0.4057957182935829
SGD_EPS_INSENSITIVE_BLOCKWISE_RFF,"(1, 12, 24)","{'spatial_gamma': 0.01, 'spatial_n_components': 150, 'temporal_gammas': (0.05, 0.1), 'temporal_n_components': 150, 'alpha': 1e-06, 'epsilon': 0.1}",5,21974.0219590064,11182.421988345795,32469.14079163653,10500.543900391836,8.611351092181003,5.434789600752697,0.8296356987807997,0.454364114352728
SGD_EPS_INSENSITIVE_BLOCKWISE_RFF,"(1, 12, 24)","{'spatial_gamma': 0.05, 'spatial_n_components': 300, 'temporal_gammas': (0.05, 0.1, 0.2), 'temporal_n_components': 150, 'alpha': 1e-05, 'epsilon': 0.1}",5,21568.916264797394,8274.603523742902,32551.29925304176,6968.114900304724,8.460509037008942,4.685394535753861,0.8067962954651634,0.3363415029308132
SGD_EPS_INSENSITIVE_BLOCKWISE_RFF,"(1, 2, 12)","{'spatial_gamma': 0.05, 'spatial_n_components': 300, 'temporal_gammas': (0.05, 0.1, 0.2), 'temporal_n_components': 150, 'alpha': 0.0001, 'epsilon': 0.1}",5,19688.49520435575,7251.65692095739,32562.29507309246,8006.135816842292,7.5549062138192316,3.639866046949479,0.7803620197931266,0.28322194396024314
SGD_EPS_INSENSITIVE_BLOCKWISE_RFF,"(1, 2, 3, 12)","{'spatial_gamma': 0.01, 'spatial_n_components': 300, 'temporal_gammas': (0.05, 0.1), 'temporal_n_components': 150, 'alpha': 0.0001, 'epsilon': 0.1}",5,22268.47671134583,10905.777813227223,32567.03033929489,9813.076872613588,9.280447719829308,6.351232719774254,0.8811094800839397,0.4210870480386769
SGD_EPS_INSENSITIVE_BLOCKWISE_RFF,"(1, 2, 12)","{'spatial_gamma': 0.01, 'spatial_n_components': 150, 'temporal_gammas': (0.05, 0.1), 'temporal_n_components': 150, 'alpha': 1e-06, 'epsilon': 0.1}",5,21166.80959197222,12325.278730403512,32588.081902879465,10698.524600710869,8.872479377413379,7.344771902434347,0.8375386166105422,0.47822173332241885
SGD_EPS_INSENSITIVE_BLOCKWISE_RFF,"(1, 2, 12, 24)","{'spatial_gamma': 0.05, 'spatial_n_components': 300, 'temporal_gammas': (0.05, 0.1), 'temporal_n_components': 150, 'alpha': 0.0001, 'epsilon': 0.1}",5,24686.69775282658,15097.31202713322,32618.56469396663,14848.59721168897,10.458234658602148,7.603751159834095,0.9314421086083259,0.6048366391605312
SGD_EPS_INSENSITIVE_BLOCKWISE_RFF,"(1, 2, 3, 4, 5, 6, 12)","{'spatial_gamma': 0.01, 'spatial_n_components': 300, 'temporal_gammas': (0.05, 0.1, 0.2), 'temporal_n_components': 150, 'alpha': 0.0001, 'epsilon': 0.1}",5,24837.177308765404,13809.259932653968,32636.46234150065,13637.452628628816,11.10114097927651,8.336582878632756,0.9845531962134236,0.5368264051599863
SGD_EPS_INSENSITIVE_BLOCKWISE_RFF,"(1, 2, 3, 4, 5, 6, 12, 24)","{'spatial_gamma': 0.05, 'spatial_n_components': 150, 'temporal_gammas': (0.05, 0.1), 'temporal_n_components': 150, 'alpha': 0.0001, 'epsilon': 0.1}",5,25125.66530314255,13786.222313471779,32652.416677488487,13817.909455494828,10.914830606983873,8.287377451366918,0.9499115273017524,0.5574812291707884
SGD_EPS_INSENSITIVE_BLOCKWISE_RFF,"(1, 12, 24)","{'spatial_gamma': 0.05, 'spatial_n_components': 150, 'temporal_gammas': (0.05, 0.1), 'temporal_n_components': 150, 'alpha': 1e-06, 'epsilon': 0.1}",5,22559.91355028403,10760.978420735571,32653.11093298464,8859.466984732057,9.547403588529416,6.1010192404680765,0.8520528217673353,0.44107843386358364
SGD_EPS_INSENSITIVE_BLOCKWISE_RFF,"(1, 12, 24)","{'spatial_gamma': 0.05, 'spatial_n_components': 150, 'temporal_gammas': (0.05, 0.1, 0.2), 'temporal_n_components': 150, 'alpha': 0.0001, 'epsilon': 0.01}",5,20992.21642698071,8598.900858842147,32666.040386456956,9584.988998947438,7.881297813710281,3.5891960498977875,0.7887691232556019,0.35339141124145823
SGD_EPS_INSENSITIVE_BLOCKWISE_RFF,"(1, 2, 12, 24)","{'spatial_gamma': 0.05, 'spatial_n_components': 300, 'temporal_gammas': (0.05, 0.1), 'temporal_n_components': 150, 'alpha': 1e-05, 'epsilon': 0.1}",5,24840.29617580644,14717.560001531901,32713.538569847027,14020.371951383682,11.196584551785325,8.826083736666465,0.9349001488093659,0.5888871696394926
SGD_EPS_INSENSITIVE_BLOCKWISE_RFF,"(1, 12, 24)","{'spatial_gamma': 0.05, 'spatial_n_components': 150, 'temporal_gammas': (0.05, 0.1, 0.2), 'temporal_n_components': 150, 'alpha': 1e-05, 'epsilon': 0.1}",5,21728.901577136865,9816.571697685029,32729.141849975138,9864.603382346693,8.728243227726521,5.394532866017082,0.820062498785194,0.4040462996398608
SGD_EPS_INSENSITIVE_BLOCKWISE_RFF,"(1, 2, 3, 12)","{'spatial_gamma': 0.05, 'spatial_n_components': 150, 'temporal_gammas': (0.05, 0.1, 0.2), 'temporal_n_components': 150, 'alpha': 1e-06, 'epsilon': 0.1}",5,22788.056991684454,12316.958089586124,32789.98332819548,11358.476704410938,9.330980105707054,7.129100713065761,0.9019650741085716,0.47820932473036604
SGD_EPS_INSENSITIVE_BLOCKWISE_RFF,"(1, 2, 12, 24)","{'spatial_gamma': 0.01, 'spatial_n_components': 300, 'temporal_gammas': (0.05, 0.1), 'temporal_n_components': 150, 'alpha': 0.0001, 'epsilon': 0.1}",5,23394.260225159123,11243.539308361556,32811.16528068556,12313.462602208181,10.893520571054601,8.255191129664182,0.8808512005860767,0.45708613832461575
SGD_EPS_INSENSITIVE_BLOCKWISE_RFF,"(1, 2, 12, 24)","{'spatial_gamma': 0.05, 'spatial_n_components': 150, 'temporal_gammas': (0.05, 0.1), 'temporal_n_components': 150, 'alpha': 1e-06, 'epsilon': 0.01}",5,23777.604164929122,13522.362456957258,32816.07201659536,13811.245898452806,11.78413550784433,10.883978946963333,0.8944445143557515,0.5422078766256324
SGD_EPS_INSENSITIVE_BLOCKWISE_RFF,"(1, 2, 3, 4, 5, 6, 12, 24)","{'spatial_gamma': 0.05, 'spatial_n_components': 150, 'temporal_gammas': (0.05, 0.1, 0.2), 'temporal_n_components': 150, 'alpha': 1e-06, 'epsilon': 0.1}",5,25400.833331233174,15541.547757859713,32830.36988913617,15421.094038025625,11.477937391549311,9.768067879726123,0.9606002125066793,0.624006563757463
SGD_EPS_INSENSITIVE_BLOCKWISE_RFF,"(1, 2, 3, 4, 5, 6, 12)","{'spatial_gamma': 0.05, 'spatial_n_components': 300, 'temporal_gammas': (0.05, 0.1, 0.2), 'temporal_n_components': 150, 'alpha': 0.0001, 'epsilon': 0.1}",5,25022.881919369367,11959.62696113893,32853.23417944515,12306.127539274561,10.72882683938786,6.778003430474448,0.9917410883486621,0.46505183068855044
SGD_EPS_INSENSITIVE_BLOCKWISE_RFF,"(1, 2, 3, 4, 5, 6, 12, 24)","{'spatial_gamma': 0.05, 'spatial_n_components': 150, 'temporal_gammas': (0.05, 0.1), 'temporal_n_components': 150, 'alpha': 1e-06, 'epsilon': 0.01}",5,24901.292915753416,14540.592361701236,32872.51964186972,14530.396409271492,11.495334667649313,9.431799487609693,0.94067029753804,0.5854057511414834
SGD_EPS_INSENSITIVE_BLOCKWISE_RFF,"(1, 2, 12)","{'spatial_gamma': 0.01, 'spatial_n_components': 300, 'temporal_gammas': (0.05, 0.1), 'temporal_n_components': 150, 'alpha': 1e-05, 'epsilon': 0.1}",5,20870.3957287457,9914.9497409392,32896.22605040549,9560.445276363567,8.434539587429029,5.2193587815088875,0.826583803971565,0.38399381396015225
SGD_EPS_INSENSITIVE_BLOCKWISE_RFF,"(1, 12, 24)","{'spatial_gamma': 0.01, 'spatial_n_components': 300, 'temporal_gammas': (0.05, 0.1), 'temporal_n_components': 150, 'alpha': 1e-06, 'epsilon': 0.1}",5,21812.088155056925,8946.759925807637,32989.73823597436,8381.747867205788,8.802705269945314,4.677053442253325,0.817072076364615,0.362796760336647
SGD_EPS_INSENSITIVE_BLOCKWISE_RFF,"(1, 2, 12)","{'spatial_gamma': 0.01, 'spatial_n_components': 150, 'temporal_gammas': (0.05, 0.1), 'temporal_n_components': 150, 'alpha': 1e-05, 'epsilon': 0.1}",5,20760.08659325751,11307.66864990461,33002.73285557136,9330.154883234594,8.547773502414094,6.559211012471226,0.8229382523926899,0.4392751695835478
SGD_EPS_INSENSITIVE_BLOCKWISE_RFF,"(1, 2, 3, 4, 5, 6, 12)","{'spatial_gamma': 0.05, 'spatial_n_components': 300, 'temporal_gammas': (0.05, 0.1, 0.2), 'temporal_n_components': 150, 'alpha': 1e-06, 'epsilon': 0.1}",5,25244.60719105499,15098.798573648257,33011.05484834287,15430.223128710968,10.834755082379782,8.283499777936957,0.9983032384982005,0.5845837463281414
SGD_EPS_INSENSITIVE_BLOCKWISE_RFF,"(1, 2, 3, 4, 5, 6, 12)","{'spatial_gamma': 0.05, 'spatial_n_components': 300, 'temporal_gammas': (0.05, 0.1, 0.2), 'temporal_n_components': 150, 'alpha': 1e-05, 'epsilon': 0.1}",5,25117.93565991338,14119.479558284984,33018.699566430136,13629.182225990766,10.93565057321975,8.246731623312355,0.9935360083775588,0.5465539486930231
SGD_EPS_INSENSITIVE_BLOCKWISE_RFF,"(1, 2, 3, 4, 5, 6, 12, 24)","{'spatial_gamma': 0.05, 'spatial_n_components': 300, 'temporal_gammas': (0.05, 0.1), 'temporal_n_components': 150, 'alpha': 0.0001, 'epsilon': 0.1}",5,25336.797567842885,14666.920464930625,33039.69038628149,15152.921129656237,10.964188549793079,7.903243734719436,0.9559149917194352,0.5896972822463774
SGD_EPS_INSENSITIVE_BLOCKWISE_RFF,"(1, 12, 24)","{'spatial_gamma': 0.01, 'spatial_n_components': 150, 'temporal_gammas': (0.05, 0.1), 'temporal_n_components': 150, 'alpha': 0.0001, 'epsilon': 0.01}",5,21968.0525200911,9772.254508746328,33040.753583743455,8494.361778371449,8.836161178382048,5.056156427235759,0.8231010312638201,0.3932026184930385
SGD_EPS_INSENSITIVE_BLOCKWISE_RFF,"(1, 2, 3, 4, 5, 6, 12)","{'spatial_gamma': 0.05, 'spatial_n_components': 150, 'temporal_gammas': (0.05, 0.1), 'temporal_n_components': 150, 'alpha': 0.0001, 'epsilon': 0.01}",5,25842.22820328442,12708.15712582691,33094.52148117291,13272.4628216482,11.954463862546106,8.734851175802728,1.0220577087762301,0.49054494914420377
SGD_EPS_INSENSITIVE_BLOCKWISE_RFF,"(1, 2, 3, 12)","{'spatial_gamma': 0.05, 'spatial_n_components': 300, 'temporal_gammas': (0.05, 0.1, 0.2), 'temporal_n_components': 150, 'alpha': 1e-05, 'epsilon': 0.1}",5,23093.09332488476,11952.84421165832,33116.71708695373,11344.388745426526,9.302095768603555,6.168823385925656,0.9143814244630427,0.4631309154337019
SGD_EPS_INSENSITIVE_BLOCKWISE_RFF,"(1, 2, 3, 4, 5, 6, 12)","{'spatial_gamma': 0.05, 'spatial_n_components': 150, 'temporal_gammas': (0.05, 0.1), 'temporal_n_components': 150, 'alpha': 1e-06, 'epsilon': 0.01}",5,25491.01448078056,8884.168631010281,33134.507717007895,9428.23033836457,11.391745886364232,6.619486705122405,1.0131559747104244,0.3508303107013491
SGD_EPS_INSENSITIVE_BLOCKWISE_RFF,"(1, 2, 3, 12)","{'spatial_gamma': 0.01, 'spatial_n_components': 150, 'temporal_gammas': (0.05, 0.1), 'temporal_n_components': 150, 'alpha': 0.0001, 'epsilon': 0.1}",5,22814.701135469244,13243.572277292744,33141.23737723594,11214.253050381763,9.410141221108976,7.362048828973731,0.9027792013068732,0.5130629764380512
SGD_EPS_INSENSITIVE_BLOCKWISE_RFF,"(1, 2, 3, 12, 24)","{'spatial_gamma': 0.01, 'spatial_n_components': 150, 'temporal_gammas': (0.05, 0.1, 0.2), 'temporal_n_components': 150, 'alpha': 1e-05, 'epsilon': 0.1}",5,25136.45882302816,13293.226170641685,33162.92163560613,12888.97748446476,11.434238138326979,9.251616037202039,0.9496486166406015,0.5391102422658782
SGD_EPS_INSENSITIVE_BLOCKWISE_RFF,"(1, 2, 12)","{'spatial_gamma': 0.05, 'spatial_n_components': 150, 'temporal_gammas': (0.05, 0.1), 'temporal_n_components': 150, 'alpha': 1e-06, 'epsilon': 0.01}",5,18310.297375514918,6901.182660731989,33166.19101324363,6988.1654179151765,7.496635955837922,4.765388607827124,0.7259697599472598,0.26780902098939663
SGD_EPS_INSENSITIVE_BLOCKWISE_RFF,"(1, 2, 3, 12)","{'spatial_gamma': 0.05, 'spatial_n_components': 300, 'temporal_gammas': (0.05, 0.1), 'temporal_n_components': 150, 'alpha': 0.0001, 'epsilon': 0.01}",5,23702.153444417607,11937.503049414841,33170.70237646096,11193.62046847846,9.986299502687991,6.713514897508326,0.9373501579634487,0.46092119080675725
SGD_EPS_INSENSITIVE_BLOCKWISE_RFF,"(1, 12, 24)","{'spatial_gamma': 0.01, 'spatial_n_components': 300, 'temporal_gammas': (0.05, 0.1), 'temporal_n_components': 150, 'alpha': 1e-06, 'epsilon': 0.01}",5,23109.816483942413,9672.352013069276,33196.946222542516,9271.572637068972,9.758574195279008,5.787713378426495,0.8662875047325131,0.3932556874972643
SGD_EPS_INSENSITIVE_BLOCKWISE_RFF,"(1, 2, 3, 4, 5, 6, 12, 24)","{'spatial_gamma': 0.01, 'spatial_n_components': 150, 'temporal_gammas': (0.05, 0.1, 0.2), 'temporal_n_components': 150, 'alpha': 1e-06, 'epsilon': 0.1}",5,24721.78920261553,14790.52948879331,33198.0434676654,15296.112733980399,10.882350413396022,8.784872631855857,0.9372327880176549,0.597099118090475
SGD_EPS_INSENSITIVE_BLOCKWISE_RFF,"(1, 2, 3, 12)","{'spatial_gamma': 0.05, 'spatial_n_components': 300, 'temporal_gammas': (0.05, 0.1), 'temporal_n_components': 150, 'alpha': 1e-06, 'epsilon': 0.1}",5,23475.89967101923,12695.137672276736,33228.87639564053,12755.90281193766,8.969151083304657,6.054260831906444,0.9273982829509198,0.4902319677875997
SGD_EPS_INSENSITIVE_BLOCKWISE_RFF,"(1, 2, 3, 12, 24)","{'spatial_gamma': 0.01, 'spatial_n_components': 300, 'temporal_gammas': (0.05, 0.1), 'temporal_n_components': 150, 'alpha': 1e-05, 'epsilon': 0.01}",5,23989.694723203465,13440.597807423414,33232.828872681566,13337.947651054143,9.699830864456496,6.827873293800211,0.9024029658320998,0.5392003846165807
SGD_EPS_INSENSITIVE_BLOCKWISE_RFF,"(1, 2, 12)","{'spatial_gamma': 0.05, 'spatial_n_components': 150, 'temporal_gammas': (0.05, 0.1), 'temporal_n_components': 150, 'alpha': 0.0001, 'epsilon': 0.01}",5,19427.78472324729,7072.322250749619,33250.860104005114,6840.074200386253,7.542552343751933,4.325733476999326,0.770087399824556,0.27430053587336434
SGD_EPS_INSENSITIVE_BLOCKWISE_RFF,"(1, 2, 3, 4, 5, 6, 12, 24)","{'spatial_gamma': 0.05, 'spatial_n_components': 150, 'temporal_gammas': (0.05, 0.1), 'temporal_n_components': 300, 'alpha': 1e-05, 'epsilon': 0.1}",5,24782.062697335903,11655.038072017602,33323.11831577435,12220.941626688927,11.578615331296058,9.103071423501374,0.9360359996709546,0.4784777914332965
SGD_EPS_INSENSITIVE_BLOCKWISE_RFF,"(1, 2, 12, 24)","{'spatial_gamma': 0.01, 'spatial_n_components': 150, 'temporal_gammas': (0.05, 0.1), 'temporal_n_components': 150, 'alpha': 1e-05, 'epsilon': 0.01}",5,24940.53333792207,15116.596543963333,33326.681060163995,14444.306607888388,11.661602356991287,10.165876037070582,0.9416953362795383,0.606075980864578
SGD_EPS_INSENSITIVE_BLOCKWISE_RFF,"(1, 2, 3, 4, 5, 6, 12)","{'spatial_gamma': 0.01, 'spatial_n_components': 150, 'temporal_gammas': (0.05, 0.1, 0.2), 'temporal_n_components': 150, 'alpha': 1e-06, 'epsilon': 0.01}",5,25625.33253931509,12529.283454018481,33349.576104508,12566.922034881782,11.281492654191936,7.532215420317658,1.0151012291709618,0.48698889962518765
SGD_EPS_INSENSITIVE_BLOCKWISE_RFF,"(1, 2, 3, 12)","{'spatial_gamma': 0.01, 'spatial_n_components': 150, 'temporal_gammas': (0.05, 0.1), 'temporal_n_components': 150, 'alpha': 1e-05, 'epsilon': 0.01}",5,22592.537657505054,9060.353712043501,33368.07736021379,8397.497866210238,9.278801292299146,5.495939904917318,0.8954065528693282,0.3510293299858078
SGD_EPS_INSENSITIVE_BLOCKWISE_RFF,"(1, 2, 3, 4, 5, 6, 12)","{'spatial_gamma': 0.05, 'spatial_n_components': 150, 'temporal_gammas': (0.05, 0.1), 'temporal_n_components': 300, 'alpha': 0.0001, 'epsilon': 0.1}",5,24523.171165473817,9538.31832206503,33368.82058636251,9592.816807052244,10.435939757066565,6.376501014619594,0.9689687292512502,0.36456606598868857
SGD_EPS_INSENSITIVE_BLOCKWISE_RFF,"(1, 2, 3, 4, 5, 6, 12, 24)","{'spatial_gamma': 0.01, 'spatial_n_components': 300, 'temporal_gammas': (0.05, 0.1), 'temporal_n_components': 150, 'alpha': 1e-06, 'epsilon': 0.1}",5,24021.566617982236,14749.588843505953,33371.59231843221,16145.204433572064,10.714452922984504,8.520686397237233,0.9079310969251461,0.5913549893095653
SGD_EPS_INSENSITIVE_BLOCKWISE_RFF,"(1, 2, 12, 24)","{'spatial_gamma': 0.01, 'spatial_n_components': 150, 'temporal_gammas': (0.05, 0.1), 'temporal_n_components': 150, 'alpha': 1e-06, 'epsilon': 0.1}",5,24000.591016573657,15322.97425379752,33373.9804193561,15051.414208673143,9.801554489867662,7.854631187520036,0.9046948042576268,0.6099442441273152
SGD_EPS_INSENSITIVE_BLOCKWISE_RFF,"(1, 2, 3, 4, 5, 6, 12)","{'spatial_gamma': 0.01, 'spatial_n_components': 150, 'temporal_gammas': (0.05, 0.1), 'temporal_n_components': 300, 'alpha': 1e-06, 'epsilon': 0.1}",5,24409.26533960047,10482.203843299743,33377.207839414674,9691.682829100546,10.505205112818054,6.657709712706178,0.9672720643445938,0.40606829965088054
SGD_EPS_INSENSITIVE_BLOCKWISE_RFF,"(1, 12, 24)","{'spatial_gamma': 0.05, 'spatial_n_components': 150, 'temporal_gammas': (0.05, 0.1), 'temporal_n_components': 150, 'alpha': 0.0001, 'epsilon': 0.01}",5,22688.905372199275,12076.791996959286,33396.666243843036,11678.638639513267,8.801096508793137,5.40391651459882,0.8551823624161617,0.48776325343288274
SGD_EPS_INSENSITIVE_BLOCKWISE_RFF,"(1, 2, 3, 4, 5, 6, 12, 24)","{'spatial_gamma': 0.05, 'spatial_n_components': 300, 'temporal_gammas': (0.05, 0.1), 'temporal_n_components': 150, 'alpha': 1e-05, 'epsilon': 0.1}",5,25218.282674665294,12266.923775920128,33421.51919329549,12569.16404194447,11.48860878708347,8.467710600010035,0.9513508118816627,0.49961819306290933
SGD_EPS_INSENSITIVE_BLOCKWISE_RFF,"(1, 2, 12)","{'spatial_gamma': 0.05, 'spatial_n_components': 300, 'temporal_gammas': (0.05, 0.1), 'temporal_n_components': 150, 'alpha': 0.0001, 'epsilon': 0.1}",5,21858.24653359682,11411.390136124615,33449.23705558873,10444.797124905866,9.082284329639446,6.758439158876894,0.8667655750702151,0.44416864572788844
SGD_EPS_INSENSITIVE_BLOCKWISE_RFF,"(1, 2, 3, 12, 24)","{'spatial_gamma': 0.05, 'spatial_n_components': 150, 'temporal_gammas': (0.05, 0.1), 'temporal_n_components': 150, 'alpha': 0.0001, 'epsilon': 0.01}",5,24848.669424384512,15397.516002088505,33497.97864565342,14906.584137359765,10.762847063062447,8.925750341006788,0.9359939716097898,0.6156062219844082
SGD_EPS_INSENSITIVE_BLOCKWISE_RFF,"(1, 2, 3, 12)","{'spatial_gamma': 0.01, 'spatial_n_components': 150, 'temporal_gammas': (0.05, 0.1, 0.2), 'temporal_n_components': 150, 'alpha': 1e-05, 'epsilon': 0.1}",5,23275.14496462605,13198.439857766105,33547.810721416994,12680.35673461798,10.217666119858446,8.425551480228187,0.9220404632402894,0.5121302833515249
SGD_EPS_INSENSITIVE_BLOCKWISE_RFF,"(1, 2, 3, 4, 5, 6, 12)","{'spatial_gamma': 0.01, 'spatial_n_components': 150, 'temporal_gammas': (0.05, 0.1, 0.2), 'temporal_n_components': 150, 'alpha': 1e-05, 'epsilon': 0.1}",5,25305.321495867236,12388.311445538178,33567.87040493183,12628.773835473121,10.440434245133126,6.046565462324271,1.0004529807477183,0.47778899892859544
SGD_EPS_INSENSITIVE_BLOCKWISE_RFF,"(1, 12, 24)","{'spatial_gamma': 0.05, 'spatial_n_components': 150, 'temporal_gammas': (0.05, 0.1), 'temporal_n_components': 150, 'alpha': 1e-05, 'epsilon': 0.1}",5,23459.46665137797,14694.9843628915,33576.04901637167,14352.471315332989,9.080701881236767,6.96993544014063,0.8830053145913931,0.5864033237735576
SGD_EPS_INSENSITIVE_BLOCKWISE_RFF,"(1, 2, 3, 12, 24)","{'spatial_gamma': 0.05, 'spatial_n_components': 150, 'temporal_gammas': (0.05, 0.1), 'temporal_n_components': 150, 'alpha': 1e-06, 'epsilon': 0.01}",5,25092.640796199925,12489.467133751848,33636.14262941906,12171.488818152828,11.076232543240053,8.323246005799033,0.9455866486879986,0.5069290851897368
SGD_EPS_INSENSITIVE_BLOCKWISE_RFF,"(1, 2, 3, 4, 5, 6, 12, 24)","{'spatial_gamma': 0.01, 'spatial_n_components': 150, 'temporal_gammas': (0.05, 0.1), 'temporal_n_components': 150, 'alpha': 0.0001, 'epsilon': 0.1}",5,25386.17685016929,12864.698195675293,33648.707771097594,12888.028638350754,11.079079831498612,8.183824794928157,0.95739192087524,0.516215014452575
SGD_EPS_INSENSITIVE_BLOCKWISE_RFF,"(1, 2, 3, 4, 5, 6, 12)","{'spatial_gamma': 0.01, 'spatial_n_components': 150, 'temporal_gammas': (0.05, 0.1), 'temporal_n_components': 150, 'alpha': 1e-06, 'epsilon': 0.01}",5,24852.087592356205,13992.028511349312,33661.468866577445,14373.07326127837,11.11085205851501,9.383099411886812,0.9817012004608868,0.5411399902934348
SGD_EPS_INSENSITIVE_BLOCKWISE_RFF,"(1, 2, 3, 4, 5, 6, 12, 24)","{'spatial_gamma': 0.01, 'spatial_n_components': 300, 'temporal_gammas': (0.05, 0.1), 'temporal_n_components': 150, 'alpha': 0.0001, 'epsilon': 0.01}",5,26020.11175587923,10764.28458305986,33692.69808451587,11369.629477125845,11.245367394628023,6.305898140553341,0.9774735117008039,0.4415436866111913
SGD_EPS_INSENSITIVE_BLOCKWISE_RFF,"(1, 2, 3, 12)","{'spatial_gamma': 0.05, 'spatial_n_components': 300, 'temporal_gammas': (0.05, 0.1), 'temporal_n_components': 150, 'alpha': 1e-05, 'epsilon': 0.01}",5,23603.68062715396,10759.583133663124,33699.43403116205,9812.340645451659,10.147983435641496,6.3694728289815,0.9351912955425803,0.4183148204924258
SGD_EPS_INSENSITIVE_BLOCKWISE_RFF,"(1, 2, 12, 24)","{'spatial_gamma': 0.05, 'spatial_n_components': 150, 'temporal_gammas': (0.05, 0.1, 0.2), 'temporal_n_components': 150, 'alpha': 0.0001, 'epsilon': 0.1}",5,26546.118889024237,13670.44642658761,33717.799284225446,13388.127361445477,11.350205605519642,7.469432832150534,1.002194435575565,0.5547753473997774
SGD_EPS_INSENSITIVE_BLOCKWISE_RFF,"(1, 2, 3, 4, 5, 6, 12, 24)","{'spatial_gamma': 0.05, 'spatial_n_components': 150, 'temporal_gammas': (0.05, 0.1), 'temporal_n_components': 150, 'alpha': 0.0001, 'epsilon': 0.01}",5,25199.115194927108,13605.462302060181,33733.78764359869,14056.589812998427,10.764326440692392,7.524077881265697,0.9519253418788522,0.5492959294540305
SGD_EPS_INSENSITIVE_BLOCKWISE_RFF,"(1, 12, 24)","{'spatial_gamma': 0.05, 'spatial_n_components': 300, 'temporal_gammas': (0.05, 0.1), 'temporal_n_components': 150, 'alpha': 1e-05, 'epsilon': 0.1}",5,23944.64938484254,10311.5387002987,33792.089387455395,9010.216957680057,9.613554002400678,5.515593663193648,0.8943923543683635,0.41396204129237346
SGD_EPS_INSENSITIVE_BLOCKWISE_RFF,"(1, 12, 24)","{'spatial_gamma': 0.01, 'spatial_n_components': 300, 'temporal_gammas': (0.05, 0.1, 0.2), 'temporal_n_components': 150, 'alpha': 0.0001, 'epsilon': 0.01}",5,22628.192547613668,5343.10453997049,33836.964870419826,6774.13813489846,9.290382038578409,3.385840009942556,0.8496517476563158,0.24193404885292252
SGD_EPS_INSENSITIVE_BLOCKWISE_RFF,"(1, 2, 3, 12, 24)","{'spatial_gamma': 0.01, 'spatial_n_components': 150, 'temporal_gammas': (0.05, 0.1, 0.2), 'temporal_n_components': 150, 'alpha': 1e-06, 'epsilon': 0.1}",5,25326.54059991688,14217.608681434878,33853.136890017675,13465.73940455811,11.658316914158778,9.449326222895548,0.9555529264585199,0.572895904958259
SGD_EPS_INSENSITIVE_BLOCKWISE_RFF,"(1, 2, 3, 4, 5, 6, 12, 24)","{'spatial_gamma': 0.05, 'spatial_n_components': 300, 'temporal_gammas': (0.05, 0.1), 'temporal_n_components': 150, 'alpha': 1e-06, 'epsilon': 0.1}",5,26069.067927347838,13079.738814528648,33856.051771080536,12873.803410412867,11.431840430689807,7.9255009298805605,0.9787330098288777,0.5265056184475894
SGD_EPS_INSENSITIVE_BLOCKWISE_RFF,"(1, 2, 12, 24)","{'spatial_gamma': 0.05, 'spatial_n_components': 150, 'temporal_gammas': (0.05, 0.1, 0.2), 'temporal_n_components': 150, 'alpha': 1e-05, 'epsilon': 0.1}",5,25341.424052982118,11289.08336060761,33883.37978266103,11209.847834371883,11.264990282196637,7.195052672148098,0.9554944734198264,0.46355244282770197
SGD_EPS_INSENSITIVE_BLOCKWISE_RFF,"(1, 2, 3, 12)","{'spatial_gamma': 0.01, 'spatial_n_components': 300, 'temporal_gammas': (0.05, 0.1, 0.2), 'temporal_n_components': 150, 'alpha': 1e-05, 'epsilon': 0.1}",5,24110.027317692344,11360.427377359567,33901.12332184765,11014.49626443047,10.888113414317257,7.257276196460126,0.9541463801757665,0.4395219236931351
SGD_EPS_INSENSITIVE_BLOCKWISE_RFF,"(1, 2, 3, 12, 24)","{'spatial_gamma': 0.01, 'spatial_n_components': 300, 'temporal_gammas': (0.05, 0.1), 'temporal_n_components': 150, 'alpha': 1e-06, 'epsilon': 0.1}",5,25234.69820589487,13208.498517764792,33901.15632161232,12910.444824226226,10.866121508659438,7.232911424216342,0.9520988175075897,0.5349974717070397
SGD_EPS_INSENSITIVE_BLOCKWISE_RFF,"(1, 2, 12)","{'spatial_gamma': 0.01, 'spatial_n_components': 300, 'temporal_gammas': (0.05, 0.1), 'temporal_n_components': 150, 'alpha': 1e-06, 'epsilon': 0.1}",5,20730.840516688957,8048.633668405594,33929.179412313,8473.895010247252,7.971452543433315,3.95391558680341,0.8218789059449225,0.31297495950251186
SGD_EPS_INSENSITIVE_BLOCKWISE_RFF,"(1, 12, 24)","{'spatial_gamma': 0.01, 'spatial_n_components': 150, 'temporal_gammas': (0.05, 0.1, 0.2), 'temporal_n_components': 150, 'alpha': 0.0001, 'epsilon': 0.1}",5,22854.48755068992,10345.585220865127,33939.63373658729,9575.741885268086,9.57436943154193,6.222731734491611,0.8620545408315236,0.424640318029563
SGD_EPS_INSENSITIVE_BLOCKWISE_RFF,"(1, 2, 12)","{'spatial_gamma': 0.01, 'spatial_n_components': 150, 'temporal_gammas': (0.05, 0.1, 0.2), 'temporal_n_components': 150, 'alpha': 0.0001, 'epsilon': 0.1}",5,20460.00847728167,8702.08277342693,34002.67507262374,7454.85533585788,8.023613327279172,5.284504796087255,0.8098669132810581,0.3354567804327581
SGD_EPS_INSENSITIVE_BLOCKWISE_RFF,"(1, 2, 3, 12)","{'spatial_gamma': 0.01, 'spatial_n_components': 150, 'temporal_gammas': (0.05, 0.1, 0.2), 'temporal_n_components': 150, 'alpha': 1e-06, 'epsilon': 0.01}",5,24080.644691544272,8574.712710735914,34004.190751784496,8820.740277130823,10.138594670133344,5.320179996166283,0.9536444347550296,0.3313836464389512
SGD_EPS_INSENSITIVE_BLOCKWISE_RFF,"(1, 2, 3, 12, 24)","{'spatial_gamma': 0.01, 'spatial_n_components': 300, 'temporal_gammas': (0.05, 0.1), 'temporal_n_components': 150, 'alpha': 1e-05, 'epsilon': 0.1}",5,25532.301319857175,14153.613704733503,34026.561440817735,13553.911898788825,10.587807205586184,7.375989914202046,0.9616980427845604,0.569268366985672
SGD_EPS_INSENSITIVE_BLOCKWISE_RFF,"(1, 2, 12)","{'spatial_gamma': 0.01, 'spatial_n_components': 300, 'temporal_gammas': (0.05, 0.1), 'temporal_n_components': 150, 'alpha': 0.0001, 'epsilon': 0.1}",5,20465.377430675886,10871.999624046846,34043.13464612886,8693.45619264531,8.465128259271555,6.095647268911032,0.8086888528499706,0.4195391268290644
SGD_EPS_INSENSITIVE_BLOCKWISE_RFF,"(1, 2, 3, 4, 5, 6, 12)","{'spatial_gamma': 0.05, 'spatial_n_components': 150, 'temporal_gammas': (0.05, 0.1, 0.2), 'temporal_n_components': 150, 'alpha': 1e-05, 'epsilon': 0.1}",5,25594.804647216017,13617.353794455254,34051.231682703874,12877.487214704037,11.159213969601558,8.84677861724179,1.0097861103427686,0.5238551131830466
SGD_EPS_INSENSITIVE_BLOCKWISE_RFF,"(1, 2, 3, 4, 5, 6, 12, 24)","{'spatial_gamma': 0.05, 'spatial_n_components': 150, 'temporal_gammas': (0.05, 0.1), 'temporal_n_components': 300, 'alpha': 1e-06, 'epsilon': 0.1}",5,25907.72250533512,9132.088489482596,34053.21744557422,9166.916811699315,11.420135221777688,6.8733098705806945,0.9739585494117764,0.3834676072687221
SGD_EPS_INSENSITIVE_BLOCKWISE_RFF,"(1, 2, 3, 4, 5, 6, 12)","{'spatial_gamma': 0.01, 'spatial_n_components': 150, 'temporal_gammas': (0.05, 0.1, 0.2), 'temporal_n_components': 150, 'alpha': 1e-05, 'epsilon': 0.01}",5,26425.65942428909,12906.538954141717,34078.27708077326,12513.3495115049,11.678284273000372,7.665443666636793,1.0458638225681107,0.4989264583153258
SGD_EPS_INSENSITIVE_BLOCKWISE_RFF,"(1, 12, 24)","{'spatial_gamma': 0.05, 'spatial_n_components': 300, 'temporal_gammas': (0.05, 0.1), 'temporal_n_components': 150, 'alpha': 0.0001, 'epsilon': 0.1}",5,24452.04988471108,11046.041903204125,34096.17196357377,9941.588489985541,9.957450373496226,6.037073379112252,0.9210281887633116,0.45128148799098033
SGD_EPS_INSENSITIVE_BLOCKWISE_RFF,"(1, 2, 3, 12)","{'spatial_gamma': 0.05, 'spatial_n_components': 300, 'temporal_gammas': (0.05, 0.1, 0.2), 'temporal_n_components': 150, 'alpha': 1e-06, 'epsilon': 0.1}",5,24923.035942646056,11197.933329485348,34112.649382576325,10823.444410787804,10.221076909359992,6.168366474708547,0.9858543929712773,0.4314892916224833
SGD_EPS_INSENSITIVE_BLOCKWISE_RFF,"(1, 2, 12)","{'spatial_gamma': 0.05, 'spatial_n_components': 300, 'temporal_gammas': (0.05, 0.1), 'temporal_n_components': 150, 'alpha': 1e-05, 'epsilon': 0.01}",5,21320.83109637143,8015.663905940799,34150.82573005702,8817.352608118697,8.533505200690026,4.031069716249574,0.8458493880964587,0.31257679253571974
SGD_EPS_INSENSITIVE_BLOCKWISE_RFF,"(1, 2, 3, 12, 24)","{'spatial_gamma': 0.01, 'spatial_n_components': 300, 'temporal_gammas': (0.05, 0.1), 'temporal_n_components': 150, 'alpha': 1e-06, 'epsilon': 0.01}",5,25043.09908278193,10738.604810605137,34171.86311238759,10695.605452363576,10.815499871091609,6.644650114428923,0.9443951714754639,0.44254618819202324
SGD_EPS_INSENSITIVE_BLOCKWISE_RFF,"(1, 12, 24)","{'spatial_gamma': 0.05, 'spatial_n_components': 150, 'temporal_gammas': (0.05, 0.1), 'temporal_n_components': 150, 'alpha': 1e-05, 'epsilon': 0.01}",5,24070.1311874822,11027.154763821785,34174.30285600718,10031.081056215024,9.73592996407186,5.739028121490422,0.9042151424467431,0.44540169710680294
SGD_EPS_INSENSITIVE_BLOCKWISE_RFF,"(1, 2, 3, 12)","{'spatial_gamma': 0.05, 'spatial_n_components': 300, 'temporal_gammas': (0.05, 0.1, 0.2), 'temporal_n_components': 150, 'alpha': 0.0001, 'epsilon': 0.1}",5,24764.81532912452,12758.452483720908,34197.98562849219,12227.485865125225,10.015869768875012,6.767556610828101,0.9821027616344271,0.4961820908697896
SGD_EPS_INSENSITIVE_BLOCKWISE_RFF,"(1, 12, 24)","{'spatial_gamma': 0.05, 'spatial_n_components': 150, 'temporal_gammas': (0.05, 0.1, 0.2), 'temporal_n_components': 150, 'alpha': 1e-05, 'epsilon': 0.01}",5,22520.497751391817,10037.086624518333,34212.86910601319,10737.513424541934,8.606375740656057,4.193902474975707,0.8446695942611123,0.40454924670889464
SGD_EPS_INSENSITIVE_BLOCKWISE_RFF,"(1, 2, 12, 24)","{'spatial_gamma': 0.01, 'spatial_n_components': 300, 'temporal_gammas': (0.05, 0.1, 0.2), 'temporal_n_components': 150, 'alpha': 1e-05, 'epsilon': 0.1}",5,24548.638763965195,13875.951086049772,34224.51970750782,14531.130017308984,12.438079646328164,11.808390180415586,0.9262570149861054,0.5590373501099545
SGD_EPS_INSENSITIVE_BLOCKWISE_RFF,"(1, 12, 24)","{'spatial_gamma': 0.01, 'spatial_n_components': 150, 'temporal_gammas': (0.05, 0.1), 'temporal_n_components': 150, 'alpha': 1e-06, 'epsilon': 0.01}",5,21958.189692186126,8245.282284605812,34234.352724897806,7599.761286646985,9.57556522573327,6.00330172767686,0.8231565802811669,0.33841202204950205
SGD_EPS_INSENSITIVE_BLOCKWISE_RFF,"(1, 2, 12, 24)","{'spatial_gamma': 0.05, 'spatial_n_components': 150, 'temporal_gammas': (0.05, 0.1), 'temporal_n_components': 150, 'alpha': 1e-05, 'epsilon': 0.01}",5,26242.64751454825,15419.05155308372,34243.47095396703,15706.836405265978,12.693997714467955,11.011400329334895,0.9934634232696384,0.6221063645727231
SGD_EPS_INSENSITIVE_BLOCKWISE_RFF,"(1, 2, 3, 4, 5, 6, 12)","{'spatial_gamma': 0.01, 'spatial_n_components': 150, 'temporal_gammas': (0.05, 0.1), 'temporal_n_components': 300, 'alpha': 1e-05, 'epsilon': 0.1}",5,25534.891324871423,12439.747655275543,34243.92485745738,12457.67821514469,10.378425709124022,6.621070142676337,1.0089892058528727,0.4789474100797315
SGD_EPS_INSENSITIVE_BLOCKWISE_RFF,"(1, 12, 24)","{'spatial_gamma': 0.05, 'spatial_n_components': 150, 'temporal_gammas': (0.05, 0.1), 'temporal_n_components': 150, 'alpha': 1e-06, 'epsilon': 0.01}",5,22281.939830728566,5612.022852318646,34269.21244049111,5981.2680544046,8.911240611092936,3.468890807436861,0.8308807799688145,0.22879740725068312
SGD_EPS_INSENSITIVE_BLOCKWISE_RFF,"(1, 2, 12, 24)","{'spatial_gamma': 0.05, 'spatial_n_components': 300, 'temporal_gammas': (0.05, 0.1), 'temporal_n_components': 300, 'alpha': 1e-05, 'epsilon': 0.1}",5,23550.923959013253,8360.044883901264,34314.900248103724,7923.710809466392,9.227654118267905,4.326754596736572,0.8856465300984677,0.35109725405276837
SGD_EPS_INSENSITIVE_BLOCKWISE_RFF,"(1, 2, 3, 4, 5, 6, 12)","{'spatial_gamma': 0.05, 'spatial_n_components': 150, 'temporal_gammas': (0.05, 0.1), 'temporal_n_components': 300, 'alpha': 1e-05, 'epsilon': 0.1}",5,24775.33933564363,11827.538105214926,34329.969115348395,11514.37291128838,10.13350534719421,6.5801692306896,0.9784158245370733,0.4544459881190752
SGD_EPS_INSENSITIVE_BLOCKWISE_RFF,"(1, 2, 3, 12)","{'spatial_gamma': 0.01, 'spatial_n_components': 300, 'temporal_gammas': (0.05, 0.1), 'temporal_n_components': 150, 'alpha': 1e-06, 'epsilon': 0.01}",5,23467.902550317853,9886.162560894836,34335.16752439784,9595.816878127225,9.759015088114998,5.474256945579156,0.9305093340831162,0.38407104390230595
SGD_EPS_INSENSITIVE_BLOCKWISE_RFF,"(1, 2, 12)","{'spatial_gamma': 0.01, 'spatial_n_components': 150, 'temporal_gammas': (0.05, 0.1), 'temporal_n_components': 150, 'alpha': 0.0001, 'epsilon': 0.1}",5,21285.449654955308,11387.873919567333,34335.91321678368,9838.83987479269,8.385245550813462,6.221230731607511,0.841002931890271,0.43997860220009727
SGD_EPS_INSENSITIVE_BLOCKWISE_RFF,"(1, 2, 3, 4, 5, 6, 12)","{'spatial_gamma': 0.05, 'spatial_n_components': 150, 'temporal_gammas': (0.05, 0.1), 'temporal_n_components': 150, 'alpha': 1e-06, 'epsilon': 0.1}",5,26240.89543872042,13145.938269925162,34342.42858533711,12862.883485967834,11.211351460251816,7.60159027153143,1.0373614875288635,0.5085217431830956
SGD_EPS_INSENSITIVE_BLOCKWISE_RFF,"(1, 2, 3, 12, 24)","{'spatial_gamma': 0.05, 'spatial_n_components': 300, 'temporal_gammas': (0.05, 0.1, 0.2), 'temporal_n_components': 150, 'alpha': 1e-06, 'epsilon': 0.1}",5,25975.368317877597,11522.170198109314,34344.72873751059,11186.722195806367,10.927558660499407,6.452487040021171,0.9738516534180454,0.4666300648856096
SGD_EPS_INSENSITIVE_BLOCKWISE_RFF,"(1, 2, 3, 12)","{'spatial_gamma': 0.05, 'spatial_n_components': 150, 'temporal_gammas': (0.05, 0.1), 'temporal_n_components': 300, 'alpha': 0.0001, 'epsilon': 0.1}",5,22583.0055794325,8559.69352356463,34380.94897295015,7777.837994154742,8.758016844665184,4.907425314218587,0.8947617064953143,0.33072682014841814
SGD_EPS_INSENSITIVE_BLOCKWISE_RFF,"(1, 2, 12, 24)","{'spatial_gamma': 0.05, 'spatial_n_components': 300, 'temporal_gammas': (0.05, 0.1, 0.2), 'temporal_n_components': 150, 'alpha': 1e-05, 'epsilon': 0.1}",5,25146.138549323623,11292.136294436772,34462.754805004726,10302.317775361096,10.300836714833054,5.755782455324993,0.941743334856562,0.4554997326445016
SGD_EPS_INSENSITIVE_BLOCKWISE_RFF,"(1, 2, 3, 4, 5, 6, 12)","{'spatial_gamma': 0.05, 'spatial_n_components': 300, 'temporal_gammas': (0.05, 0.1), 'temporal_n_components': 150, 'alpha': 0.0001, 'epsilon': 0.01}",5,26065.57597381314,11594.187392847976,34471.08778023828,11382.180151219096,11.037633277660552,6.223769544540629,1.0303072072920347,0.4465788741331512
SGD_EPS_INSENSITIVE_BLOCKWISE_RFF,"(1, 2, 12)","{'spatial_gamma': 0.01, 'spatial_n_components': 300, 'temporal_gammas': (0.05, 0.1), 'temporal_n_components': 150, 'alpha': 1e-05, 'epsilon': 0.01}",5,21236.030327505232,7479.067076545223,34491.06638435891,7005.810622003927,8.313122756229802,4.102891905396461,0.8439553065763583,0.2952168735033494
SGD_EPS_INSENSITIVE_BLOCKWISE_RFF,"(1, 2, 12, 24)","{'spatial_gamma': 0.01, 'spatial_n_components': 150, 'temporal_gammas': (0.05, 0.1, 0.2), 'temporal_n_components': 150, 'alpha': 1e-06, 'epsilon': 0.01}",5,25018.85489039326,8275.686420428836,34523.260001233124,8855.163786811792,10.315990956047647,5.009757603816114,0.9380880318339747,0.34527354883242073
SGD_EPS_INSENSITIVE_BLOCKWISE_RFF,"(1, 2, 12)","{'spatial_gamma': 0.01, 'spatial_n_components': 150, 'temporal_gammas': (0.05, 0.1), 'temporal_n_components': 150, 'alpha': 0.0001, 'epsilon': 0.01}",5,20254.504299340417,7400.791650836792,34574.55773566895,6016.129590149685,7.618153847539661,4.070663441588212,0.8018459014287739,0.2845768406291245
SGD_EPS_INSENSITIVE_BLOCKWISE_RFF,"(1, 12, 24)","{'spatial_gamma': 0.01, 'spatial_n_components': 150, 'temporal_gammas': (0.05, 0.1), 'temporal_n_components': 150, 'alpha': 1e-05, 'epsilon': 0.01}",5,23710.65887048879,8156.739837921007,34582.57967775213,6843.944980076209,9.795371171048465,4.826995644079636,0.8876962923189904,0.3369369335378386
SGD_EPS_INSENSITIVE_BLOCKWISE_RFF,"(1, 2, 12)","{'spatial_gamma': 0.01, 'spatial_n_components': 300, 'temporal_gammas': (0.05, 0.1), 'temporal_n_components': 150, 'alpha': 1e-06, 'epsilon': 0.01}",5,20965.655013908363,7767.552500433624,34636.636950339074,6926.490337385817,8.125921369597695,4.149830675741647,0.83065777431812,0.3002241474024844
SGD_EPS_INSENSITIVE_BLOCKWISE_RFF,"(1, 2, 3, 4, 5, 6, 12, 24)","{'spatial_gamma': 0.01, 'spatial_n_components': 150, 'temporal_gammas': (0.05, 0.1, 0.2), 'temporal_n_components': 150, 'alpha': 1e-05, 'epsilon': 0.1}",5,25928.066582612297,11068.272346229527,34645.60693492129,11549.718517137158,10.849799115615703,6.251365581387264,0.9770120722647718,0.45535966397431044
SGD_EPS_INSENSITIVE_BLOCKWISE_RFF,"(1, 2, 3, 4, 5, 6, 12)","{'spatial_gamma': 0.01, 'spatial_n_components': 150, 'temporal_gammas': (0.05, 0.1, 0.2), 'temporal_n_components': 300, 'alpha': 1e-05, 'epsilon': 0.1}",5,26232.567298055736,12483.543158202378,34678.60549337879,12645.2143036018,11.671181670647055,8.29561197547046,1.0376798569019479,0.48214411214465586
SGD_EPS_INSENSITIVE_BLOCKWISE_RFF,"(1, 2, 3, 4, 5, 6, 12)","{'spatial_gamma': 0.01, 'spatial_n_components': 150, 'temporal_gammas': (0.05, 0.1), 'temporal_n_components': 150, 'alpha': 0.0001, 'epsilon': 0.01}",5,26076.834297450252,13306.344191380393,34692.732250258,13059.503423515176,11.92390584385462,8.90016954821902,1.0356047476577719,0.5194476475829906
SGD_EPS_INSENSITIVE_BLOCKWISE_RFF,"(1, 2, 12)","{'spatial_gamma': 0.05, 'spatial_n_components': 150, 'temporal_gammas': (0.05, 0.1, 0.2), 'temporal_n_components': 150, 'alpha': 1e-05, 'epsilon': 0.1}",5,21385.189186817493,8890.946857606843,34776.84596582943,8412.129639077884,8.427040638445709,5.346358148503023,0.8486925528654305,0.3463785716171744
SGD_EPS_INSENSITIVE_BLOCKWISE_RFF,"(1, 2, 12, 24)","{'spatial_gamma': 0.01, 'spatial_n_components': 300, 'temporal_gammas': (0.05, 0.1, 0.2), 'temporal_n_components': 150, 'alpha': 1e-06, 'epsilon': 0.1}",5,25349.535016265836,12533.54132441077,34814.52057369284,12525.413776876452,11.306329677922026,8.053783734438829,0.9598105326496906,0.5146197626124029
SGD_EPS_INSENSITIVE_BLOCKWISE_RFF,"(1, 2, 3, 12)","{'spatial_gamma': 0.01, 'spatial_n_components': 300, 'temporal_gammas': (0.05, 0.1), 'temporal_n_components': 150, 'alpha': 1e-05, 'epsilon': 0.01}",5,24871.60143578731,9619.492908740092,34818.24683607767,8778.88347372704,10.659372451652953,6.0298043780501045,0.9841905611069597,0.36959256923065703
SGD_EPS_INSENSITIVE_BLOCKWISE_RFF,"(1, 2, 12)","{'spatial_gamma': 0.01, 'spatial_n_components': 300, 'temporal_gammas': (0.05, 0.1), 'temporal_n_components': 150, 'alpha': 0.0001, 'epsilon': 0.01}",5,20662.648239442533,8497.180856360063,34849.53772934688,8807.567090096967,8.315785562281388,4.322495274664161,0.8187105277939069,0.3289084843652548
SGD_EPS_INSENSITIVE_BLOCKWISE_RFF,"(1, 12, 24)","{'spatial_gamma': 0.05, 'spatial_n_components': 150, 'temporal_gammas': (0.05, 0.1), 'temporal_n_components': 150, 'alpha': 0.0001, 'epsilon': 0.1}",5,23844.801466901718,12267.134348520158,34855.37603530543,11050.774564080402,9.458632614523964,6.501633555798946,0.9009111964789991,0.49935527454004625
SGD_EPS_INSENSITIVE_BLOCKWISE_RFF,"(1, 2, 3, 12, 24)","{'spatial_gamma': 0.05, 'spatial_n_components': 300, 'temporal_gammas': (0.05, 0.1), 'temporal_n_components': 150, 'alpha': 1e-06, 'epsilon': 0.01}",5,26274.919756396142,13052.971518848077,34860.94984155736,14457.529288402198,10.984233030890366,6.595675393664256,0.9879152124111149,0.5278363458938007
SGD_EPS_INSENSITIVE_BLOCKWISE_RFF,"(1, 2, 3, 12, 24)","{'spatial_gamma': 0.01, 'spatial_n_components': 150, 'temporal_gammas': (0.05, 0.1), 'temporal_n_components': 300, 'alpha': 1e-06, 'epsilon': 0.1}",5,25018.094628399776,12516.607092563983,34871.76414584085,12288.508289434985,11.413136425555544,9.136839682304434,0.9411658667322683,0.5062019482235183
SGD_EPS_INSENSITIVE_BLOCKWISE_RFF,"(1, 2, 3, 4, 5, 6, 12, 24)","{'spatial_gamma': 0.05, 'spatial_n_components': 150, 'temporal_gammas': (0.05, 0.1), 'temporal_n_components': 150, 'alpha': 1e-05, 'epsilon': 0.01}",5,26363.71134669523,13602.865075674932,34905.88644831847,14097.561673560562,11.313465586916081,7.970578836142041,0.9996540355142713,0.555711804486458
SGD_EPS_INSENSITIVE_BLOCKWISE_RFF,"(1, 12, 24)","{'spatial_gamma': 0.05, 'spatial_n_components': 300, 'temporal_gammas': (0.05, 0.1, 0.2), 'temporal_n_components': 150, 'alpha': 1e-06, 'epsilon': 0.1}",5,23761.76631641934,11085.112191647368,34924.951364500084,10949.528006860788,9.83031002646235,6.114394481333777,0.8918621171688965,0.44697765654666366
SGD_EPS_INSENSITIVE_BLOCKWISE_RFF,"(1, 2, 12, 24)","{'spatial_gamma': 0.01, 'spatial_n_components': 150, 'temporal_gammas': (0.05, 0.1, 0.2), 'temporal_n_components': 150, 'alpha': 0.0001, 'epsilon': 0.1}",5,25956.659481111907,11874.195235403446,34936.27218500427,11366.516141505595,10.903101702761857,7.268231974726565,0.9754566611862527,0.48195761497152995
SGD_EPS_INSENSITIVE_BLOCKWISE_RFF,"(1, 2, 3, 12)","{'spatial_gamma': 0.05, 'spatial_n_components': 150, 'temporal_gammas': (0.05, 0.1, 0.2), 'temporal_n_components': 150, 'alpha': 0.0001, 'epsilon': 0.01}",5,25431.861862194513,11088.308571678113,34938.609857075026,10668.64863395577,10.975333883490022,6.964509267694097,1.0066557175954522,0.42787872616388783
SGD_EPS_INSENSITIVE_BLOCKWISE_RFF,"(1, 2, 12, 24)","{'spatial_gamma': 0.05, 'spatial_n_components': 150, 'temporal_gammas': (0.05, 0.1, 0.2), 'temporal_n_components': 150, 'alpha': 0.0001, 'epsilon': 0.01}",5,26206.144798575675,10402.437262308511,34977.14288945677,9673.706838768083,10.801181089352449,6.168590333992722,0.9884679588740981,0.43518701202138454
SGD_EPS_INSENSITIVE_BLOCKWISE_RFF,"(1, 2, 3, 12, 24)","{'spatial_gamma': 0.05, 'spatial_n_components': 300, 'temporal_gammas': (0.05, 0.1), 'temporal_n_components': 150, 'alpha': 0.0001, 'epsilon': 0.1}",5,26923.933780756808,14196.39612590609,34983.348625141276,13407.241773606625,11.90379456919192,7.750713601113074,1.016512311711062,0.574495247307161
SGD_EPS_INSENSITIVE_BLOCKWISE_RFF,"(1, 2, 3, 12, 24)","{'spatial_gamma': 0.01, 'spatial_n_components': 150, 'temporal_gammas': (0.05, 0.1), 'temporal_n_components': 150, 'alpha': 0.0001, 'epsilon': 0.01}",5,25580.63985455641,12751.367132768015,34984.89703357201,12326.38087594463,10.45612267506743,6.392370237413818,0.9623715005355438,0.5139871695943489
SGD_EPS_INSENSITIVE_BLOCKWISE_RFF,"(1, 12)","{'spatial_gamma': 0.01, 'spatial_n_components': 150, 'temporal_gammas': (0.05, 0.1), 'temporal_n_components': 150, 'alpha': 1e-05, 'epsilon': 0.1}",5,13275.383398929727,2800.213661864058,34996.17328430918,4857.142660704962,4.856872017688012,1.947736761889955,0.5270820867820631,0.11112596560221975
SGD_EPS_INSENSITIVE_BLOCKWISE_RFF,"(1, 2, 12)","{'spatial_gamma': 0.01, 'spatial_n_components': 150, 'temporal_gammas': (0.05, 0.1), 'temporal_n_components': 150, 'alpha': 1e-06, 'epsilon': 0.01}",5,20763.900737316166,6993.995474963915,34999.18476531196,7734.464592184482,8.450256037470998,4.402795946446768,0.8262454855156596,0.28151286290838984
SGD_EPS_INSENSITIVE_BLOCKWISE_RFF,"(1, 2, 3, 12, 24)","{'spatial_gamma': 0.01, 'spatial_n_components': 150, 'temporal_gammas': (0.05, 0.1), 'temporal_n_components': 150, 'alpha': 1e-05, 'epsilon': 0.01}",5,25672.263204606938,12825.271383092853,35001.967777149526,12282.375847379313,10.544524567618586,6.72464223182407,0.9666638652677945,0.519425026415146
SGD_EPS_INSENSITIVE_BLOCKWISE_RFF,"(1, 2, 3, 4, 5, 6, 12)","{'spatial_gamma': 0.05, 'spatial_n_components': 300, 'temporal_gammas': (0.05, 0.1), 'temporal_n_components': 150, 'alpha': 1e-05, 'epsilon': 0.01}",5,25339.202363831493,9653.20889720503,35007.454642145276,11449.773998902407,11.870478869494573,7.746012817754909,1.0003724221565429,0.3671000404907096
SGD_EPS_INSENSITIVE_BLOCKWISE_RFF,"(1, 2, 3, 12)","{'spatial_gamma': 0.05, 'spatial_n_components': 150, 'temporal_gammas': (0.05, 0.1, 0.2), 'temporal_n_components': 150, 'alpha': 0.0001, 'epsilon': 0.1}",5,24615.29591407176,12814.181880610127,35009.76575261744,12519.200321440465,10.269317090028025,7.363594880011596,0.9755452776957657,0.49850737247938215
SGD_EPS_INSENSITIVE_BLOCKWISE_RFF,"(1, 2, 3, 12)","{'spatial_gamma': 0.05, 'spatial_n_components': 150, 'temporal_gammas': (0.05, 0.1, 0.2), 'temporal_n_components': 150, 'alpha': 1e-05, 'epsilon': 0.01}",5,25013.4758216476,9720.971407840547,35016.62516966284,10053.778190448746,10.64941487643218,6.639419357738016,0.9924704295737949,0.3796013859674681
SGD_EPS_INSENSITIVE_BLOCKWISE_RFF,"(1, 2, 3, 12, 24)","{'spatial_gamma': 0.05, 'spatial_n_components': 150, 'temporal_gammas': (0.05, 0.1), 'temporal_n_components': 150, 'alpha': 1e-05, 'epsilon': 0.01}",5,26660.906088793563,10903.19337001503,35027.6645771267,10667.077820708506,11.269068542188863,6.569025414194777,1.0037387036162466,0.44920822633078306
SGD_EPS_INSENSITIVE_BLOCKWISE_RFF,"(1, 2, 12)","{'spatial_gamma': 0.05, 'spatial_n_components': 150, 'temporal_gammas': (0.05, 0.1, 0.2), 'temporal_n_components': 150, 'alpha': 0.0001, 'epsilon': 0.1}",5,22201.118723829117,6963.625339919669,35043.612229327526,6780.283483699575,8.246067922798199,3.097635824181328,0.878965520128415,0.2667026733527017
SGD_EPS_INSENSITIVE_BLOCKWISE_RFF,"(1, 2, 3, 4, 5, 6, 12, 24)","{'spatial_gamma': 0.01, 'spatial_n_components': 150, 'temporal_gammas': (0.05, 0.1), 'temporal_n_components': 300, 'alpha': 0.0001, 'epsilon': 0.1}",5,26917.780411831936,11051.315291306559,35149.684333187564,10820.3133135165,12.060524256323529,8.261722280682067,1.0115698095199117,0.4534666379141542
SGD_EPS_INSENSITIVE_BLOCKWISE_RFF,"(1, 2, 3, 12)","{'spatial_gamma': 0.01, 'spatial_n_components': 150, 'temporal_gammas': (0.05, 0.1), 'temporal_n_components': 150, 'alpha': 0.0001, 'epsilon': 0.01}",5,24332.404414019733,13095.578965518867,35159.837378510725,10850.781422435088,10.544030228363294,7.3967792425722525,0.9632384896321083,0.507302217047359
SGD_EPS_INSENSITIVE_BLOCKWISE_RFF,"(1, 2, 3, 12, 24)","{'spatial_gamma': 0.01, 'spatial_n_components': 150, 'temporal_gammas': (0.05, 0.1, 0.2), 'temporal_n_components': 150, 'alpha': 0.0001, 'epsilon': 0.01}",5,25902.42525725263,9784.524733399192,35170.091835139225,10119.204891323689,10.957367974625374,6.614605376116596,0.9762671077962264,0.4112375108283878
SGD_EPS_INSENSITIVE_BLOCKWISE_RFF,"(1, 2, 3, 4, 5, 6, 12, 24)","{'spatial_gamma': 0.01, 'spatial_n_components': 150, 'temporal_gammas': (0.05, 0.1), 'temporal_n_components': 150, 'alpha': 1e-06, 'epsilon': 0.01}",5,26012.790225702913,15383.222061034186,35178.65228183265,15088.454377523529,11.442997079879278,9.362632873246177,0.9835404955305552,0.6194814307905512
SGD_EPS_INSENSITIVE_BLOCKWISE_RFF,"(1, 2, 3, 4, 5, 6, 12)","{'spatial_gamma': 0.01, 'spatial_n_components': 150, 'temporal_gammas': (0.05, 0.1, 0.2), 'temporal_n_components': 150, 'alpha': 1e-06, 'epsilon': 0.1}",5,26154.124493254563,13134.117544043498,35221.6145502946,12696.626115857423,10.996441633399495,7.429580204110844,1.033349679293692,0.5063589492710201
SGD_EPS_INSENSITIVE_BLOCKWISE_RFF,"(1, 12, 24)","{'spatial_gamma': 0.05, 'spatial_n_components': 300, 'temporal_gammas': (0.05, 0.1, 0.2), 'temporal_n_components': 150, 'alpha': 1e-06, 'epsilon': 0.01}",5,24780.584875007356,10277.968564240231,35229.83347769171,9571.276084142984,9.92263490309352,5.655137262320243,0.9372596986971564,0.4303233396266507
SGD_EPS_INSENSITIVE_BLOCKWISE_RFF,"(1, 2, 3, 4, 5, 6, 12, 24)","{'spatial_gamma': 0.05, 'spatial_n_components': 150, 'temporal_gammas': (0.05, 0.1, 0.2), 'temporal_n_components': 150, 'alpha': 1e-06, 'epsilon': 0.01}",5,27446.383035871357,13414.022367448635,35275.260335872845,13337.00850830576,12.676370872878246,9.391134183598485,1.0349769227670138,0.5464884963236873
SGD_EPS_INSENSITIVE_BLOCKWISE_RFF,"(1, 2, 12)","{'spatial_gamma': 0.01, 'spatial_n_components': 300, 'temporal_gammas': (0.05, 0.1, 0.2), 'temporal_n_components': 150, 'alpha': 1e-05, 'epsilon': 0.1}",5,21114.41338777307,9288.002424783936,35286.945626248526,10304.907681629034,9.092497443597983,6.899440096565454,0.8380036391565422,0.3620443437027676
SGD_EPS_INSENSITIVE_BLOCKWISE_RFF,"(1, 2, 3, 4, 5, 6, 12)","{'spatial_gamma': 0.05, 'spatial_n_components': 300, 'temporal_gammas': (0.05, 0.1), 'temporal_n_components': 300, 'alpha': 0.0001, 'epsilon': 0.1}",5,25971.557049951694,11303.295437669083,35309.28644561891,11074.699135564602,11.077288052132786,6.900658508796765,1.0264707415124927,0.43404254696259703
SGD_EPS_INSENSITIVE_BLOCKWISE_RFF,"(1, 2, 3, 12, 24)","{'spatial_gamma': 0.05, 'spatial_n_components': 150, 'temporal_gammas': (0.05, 0.1, 0.2), 'temporal_n_components': 150, 'alpha': 0.0001, 'epsilon': 0.01}",5,27368.488216952526,11719.906079593493,35314.36345345549,11677.892722919585,11.665429417304347,6.720825931469756,1.0268819559412765,0.4748957158593799
SGD_EPS_INSENSITIVE_BLOCKWISE_RFF,"(1, 2, 3, 4, 5, 6, 12)","{'spatial_gamma': 0.01, 'spatial_n_components': 300, 'temporal_gammas': (0.05, 0.1), 'temporal_n_components': 150, 'alpha': 0.0001, 'epsilon': 0.01}",5,26652.860886433704,13476.276745324873,35318.98572373524,12598.134819401103,11.726137671478053,8.250201081230344,1.0521084719775577,0.5184965636965033
SGD_EPS_INSENSITIVE_BLOCKWISE_RFF,"(1, 12, 24)","{'spatial_gamma': 0.05, 'spatial_n_components': 300, 'temporal_gammas': (0.05, 0.1, 0.2), 'temporal_n_components': 150, 'alpha': 1e-05, 'epsilon': 0.01}",5,24588.637214273876,8543.509652756744,35345.55367771982,8553.198353970727,10.567478444785651,5.732098659070033,0.9225858311593033,0.3554194347604932
SGD_EPS_INSENSITIVE_BLOCKWISE_RFF,"(1, 2, 3, 12)","{'spatial_gamma': 0.01, 'spatial_n_components': 300, 'temporal_gammas': (0.05, 0.1, 0.2), 'temporal_n_components': 150, 'alpha': 1e-05, 'epsilon': 0.01}",5,24230.76132035498,10010.310036471068,35358.50643231893,12028.161434531648,10.184754157104898,5.523836584765677,0.9579020368095534,0.38512188568557837
SGD_EPS_INSENSITIVE_BLOCKWISE_RFF,"(1, 2, 3, 4, 5, 6, 12)","{'spatial_gamma': 0.05, 'spatial_n_components': 150, 'temporal_gammas': (0.05, 0.1, 0.2), 'temporal_n_components': 150, 'alpha': 1e-06, 'epsilon': 0.01}",5,27912.66504316104,13893.02738039027,35401.97342173216,14091.565172262937,12.677420630344397,8.815506614095362,1.103928640167157,0.53771989459511
SGD_EPS_INSENSITIVE_BLOCKWISE_RFF,"(1, 2, 3, 4, 5, 6, 12)","{'spatial_gamma': 0.05, 'spatial_n_components': 300, 'temporal_gammas': (0.05, 0.1, 0.2), 'temporal_n_components': 150, 'alpha': 0.0001, 'epsilon': 0.01}",5,27548.39326952093,13309.171260067613,35407.97582787627,14310.119576993691,11.894434940503274,7.150944139357265,1.089285299204532,0.5133206965840178
SGD_EPS_INSENSITIVE_BLOCKWISE_RFF,"(1, 12, 24)","{'spatial_gamma': 0.01, 'spatial_n_components': 150, 'temporal_gammas': (0.05, 0.1, 0.2), 'temporal_n_components': 150, 'alpha': 1e-06, 'epsilon': 0.1}",5,24299.608486463687,9899.102627934784,35429.840141495624,8683.344972359298,10.817138081872667,7.7096910231062745,0.9144357862004086,0.4090185508413254
SGD_EPS_INSENSITIVE_BLOCKWISE_RFF,"(1, 2, 12, 24)","{'spatial_gamma': 0.01, 'spatial_n_components': 150, 'temporal_gammas': (0.05, 0.1, 0.2), 'temporal_n_components': 150, 'alpha': 1e-05, 'epsilon': 0.1}",5,26148.446639067046,11497.376455015767,35441.36571927609,10683.63150416521,10.648708105285156,6.297605153810295,0.9841412481600624,0.47029659966967724
SGD_EPS_INSENSITIVE_BLOCKWISE_RFF,"(1, 2, 3, 12)","{'spatial_gamma': 0.01, 'spatial_n_components': 300, 'temporal_gammas': (0.05, 0.1, 0.2), 'temporal_n_components': 150, 'alpha': 1e-06, 'epsilon': 0.1}",5,25415.589754728866,8185.105834737585,35442.70828333515,7653.606755887087,10.460696327555842,4.533505821769726,1.0045252577797528,0.310062507168421
SGD_EPS_INSENSITIVE_BLOCKWISE_RFF,"(1, 2, 3, 12, 24)","{'spatial_gamma': 0.05, 'spatial_n_components': 300, 'temporal_gammas': (0.05, 0.1, 0.2), 'temporal_n_components': 150, 'alpha': 1e-05, 'epsilon': 0.1}",5,26687.337456558376,11681.257994405412,35443.40331768859,11974.679474842,11.338120773644738,5.928818750155694,1.0072725125645348,0.4826020775779463
SGD_EPS_INSENSITIVE_BLOCKWISE_RFF,"(1, 2, 12, 24)","{'spatial_gamma': 0.01, 'spatial_n_components': 150, 'temporal_gammas': (0.05, 0.1, 0.2), 'temporal_n_components': 150, 'alpha': 1e-06, 'epsilon': 0.1}",5,25452.248361736038,10760.95845022746,35461.280018562815,10498.70571479592,10.603100428329094,6.4771407948190935,0.9595955273215925,0.44523291701676887
SGD_EPS_INSENSITIVE_BLOCKWISE_RFF,"(1, 2, 3, 4, 5, 6, 12, 24)","{'spatial_gamma': 0.05, 'spatial_n_components': 300, 'temporal_gammas': (0.05, 0.1), 'temporal_n_components': 300, 'alpha': 0.0001, 'epsilon': 0.1}",5,27032.304528921573,10090.446403656868,35470.32779681449,9562.00899226991,11.509895228308732,5.898540079558437,1.0169146627608965,0.4181991517644313
SGD_EPS_INSENSITIVE_BLOCKWISE_RFF,"(1, 12, 24)","{'spatial_gamma': 0.05, 'spatial_n_components': 300, 'temporal_gammas': (0.05, 0.1), 'temporal_n_components': 150, 'alpha': 1e-05, 'epsilon': 0.01}",5,25228.25691936209,9086.418849707914,35482.13251920355,8384.631597955917,9.788442762300289,4.2676433369849365,0.9449728614513612,0.37420947983504044
SGD_EPS_INSENSITIVE_BLOCKWISE_RFF,"(1, 2, 3, 4, 5, 6, 12)","{'spatial_gamma': 0.01, 'spatial_n_components': 300, 'temporal_gammas': (0.05, 0.1), 'temporal_n_components': 300, 'alpha': 1e-05, 'epsilon': 0.1}",5,26326.318651142676,9779.761889067593,35486.13252304414,9711.984545401407,11.633101004245274,7.189328982541942,1.0457611446761197,0.3839741460767051
SGD_EPS_INSENSITIVE_BLOCKWISE_RFF,"(1, 2, 3, 12, 24)","{'spatial_gamma': 0.01, 'spatial_n_components': 300, 'temporal_gammas': (0.05, 0.1, 0.2), 'temporal_n_components': 150, 'alpha': 0.0001, 'epsilon': 0.1}",5,26797.937344353762,14724.763092952924,35524.779601770766,14737.465724908987,13.053756125796511,10.76817262628417,1.0158118726985597,0.5992203098145024
SGD_EPS_INSENSITIVE_BLOCKWISE_RFF,"(1, 12, 24)","{'spatial_gamma': 0.01, 'spatial_n_components': 150, 'temporal_gammas': (0.05, 0.1, 0.2), 'temporal_n_components': 150, 'alpha': 1e-06, 'epsilon': 0.01}",5,23210.102685418347,6899.705140108974,35556.5553238335,6740.554881360494,8.838543183737569,2.892371328758515,0.8695620676578943,0.29135499512050095
SGD_EPS_INSENSITIVE_BLOCKWISE_RFF,"(1, 2, 3, 12)","{'spatial_gamma': 0.05, 'spatial_n_components': 300, 'temporal_gammas': (0.05, 0.1), 'temporal_n_components': 300, 'alpha': 1e-06, 'epsilon': 0.1}",5,24192.74103587019,8516.180135666404,35601.72494693787,8759.431989180675,9.24609602343836,3.9049400651876316,0.957664188070458,0.32734743819718615
SGD_EPS_INSENSITIVE_BLOCKWISE_RFF,"(1, 2, 12, 24)","{'spatial_gamma': 0.05, 'spatial_n_components': 300, 'temporal_gammas': (0.05, 0.1), 'temporal_n_components': 150, 'alpha': 0.0001, 'epsilon': 0.01}",5,26483.37970793836,11033.51808771038,35644.23384217386,10538.032692474762,11.19686379233095,6.525462849827559,0.9931945925901386,0.44882037277853515
SGD_EPS_INSENSITIVE_BLOCKWISE_RFF,"(1, 2, 3, 12, 24)","{'spatial_gamma': 0.05, 'spatial_n_components': 150, 'temporal_gammas': (0.05, 0.1, 0.2), 'temporal_n_components': 150, 'alpha': 1e-06, 'epsilon': 0.01}",5,27489.272568213695,14403.361041868015,35651.1610653778,14967.033155771773,13.07538074278835,10.412930042710094,1.0429922117170105,0.5889081956722033
SGD_EPS_INSENSITIVE_BLOCKWISE_RFF,"(1, 2, 3, 4, 5, 6, 12, 24)","{'spatial_gamma': 0.01, 'spatial_n_components': 300, 'temporal_gammas': (0.05, 0.1, 0.2), 'temporal_n_components': 150, 'alpha': 1e-06, 'epsilon': 0.1}",5,26786.845219401694,14148.32953956449,35661.53568244561,14946.062286826958,12.093145238584766,9.077063617394774,1.0122427848852547,0.5744661504730127
SGD_EPS_INSENSITIVE_BLOCKWISE_RFF,"(1, 2, 12, 24)","{'spatial_gamma': 0.05, 'spatial_n_components': 300, 'temporal_gammas': (0.05, 0.1, 0.2), 'temporal_n_components': 150, 'alpha': 1e-06, 'epsilon': 0.1}",5,25896.818226598625,14839.017665891974,35672.78037224532,15270.51503342177,13.160786912727655,12.231525996860352,0.9775058448309378,0.5975955146146423
SGD_EPS_INSENSITIVE_BLOCKWISE_RFF,"(1, 2, 3, 4, 5, 6, 12, 24)","{'spatial_gamma': 0.05, 'spatial_n_components': 300, 'temporal_gammas': (0.05, 0.1, 0.2), 'temporal_n_components': 150, 'alpha': 0.0001, 'epsilon': 0.1}",5,27131.56346700939,13375.80254237566,35674.95208626478,13592.28053689167,12.230531836235452,8.211904594049724,1.0259885141550589,0.547178568950278
SGD_EPS_INSENSITIVE_BLOCKWISE_RFF,"(1, 2, 12)","{'spatial_gamma': 0.01, 'spatial_n_components': 150, 'temporal_gammas': (0.05, 0.1, 0.2), 'temporal_n_components': 150, 'alpha': 1e-06, 'epsilon': 0.1}",5,21418.52687472516,8911.277878362838,35698.43137062328,9211.949952538474,8.185734864639105,5.217676735273271,0.8494182406739166,0.3462680699953159
SGD_EPS_INSENSITIVE_BLOCKWISE_RFF,"(1, 2, 3, 4, 5, 6, 12)","{'spatial_gamma': 0.01, 'spatial_n_components': 150, 'temporal_gammas': (0.05, 0.1, 0.2), 'temporal_n_components': 150, 'alpha': 0.0001, 'epsilon': 0.1}",5,26790.719300458022,13954.671108549828,35707.567789286026,14055.48132313915,11.551000334911375,7.839479354073725,1.0587089380936003,0.5388009192314553
SGD_EPS_INSENSITIVE_BLOCKWISE_RFF,"(1, 2, 3, 4, 5, 6, 12, 24)","{'spatial_gamma': 0.05, 'spatial_n_components': 150, 'temporal_gammas': (0.05, 0.1), 'temporal_n_components': 300, 'alpha': 0.0001, 'epsilon': 0.1}",5,26783.99050713739,11522.562752918348,35722.63113771468,10782.753272884394,11.224688117197193,7.236578241619832,1.008530219266103,0.4733106891032186
SGD_EPS_INSENSITIVE_BLOCKWISE_RFF,"(1, 2, 12, 24)","{'spatial_gamma': 0.01, 'spatial_n_components': 300, 'temporal_gammas': (0.05, 0.1, 0.2), 'temporal_n_components': 150, 'alpha': 0.0001, 'epsilon': 0.1}",5,26869.712538942324,12208.362829432403,35731.51190019277,11121.253289762197,11.423987826403982,7.379829629334812,1.0133108084393982,0.5005133322241526
SGD_EPS_INSENSITIVE_BLOCKWISE_RFF,"(1, 2, 3, 12)","{'spatial_gamma': 0.01, 'spatial_n_components': 150, 'temporal_gammas': (0.05, 0.1, 0.2), 'temporal_n_components': 150, 'alpha': 1e-05, 'epsilon': 0.01}",5,24301.2201487426,8677.931772608332,35765.69236078259,7715.925417314453,10.031828223744437,5.074241570833789,0.9606973448304267,0.331045135984195
SGD_EPS_INSENSITIVE_BLOCKWISE_RFF,"(1, 2, 12)","{'spatial_gamma': 0.05, 'spatial_n_components': 300, 'temporal_gammas': (0.05, 0.1, 0.2), 'temporal_n_components': 150, 'alpha': 1e-05, 'epsilon': 0.1}",5,22411.486044571375,6488.987653387191,35777.700040519216,7584.882117016685,8.646133806960405,3.4208418981142175,0.8898230589090941,0.2540388654492174
SGD_EPS_INSENSITIVE_BLOCKWISE_RFF,"(1, 2, 3, 4, 5, 6, 12)","{'spatial_gamma': 0.01, 'spatial_n_components': 300, 'temporal_gammas': (0.05, 0.1, 0.2), 'temporal_n_components': 150, 'alpha': 1e-06, 'epsilon': 0.1}",5,26780.838120251592,12565.686732633274,35797.79238417912,13441.758857025306,12.0212911173162,7.539163095065842,1.0543981485980969,0.4789293266258506
SGD_EPS_INSENSITIVE_BLOCKWISE_RFF,"(1, 2, 3, 12, 24)","{'spatial_gamma': 0.01, 'spatial_n_components': 150, 'temporal_gammas': (0.05, 0.1), 'temporal_n_components': 150, 'alpha': 0.0001, 'epsilon': 0.1}",5,24891.58131201627,11964.969387005225,35799.509899693345,10267.813307856128,11.1422432998425,8.287719080410993,0.9364109749376214,0.4850070014757905
SGD_EPS_INSENSITIVE_BLOCKWISE_RFF,"(1, 2, 3, 4, 5, 6, 12)","{'spatial_gamma': 0.05, 'spatial_n_components': 150, 'temporal_gammas': (0.05, 0.1), 'temporal_n_components': 150, 'alpha': 1e-05, 'epsilon': 0.01}",5,27477.601836889797,13392.323370886972,35802.33713957215,13620.740655320942,11.938608933839461,8.476821724605632,1.0842694276124951,0.5143405081124078
SGD_EPS_INSENSITIVE_BLOCKWISE_RFF,"(1, 2, 3, 12)","{'spatial_gamma': 0.05, 'spatial_n_components': 150, 'temporal_gammas': (0.05, 0.1, 0.2), 'temporal_n_components': 150, 'alpha': 1e-06, 'epsilon': 0.01}",5,24790.20263845403,8874.52463540007,35855.84496572423,10051.46540420002,9.912266151387971,4.641298418512467,0.9790691172479274,0.33559593426877926
SGD_EPS_INSENSITIVE_BLOCKWISE_RFF,"(1, 2, 3, 4, 5, 6, 12, 24)","{'spatial_gamma': 0.05, 'spatial_n_components': 300, 'temporal_gammas': (0.05, 0.1, 0.2), 'temporal_n_components': 150, 'alpha': 1e-05, 'epsilon': 0.1}",5,27544.695552478282,15644.643383625349,35861.7824744977,15457.10050206176,12.19792980606849,9.031756217003558,1.041220047455356,0.6315863054741349
SGD_EPS_INSENSITIVE_BLOCKWISE_RFF,"(1, 2, 3, 4, 5, 6, 12, 24)","{'spatial_gamma': 0.01, 'spatial_n_components': 150, 'temporal_gammas': (0.05, 0.1, 0.2), 'temporal_n_components': 150, 'alpha': 1e-06, 'epsilon': 0.01}",5,27740.565528528183,15562.940173438912,35886.94678127959,15980.564821568609,12.952561655544082,10.254833674305049,1.0457304170359472,0.6262577084567995
SGD_EPS_INSENSITIVE_BLOCKWISE_RFF,"(1, 2, 3, 4, 5, 6, 12)","{'spatial_gamma': 0.01, 'spatial_n_components': 300, 'temporal_gammas': (0.05, 0.1), 'temporal_n_components': 300, 'alpha': 1e-06, 'epsilon': 0.1}",5,26575.102690080046,11650.024193467969,35912.33385605663,10768.313097980257,11.075903729325665,6.781990480929524,1.0494658356746662,0.44653223493930216
SGD_EPS_INSENSITIVE_BLOCKWISE_RFF,"(1, 2, 3, 4, 5, 6, 12, 24)","{'spatial_gamma': 0.01, 'spatial_n_components': 150, 'temporal_gammas': (0.05, 0.1), 'temporal_n_components': 150, 'alpha': 0.0001, 'epsilon': 0.01}",5,27311.064677062175,17327.174170084898,35923.805011335455,17061.03554415829,12.130615858607195,10.385834363170249,1.037841234939915,0.6981994917507388
SGD_EPS_INSENSITIVE_BLOCKWISE_RFF,"(1, 2, 3, 12)","{'spatial_gamma': 0.01, 'spatial_n_components': 300, 'temporal_gammas': (0.05, 0.1), 'temporal_n_components': 300, 'alpha': 1e-05, 'epsilon': 0.1}",5,24298.6558244255,10070.792199438389,35928.1269173964,10116.872429588817,10.143445668517819,6.04248442741663,0.9655298103290415,0.39509995364800454
SGD_EPS_INSENSITIVE_BLOCKWISE_RFF,"(1, 2, 12, 24)","{'spatial_gamma': 0.05, 'spatial_n_components': 150, 'temporal_gammas': (0.05, 0.1), 'temporal_n_components': 150, 'alpha': 0.0001, 'epsilon': 0.01}",5,27619.509307225322,14278.211139765486,35936.85809063916,14063.648956097388,11.671640558899423,7.6107406300103,1.0402818042544753,0.5764005752565443
SGD_EPS_INSENSITIVE_BLOCKWISE_RFF,"(1, 12, 24)","{'spatial_gamma': 0.01, 'spatial_n_components': 300, 'temporal_gammas': (0.05, 0.1, 0.2), 'temporal_n_components': 150, 'alpha': 1e-06, 'epsilon': 0.1}",5,25325.253679049347,12341.629676378232,35971.846885078296,11026.945918811132,10.745524955656197,7.890821351293541,0.9515823368813464,0.49900690672748366
SGD_EPS_INSENSITIVE_BLOCKWISE_RFF,"(1, 2, 3, 12, 24)","{'spatial_gamma': 0.01, 'spatial_n_components': 300, 'temporal_gammas': (0.05, 0.1, 0.2), 'temporal_n_components': 150, 'alpha': 1e-06, 'epsilon': 0.1}",5,27655.93360693166,12015.423430256795,35971.971238850114,12341.54031042187,12.414210432840958,7.652123867557982,1.0437482159370934,0.49678407316774786
SGD_EPS_INSENSITIVE_BLOCKWISE_RFF,"(1, 12, 24)","{'spatial_gamma': 0.05, 'spatial_n_components': 300, 'temporal_gammas': (0.05, 0.1), 'temporal_n_components': 150, 'alpha': 0.0001, 'epsilon': 0.01}",5,25690.960062678543,12046.196196597833,35974.59194773327,10718.695622995592,11.08540426526098,6.957043875647743,0.9640125375517066,0.48476176244642294
SGD_EPS_INSENSITIVE_BLOCKWISE_RFF,"(1, 12, 24)","{'spatial_gamma': 0.01, 'spatial_n_components': 300, 'temporal_gammas': (0.05, 0.1), 'temporal_n_components': 150, 'alpha': 0.0001, 'epsilon': 0.01}",5,25133.25681716088,12129.807722935488,35983.075174236335,11365.72572218357,11.863393880207898,8.659150424098254,0.9440688509330822,0.4881030224920342
SGD_EPS_INSENSITIVE_BLOCKWISE_RFF,"(1, 2, 3, 4, 5, 6, 12)","{'spatial_gamma': 0.01, 'spatial_n_components': 150, 'temporal_gammas': (0.05, 0.1), 'temporal_n_components': 300, 'alpha': 0.0001, 'epsilon': 0.1}",5,26313.56026975091,10446.738067358583,35987.15107901131,10174.893118798598,11.462520290185761,6.645576134515317,1.041070995686895,0.40153804610797017
SGD_EPS_INSENSITIVE_BLOCKWISE_RFF,"(1, 12, 24)","{'spatial_gamma': 0.01, 'spatial_n_components': 150, 'temporal_gammas': (0.05, 0.1, 0.2), 'temporal_n_components': 150, 'alpha': 1e-05, 'epsilon': 0.01}",5,24234.261935540748,6728.830174377301,35997.21867611866,6664.17149127338,9.846196081180334,4.2296331495359105,0.9075795715208249,0.2822497503480791
SGD_EPS_INSENSITIVE_BLOCKWISE_RFF,"(1, 2, 3, 12)","{'spatial_gamma': 0.05, 'spatial_n_components': 150, 'temporal_gammas': (0.05, 0.1), 'temporal_n_components': 300, 'alpha': 0.0001, 'epsilon': 0.01}",5,22470.431882739904,4671.781330409777,36037.45014730729,6824.93139621891,8.929858982229419,2.9710183570858986,0.8908123028091233,0.18118828773444512
SGD_EPS_INSENSITIVE_BLOCKWISE_RFF,"(1, 2, 3, 12, 24)","{'spatial_gamma': 0.05, 'spatial_n_components': 300, 'temporal_gammas': (0.05, 0.1), 'temporal_n_components': 150, 'alpha': 1e-05, 'epsilon': 0.01}",5,28319.401893911505,14537.907619968884,36038.187767136245,14963.685350306985,13.0363623403553,9.252507795922957,1.0695920598953474,0.5902534557655481
SGD_EPS_INSENSITIVE_BLOCKWISE_RFF,"(1, 2, 12, 24)","{'spatial_gamma': 0.01, 'spatial_n_components': 300, 'temporal_gammas': (0.05, 0.1), 'temporal_n_components': 300, 'alpha': 1e-05, 'epsilon': 0.1}",5,24686.160186998794,9981.132763467343,36042.54179714746,9473.391362465354,10.478717613214434,6.150089121331347,0.9299137324862505,0.4141080234733844
SGD_EPS_INSENSITIVE_BLOCKWISE_RFF,"(1, 2, 3, 12, 24)","{'spatial_gamma': 0.05, 'spatial_n_components': 150, 'temporal_gammas': (0.05, 0.1), 'temporal_n_components': 300, 'alpha': 0.0001, 'epsilon': 0.1}",5,26952.283273509493,12391.868741974267,36062.24295759971,12480.642217253477,11.296738075296936,6.760606710458007,1.0108263491295562,0.5005306247268284
SGD_EPS_INSENSITIVE_BLOCKWISE_RFF,"(1, 2, 12)","{'spatial_gamma': 0.01, 'spatial_n_components': 150, 'temporal_gammas': (0.05, 0.1), 'temporal_n_components': 150, 'alpha': 1e-05, 'epsilon': 0.01}",5,21383.706636461175,8970.753057764374,36063.85630689708,8555.79443841268,8.537304381830607,4.419954420223526,0.8462576113050456,0.34556537449174407
SGD_EPS_INSENSITIVE_BLOCKWISE_RFF,"(1, 2, 12, 24)","{'spatial_gamma': 0.05, 'spatial_n_components': 150, 'temporal_gammas': (0.05, 0.1, 0.2), 'temporal_n_components': 150, 'alpha': 1e-06, 'epsilon': 0.1}",5,26727.185873813367,13057.712373482464,36065.08993708664,11607.696798602976,11.482082531317596,8.718354066210882,1.0048910189682723,0.5279435312073438
SGD_EPS_INSENSITIVE_BLOCKWISE_RFF,"(1, 12, 24)","{'spatial_gamma': 0.05, 'spatial_n_components': 150, 'temporal_gammas': (0.05, 0.1, 0.2), 'temporal_n_components': 150, 'alpha': 1e-06, 'epsilon': 0.01}",5,24283.72526182985,4353.549959545891,36109.19692799355,2473.3552851547524,9.67845936084847,2.9823425338268432,0.898885748251635,0.1624696784778498
SGD_EPS_INSENSITIVE_BLOCKWISE_RFF,"(1, 12)","{'spatial_gamma': 0.05, 'spatial_n_components': 300, 'temporal_gammas': (0.05, 0.1), 'temporal_n_components': 150, 'alpha': 1e-05, 'epsilon': 0.1}",5,15630.372267712086,4030.370957189034,36113.59246131077,6538.067059681027,5.476595165769792,1.71396229994706,0.6209177127679032,0.16143970199007807
SGD_EPS_INSENSITIVE_BLOCKWISE_RFF,"(1, 2, 3, 4, 5, 6, 12, 24)","{'spatial_gamma': 0.05, 'spatial_n_components': 300, 'temporal_gammas': (0.05, 0.1), 'temporal_n_components': 300, 'alpha': 1e-05, 'epsilon': 0.1}",5,27943.662059842078,15471.629072401045,36135.372940047695,15242.324842332133,12.438707224268592,9.513946173760841,1.052947597843427,0.6230257902596334
SGD_EPS_INSENSITIVE_BLOCKWISE_RFF,"(1, 12, 24)","{'spatial_gamma': 0.01, 'spatial_n_components': 300, 'temporal_gammas': (0.05, 0.1), 'temporal_n_components': 150, 'alpha': 1e-05, 'epsilon': 0.01}",5,25262.259099970168,11759.786077879266,36137.830616374675,11407.24138357345,10.90346640216466,7.55222252686133,0.9523840148844995,0.4806460196869379
SGD_EPS_INSENSITIVE_BLOCKWISE_RFF,"(1, 2, 3, 12)","{'spatial_gamma': 0.05, 'spatial_n_components': 150, 'temporal_gammas': (0.05, 0.1), 'temporal_n_components': 300, 'alpha': 1e-06, 'epsilon': 0.1}",5,24116.327747674957,9771.137684209427,36147.22718894555,8664.608653521655,9.626144837564684,5.968088087760266,0.9531216052728826,0.3750283331456793
SGD_EPS_INSENSITIVE_BLOCKWISE_RFF,"(1, 2, 12, 24)","{'spatial_gamma': 0.05, 'spatial_n_components': 150, 'temporal_gammas': (0.05, 0.1), 'temporal_n_components': 300, 'alpha': 1e-06, 'epsilon': 0.01}",5,26105.721115564324,8828.908771848352,36173.78249315252,8761.670107549751,11.068178502503264,5.165142786135013,0.9812174788981496,0.3724480998992866
SGD_EPS_INSENSITIVE_BLOCKWISE_RFF,"(1, 2, 3, 12, 24)","{'spatial_gamma': 0.01, 'spatial_n_components': 150, 'temporal_gammas': (0.05, 0.1), 'temporal_n_components': 300, 'alpha': 1e-05, 'epsilon': 0.1}",5,26001.955588298835,14865.018482632173,36174.19171080329,14061.188658292966,11.174767178866489,9.065467860456982,0.9810879490445311,0.5985238252624049
SGD_EPS_INSENSITIVE_BLOCKWISE_RFF,"(1, 2, 12, 24)","{'spatial_gamma': 0.01, 'spatial_n_components': 150, 'temporal_gammas': (0.05, 0.1), 'temporal_n_components': 150, 'alpha': 0.0001, 'epsilon': 0.1}",5,26540.00848715404,14538.74045528222,36184.781345703625,13640.231210906397,11.146935010514081,8.693414802806368,0.9937095261944229,0.5789468126334163
SGD_EPS_INSENSITIVE_BLOCKWISE_RFF,"(1, 2, 12, 24)","{'spatial_gamma': 0.05, 'spatial_n_components': 300, 'temporal_gammas': (0.05, 0.1, 0.2), 'temporal_n_components': 150, 'alpha': 1e-06, 'epsilon': 0.01}",5,27239.882289640802,12774.578288593031,36188.025670619434,12074.80038019077,12.341768621363842,8.50307719766186,1.0280550696051336,0.5234280715452114
SGD_EPS_INSENSITIVE_BLOCKWISE_RFF,"(1, 2, 12)","{'spatial_gamma': 0.01, 'spatial_n_components': 150, 'temporal_gammas': (0.05, 0.1, 0.2), 'temporal_n_components': 150, 'alpha': 0.0001, 'epsilon': 0.01}",5,20950.614899196935,5421.888679856979,36201.86977196841,7429.772929035972,8.414129595596698,3.29233655830281,0.8321382650280323,0.21812096733409703
SGD_EPS_INSENSITIVE_BLOCKWISE_RFF,"(1, 2, 3, 4, 5, 6, 12)","{'spatial_gamma': 0.05, 'spatial_n_components': 150, 'temporal_gammas': (0.05, 0.1), 'temporal_n_components': 300, 'alpha': 1e-06, 'epsilon': 0.1}",5,27189.080970207637,11041.688614151226,36210.55597677613,11281.23116824946,11.823016500587677,6.597387251925326,1.0737689338520988,0.42005378837410406
SGD_EPS_INSENSITIVE_BLOCKWISE_RFF,"(1, 12, 24)","{'spatial_gamma': 0.01, 'spatial_n_components': 150, 'temporal_gammas': (0.05, 0.1, 0.2), 'temporal_n_components': 150, 'alpha': 0.0001, 'epsilon': 0.01}",5,24185.397434716786,5649.439224060266,36216.05273188891,5541.6722549520555,9.89496934158257,4.379731455613596,0.903467515596858,0.24264330676195964
SGD_EPS_INSENSITIVE_BLOCKWISE_RFF,"(1, 2, 3, 4, 5, 6, 12)","{'spatial_gamma': 0.05, 'spatial_n_components': 300, 'temporal_gammas': (0.05, 0.1), 'temporal_n_components': 300, 'alpha': 1e-05, 'epsilon': 0.1}",5,27006.545207528805,14363.054621797637,36233.13226959085,14413.885121236042,11.376758787262855,7.616778962563518,1.068470783854849,0.5558472821298018
SGD_EPS_INSENSITIVE_BLOCKWISE_RFF,"(1, 12)","{'spatial_gamma': 0.05, 'spatial_n_components': 150, 'temporal_gammas': (0.05, 0.1), 'temporal_n_components': 150, 'alpha': 1e-05, 'epsilon': 0.1}",5,15764.047245671565,3278.560688766954,36242.971997784065,3994.5834115958196,5.770380376624954,2.2153130987178877,0.6234022533387144,0.11979007747310917
SGD_EPS_INSENSITIVE_BLOCKWISE_RFF,"(1, 2, 3, 12, 24)","{'spatial_gamma': 0.05, 'spatial_n_components': 300, 'temporal_gammas': (0.05, 0.1, 0.2), 'temporal_n_components': 150, 'alpha': 1e-06, 'epsilon': 0.01}",5,27138.321948957804,13010.1483693131,36255.06838550179,13384.627578426174,11.273487334189083,6.7073920369194875,1.024223400861721,0.5291433907330709
SGD_EPS_INSENSITIVE_BLOCKWISE_RFF,"(1, 2, 3, 4, 5, 6, 12, 24)","{'spatial_gamma': 0.01, 'spatial_n_components': 300, 'temporal_gammas': (0.05, 0.1, 0.2), 'temporal_n_components': 150, 'alpha': 1e-05, 'epsilon': 0.1}",5,27513.97209631325,13331.457282995536,36276.93770092415,13976.926755913106,12.494452707355425,8.56053889874977,1.0367048393807,0.538975190525486
SGD_EPS_INSENSITIVE_BLOCKWISE_RFF,"(1, 2, 3, 4, 5, 6, 12)","{'spatial_gamma': 0.05, 'spatial_n_components': 150, 'temporal_gammas': (0.05, 0.1, 0.2), 'temporal_n_components': 150, 'alpha': 1e-05, 'epsilon': 0.01}",5,28265.089310500356,11660.979606171217,36315.5424783816,11160.272502275808,12.43634721922312,7.63982307991493,1.1188629606616518,0.44936571549412924
SGD_EPS_INSENSITIVE_BLOCKWISE_RFF,"(1, 2, 3, 12)","{'spatial_gamma': 0.05, 'spatial_n_components': 300, 'temporal_gammas': (0.05, 0.1), 'temporal_n_components': 150, 'alpha': 1e-06, 'epsilon': 0.01}",5,26715.493810831464,8199.89938815836,36318.55681010817,8418.185994466514,12.51810849409395,6.212324507024422,1.0608505363861525,0.32214994976756695
SGD_EPS_INSENSITIVE_BLOCKWISE_RFF,"(1, 12, 24)","{'spatial_gamma': 0.05, 'spatial_n_components': 300, 'temporal_gammas': (0.05, 0.1), 'temporal_n_components': 150, 'alpha': 1e-06, 'epsilon': 0.01}",5,25723.169361196524,12163.68653229658,36331.30802418093,10918.351244143,10.771306478413923,6.374379200612294,0.9670055684913421,0.4937768650027397
SGD_EPS_INSENSITIVE_BLOCKWISE_RFF,"(1, 2, 12, 24)","{'spatial_gamma': 0.01, 'spatial_n_components': 300, 'temporal_gammas': (0.05, 0.1), 'temporal_n_components': 150, 'alpha': 1e-06, 'epsilon': 0.1}",5,26347.989946141606,13114.203929542531,36341.39283077673,11886.483561027451,11.413377301729229,8.089310668553741,0.9925005321331554,0.5314040719737034
SGD_EPS_INSENSITIVE_BLOCKWISE_RFF,"(1, 2, 3, 4, 5, 6, 12, 24)","{'spatial_gamma': 0.01, 'spatial_n_components': 150, 'temporal_gammas': (0.05, 0.1, 0.2), 'temporal_n_components': 150, 'alpha': 1e-05, 'epsilon': 0.01}",5,27662.089999938435,14595.550320394343,36345.38930891683,14565.208658272324,12.64653511269778,9.979563862908105,1.0432197458215853,0.5897431329844349
SGD_EPS_INSENSITIVE_BLOCKWISE_RFF,"(1, 2, 3, 4, 5, 6, 12, 24)","{'spatial_gamma': 0.05, 'spatial_n_components': 300, 'temporal_gammas': (0.05, 0.1), 'temporal_n_components': 300, 'alpha': 1e-06, 'epsilon': 0.1}",5,27912.10956079966,13139.116549106242,36366.856331486764,12758.279889345698,12.131115032950524,7.8288169330792625,1.0519221955956402,0.5366468503558691
SGD_EPS_INSENSITIVE_BLOCKWISE_RFF,"(1, 2, 12)","{'spatial_gamma': 0.05, 'spatial_n_components': 300, 'temporal_gammas': (0.05, 0.1), 'temporal_n_components': 150, 'alpha': 1e-06, 'epsilon': 0.1}",5,23815.88057344663,9886.835948733033,36371.8040405309,8800.675072619619,9.665592154883708,5.5538441356428105,0.9447955190526368,0.3853396436645884
SGD_EPS_INSENSITIVE_BLOCKWISE_RFF,"(1, 12, 24)","{'spatial_gamma': 0.01, 'spatial_n_components': 300, 'temporal_gammas': (0.05, 0.1, 0.2), 'temporal_n_components': 150, 'alpha': 0.0001, 'epsilon': 0.1}",5,25885.439050406643,11739.691064938499,36379.369977621776,10652.07000644364,11.131615566069312,7.583260476146652,0.9698623340647214,0.4730377629129074
SGD_EPS_INSENSITIVE_BLOCKWISE_RFF,"(1, 12)","{'spatial_gamma': 0.05, 'spatial_n_components': 300, 'temporal_gammas': (0.05, 0.1), 'temporal_n_components': 150, 'alpha': 0.0001, 'epsilon': 0.1}",5,15922.428503740066,4243.201842731638,36392.71207339873,4465.122570352623,5.494032524627302,1.9681381831570153,0.631048697909093,0.16330605694869216
SGD_EPS_INSENSITIVE_BLOCKWISE_RFF,"(1, 2, 3, 12, 24)","{'spatial_gamma': 0.05, 'spatial_n_components': 300, 'temporal_gammas': (0.05, 0.1, 0.2), 'temporal_n_components': 150, 'alpha': 0.0001, 'epsilon': 0.1}",5,28018.538430871966,12426.505670304809,36408.41164898583,11929.083881964858,12.118973013569924,8.115798922097634,1.0519818135619472,0.5056067852672979
SGD_EPS_INSENSITIVE_BLOCKWISE_RFF,"(1, 2, 3, 12, 24)","{'spatial_gamma': 0.01, 'spatial_n_components': 300, 'temporal_gammas': (0.05, 0.1, 0.2), 'temporal_n_components': 150, 'alpha': 1e-05, 'epsilon': 0.1}",5,27404.998403583442,12186.444821338055,36409.57723505721,12529.772328035155,12.446585731876677,7.713296170713769,1.0271775513847277,0.48884302391348994
SGD_EPS_INSENSITIVE_BLOCKWISE_RFF,"(1, 2, 12)","{'spatial_gamma': 0.05, 'spatial_n_components': 150, 'temporal_gammas': (0.05, 0.1, 0.2), 'temporal_n_components': 150, 'alpha': 1e-06, 'epsilon': 0.1}",5,23394.638031712802,11182.893489518967,36446.92707046731,9959.775245652729,8.869224844697285,5.672796379641314,0.923762749136654,0.4306708748319334
SGD_EPS_INSENSITIVE_BLOCKWISE_RFF,"(1, 12)","{'spatial_gamma': 0.01, 'spatial_n_components': 150, 'temporal_gammas': (0.05, 0.1), 'temporal_n_components': 150, 'alpha': 1e-06, 'epsilon': 0.1}",5,14780.729048589908,4102.282804480096,36471.882488738745,5716.500503983324,5.159991692782564,2.138838518700596,0.5874176807022717,0.16288188978581836
SGD_EPS_INSENSITIVE_BLOCKWISE_RFF,"(1, 12)","{'spatial_gamma': 0.05, 'spatial_n_components': 150, 'temporal_gammas': (0.05, 0.1), 'temporal_n_components': 150, 'alpha': 0.0001, 'epsilon': 0.1}",5,17295.980007634374,4122.740967550907,36536.13301848176,4187.657008192574,6.0578612601728885,2.0952004552596697,0.6853049036569405,0.15769286701979143
SGD_EPS_INSENSITIVE_BLOCKWISE_RFF,"(1, 2, 3, 4, 5, 6, 12, 24)","{'spatial_gamma': 0.05, 'spatial_n_components': 150, 'temporal_gammas': (0.05, 0.1, 0.2), 'temporal_n_components': 150, 'alpha': 0.0001, 'epsilon': 0.01}",5,28039.199830331832,13250.196210461598,36555.00740251555,13357.100151339273,12.722661788800659,8.880462080241475,1.0541422813735857,0.5358955498601968
SGD_EPS_INSENSITIVE_BLOCKWISE_RFF,"(1, 2, 12, 24)","{'spatial_gamma': 0.01, 'spatial_n_components': 300, 'temporal_gammas': (0.05, 0.1), 'temporal_n_components': 150, 'alpha': 0.0001, 'epsilon': 0.01}",5,26820.483475439036,10731.229955652387,36630.761515748294,11800.93433685835,11.662528763690535,6.597009167244188,1.0062162958450627,0.43933486920046044
SGD_EPS_INSENSITIVE_BLOCKWISE_RFF,"(1, 2, 3, 4, 5, 6, 12)","{'spatial_gamma': 0.01, 'spatial_n_components': 300, 'temporal_gammas': (0.05, 0.1, 0.2), 'temporal_n_components': 150, 'alpha': 0.0001, 'epsilon': 0.01}",5,28299.524007032138,13177.338591708092,36641.66033030201,13651.060527736821,13.433803228731083,10.234304722853063,1.120882689654176,0.5114627193166166
SGD_EPS_INSENSITIVE_BLOCKWISE_RFF,"(1, 2, 12, 24)","{'spatial_gamma': 0.05, 'spatial_n_components': 300, 'temporal_gammas': (0.05, 0.1, 0.2), 'temporal_n_components': 150, 'alpha': 0.0001, 'epsilon': 0.1}",5,26921.175278580107,12894.723456197173,36682.976568906466,12887.271850216062,11.230898569976699,7.427785316255448,1.0177061272984773,0.5293116795889686
SGD_EPS_INSENSITIVE_BLOCKWISE_RFF,"(1, 2, 12)","{'spatial_gamma': 0.05, 'spatial_n_components': 150, 'temporal_gammas': (0.05, 0.1, 0.2), 'temporal_n_components': 150, 'alpha': 1e-05, 'epsilon': 0.01}",5,21495.566360791818,8668.351658025786,36693.32808623836,8238.998267234134,8.577437005450966,5.388714379054208,0.8508146847660104,0.3344234812085581
SGD_EPS_INSENSITIVE_BLOCKWISE_RFF,"(1, 12)","{'spatial_gamma': 0.05, 'spatial_n_components': 150, 'temporal_gammas': (0.05, 0.1), 'temporal_n_components': 150, 'alpha': 1e-06, 'epsilon': 0.1}",5,17299.599010944494,6431.261016527828,36725.17224959077,7947.203370571267,6.431825266409125,3.154729536675785,0.6912592726892524,0.2699762177996107
SGD_EPS_INSENSITIVE_BLOCKWISE_RFF,"(1, 2, 3, 12)","{'spatial_gamma': 0.01, 'spatial_n_components': 300, 'temporal_gammas': (0.05, 0.1), 'temporal_n_components': 150, 'alpha': 0.0001, 'epsilon': 0.01}",5,26192.675518999535,8577.754397615172,36727.55479896303,7564.588804119621,10.462535429411663,4.330285071961607,1.0369285584766093,0.33170660342093367
SGD_EPS_INSENSITIVE_BLOCKWISE_RFF,"(1, 2, 3, 12)","{'spatial_gamma': 0.01, 'spatial_n_components': 150, 'temporal_gammas': (0.05, 0.1, 0.2), 'temporal_n_components': 150, 'alpha': 0.0001, 'epsilon': 0.1}",5,26301.98006005247,11679.86431772361,36729.25842355112,9803.966904925475,11.013992132476314,6.772134331923835,1.0367618595338042,0.4459406719021274
SGD_EPS_INSENSITIVE_BLOCKWISE_RFF,"(1, 2, 3, 12, 24)","{'spatial_gamma': 0.05, 'spatial_n_components': 150, 'temporal_gammas': (0.05, 0.1, 0.2), 'temporal_n_components': 150, 'alpha': 1e-06, 'epsilon': 0.1}",5,28631.74861888367,13845.938244803738,36773.75374550336,13955.626296225353,12.339368700622702,7.793926875308077,1.0736702501045188,0.5537979279725757
SGD_EPS_INSENSITIVE_BLOCKWISE_RFF,"(1, 2, 3, 12)","{'spatial_gamma': 0.01, 'spatial_n_components': 300, 'temporal_gammas': (0.05, 0.1, 0.2), 'temporal_n_components': 150, 'alpha': 1e-06, 'epsilon': 0.01}",5,25430.053015216436,8701.314548918415,36784.944723507666,7752.328316469642,10.436595370732768,4.550601617944896,1.0097856857795373,0.34342119433453244
SGD_EPS_INSENSITIVE_BLOCKWISE_RFF,"(1, 2, 3, 4, 5, 6, 12, 24)","{'spatial_gamma': 0.01, 'spatial_n_components': 150, 'temporal_gammas': (0.05, 0.1), 'temporal_n_components': 150, 'alpha': 1e-05, 'epsilon': 0.01}",5,28114.659168500348,16413.858981935344,36863.91890184744,16440.274578430897,13.087810881095033,10.573870212088082,1.0587264766978166,0.6578004781890232
SGD_EPS_INSENSITIVE_BLOCKWISE_RFF,"(1, 12)","{'spatial_gamma': 0.01, 'spatial_n_components': 150, 'temporal_gammas': (0.05, 0.1), 'temporal_n_components': 150, 'alpha': 0.0001, 'epsilon': 0.1}",5,15958.796504268685,5260.8948468553735,36884.37418206902,4552.917379056956,5.862641365786753,3.2834717973660674,0.6322137984499638,0.2032658056734885
SGD_EPS_INSENSITIVE_BLOCKWISE_RFF,"(1, 2, 3, 4, 5, 6, 12, 24)","{'spatial_gamma': 0.01, 'spatial_n_components': 300, 'temporal_gammas': (0.05, 0.1), 'temporal_n_components': 150, 'alpha': 1e-05, 'epsilon': 0.01}",5,27458.108526364806,14967.191894923182,36899.06234052955,15768.567324643604,11.70318835179739,7.204909917722838,1.0400967451406504,0.6081697083007218
SGD_EPS_INSENSITIVE_BLOCKWISE_RFF,"(1, 2, 3, 4, 5, 6, 12)","{'spatial_gamma': 0.05, 'spatial_n_components': 150, 'temporal_gammas': (0.05, 0.1), 'temporal_n_components': 300, 'alpha': 1e-06, 'epsilon': 0.01}",5,28154.037457160837,11846.742763794546,36902.42304114336,12289.798203269955,11.72246137624724,6.608506901955024,1.1129754286186575,0.4554353432245892
SGD_EPS_INSENSITIVE_BLOCKWISE_RFF,"(1, 2, 12, 24)","{'spatial_gamma': 0.05, 'spatial_n_components': 300, 'temporal_gammas': (0.05, 0.1), 'temporal_n_components': 150, 'alpha': 1e-06, 'epsilon': 0.01}",5,27759.141642379334,14625.28272055529,36905.97386346662,14256.768989549704,11.900761474397525,8.07761286650936,1.0500117472444885,0.5950046953677082
SGD_EPS_INSENSITIVE_BLOCKWISE_RFF,"(1, 2, 3, 4, 5, 6, 12)","{'spatial_gamma': 0.05, 'spatial_n_components': 300, 'temporal_gammas': (0.05, 0.1), 'temporal_n_components': 300, 'alpha': 1e-06, 'epsilon': 0.1}",5,27807.66680390838,8769.064509014284,36922.602951884925,8087.379620273187,11.438481280259037,5.407952048068756,1.1015139481708636,0.337291127015602
SGD_EPS_INSENSITIVE_BLOCKWISE_RFF,"(1, 2, 12)","{'spatial_gamma': 0.05, 'spatial_n_components': 300, 'temporal_gammas': (0.05, 0.1, 0.2), 'temporal_n_components': 150, 'alpha': 1e-06, 'epsilon': 0.1}",5,23126.132351639564,7513.216852643762,36938.257264556756,7735.223112791149,9.51217554472711,5.343480402402874,0.9157818674698588,0.28856541241336464
SGD_EPS_INSENSITIVE_BLOCKWISE_RFF,"(1, 2, 3, 12, 24)","{'spatial_gamma': 0.01, 'spatial_n_components': 150, 'temporal_gammas': (0.05, 0.1, 0.2), 'temporal_n_components': 150, 'alpha': 0.0001, 'epsilon': 0.1}",5,28298.12231669966,17206.98330382503,36947.130303076134,17659.84116427587,11.70876090519164,8.907751780483196,1.0728674759355095,0.6935822015466817
SGD_EPS_INSENSITIVE_BLOCKWISE_RFF,"(1, 12)","{'spatial_gamma': 0.01, 'spatial_n_components': 300, 'temporal_gammas': (0.05, 0.1), 'temporal_n_components': 150, 'alpha': 0.0001, 'epsilon': 0.1}",5,16287.382516046768,3212.3250318397845,36957.01012423016,4814.816368226674,6.0182635137181215,2.3060884274417472,0.6452539729546386,0.12115905212226108
SGD_EPS_INSENSITIVE_BLOCKWISE_RFF,"(1, 12, 24)","{'spatial_gamma': 0.05, 'spatial_n_components': 300, 'temporal_gammas': (0.05, 0.1, 0.2), 'temporal_n_components': 150, 'alpha': 0.0001, 'epsilon': 0.01}",5,26038.289074282544,7908.364263456205,36977.822481623894,7244.538033288982,10.515826137769368,4.25327443717206,0.9680513163334572,0.3140740091289752
SGD_EPS_INSENSITIVE_BLOCKWISE_RFF,"(1, 2, 12, 24)","{'spatial_gamma': 0.05, 'spatial_n_components': 150, 'temporal_gammas': (0.05, 0.1, 0.2), 'temporal_n_components': 150, 'alpha': 1e-05, 'epsilon': 0.01}",5,27116.297626863852,12270.128836534857,37023.09249561643,11697.851670795046,11.656025844277732,7.890562111855886,1.018866220500712,0.4966270062152445
SGD_EPS_INSENSITIVE_BLOCKWISE_RFF,"(1, 2, 12)","{'spatial_gamma': 0.01, 'spatial_n_components': 150, 'temporal_gammas': (0.05, 0.1, 0.2), 'temporal_n_components': 150, 'alpha': 1e-05, 'epsilon': 0.1}",5,23039.59230829075,9139.770874634567,37030.0434371597,9056.395957339728,9.056535687111179,4.990745203108872,0.9168069690032408,0.3658442425065559
SGD_EPS_INSENSITIVE_BLOCKWISE_RFF,"(1, 2, 3, 4, 5, 6, 12, 24)","{'spatial_gamma': 0.05, 'spatial_n_components': 300, 'temporal_gammas': (0.05, 0.1), 'temporal_n_components': 150, 'alpha': 0.0001, 'epsilon': 0.01}",5,27526.082342839443,16602.324597535182,37031.620577086556,17630.19472120281,11.423540828774652,7.931580676096807,1.0437015973947408,0.6694881203568013
SGD_EPS_INSENSITIVE_BLOCKWISE_RFF,"(1, 2, 12, 24)","{'spatial_gamma': 0.05, 'spatial_n_components': 300, 'temporal_gammas': (0.05, 0.1), 'temporal_n_components': 150, 'alpha': 1e-05, 'epsilon': 0.01}",5,27994.49078839574,12503.701544593836,37082.45378428874,13617.249704647453,13.403890407802061,8.923662961150441,1.0579626243627107,0.5164944264759492
SGD_EPS_INSENSITIVE_BLOCKWISE_RFF,"(1, 2, 3, 12)","{'spatial_gamma': 0.01, 'spatial_n_components': 150, 'temporal_gammas': (0.05, 0.1), 'temporal_n_components': 300, 'alpha': 1e-05, 'epsilon': 0.1}",5,24559.854454343073,9196.152977422791,37124.73250202722,7989.970120029346,9.688213151924836,5.002260858835255,0.9751375524639506,0.3598073348810099
SGD_EPS_INSENSITIVE_BLOCKWISE_RFF,"(1, 2, 3, 12, 24)","{'spatial_gamma': 0.01, 'spatial_n_components': 150, 'temporal_gammas': (0.05, 0.1, 0.2), 'temporal_n_components': 150, 'alpha': 1e-06, 'epsilon': 0.01}",5,27816.2828791579,13807.63394089222,37158.026552525145,13248.138592538691,12.163505228655714,8.346091713859957,1.0418794125878141,0.5513872851465837
SGD_EPS_INSENSITIVE_BLOCKWISE_RFF,"(1, 2, 3, 4, 5, 6, 12)","{'spatial_gamma': 0.05, 'spatial_n_components': 300, 'temporal_gammas': (0.05, 0.1, 0.2), 'temporal_n_components': 150, 'alpha': 1e-06, 'epsilon': 0.01}",5,29291.524918970903,13375.327306839905,37165.706204966045,14137.330555117484,13.05774493959309,8.130709742646756,1.1576054421437605,0.515018963232478
SGD_EPS_INSENSITIVE_BLOCKWISE_RFF,"(1, 2, 12, 24)","{'spatial_gamma': 0.05, 'spatial_n_components': 150, 'temporal_gammas': (0.05, 0.1, 0.2), 'temporal_n_components': 150, 'alpha': 1e-06, 'epsilon': 0.01}",5,27704.868709845865,10632.596606561288,37197.796625382674,9609.049271802447,11.86852847387254,6.619609010839501,1.0440332821623635,0.4432111288566099
SGD_EPS_INSENSITIVE_BLOCKWISE_RFF,"(1, 2, 3, 4, 5, 6, 12, 24)","{'spatial_gamma': 0.01, 'spatial_n_components': 300, 'temporal_gammas': (0.05, 0.1, 0.2), 'temporal_n_components': 150, 'alpha': 0.0001, 'epsilon': 0.1}",5,28132.332293749805,15946.652900070334,37218.216722003795,16591.272299376888,11.85337105746442,8.214881599021922,1.0594410708723683,0.6401444584020716
SGD_EPS_INSENSITIVE_BLOCKWISE_RFF,"(1, 2, 3, 4, 5, 6, 12, 24)","{'spatial_gamma': 0.01, 'spatial_n_components': 300, 'temporal_gammas': (0.05, 0.1), 'temporal_n_components': 300, 'alpha': 0.0001, 'epsilon': 0.1}",5,28444.015019910097,12427.568350183079,37240.621177111105,13188.257687745494,13.072117894108526,8.744137696268824,1.069860137916996,0.5064620115640851
SGD_EPS_INSENSITIVE_BLOCKWISE_RFF,"(1, 2, 3, 4, 5, 6, 12, 24)","{'spatial_gamma': 0.05, 'spatial_n_components': 300, 'temporal_gammas': (0.05, 0.1, 0.2), 'temporal_n_components': 150, 'alpha': 1e-05, 'epsilon': 0.01}",5,28685.232853748883,9578.118991717458,37256.883693200805,9991.014349500969,12.28109652583922,5.092286914787046,1.0807003314133596,0.4093943317711142
SGD_EPS_INSENSITIVE_BLOCKWISE_RFF,"(1, 2, 12, 24)","{'spatial_gamma': 0.05, 'spatial_n_components': 300, 'temporal_gammas': (0.05, 0.1, 0.2), 'temporal_n_components': 150, 'alpha': 0.0001, 'epsilon': 0.01}",5,28160.21112404467,10540.278982623531,37264.52239188949,10529.884516174525,11.855585236625327,5.5386364214496195,1.065489107898805,0.4527325212186578
SGD_EPS_INSENSITIVE_BLOCKWISE_RFF,"(1, 2, 12)","{'spatial_gamma': 0.05, 'spatial_n_components': 150, 'temporal_gammas': (0.05, 0.1), 'temporal_n_components': 150, 'alpha': 1e-05, 'epsilon': 0.01}",5,23192.657501660695,9516.60658122774,37289.62115073572,8930.715471118048,8.631400379305479,4.5588945532978675,0.9184859957382894,0.36735085174729043
SGD_EPS_INSENSITIVE_BLOCKWISE_RFF,"(1, 2, 3, 4, 5, 6, 12, 24)","{'spatial_gamma': 0.05, 'spatial_n_components': 300, 'temporal_gammas': (0.05, 0.1), 'temporal_n_components': 150, 'alpha': 1e-06, 'epsilon': 0.01}",5,27820.66000205843,13140.516909780896,37295.297998229595,12687.509210476856,12.082245334350338,7.863686239255213,1.052379969540808,0.5415273652265217
SGD_EPS_INSENSITIVE_BLOCKWISE_RFF,"(1, 2, 3, 4, 5, 6, 12)","{'spatial_gamma': 0.01, 'spatial_n_components': 150, 'temporal_gammas': (0.05, 0.1), 'temporal_n_components': 300, 'alpha': 0.0001, 'epsilon': 0.01}",5,27637.565159052396,9234.817588421864,37312.43049768656,8917.532256425691,11.72944408003977,5.523818214544703,1.0966926152847034,0.359783723044297
SGD_EPS_INSENSITIVE_BLOCKWISE_RFF,"(1, 2, 3, 4, 5, 6, 12, 24)","{'spatial_gamma': 0.01, 'spatial_n_components': 150, 'temporal_gammas': (0.05, 0.1), 'temporal_n_components': 300, 'alpha': 1e-06, 'epsilon': 0.1}",5,28657.17558155982,13617.42904264705,37342.2641637677,13562.642460858697,12.521845465534359,8.319869731963458,1.0848824463819309,0.5615675764193078
SGD_EPS_INSENSITIVE_BLOCKWISE_RFF,"(1, 2, 3, 4, 5, 6, 12)","{'spatial_gamma': 0.01, 'spatial_n_components': 300, 'temporal_gammas': (0.05, 0.1), 'temporal_n_components': 150, 'alpha': 1e-06, 'epsilon': 0.01}",5,27318.02455519269,13015.58719037801,37345.430331379226,13006.716293931762,12.504072295805532,8.758051127159417,1.0791027430147078,0.5028243143463069
SGD_EPS_INSENSITIVE_BLOCKWISE_RFF,"(1, 2, 3, 12)","{'spatial_gamma': 0.05, 'spatial_n_components': 300, 'temporal_gammas': (0.05, 0.1, 0.2), 'temporal_n_components': 150, 'alpha': 0.0001, 'epsilon': 0.01}",5,25749.145352382726,10027.872035866882,37346.50552415081,10017.391006728732,10.680908482622144,5.68755866998999,1.0177727320430345,0.38439788426893684
SGD_EPS_INSENSITIVE_BLOCKWISE_RFF,"(1, 2, 3, 4, 5, 6, 12)","{'spatial_gamma': 0.05, 'spatial_n_components': 150, 'temporal_gammas': (0.05, 0.1, 0.2), 'temporal_n_components': 150, 'alpha': 0.0001, 'epsilon': 0.01}",5,28059.17575597023,11815.903399229692,37355.57363072441,11262.190861047784,12.741494004387132,8.663348758230153,1.110479147956733,0.45532037789664837
SGD_EPS_INSENSITIVE_BLOCKWISE_RFF,"(1, 2, 3, 4, 5, 6, 12)","{'spatial_gamma': 0.01, 'spatial_n_components': 300, 'temporal_gammas': (0.05, 0.1, 0.2), 'temporal_n_components': 300, 'alpha': 1e-06, 'epsilon': 0.1}",5,27297.496517952568,9607.941352119811,37376.06039103112,9768.136809349755,12.560312375701521,8.152669912051651,1.0816387847951838,0.370790546340525
SGD_EPS_INSENSITIVE_BLOCKWISE_RFF,"(1, 2, 3, 12)","{'spatial_gamma': 0.05, 'spatial_n_components': 300, 'temporal_gammas': (0.05, 0.1, 0.2), 'temporal_n_components': 150, 'alpha': 1e-05, 'epsilon': 0.01}",5,27047.599187380438,11560.418599961087,37389.495306247685,11942.679898648576,11.063508944518452,5.900043752386397,1.0705839864703894,0.4458206991279453
SGD_EPS_INSENSITIVE_BLOCKWISE_RFF,"(1, 2, 3, 4, 5, 6, 12)","{'spatial_gamma': 0.01, 'spatial_n_components': 150, 'temporal_gammas': (0.05, 0.1, 0.2), 'temporal_n_components': 300, 'alpha': 0.0001, 'epsilon': 0.1}",5,28390.633404096938,11369.485182118002,37396.54104281792,11095.706220470944,12.091119566879376,7.022707965600113,1.1238450073510262,0.4380959535807398
SGD_EPS_INSENSITIVE_BLOCKWISE_RFF,"(1, 2, 3, 4, 5, 6, 12, 24)","{'spatial_gamma': 0.05, 'spatial_n_components': 300, 'temporal_gammas': (0.05, 0.1, 0.2), 'temporal_n_components': 150, 'alpha': 1e-06, 'epsilon': 0.1}",5,27937.169212176464,9683.168839921882,37403.17459152185,10732.805754723935,11.926851875028689,5.850280702457603,1.0513932552968466,0.4086001177580818
SGD_EPS_INSENSITIVE_BLOCKWISE_RFF,"(1, 2, 3, 12, 24)","{'spatial_gamma': 0.05, 'spatial_n_components': 300, 'temporal_gammas': (0.05, 0.1, 0.2), 'temporal_n_components': 150, 'alpha': 0.0001, 'epsilon': 0.01}",5,28961.434748036652,13823.280710695686,37407.79549411888,15310.345302946458,14.306667321389261,11.25674652639398,1.092416846517715,0.5647768112714321
SGD_EPS_INSENSITIVE_BLOCKWISE_RFF,"(1, 2, 3, 12, 24)","{'spatial_gamma': 0.01, 'spatial_n_components': 300, 'temporal_gammas': (0.05, 0.1), 'temporal_n_components': 300, 'alpha': 0.0001, 'epsilon': 0.1}",5,27347.237606500275,12181.098667904773,37439.04155183188,11594.68951393217,11.791439314267233,6.919166159102078,1.0346471231455994,0.5051786807605576
SGD_EPS_INSENSITIVE_BLOCKWISE_RFF,"(1, 2, 3, 12, 24)","{'spatial_gamma': 0.05, 'spatial_n_components': 150, 'temporal_gammas': (0.05, 0.1), 'temporal_n_components': 300, 'alpha': 1e-05, 'epsilon': 0.1}",5,26928.145233950527,11043.82980069002,37441.33633650368,10197.018973483078,11.623242959557965,7.452250339078946,1.0172660938851465,0.46186266240845575
SGD_EPS_INSENSITIVE_BLOCKWISE_RFF,"(1, 2, 12)","{'spatial_gamma': 0.01, 'spatial_n_components': 300, 'temporal_gammas': (0.05, 0.1, 0.2), 'temporal_n_components': 150, 'alpha': 1e-06, 'epsilon': 0.1}",5,23319.360392467283,6437.905254594733,37445.98477248471,6996.0789474197245,9.492552602779027,4.513837342361463,0.9237143670102187,0.24668005724531872
SGD_EPS_INSENSITIVE_BLOCKWISE_RFF,"(1, 2, 3, 12)","{'spatial_gamma': 0.01, 'spatial_n_components': 300, 'temporal_gammas': (0.05, 0.1, 0.2), 'temporal_n_components': 150, 'alpha': 0.0001, 'epsilon': 0.1}",5,26684.47561077854,10919.828551159884,37446.9303534428,10023.480157483255,10.968360749140853,6.547790997201936,1.053637633486933,0.41574063959534213
SGD_EPS_INSENSITIVE_BLOCKWISE_RFF,"(1, 2, 3, 4, 5, 6, 12, 24)","{'spatial_gamma': 0.01, 'spatial_n_components': 300, 'temporal_gammas': (0.05, 0.1), 'temporal_n_components': 300, 'alpha': 1e-06, 'epsilon': 0.1}",5,28295.047596745535,13585.62136894157,37478.09557138814,14031.816028393874,12.754750673294433,8.417929481536856,1.0634350593776567,0.5487156109589821
SGD_EPS_INSENSITIVE_BLOCKWISE_RFF,"(1, 2, 3, 4, 5, 6, 12)","{'spatial_gamma': 0.05, 'spatial_n_components': 150, 'temporal_gammas': (0.05, 0.1), 'temporal_n_components': 300, 'alpha': 1e-05, 'epsilon': 0.01}",5,27997.674570563104,11695.609661026503,37499.66778655356,12881.793283460189,12.06204918237576,7.069495951488195,1.1101131481599553,0.45940046999147144
SGD_EPS_INSENSITIVE_BLOCKWISE_RFF,"(1, 2, 3, 12, 24)","{'spatial_gamma': 0.01, 'spatial_n_components': 300, 'temporal_gammas': (0.05, 0.1, 0.2), 'temporal_n_components': 150, 'alpha': 1e-05, 'epsilon': 0.01}",5,29103.064953619654,9639.960655362302,37509.12278361164,10671.499379802823,11.773300824209535,4.435152870683492,1.087359654071709,0.3900168986575514
SGD_EPS_INSENSITIVE_BLOCKWISE_RFF,"(1, 2, 12, 24)","{'spatial_gamma': 0.01, 'spatial_n_components': 300, 'temporal_gammas': (0.05, 0.1), 'temporal_n_components': 150, 'alpha': 1e-06, 'epsilon': 0.01}",5,29153.53115858286,15538.109208961498,37548.67554063456,14986.312219352574,12.819235346350514,9.003972192402061,1.0907742569526928,0.6132265299485538
SGD_EPS_INSENSITIVE_BLOCKWISE_RFF,"(1, 2, 12, 24)","{'spatial_gamma': 0.05, 'spatial_n_components': 300, 'temporal_gammas': (0.05, 0.1, 0.2), 'temporal_n_components': 150, 'alpha': 1e-05, 'epsilon': 0.01}",5,29322.743910273315,11264.716856513354,37572.63634588827,10714.374119004371,13.538718959843797,8.234046845898419,1.108999192297287,0.4758085216011035
SGD_EPS_INSENSITIVE_BLOCKWISE_RFF,"(1, 2, 12, 24)","{'spatial_gamma': 0.01, 'spatial_n_components': 300, 'temporal_gammas': (0.05, 0.1, 0.2), 'temporal_n_components': 150, 'alpha': 1e-05, 'epsilon': 0.01}",5,27433.99769179368,11205.853445421277,37614.276461737216,11309.41178016252,11.731204232611855,6.934003045866363,1.030396163852821,0.45901140896157283
SGD_EPS_INSENSITIVE_BLOCKWISE_RFF,"(1, 2, 3, 12)","{'spatial_gamma': 0.05, 'spatial_n_components': 300, 'temporal_gammas': (0.05, 0.1), 'temporal_n_components': 300, 'alpha': 0.0001, 'epsilon': 0.1}",5,25074.371944751452,6761.105692466705,37696.749272559435,8390.854195394937,10.340229218479749,4.243056499920988,0.997451730089819,0.2726199352728971
SGD_EPS_INSENSITIVE_BLOCKWISE_RFF,"(1, 2, 3, 4, 5, 6, 12)","{'spatial_gamma': 0.01, 'spatial_n_components': 300, 'temporal_gammas': (0.05, 0.1, 0.2), 'temporal_n_components': 300, 'alpha': 0.0001, 'epsilon': 0.1}",5,28266.485835410997,10179.940120526127,37705.821534696945,10798.245501243384,11.765826164939963,6.142116730059623,1.120745702457505,0.396875337092398
SGD_EPS_INSENSITIVE_BLOCKWISE_RFF,"(1, 12)","{'spatial_gamma': 0.01, 'spatial_n_components': 300, 'temporal_gammas': (0.05, 0.1), 'temporal_n_components': 150, 'alpha': 1e-05, 'epsilon': 0.1}",5,17570.109845393286,2759.25712193093,37709.9038497485,5410.422412599466,6.307566076763221,1.5189203992840208,0.696612601958096,0.1065475525225799
SGD_EPS_INSENSITIVE_BLOCKWISE_RFF,"(1, 2, 3, 4, 5, 6, 12, 24)","{'spatial_gamma': 0.01, 'spatial_n_components': 300, 'temporal_gammas': (0.05, 0.1), 'temporal_n_components': 300, 'alpha': 1e-05, 'epsilon': 0.1}",5,27467.318227483996,10623.556585715218,37711.53976185898,10056.498787654285,12.514901277834456,7.528032132378649,1.03202616331115,0.43864124593933085
SGD_EPS_INSENSITIVE_BLOCKWISE_RFF,"(1, 2, 3, 12, 24)","{'spatial_gamma': 0.05, 'spatial_n_components': 150, 'temporal_gammas': (0.05, 0.1), 'temporal_n_components': 300, 'alpha': 1e-06, 'epsilon': 0.1}",5,27467.527292701714,9422.294314104087,37718.82489815831,8940.329504411602,10.904828014785997,5.307269171894075,1.0280976638491381,0.387404790072357
SGD_EPS_INSENSITIVE_BLOCKWISE_RFF,"(1, 2, 12, 24)","{'spatial_gamma': 0.01, 'spatial_n_components': 150, 'temporal_gammas': (0.05, 0.1), 'temporal_n_components': 150, 'alpha': 1e-06, 'epsilon': 0.01}",5,28515.911141835328,17602.581148855374,37729.99935068089,16739.635792636815,11.921867833583743,9.356953268744853,1.0715273480123995,0.6982567633531799
SGD_EPS_INSENSITIVE_BLOCKWISE_RFF,"(1, 2, 3, 4, 5, 6, 12)","{'spatial_gamma': 0.01, 'spatial_n_components': 300, 'temporal_gammas': (0.05, 0.1), 'temporal_n_components': 150, 'alpha': 1e-05, 'epsilon': 0.01}",5,28820.984352570737,13208.498899609709,37755.78878353776,13457.683260021158,12.05991727402901,6.660274306881638,1.1427651991018686,0.5181462400398511
SGD_EPS_INSENSITIVE_BLOCKWISE_RFF,"(1, 2, 12, 24)","{'spatial_gamma': 0.01, 'spatial_n_components': 150, 'temporal_gammas': (0.05, 0.1), 'temporal_n_components': 150, 'alpha': 0.0001, 'epsilon': 0.01}",5,28369.445903108037,16324.87487024981,37796.0767358584,16076.545105842526,12.800208003617692,10.550720046506955,1.0749189887579669,0.660131945704015
SGD_EPS_INSENSITIVE_BLOCKWISE_RFF,"(1, 2, 3, 12, 24)","{'spatial_gamma': 0.05, 'spatial_n_components': 150, 'temporal_gammas': (0.05, 0.1, 0.2), 'temporal_n_components': 150, 'alpha': 1e-05, 'epsilon': 0.01}",5,27899.083750053695,9137.589219242567,37811.88315652029,8609.24863302233,12.193463582868262,6.872037177119068,1.044979795930876,0.3794496436438563
SGD_EPS_INSENSITIVE_BLOCKWISE_RFF,"(1, 2, 3, 12, 24)","{'spatial_gamma': 0.01, 'spatial_n_components': 300, 'temporal_gammas': (0.05, 0.1, 0.2), 'temporal_n_components': 150, 'alpha': 1e-06, 'epsilon': 0.01}",5,29520.985084469623,13260.162449070775,37842.135519816664,12715.693536696452,13.142626368942468,8.250238238504089,1.113295632382869,0.5443766199898021
SGD_EPS_INSENSITIVE_BLOCKWISE_RFF,"(1, 2, 3, 4, 5, 6, 12)","{'spatial_gamma': 0.05, 'spatial_n_components': 150, 'temporal_gammas': (0.05, 0.1), 'temporal_n_components': 300, 'alpha': 0.0001, 'epsilon': 0.01}",5,27753.30503323256,10662.978935656183,37874.175026556266,11320.541826549195,11.530207030466757,6.444802670349462,1.0965170539714237,0.4065887190109014
SGD_EPS_INSENSITIVE_BLOCKWISE_RFF,"(1, 2, 3, 4, 5, 6, 12, 24)","{'spatial_gamma': 0.05, 'spatial_n_components': 300, 'temporal_gammas': (0.05, 0.1, 0.2), 'temporal_n_components': 150, 'alpha': 0.0001, 'epsilon': 0.01}",5,29850.976705598925,13404.491855642189,37882.01401222801,14080.397159174521,13.838630069198524,8.830126686295577,1.1292232822480122,0.5557036209478469
SGD_EPS_INSENSITIVE_BLOCKWISE_RFF,"(1, 2, 12)","{'spatial_gamma': 0.05, 'spatial_n_components': 150, 'temporal_gammas': (0.05, 0.1, 0.2), 'temporal_n_components': 150, 'alpha': 0.0001, 'epsilon': 0.01}",5,22553.349481612524,7901.236013340131,37882.58462000365,9215.748093318187,9.619745665062407,5.243385321509395,0.8979341591698159,0.3151005933682267
SGD_EPS_INSENSITIVE_BLOCKWISE_RFF,"(1, 12, 24)","{'spatial_gamma': 0.01, 'spatial_n_components': 300, 'temporal_gammas': (0.05, 0.1, 0.2), 'temporal_n_components': 150, 'alpha': 1e-05, 'epsilon': 0.01}",5,26705.20203221679,6988.511772798914,38001.23843755872,6185.681716141172,10.889051627466616,3.562027784378056,0.9997864456366605,0.29804225765098386
SGD_EPS_INSENSITIVE_BLOCKWISE_RFF,"(1, 2, 3, 12)","{'spatial_gamma': 0.01, 'spatial_n_components': 300, 'temporal_gammas': (0.05, 0.1), 'temporal_n_components': 300, 'alpha': 0.0001, 'epsilon': 0.01}",5,23856.084689003776,6598.782178886137,38011.924381735305,7729.799258120839,9.217303528936606,3.1934478948078286,0.9469107433473205,0.2625510345682456
SGD_EPS_INSENSITIVE_BLOCKWISE_RFF,"(1, 2, 3, 4, 5, 6, 12)","{'spatial_gamma': 0.05, 'spatial_n_components': 300, 'temporal_gammas': (0.05, 0.1, 0.2), 'temporal_n_components': 150, 'alpha': 1e-05, 'epsilon': 0.01}",5,29222.19197982273,13675.593438753385,38021.71195584031,15108.723083271121,12.583365852586436,6.984083106036697,1.1540975378124192,0.5269302637655157
SGD_EPS_INSENSITIVE_BLOCKWISE_RFF,"(1, 2, 12)","{'spatial_gamma': 0.05, 'spatial_n_components': 150, 'temporal_gammas': (0.05, 0.1, 0.2), 'temporal_n_components': 150, 'alpha': 1e-06, 'epsilon': 0.01}",5,22618.017751310213,6210.295665383054,38029.69265949836,6802.373055310857,8.220485654743843,3.181401076191374,0.8961175306268812,0.23857888871130362
SGD_EPS_INSENSITIVE_BLOCKWISE_RFF,"(1, 2, 3, 12)","{'spatial_gamma': 0.05, 'spatial_n_components': 300, 'temporal_gammas': (0.05, 0.1), 'temporal_n_components': 300, 'alpha': 1e-05, 'epsilon': 0.1}",5,26130.897941522744,9171.838789744184,38035.528553418175,8545.92908781341,10.528898310519514,4.841151312109741,1.0330938037454729,0.3501609069664523
SGD_EPS_INSENSITIVE_BLOCKWISE_RFF,"(1, 2, 3, 4, 5, 6, 12, 24)","{'spatial_gamma': 0.01, 'spatial_n_components': 150, 'temporal_gammas': (0.05, 0.1, 0.2), 'temporal_n_components': 300, 'alpha': 0.0001, 'epsilon': 0.1}",5,29487.263506966556,9922.572463507371,38086.16030575572,10246.462245473256,12.594235543322089,5.707790284296568,1.107234050608973,0.41625560434018727
SGD_EPS_INSENSITIVE_BLOCKWISE_RFF,"(1, 2, 3, 12, 24)","{'spatial_gamma': 0.01, 'spatial_n_components': 300, 'temporal_gammas': (0.05, 0.1, 0.2), 'temporal_n_components': 150, 'alpha': 0.0001, 'epsilon': 0.01}",5,29159.24725654801,12373.726514638329,38133.22285706843,11970.247706110355,13.227404402001904,7.903161092703638,1.0995703952712774,0.510593244463092
SGD_EPS_INSENSITIVE_BLOCKWISE_RFF,"(1, 2, 3, 12, 24)","{'spatial_gamma': 0.01, 'spatial_n_components': 150, 'temporal_gammas': (0.05, 0.1, 0.2), 'temporal_n_components': 150, 'alpha': 1e-05, 'epsilon': 0.01}",5,29164.84696275056,16464.820163125158,38156.33466669377,17110.240528025184,13.547539354374724,11.201841047227877,1.1132988984555925,0.6761759275393585
SGD_EPS_INSENSITIVE_BLOCKWISE_RFF,"(1, 2, 3, 4, 5, 6, 12)","{'spatial_gamma': 0.05, 'spatial_n_components': 150, 'temporal_gammas': (0.05, 0.1, 0.2), 'temporal_n_components': 300, 'alpha': 1e-06, 'epsilon': 0.1}",5,28169.739898332955,10770.392493918358,38163.42785279713,10311.039035673577,12.157780162225635,7.744619753667363,1.1150295131780754,0.4150231111241371
SGD_EPS_INSENSITIVE_BLOCKWISE_RFF,"(1, 2, 12, 24)","{'spatial_gamma': 0.01, 'spatial_n_components': 300, 'temporal_gammas': (0.05, 0.1), 'temporal_n_components': 300, 'alpha': 1e-06, 'epsilon': 0.1}",5,27047.593601468154,9538.085829815054,38203.49141553149,9673.009737886974,11.35589461163762,6.052530963192783,1.0156130705102702,0.39570852134941936
SGD_EPS_INSENSITIVE_BLOCKWISE_RFF,"(1, 2, 12)","{'spatial_gamma': 0.05, 'spatial_n_components': 300, 'temporal_gammas': (0.05, 0.1), 'temporal_n_components': 150, 'alpha': 0.0001, 'epsilon': 0.01}",5,23918.404078948417,8368.0590015756,38226.901394453205,7961.744959005237,10.021302972608673,5.907156470640123,0.9488449666375907,0.32549685381505844
SGD_EPS_INSENSITIVE_BLOCKWISE_RFF,"(1, 2, 12)","{'spatial_gamma': 0.05, 'spatial_n_components': 300, 'temporal_gammas': (0.05, 0.1, 0.2), 'temporal_n_components': 150, 'alpha': 1e-06, 'epsilon': 0.01}",5,24096.3856743399,6505.565797429285,38232.82539005773,6504.708823287689,9.713787786351162,4.028772921667177,0.9555574322200713,0.25379963474795036
SGD_EPS_INSENSITIVE_BLOCKWISE_RFF,"(1, 2, 12)","{'spatial_gamma': 0.01, 'spatial_n_components': 300, 'temporal_gammas': (0.05, 0.1, 0.2), 'temporal_n_components': 150, 'alpha': 0.0001, 'epsilon': 0.1}",5,24911.800001552292,8466.41080075329,38297.606982526646,6998.500759199743,10.528630473082469,6.173652090847007,0.9847949711371211,0.32157375215108175
SGD_EPS_INSENSITIVE_BLOCKWISE_RFF,"(1, 2, 3, 4, 5, 6, 12, 24)","{'spatial_gamma': 0.05, 'spatial_n_components': 150, 'temporal_gammas': (0.05, 0.1, 0.2), 'temporal_n_components': 150, 'alpha': 1e-05, 'epsilon': 0.01}",5,29548.75929135447,12559.332243824168,38316.84054875311,13093.625296963795,14.573278320309374,10.247690848940636,1.1085530400177264,0.5117341111340306
SGD_EPS_INSENSITIVE_BLOCKWISE_RFF,"(1, 2, 12, 24)","{'spatial_gamma': 0.01, 'spatial_n_components': 150, 'temporal_gammas': (0.05, 0.1), 'temporal_n_components': 300, 'alpha': 1e-05, 'epsilon': 0.1}",5,26650.9732602573,13798.90906932282,38431.23802418714,14522.926114576807,10.80785569186558,7.635473267257143,1.0040711195908536,0.5580201775961091
SGD_EPS_INSENSITIVE_BLOCKWISE_RFF,"(1, 2, 12)","{'spatial_gamma': 0.01, 'spatial_n_components': 150, 'temporal_gammas': (0.05, 0.1, 0.2), 'temporal_n_components': 150, 'alpha': 1e-06, 'epsilon': 0.01}",5,22415.73886072525,4662.477004251942,38442.76780612639,6360.585521706686,8.463047491061783,2.443443237365428,0.8927051410257816,0.19798124471061704
SGD_EPS_INSENSITIVE_BLOCKWISE_RFF,"(1, 2, 12)","{'spatial_gamma': 0.01, 'spatial_n_components': 150, 'temporal_gammas': (0.05, 0.1, 0.2), 'temporal_n_components': 150, 'alpha': 1e-05, 'epsilon': 0.01}",5,22195.395569534514,6359.716762794734,38496.072835882645,6102.480231872641,8.026377591373794,3.148912008625189,0.8788120105263408,0.244177428077737
SGD_EPS_INSENSITIVE_BLOCKWISE_RFF,"(1, 2, 12, 24)","{'spatial_gamma': 0.01, 'spatial_n_components': 150, 'temporal_gammas': (0.05, 0.1, 0.2), 'temporal_n_components': 150, 'alpha': 1e-05, 'epsilon': 0.01}",5,27857.392458675655,15133.876412501219,38511.267454773166,14114.55887983718,12.814906489217872,10.764007451952951,1.0494950095751594,0.6100371877230591
SGD_EPS_INSENSITIVE_BLOCKWISE_RFF,"(1, 2, 3, 4, 5, 6, 12, 24)","{'spatial_gamma': 0.01, 'spatial_n_components': 300, 'temporal_gammas': (0.05, 0.1, 0.2), 'temporal_n_components': 150, 'alpha': 1e-05, 'epsilon': 0.01}",5,29470.170318368888,11676.322818654548,38513.55615600821,12120.808491901134,13.017254297862578,7.206047626266039,1.1090996110442979,0.4830711963399958
SGD_EPS_INSENSITIVE_BLOCKWISE_RFF,"(1, 2, 3, 4, 5, 6, 12)","{'spatial_gamma': 0.05, 'spatial_n_components': 150, 'temporal_gammas': (0.05, 0.1, 0.2), 'temporal_n_components': 300, 'alpha': 1e-05, 'epsilon': 0.1}",5,29519.702019256463,9890.09771835179,38519.633224909325,9445.339922275125,13.079318682749198,7.061105227863346,1.1689007383128467,0.38218837477039536
SGD_EPS_INSENSITIVE_BLOCKWISE_RFF,"(1, 12, 24)","{'spatial_gamma': 0.05, 'spatial_n_components': 300, 'temporal_gammas': (0.05, 0.1, 0.2), 'temporal_n_components': 150, 'alpha': 0.0001, 'epsilon': 0.1}",5,26494.71354709937,5692.364786314612,38544.60417960737,5209.625299962761,10.489753618700455,3.7577860182748823,0.9819578129460054,0.21824597927964534
SGD_EPS_INSENSITIVE_BLOCKWISE_RFF,"(1, 2, 12, 24)","{'spatial_gamma': 0.01, 'spatial_n_components': 150, 'temporal_gammas': (0.05, 0.1), 'temporal_n_components': 300, 'alpha': 1e-06, 'epsilon': 0.1}",5,26650.36726899346,9507.677693253554,38583.52797064364,7477.152445019099,10.972063754575837,5.597625334637825,0.99818611763472,0.3902928501629228
SGD_EPS_INSENSITIVE_BLOCKWISE_RFF,"(1, 2, 3, 4, 5, 6, 12, 24)","{'spatial_gamma': 0.05, 'spatial_n_components': 300, 'temporal_gammas': (0.05, 0.1), 'temporal_n_components': 150, 'alpha': 1e-05, 'epsilon': 0.01}",5,29806.573488724556,12940.95976722991,38599.50811920004,12922.945886413732,14.205129219629537,10.037877300931804,1.1243487642601042,0.5336574643625306
SGD_EPS_INSENSITIVE_BLOCKWISE_RFF,"(1, 2, 12)","{'spatial_gamma': 0.05, 'spatial_n_components': 300, 'temporal_gammas': (0.05, 0.1, 0.2), 'temporal_n_components': 150, 'alpha': 1e-05, 'epsilon': 0.01}",5,24367.12667416946,8039.595000139207,38602.066160026894,9168.873713338893,9.06935581645854,2.7936237867340075,0.965604123494977,0.31160883822398894
SGD_EPS_INSENSITIVE_BLOCKWISE_RFF,"(1, 2, 3, 4, 5, 6, 12)","{'spatial_gamma': 0.05, 'spatial_n_components': 300, 'temporal_gammas': (0.05, 0.1), 'temporal_n_components': 150, 'alpha': 1e-06, 'epsilon': 0.01}",5,28849.297475304124,14376.393213715086,38602.33791074647,15272.859059124756,14.154439949540265,11.119917640083084,1.1420022663792033,0.5588809364487362
SGD_EPS_INSENSITIVE_BLOCKWISE_RFF,"(1, 2, 3, 4, 5, 6, 12, 24)","{'spatial_gamma': 0.01, 'spatial_n_components': 300, 'temporal_gammas': (0.05, 0.1), 'temporal_n_components': 300, 'alpha': 1e-06, 'epsilon': 0.01}",5,29746.706239193074,13606.393669907638,38618.57194967145,13451.148193337542,13.699745299761432,9.500821718536223,1.1215915951846194,0.5568865488011888
SGD_EPS_INSENSITIVE_BLOCKWISE_RFF,"(1, 12)","{'spatial_gamma': 0.05, 'spatial_n_components': 300, 'temporal_gammas': (0.05, 0.1), 'temporal_n_components': 150, 'alpha': 1e-06, 'epsilon': 0.1}",5,18563.222540305465,4233.232160060261,38667.75946442253,2761.951233524055,7.10587494143069,2.599729052754112,0.7336594443080194,0.15568363362724066
SGD_EPS_INSENSITIVE_BLOCKWISE_RFF,"(1, 12)","{'spatial_gamma': 0.01, 'spatial_n_components': 300, 'temporal_gammas': (0.05, 0.1), 'temporal_n_components': 150, 'alpha': 1e-06, 'epsilon': 0.1}",5,17432.35220695301,5376.48716844182,38727.60680897151,5101.943844582151,6.613904936831905,2.812461987838922,0.6861871476360726,0.19173130806457386
SGD_EPS_INSENSITIVE_BLOCKWISE_RFF,"(1, 2, 3, 4, 5, 6, 12, 24)","{'spatial_gamma': 0.01, 'spatial_n_components': 150, 'temporal_gammas': (0.05, 0.1, 0.2), 'temporal_n_components': 150, 'alpha': 0.0001, 'epsilon': 0.01}",5,30573.792527577938,15770.547473256393,38770.07680558077,15021.921907106178,13.826664669292054,9.965807296435768,1.152715045350689,0.638678971863318
SGD_EPS_INSENSITIVE_BLOCKWISE_RFF,"(1, 2, 3, 12, 24)","{'spatial_gamma': 0.05, 'spatial_n_components': 150, 'temporal_gammas': (0.05, 0.1), 'temporal_n_components': 300, 'alpha': 1e-05, 'epsilon': 0.01}",5,28907.78712081706,9707.868671576283,38775.736242863546,9304.164051695565,12.349944083275332,6.433760467773243,1.0856799082695965,0.4070782278839438
SGD_EPS_INSENSITIVE_BLOCKWISE_RFF,"(1, 2, 12, 24)","{'spatial_gamma': 0.01, 'spatial_n_components': 150, 'temporal_gammas': (0.05, 0.1), 'temporal_n_components': 300, 'alpha': 0.0001, 'epsilon': 0.1}",5,26433.56480557916,11814.046499744494,38796.39774638234,11189.796470886995,11.529526215962601,8.675561321866374,0.9933216642510152,0.48094850358655833
SGD_EPS_INSENSITIVE_BLOCKWISE_RFF,"(1, 2, 3, 4, 5, 6, 12, 24)","{'spatial_gamma': 0.01, 'spatial_n_components': 150, 'temporal_gammas': (0.05, 0.1), 'temporal_n_components': 300, 'alpha': 1e-05, 'epsilon': 0.01}",5,29150.162407944124,13309.69789958679,38824.93361064774,13320.91764470378,12.432697794965671,8.297683126573403,1.0999987864607395,0.5462706107148427
SGD_EPS_INSENSITIVE_BLOCKWISE_RFF,"(1, 12)","{'spatial_gamma': 0.01, 'spatial_n_components': 150, 'temporal_gammas': (0.05, 0.1), 'temporal_n_components': 300, 'alpha': 1e-06, 'epsilon': 0.1}",5,15269.856268115338,1551.324690807778,38883.74639698675,2612.6540715491765,4.976860071266346,0.3652557823926947,0.6071902273502211,0.07345514477912987
SGD_EPS_INSENSITIVE_BLOCKWISE_RFF,"(1, 2, 12, 24)","{'spatial_gamma': 0.05, 'spatial_n_components': 300, 'temporal_gammas': (0.05, 0.1), 'temporal_n_components': 300, 'alpha': 0.0001, 'epsilon': 0.1}",5,27596.176774718777,11128.746679045635,38894.005908553925,10368.378102338576,11.395368949832918,6.663948696388799,1.0354017441942425,0.4523730884955698
SGD_EPS_INSENSITIVE_BLOCKWISE_RFF,"(1, 2, 3, 4, 5, 6, 12, 24)","{'spatial_gamma': 0.05, 'spatial_n_components': 150, 'temporal_gammas': (0.05, 0.1), 'temporal_n_components': 300, 'alpha': 1e-06, 'epsilon': 0.01}",5,29731.234374646396,17664.608165409467,38914.92909030535,17993.972834348566,13.168330220817035,10.496708205655016,1.117497424969358,0.7054065773257082
SGD_EPS_INSENSITIVE_BLOCKWISE_RFF,"(1, 2, 3, 12, 24)","{'spatial_gamma': 0.05, 'spatial_n_components': 300, 'temporal_gammas': (0.05, 0.1), 'temporal_n_components': 150, 'alpha': 0.0001, 'epsilon': 0.01}",5,30412.184224793997,12888.051723572342,38937.47819016373,13582.741728963696,13.788034232276782,8.665630616296022,1.1490370098171019,0.5373466654654465
SGD_EPS_INSENSITIVE_BLOCKWISE_RFF,"(1, 12)","{'spatial_gamma': 0.01, 'spatial_n_components': 300, 'temporal_gammas': (0.05, 0.1), 'temporal_n_components': 300, 'alpha': 0.0001, 'epsilon': 0.1}",5,16896.170134365413,2753.152535912101,38939.74789209695,3473.0171287128405,5.7443391715352,1.3723555697926502,0.6702156133097266,0.10639036047242145
SGD_EPS_INSENSITIVE_BLOCKWISE_RFF,"(1, 2, 3, 4, 5, 6, 12, 24)","{'spatial_gamma': 0.01, 'spatial_n_components': 150, 'temporal_gammas': (0.05, 0.1), 'temporal_n_components': 300, 'alpha': 0.0001, 'epsilon': 0.01}",5,30123.58318099968,13774.516168807666,38957.69090032375,13841.225460130374,12.839674575024679,8.194675204321285,1.135286304423581,0.5643050208775129
SGD_EPS_INSENSITIVE_BLOCKWISE_RFF,"(1, 2, 3, 4, 5, 6, 12)","{'spatial_gamma': 0.01, 'spatial_n_components': 300, 'temporal_gammas': (0.05, 0.1, 0.2), 'temporal_n_components': 300, 'alpha': 1e-05, 'epsilon': 0.1}",5,29479.671888240875,10388.470782323873,38974.022374630134,10962.347097148408,11.890003395573883,5.213195255320652,1.1712277121605823,0.4084665303213
SGD_EPS_INSENSITIVE_BLOCKWISE_RFF,"(1, 2, 3, 4, 5, 6, 12)","{'spatial_gamma': 0.01, 'spatial_n_components': 300, 'temporal_gammas': (0.05, 0.1), 'temporal_n_components': 300, 'alpha': 0.0001, 'epsilon': 0.01}",5,29696.696111357443,10465.938401412923,39013.50927846159,10460.054633644893,13.510269507210097,7.956083750108493,1.1729976420265391,0.3956214507638494
SGD_EPS_INSENSITIVE_BLOCKWISE_RFF,"(1, 2, 3, 4, 5, 6, 12, 24)","{'spatial_gamma': 0.05, 'spatial_n_components': 150, 'temporal_gammas': (0.05, 0.1), 'temporal_n_components': 300, 'alpha': 1e-05, 'epsilon': 0.01}",5,30427.896718660602,12207.439874784352,39089.401570929076,12848.011636916242,12.791838985561956,6.42981939856732,1.1499638575305773,0.5135844502841411
SGD_EPS_INSENSITIVE_BLOCKWISE_RFF,"(1, 12, 24)","{'spatial_gamma': 0.01, 'spatial_n_components': 300, 'temporal_gammas': (0.05, 0.1, 0.2), 'temporal_n_components': 150, 'alpha': 1e-06, 'epsilon': 0.01}",5,26868.353539787793,7591.174960862219,39094.830695281664,6633.309867834625,11.368932527391244,3.89791883833635,0.9998195158265268,0.30416250510928294
SGD_EPS_INSENSITIVE_BLOCKWISE_RFF,"(1, 2, 12, 24)","{'spatial_gamma': 0.05, 'spatial_n_components': 150, 'temporal_gammas': (0.05, 0.1), 'temporal_n_components': 300, 'alpha': 1e-05, 'epsilon': 0.1}",5,26563.247306143643,11956.998321941886,39144.47016064563,10554.380066396765,11.045852469091262,7.910596897171943,0.9948727526070067,0.4808913760366761
SGD_EPS_INSENSITIVE_BLOCKWISE_RFF,"(1, 2, 3, 12)","{'spatial_gamma': 0.05, 'spatial_n_components': 300, 'temporal_gammas': (0.05, 0.1, 0.2), 'temporal_n_components': 150, 'alpha': 1e-06, 'epsilon': 0.01}",5,28844.551489852787,12703.888751424369,39178.4311408203,11932.1667106315,12.378708227153123,8.320752721915506,1.1410949066342846,0.49011338977383656
SGD_EPS_INSENSITIVE_BLOCKWISE_RFF,"(1, 2, 3, 4, 5, 6, 12)","{'spatial_gamma': 0.01, 'spatial_n_components': 150, 'temporal_gammas': (0.05, 0.1), 'temporal_n_components': 300, 'alpha': 1e-05, 'epsilon': 0.01}",5,29479.276420463233,10821.581216340026,39201.86624068891,11234.721200928861,12.070968626058864,6.080216014225347,1.1666444843457464,0.4155662203590115
SGD_EPS_INSENSITIVE_BLOCKWISE_RFF,"(1, 2, 3, 12)","{'spatial_gamma': 0.05, 'spatial_n_components': 150, 'temporal_gammas': (0.05, 0.1), 'temporal_n_components': 300, 'alpha': 1e-05, 'epsilon': 0.1}",5,25166.772282537393,7296.258242871081,39201.94678318465,5870.6799691619,9.940951268416566,4.948776814238783,0.9988700966502344,0.2866667275137285
SGD_EPS_INSENSITIVE_BLOCKWISE_RFF,"(1, 2, 3, 4, 5, 6, 12)","{'spatial_gamma': 0.01, 'spatial_n_components': 150, 'temporal_gammas': (0.05, 0.1, 0.2), 'temporal_n_components': 150, 'alpha': 0.0001, 'epsilon': 0.01}",5,29576.6964138809,11439.460679740181,39253.460409103995,12680.812591277234,12.514608256041878,7.1065553855101395,1.1706070798221546,0.4440881873477294
SGD_EPS_INSENSITIVE_BLOCKWISE_RFF,"(1, 2, 3, 4, 5, 6, 12, 24)","{'spatial_gamma': 0.05, 'spatial_n_components': 150, 'temporal_gammas': (0.05, 0.1, 0.2), 'temporal_n_components': 300, 'alpha': 1e-06, 'epsilon': 0.1}",5,30131.772713997147,12548.589351285302,39294.42275508259,12549.941796187028,13.188194939593554,8.10082380606946,1.1358285452061954,0.5173860825011695
SGD_EPS_INSENSITIVE_BLOCKWISE_RFF,"(1, 2, 3, 4, 5, 6, 12)","{'spatial_gamma': 0.01, 'spatial_n_components': 300, 'temporal_gammas': (0.05, 0.1), 'temporal_n_components': 300, 'alpha': 1e-05, 'epsilon': 0.01}",5,30051.302576198632,8698.902818137802,39340.73084949646,8726.52883256606,13.24220313048501,5.971742377561654,1.188961608373278,0.32937283484059654
SGD_EPS_INSENSITIVE_BLOCKWISE_RFF,"(1, 2, 3, 4, 5, 6, 12, 24)","{'spatial_gamma': 0.01, 'spatial_n_components': 300, 'temporal_gammas': (0.05, 0.1, 0.2), 'temporal_n_components': 300, 'alpha': 1e-06, 'epsilon': 0.1}",5,31263.16614180881,12495.87822196105,39374.70636255594,12817.692023100763,13.782902420716146,7.570084397728712,1.180908387547923,0.524743680588772
SGD_EPS_INSENSITIVE_BLOCKWISE_RFF,"(1, 2, 3, 12, 24)","{'spatial_gamma': 0.05, 'spatial_n_components': 300, 'temporal_gammas': (0.05, 0.1), 'temporal_n_components': 300, 'alpha': 0.0001, 'epsilon': 0.1}",5,28169.827952357107,10108.237059283041,39375.66143329267,9828.889893637941,11.76511520393844,6.2442835629225275,1.050252744145609,0.4026157150397747
SGD_EPS_INSENSITIVE_BLOCKWISE_RFF,"(1, 2, 3, 4, 5, 6, 12, 24)","{'spatial_gamma': 0.05, 'spatial_n_components': 300, 'temporal_gammas': (0.05, 0.1, 0.2), 'temporal_n_components': 150, 'alpha': 1e-06, 'epsilon': 0.01}",5,31123.743092176883,11407.385030719379,39388.739293317005,12426.945191396953,13.144199227567189,5.555267648924968,1.1716958414040695,0.47921538996741736
SGD_EPS_INSENSITIVE_BLOCKWISE_RFF,"(1, 2, 12)","{'spatial_gamma': 0.01, 'spatial_n_components': 300, 'temporal_gammas': (0.05, 0.1, 0.2), 'temporal_n_components': 150, 'alpha': 1e-06, 'epsilon': 0.01}",5,25099.863272055263,9983.95944315569,39391.75207111056,11263.937597697479,10.159792805580832,5.306257147644468,0.9976517825061191,0.39843640531946894
SGD_EPS_INSENSITIVE_BLOCKWISE_RFF,"(1, 2, 3, 4, 5, 6, 12)","{'spatial_gamma': 0.05, 'spatial_n_components': 150, 'temporal_gammas': (0.05, 0.1, 0.2), 'temporal_n_components': 300, 'alpha': 0.0001, 'epsilon': 0.1}",5,29585.05936767806,15455.101512034083,39434.771205613026,15694.903643173737,12.114420847423236,8.170925062759796,1.1686103491629733,0.5957351925329855
SGD_EPS_INSENSITIVE_BLOCKWISE_RFF,"(1, 2, 3, 4, 5, 6, 12, 24)","{'spatial_gamma': 0.05, 'spatial_n_components': 150, 'temporal_gammas': (0.05, 0.1, 0.2), 'temporal_n_components': 300, 'alpha': 1e-05, 'epsilon': 0.1}",5,29749.213014241388,12981.993172429631,39439.172024111394,12782.96330620248,13.103707078111444,9.084173699497947,1.1246957429242719,0.5382066313351244
SGD_EPS_INSENSITIVE_BLOCKWISE_RFF,"(1, 2, 3, 4, 5, 6, 12, 24)","{'spatial_gamma': 0.01, 'spatial_n_components': 300, 'temporal_gammas': (0.05, 0.1), 'temporal_n_components': 150, 'alpha': 1e-06, 'epsilon': 0.01}",5,29608.486180670654,15937.843973969262,39440.660308101134,16722.402707796366,13.251016617152889,10.453481720804334,1.1218139301613816,0.6485542706552047
SGD_EPS_INSENSITIVE_BLOCKWISE_RFF,"(1, 2, 3, 12, 24)","{'spatial_gamma': 0.05, 'spatial_n_components': 150, 'temporal_gammas': (0.05, 0.1, 0.2), 'temporal_n_components': 300, 'alpha': 1e-05, 'epsilon': 0.1}",5,29157.91639375318,8586.755732250003,39468.30194905387,8350.019924637405,12.086356469783821,6.010623668550695,1.098444456700594,0.377618278685307
SGD_EPS_INSENSITIVE_BLOCKWISE_RFF,"(1, 2, 12)","{'spatial_gamma': 0.01, 'spatial_n_components': 300, 'temporal_gammas': (0.05, 0.1, 0.2), 'temporal_n_components': 150, 'alpha': 1e-05, 'epsilon': 0.01}",5,25508.402686622423,8509.82456726624,39475.32717191909,9385.883639041267,10.26869553804595,5.459574769723515,1.0146195127177873,0.3372486285752247
SGD_EPS_INSENSITIVE_BLOCKWISE_RFF,"(1, 12)","{'spatial_gamma': 0.05, 'spatial_n_components': 150, 'temporal_gammas': (0.05, 0.1, 0.2), 'temporal_n_components': 150, 'alpha': 1e-05, 'epsilon': 0.1}",5,16774.23142221215,3824.328160156792,39475.73006739488,4808.771832084268,5.786907795383383,1.6612640026550367,0.6661903600787948,0.15358227074913816
SGD_EPS_INSENSITIVE_BLOCKWISE_RFF,"(1, 2, 12, 24)","{'spatial_gamma': 0.01, 'spatial_n_components': 150, 'temporal_gammas': (0.05, 0.1, 0.2), 'temporal_n_components': 300, 'alpha': 0.0001, 'epsilon': 0.1}",5,26660.755140583373,11929.389020132134,39508.17193860985,11031.82825364304,11.028345253042662,7.698877663170667,1.0022899257540956,0.48656897902154533
SGD_EPS_INSENSITIVE_BLOCKWISE_RFF,"(1, 2, 3, 12)","{'spatial_gamma': 0.01, 'spatial_n_components': 150, 'temporal_gammas': (0.05, 0.1, 0.2), 'temporal_n_components': 150, 'alpha': 0.0001, 'epsilon': 0.01}",5,28078.368227111387,10074.51323270203,39540.452516550315,10605.737844479894,11.58965201984501,6.394384505288622,1.118812842449688,0.4035793777657432
SGD_EPS_INSENSITIVE_BLOCKWISE_RFF,"(1, 12)","{'spatial_gamma': 0.05, 'spatial_n_components': 300, 'temporal_gammas': (0.05, 0.1, 0.2), 'temporal_n_components': 150, 'alpha': 1e-06, 'epsilon': 0.1}",5,16620.146241269773,2764.683982850865,39543.85237889743,3708.1109173609543,5.814736359413065,1.4886506738519953,0.6582107697229006,0.10216116374379337
SGD_EPS_INSENSITIVE_BLOCKWISE_RFF,"(1, 2, 3, 4, 5, 6, 12)","{'spatial_gamma': 0.01, 'spatial_n_components': 300, 'temporal_gammas': (0.05, 0.1), 'temporal_n_components': 300, 'alpha': 0.0001, 'epsilon': 0.1}",5,30256.210097238752,8871.106780717319,39553.40158028081,8007.813217577473,13.105905570103218,5.938404636252498,1.2002175381672582,0.34536053716325427
SGD_EPS_INSENSITIVE_BLOCKWISE_RFF,"(1, 2, 3, 4, 5, 6, 12, 24)","{'spatial_gamma': 0.01, 'spatial_n_components': 300, 'temporal_gammas': (0.05, 0.1, 0.2), 'temporal_n_components': 150, 'alpha': 1e-06, 'epsilon': 0.01}",5,30049.033767954214,11617.646061013123,39565.244302427185,12160.251909148868,13.926618416388333,8.425468901510854,1.1284179806482058,0.4789999178390629
SGD_EPS_INSENSITIVE_BLOCKWISE_RFF,"(1, 2, 3, 12, 24)","{'spatial_gamma': 0.01, 'spatial_n_components': 150, 'temporal_gammas': (0.05, 0.1, 0.2), 'temporal_n_components': 300, 'alpha': 0.0001, 'epsilon': 0.1}",5,29391.352694610756,12560.586716062666,39572.47245401493,11509.48574641708,12.695611713618545,8.832605445809856,1.106580094114064,0.5161904794744062
SGD_EPS_INSENSITIVE_BLOCKWISE_RFF,"(1, 2, 3, 4, 5, 6, 12)","{'spatial_gamma': 0.01, 'spatial_n_components': 300, 'temporal_gammas': (0.05, 0.1, 0.2), 'temporal_n_components': 150, 'alpha': 1e-05, 'epsilon': 0.01}",5,30175.70445251655,16604.775591941794,39582.726541936805,16943.829521851392,14.185300663075733,11.21465180792018,1.1924348240321732,0.6417539661729922
SGD_EPS_INSENSITIVE_BLOCKWISE_RFF,"(1, 2, 3, 12, 24)","{'spatial_gamma': 0.01, 'spatial_n_components': 150, 'temporal_gammas': (0.05, 0.1, 0.2), 'temporal_n_components': 300, 'alpha': 1e-05, 'epsilon': 0.1}",5,28604.957551858097,13023.522406813845,39597.5632739959,12701.116669404217,12.384689106691528,8.23177192201915,1.0721100301336106,0.525995902476887
SGD_EPS_INSENSITIVE_BLOCKWISE_RFF,"(1, 2, 12, 24)","{'spatial_gamma': 0.05, 'spatial_n_components': 150, 'temporal_gammas': (0.05, 0.1, 0.2), 'temporal_n_components': 300, 'alpha': 1e-05, 'epsilon': 0.1}",5,25732.64753850338,7345.787376273364,39673.13327306452,9192.358460536569,9.62857597129261,3.663481373555019,0.9690103432691327,0.3231546030678435
SGD_EPS_INSENSITIVE_BLOCKWISE_RFF,"(1, 2, 3, 4, 5, 6, 12)","{'spatial_gamma': 0.01, 'spatial_n_components': 300, 'temporal_gammas': (0.05, 0.1), 'temporal_n_components': 300, 'alpha': 1e-06, 'epsilon': 0.01}",5,29597.970282025974,7806.884059197548,39689.556427060474,7767.894664698795,12.636888985039093,6.4375918171784265,1.1709250355428895,0.2943412128944068
SGD_EPS_INSENSITIVE_BLOCKWISE_RFF,"(1, 2, 3, 4, 5, 6, 12, 24)","{'spatial_gamma': 0.01, 'spatial_n_components': 150, 'temporal_gammas': (0.05, 0.1, 0.2), 'temporal_n_components': 300, 'alpha': 1e-06, 'epsilon': 0.1}",5,29447.070407260442,8855.257173117085,39690.27708413491,8941.857132030942,12.19214599149566,5.270937758821776,1.105131756668165,0.3751941743890486
SGD_EPS_INSENSITIVE_BLOCKWISE_RFF,"(1, 2, 3, 4, 5, 6, 12)","{'spatial_gamma': 0.05, 'spatial_n_components': 300, 'temporal_gammas': (0.05, 0.1), 'temporal_n_components': 300, 'alpha': 1e-06, 'epsilon': 0.01}",5,31055.131906564442,11245.878322003027,39693.58514995266,11325.1946423349,14.156219209364114,7.815341347758184,1.2292092899976614,0.43184060077366815
SGD_EPS_INSENSITIVE_BLOCKWISE_RFF,"(1, 2, 12, 24)","{'spatial_gamma': 0.05, 'spatial_n_components': 150, 'temporal_gammas': (0.05, 0.1), 'temporal_n_components': 300, 'alpha': 0.0001, 'epsilon': 0.1}",5,28402.131067450762,10408.131138713708,39734.952889392865,9294.84752235451,11.245227382877221,6.293393904010109,1.0675489161227756,0.4311841769796301
SGD_EPS_INSENSITIVE_BLOCKWISE_RFF,"(1, 2, 3, 12)","{'spatial_gamma': 0.05, 'spatial_n_components': 300, 'temporal_gammas': (0.05, 0.1), 'temporal_n_components': 300, 'alpha': 0.0001, 'epsilon': 0.01}",5,27221.335121170396,6176.809438642905,39759.2979154256,7879.647334533044,10.782696894839377,3.258134639079335,1.0808219896880409,0.24854724756393193
SGD_EPS_INSENSITIVE_BLOCKWISE_RFF,"(1, 2, 12, 24)","{'spatial_gamma': 0.01, 'spatial_n_components': 300, 'temporal_gammas': (0.05, 0.1), 'temporal_n_components': 300, 'alpha': 0.0001, 'epsilon': 0.1}",5,27868.217879103544,8601.051204331196,39766.07334531662,7733.178478536369,11.727051522275397,6.297093740082784,1.0476638259990432,0.36920405435189885
SGD_EPS_INSENSITIVE_BLOCKWISE_RFF,"(1, 2, 12, 24)","{'spatial_gamma': 0.01, 'spatial_n_components': 300, 'temporal_gammas': (0.05, 0.1), 'temporal_n_components': 300, 'alpha': 1e-06, 'epsilon': 0.01}",5,28799.73542467584,10769.56757246949,39860.74688123835,10292.984853536205,12.271227999529318,6.986155183666235,1.0816651350362505,0.44310531564994965
SGD_EPS_INSENSITIVE_BLOCKWISE_RFF,"(1, 2, 12, 24)","{'spatial_gamma': 0.05, 'spatial_n_components': 150, 'temporal_gammas': (0.05, 0.1), 'temporal_n_components': 300, 'alpha': 1e-06, 'epsilon': 0.1}",5,27815.90484116173,12856.72533095893,39964.973820784515,12966.578714605275,10.93585449824301,6.534145747290765,1.0507123553395445,0.5272740421924361
SGD_EPS_INSENSITIVE_BLOCKWISE_RFF,"(1, 2, 3, 4, 5, 6, 12, 24)","{'spatial_gamma': 0.05, 'spatial_n_components': 150, 'temporal_gammas': (0.05, 0.1), 'temporal_n_components': 300, 'alpha': 0.0001, 'epsilon': 0.01}",5,30949.958553842538,11480.336714635034,39978.65563138324,11188.307702225342,13.683126123633965,7.937049783096325,1.1659850125154894,0.4808106367461478
SGD_EPS_INSENSITIVE_BLOCKWISE_RFF,"(1, 2, 12, 24)","{'spatial_gamma': 0.01, 'spatial_n_components': 300, 'temporal_gammas': (0.05, 0.1, 0.2), 'temporal_n_components': 150, 'alpha': 0.0001, 'epsilon': 0.01}",5,29553.952796072874,14457.79327624282,39981.0330575169,14514.978022922991,12.517315478069971,7.499531529735414,1.1095792274953324,0.5820092082122802
SGD_EPS_INSENSITIVE_BLOCKWISE_RFF,"(1, 2, 12)","{'spatial_gamma': 0.01, 'spatial_n_components': 300, 'temporal_gammas': (0.05, 0.1, 0.2), 'temporal_n_components': 150, 'alpha': 0.0001, 'epsilon': 0.01}",5,24742.87073829189,5051.112804244675,40016.38057130094,7803.906397369548,9.954457119407703,3.574581689411849,0.9854073195877804,0.21520197532290314
SGD_EPS_INSENSITIVE_BLOCKWISE_RFF,"(1, 2, 3, 12, 24)","{'spatial_gamma': 0.05, 'spatial_n_components': 300, 'temporal_gammas': (0.05, 0.1, 0.2), 'temporal_n_components': 150, 'alpha': 1e-05, 'epsilon': 0.01}",5,29621.658569877665,12320.318224668274,40020.30312523312,14255.010897634935,12.30374429600297,6.254545418697043,1.1156568128129767,0.5063161299485219
SGD_EPS_INSENSITIVE_BLOCKWISE_RFF,"(1, 2, 3, 4, 5, 6, 12, 24)","{'spatial_gamma': 0.01, 'spatial_n_components': 300, 'temporal_gammas': (0.05, 0.1), 'temporal_n_components': 300, 'alpha': 1e-05, 'epsilon': 0.01}",5,30421.80595211486,9822.8546385835,40023.33208449364,11216.670172570879,13.495003067275784,6.508440631868157,1.14486174547437,0.41977354206176065
SGD_EPS_INSENSITIVE_BLOCKWISE_RFF,"(1, 2, 3, 12)","{'spatial_gamma': 0.01, 'spatial_n_components': 150, 'temporal_gammas': (0.05, 0.1), 'temporal_n_components': 300, 'alpha': 1e-06, 'epsilon': 0.1}",5,26879.975914916176,8771.573449845087,40042.30471800461,8014.210851245904,10.60374263496682,4.980429704535241,1.0591478988369147,0.32746169795469016
SGD_EPS_INSENSITIVE_BLOCKWISE_RFF,"(1, 2, 3, 12)","{'spatial_gamma': 0.01, 'spatial_n_components': 300, 'temporal_gammas': (0.05, 0.1), 'temporal_n_components': 300, 'alpha': 1e-06, 'epsilon': 0.1}",5,26886.926025358884,8931.725260295438,40051.16901360004,7919.236810194061,10.613758282918752,5.016272508751181,1.0663898521412167,0.34757715996878
SGD_EPS_INSENSITIVE_BLOCKWISE_RFF,"(1, 2, 12, 24)","{'spatial_gamma': 0.05, 'spatial_n_components': 300, 'temporal_gammas': (0.05, 0.1), 'temporal_n_components': 300, 'alpha': 1e-06, 'epsilon': 0.1}",5,28000.828439181932,11662.901400310571,40064.78457611591,10997.054660132857,11.057356232043219,6.55615837069488,1.0574820694618112,0.48598713817780015
SGD_EPS_INSENSITIVE_BLOCKWISE_RFF,"(1, 2, 3, 4, 5, 6, 12)","{'spatial_gamma': 0.01, 'spatial_n_components': 150, 'temporal_gammas': (0.05, 0.1), 'temporal_n_components': 300, 'alpha': 1e-06, 'epsilon': 0.01}",5,30814.472853606985,10297.072604449391,40078.71370771855,10106.083499232755,13.748140891561638,7.545322505914021,1.2192756626611643,0.3937448953264372
SGD_EPS_INSENSITIVE_BLOCKWISE_RFF,"(1, 2, 3, 12)","{'spatial_gamma': 0.05, 'spatial_n_components': 150, 'temporal_gammas': (0.05, 0.1), 'temporal_n_components': 300, 'alpha': 1e-05, 'epsilon': 0.01}",5,26729.559742305566,8764.187011289805,40086.9346238539,8439.15096849796,10.998706330987634,5.99557297710903,1.0599040159397533,0.3397756415204546
SGD_EPS_INSENSITIVE_BLOCKWISE_RFF,"(1, 2, 3, 12)","{'spatial_gamma': 0.01, 'spatial_n_components': 300, 'temporal_gammas': (0.05, 0.1, 0.2), 'temporal_n_components': 150, 'alpha': 0.0001, 'epsilon': 0.01}",5,28016.7703322211,7911.866519457819,40160.986453669706,8123.971067114468,10.998760705687516,3.7862095006812937,1.1093538460167625,0.3023064729082725
SGD_EPS_INSENSITIVE_BLOCKWISE_RFF,"(1, 2, 3, 4, 5, 6, 12, 24)","{'spatial_gamma': 0.05, 'spatial_n_components': 300, 'temporal_gammas': (0.05, 0.1), 'temporal_n_components': 300, 'alpha': 1e-06, 'epsilon': 0.01}",5,31066.551802287013,8278.80039708617,40281.75007188587,8647.760414981678,13.417748341928322,5.801195431458304,1.1662672300629728,0.36329999040355404
SGD_EPS_INSENSITIVE_BLOCKWISE_RFF,"(1, 2, 3, 4, 5, 6, 12, 24)","{'spatial_gamma': 0.05, 'spatial_n_components': 150, 'temporal_gammas': (0.05, 0.1, 0.2), 'temporal_n_components': 300, 'alpha': 0.0001, 'epsilon': 0.01}",5,30956.608181453874,11440.216439441185,40283.09819586063,11281.912832865277,13.768396986686895,8.265101328084235,1.1646588186889466,0.47761690712655663
SGD_EPS_INSENSITIVE_BLOCKWISE_RFF,"(1, 2, 12, 24)","{'spatial_gamma': 0.01, 'spatial_n_components': 300, 'temporal_gammas': (0.05, 0.1, 0.2), 'temporal_n_components': 300, 'alpha': 0.0001, 'epsilon': 0.1}",5,27264.393284909893,9854.693122347959,40298.991130810544,9312.613012361411,11.039973671425944,6.453382345122007,1.025238055428237,0.41222939316027574
SGD_EPS_INSENSITIVE_BLOCKWISE_RFF,"(1, 2, 12, 24)","{'spatial_gamma': 0.01, 'spatial_n_components': 150, 'temporal_gammas': (0.05, 0.1, 0.2), 'temporal_n_components': 150, 'alpha': 0.0001, 'epsilon': 0.01}",5,31284.716016270955,12281.440827183727,40306.15331924763,11093.800465268892,13.318206322395497,7.710133513476509,1.1650583331977655,0.4831178977839637
SGD_EPS_INSENSITIVE_BLOCKWISE_RFF,"(1, 12)","{'spatial_gamma': 0.01, 'spatial_n_components': 150, 'temporal_gammas': (0.05, 0.1, 0.2), 'temporal_n_components': 150, 'alpha': 0.0001, 'epsilon': 0.1}",5,15775.656895083923,3494.3816351558944,40345.91836441481,4773.592445590189,5.324949410434428,2.025959125340035,0.62737285750995,0.14253451598510114
SGD_EPS_INSENSITIVE_BLOCKWISE_RFF,"(1, 2, 3, 4, 5, 6, 12)","{'spatial_gamma': 0.05, 'spatial_n_components': 150, 'temporal_gammas': (0.05, 0.1, 0.2), 'temporal_n_components': 300, 'alpha': 1e-05, 'epsilon': 0.01}",5,30795.00455135398,10069.564804664054,40386.04424206489,10690.22515422287,14.122131587704184,8.043372405084776,1.2186981187463872,0.3866447420755072
SGD_EPS_INSENSITIVE_BLOCKWISE_RFF,"(1, 2, 3, 12, 24)","{'spatial_gamma': 0.05, 'spatial_n_components': 150, 'temporal_gammas': (0.05, 0.1, 0.2), 'temporal_n_components': 300, 'alpha': 1e-06, 'epsilon': 0.1}",5,30590.097130294034,11162.537386447819,40398.93172798234,10332.11122040826,12.733082424964834,7.067176048149228,1.1537559705334148,0.46669206052731904
SGD_EPS_INSENSITIVE_BLOCKWISE_RFF,"(1, 12)","{'spatial_gamma': 0.05, 'spatial_n_components': 150, 'temporal_gammas': (0.05, 0.1), 'temporal_n_components': 300, 'alpha': 0.0001, 'epsilon': 0.1}",5,18349.24797781002,2196.408591354192,40409.061998285644,4451.631364772395,6.117518057492296,0.413169015306513,0.7284591934097745,0.09480337596176495
SGD_EPS_INSENSITIVE_BLOCKWISE_RFF,"(1, 2, 3, 12, 24)","{'spatial_gamma': 0.01, 'spatial_n_components': 300, 'temporal_gammas': (0.05, 0.1), 'temporal_n_components': 150, 'alpha': 0.0001, 'epsilon': 0.01}",5,31180.25144597105,10832.98553334671,40423.22667105727,10662.186173558428,14.107457426396897,7.592261219333893,1.1707481870929939,0.44429871020343514
SGD_EPS_INSENSITIVE_BLOCKWISE_RFF,"(1, 2, 3, 4, 5, 6, 12, 24)","{'spatial_gamma': 0.01, 'spatial_n_components': 150, 'temporal_gammas': (0.05, 0.1), 'temporal_n_components': 300, 'alpha': 1e-06, 'epsilon': 0.01}",5,30478.07664777806,15281.989376642647,40427.106019244064,15353.563281375196,13.294789865616028,8.77105074552588,1.1571180339138503,0.6299954229744408
SGD_EPS_INSENSITIVE_BLOCKWISE_RFF,"(1, 2, 3, 4, 5, 6, 12, 24)","{'spatial_gamma': 0.01, 'spatial_n_components': 150, 'temporal_gammas': (0.05, 0.1, 0.2), 'temporal_n_components': 300, 'alpha': 0.0001, 'epsilon': 0.01}",5,30455.15700243648,11891.690146016352,40530.28098305969,12286.038864893646,13.125279525631399,7.83245255141268,1.147022723646871,0.4953389810401711
SGD_EPS_INSENSITIVE_BLOCKWISE_RFF,"(1, 2, 12, 24)","{'spatial_gamma': 0.05, 'spatial_n_components': 300, 'temporal_gammas': (0.05, 0.1, 0.2), 'temporal_n_components': 300, 'alpha': 0.0001, 'epsilon': 0.1}",5,28712.065262189455,10362.302122326182,40561.67950754159,10120.153196603545,11.998445703852685,6.45105832941476,1.0817499334938172,0.4370831122867554
SGD_EPS_INSENSITIVE_BLOCKWISE_RFF,"(1, 2, 3, 4, 5, 6, 12)","{'spatial_gamma': 0.05, 'spatial_n_components': 300, 'temporal_gammas': (0.05, 0.1, 0.2), 'temporal_n_components': 300, 'alpha': 0.0001, 'epsilon': 0.1}",5,30823.18133867765,11632.184448570513,40600.72286779602,11588.176436699623,13.447868096093732,7.832275827906806,1.221247809890467,0.4508123829432214
SGD_EPS_INSENSITIVE_BLOCKWISE_RFF,"(1, 12, 24)","{'spatial_gamma': 0.01, 'spatial_n_components': 300, 'temporal_gammas': (0.05, 0.1, 0.2), 'temporal_n_components': 150, 'alpha': 1e-05, 'epsilon': 0.1}",5,29200.515835487175,10834.927451085325,40636.25293273663,10942.65691389041,11.097891291981831,4.92839775024753,1.1033997479934214,0.458261382736743
SGD_EPS_INSENSITIVE_BLOCKWISE_RFF,"(1, 12)","{'spatial_gamma': 0.05, 'spatial_n_components': 300, 'temporal_gammas': (0.05, 0.1), 'temporal_n_components': 150, 'alpha': 1e-06, 'epsilon': 0.01}",5,17680.159080558806,3436.62074257949,40667.73182735413,6503.414859783755,6.427103520754616,1.851766955086472,0.702876928025782,0.1424479769236407
SGD_EPS_INSENSITIVE_BLOCKWISE_RFF,"(1, 2, 3, 4, 5, 6, 12, 24)","{'spatial_gamma': 0.05, 'spatial_n_components': 300, 'temporal_gammas': (0.05, 0.1, 0.2), 'temporal_n_components': 300, 'alpha': 1e-05, 'epsilon': 0.1}",5,31316.68301526008,13768.457295954904,40691.35616576286,14751.414997058637,13.5533768036129,7.592467687890425,1.17745099395009,0.5567211971938556
SGD_EPS_INSENSITIVE_BLOCKWISE_RFF,"(1, 2, 3, 4, 5, 6, 12, 24)","{'spatial_gamma': 0.05, 'spatial_n_components': 300, 'temporal_gammas': (0.05, 0.1), 'temporal_n_components': 300, 'alpha': 1e-05, 'epsilon': 0.01}",5,30728.61751294019,12892.795575990982,40709.41977594771,12888.213026854388,14.298196588221026,10.072607148316044,1.157804475094806,0.5312547714043744
SGD_EPS_INSENSITIVE_BLOCKWISE_RFF,"(1, 12)","{'spatial_gamma': 0.05, 'spatial_n_components': 150, 'temporal_gammas': (0.05, 0.1, 0.2), 'temporal_n_components': 150, 'alpha': 1e-06, 'epsilon': 0.1}",5,15352.32522631517,2520.076115597563,40756.12328040339,5551.202557275743,5.088279036224708,1.1159290074168644,0.6113749053043602,0.11245115140075913
SGD_EPS_INSENSITIVE_BLOCKWISE_RFF,"(1, 2, 12, 24)","{'spatial_gamma': 0.05, 'spatial_n_components': 300, 'temporal_gammas': (0.05, 0.1, 0.2), 'temporal_n_components': 300, 'alpha': 1e-06, 'epsilon': 0.1}",5,27643.743732104973,5495.144959844341,40771.52084121139,6255.085284913784,11.031647438463375,3.7319853617024807,1.0314589868913955,0.23927517413417257
SGD_EPS_INSENSITIVE_BLOCKWISE_RFF,"(1, 2, 3, 4, 5, 6, 12, 24)","{'spatial_gamma': 0.01, 'spatial_n_components': 150, 'temporal_gammas': (0.05, 0.1), 'temporal_n_components': 300, 'alpha': 1e-05, 'epsilon': 0.1}",5,30888.40122254051,14681.026222848202,40821.94074744687,14699.79243725882,12.91194754189201,8.260195053115778,1.16035820065656,0.5921804152362069
SGD_EPS_INSENSITIVE_BLOCKWISE_RFF,"(1, 2, 3, 12)","{'spatial_gamma': 0.01, 'spatial_n_components': 150, 'temporal_gammas': (0.05, 0.1), 'temporal_n_components': 300, 'alpha': 1e-06, 'epsilon': 0.01}",5,27395.016664682287,11676.647511725809,40833.177803376064,11013.618139362885,10.524091849322275,6.066727652086561,1.0856266653989555,0.45365789623885905
SGD_EPS_INSENSITIVE_BLOCKWISE_RFF,"(1, 2, 3, 12)","{'spatial_gamma': 0.05, 'spatial_n_components': 300, 'temporal_gammas': (0.05, 0.1, 0.2), 'temporal_n_components': 300, 'alpha': 1e-06, 'epsilon': 0.1}",5,27630.02300218183,9145.688208435953,40848.95297409474,10407.989203128163,11.388878736935471,5.058483654727794,1.0986699171348904,0.36630079180104874
SGD_EPS_INSENSITIVE_BLOCKWISE_RFF,"(1, 2, 3, 4, 5, 6, 12)","{'spatial_gamma': 0.01, 'spatial_n_components': 300, 'temporal_gammas': (0.05, 0.1, 0.2), 'temporal_n_components': 150, 'alpha': 1e-06, 'epsilon': 0.01}",5,31149.466245108557,13254.448647407762,40859.315035542546,13273.215192596123,14.089081432234341,8.726028008050838,1.2352082547675338,0.5151671525713221
SGD_EPS_INSENSITIVE_BLOCKWISE_RFF,"(1, 2, 3, 4, 5, 6, 12, 24)","{'spatial_gamma': 0.01, 'spatial_n_components': 300, 'temporal_gammas': (0.05, 0.1, 0.2), 'temporal_n_components': 300, 'alpha': 0.0001, 'epsilon': 0.1}",5,31446.773152728216,10764.047518364285,40861.33122438041,10520.596609749222,13.956983449015885,7.10714092235948,1.1784533896775757,0.44603829728085204
SGD_EPS_INSENSITIVE_BLOCKWISE_RFF,"(1, 12)","{'spatial_gamma': 0.05, 'spatial_n_components': 150, 'temporal_gammas': (0.05, 0.1), 'temporal_n_components': 150, 'alpha': 1e-06, 'epsilon': 0.01}",5,15921.753006841074,954.3517566567995,40964.04366929612,6441.929416036429,5.525845134370331,0.49570075636498745,0.6326780368785337,0.05212692624137154
SGD_EPS_INSENSITIVE_BLOCKWISE_RFF,"(1, 12)","{'spatial_gamma': 0.05, 'spatial_n_components': 300, 'temporal_gammas': (0.05, 0.1), 'temporal_n_components': 150, 'alpha': 1e-05, 'epsilon': 0.01}",5,18416.29014678891,3295.052141099001,41008.36962385946,4822.8455601840615,6.902189212237138,2.6629735348769543,0.729259372798593,0.12196937215659859
SGD_EPS_INSENSITIVE_BLOCKWISE_RFF,"(1, 2, 3, 12)","{'spatial_gamma': 0.01, 'spatial_n_components': 300, 'temporal_gammas': (0.05, 0.1), 'temporal_n_components': 300, 'alpha': 0.0001, 'epsilon': 0.1}",5,26895.110927319492,5411.34510304466,41040.619365639985,6630.820797127911,10.547925430752294,3.1445153364530243,1.065241667964995,0.20715270244124998
SGD_EPS_INSENSITIVE_BLOCKWISE_RFF,"(1, 2, 3, 12)","{'spatial_gamma': 0.01, 'spatial_n_components': 150, 'temporal_gammas': (0.05, 0.1), 'temporal_n_components': 300, 'alpha': 1e-05, 'epsilon': 0.01}",5,26959.713153736513,8654.918987247169,41072.79965423428,10027.409796492793,10.09584570961498,4.281698577546597,1.0693235418245077,0.34238535109925483
SGD_EPS_INSENSITIVE_BLOCKWISE_RFF,"(1, 12)","{'spatial_gamma': 0.01, 'spatial_n_components': 150, 'temporal_gammas': (0.05, 0.1, 0.2), 'temporal_n_components': 150, 'alpha': 1e-06, 'epsilon': 0.1}",5,16087.082998295096,3552.361405387169,41143.22809133025,4182.845703259791,5.476258979493425,2.0696922749395936,0.6382286281029819,0.13883951720977988
SGD_EPS_INSENSITIVE_BLOCKWISE_RFF,"(1, 2, 3, 12, 24)","{'spatial_gamma': 0.01, 'spatial_n_components': 150, 'temporal_gammas': (0.05, 0.1), 'temporal_n_components': 300, 'alpha': 1e-06, 'epsilon': 0.01}",5,29304.45500792988,13285.14119709903,41146.649753447084,13675.201996226262,11.098702187577791,6.097306717957528,1.0963235496457657,0.5346869557875502
SGD_EPS_INSENSITIVE_BLOCKWISE_RFF,"(1, 2, 3, 4, 5, 6, 12)","{'spatial_gamma': 0.05, 'spatial_n_components': 300, 'temporal_gammas': (0.05, 0.1), 'temporal_n_components': 300, 'alpha': 0.0001, 'epsilon': 0.01}",5,30888.257329128246,10883.519669204004,41175.73726476597,13275.923493103126,12.642357834104558,5.197668281389595,1.2274547578505937,0.43717554708547707
SGD_EPS_INSENSITIVE_BLOCKWISE_RFF,"(1, 2, 3, 12)","{'spatial_gamma': 0.01, 'spatial_n_components': 150, 'temporal_gammas': (0.05, 0.1, 0.2), 'temporal_n_components': 300, 'alpha': 1e-06, 'epsilon': 0.1}",5,27210.67773827461,9555.405287401654,41182.634470584264,9897.957377701116,10.367083408881962,4.589651659454563,1.0779341400875544,0.37040583158865
SGD_EPS_INSENSITIVE_BLOCKWISE_RFF,"(1, 12)","{'spatial_gamma': 0.05, 'spatial_n_components': 150, 'temporal_gammas': (0.05, 0.1), 'temporal_n_components': 150, 'alpha': 1e-05, 'epsilon': 0.01}",5,17263.523867884353,3000.4119545070325,41223.6976060621,6151.410616512964,6.17327351578735,1.6115037900571745,0.6875701552621102,0.13167965444413351
SGD_EPS_INSENSITIVE_BLOCKWISE_RFF,"(1, 2, 3, 12, 24)","{'spatial_gamma': 0.05, 'spatial_n_components': 300, 'temporal_gammas': (0.05, 0.1), 'temporal_n_components': 300, 'alpha': 1e-06, 'epsilon': 0.1}",5,30593.9458444566,13926.214058333266,41231.19862459921,12925.189737039052,14.148680933247817,10.813772762842286,1.1453184612384248,0.5612939788642709
SGD_EPS_INSENSITIVE_BLOCKWISE_RFF,"(1, 2, 3, 12)","{'spatial_gamma': 0.05, 'spatial_n_components': 300, 'temporal_gammas': (0.05, 0.1, 0.2), 'temporal_n_components': 300, 'alpha': 0.0001, 'epsilon': 0.1}",5,27409.427301963682,10991.215001606863,41239.58440964894,11833.123412450435,10.672149183948584,5.709116546302323,1.087375913007283,0.43254467020254334
SGD_EPS_INSENSITIVE_BLOCKWISE_RFF,"(1, 2, 12)","{'spatial_gamma': 0.05, 'spatial_n_components': 300, 'temporal_gammas': (0.05, 0.1), 'temporal_n_components': 150, 'alpha': 1e-06, 'epsilon': 0.01}",5,25807.44333248558,6613.036511801395,41265.88393798486,4857.045971068032,9.491301362732262,3.2780416349063035,1.0268886869922986,0.2679673785640015
SGD_EPS_INSENSITIVE_BLOCKWISE_RFF,"(1, 12)","{'spatial_gamma': 0.05, 'spatial_n_components': 150, 'temporal_gammas': (0.05, 0.1), 'temporal_n_components': 150, 'alpha': 0.0001, 'epsilon': 0.01}",5,16180.92729234763,5733.8352442807145,41276.61811051997,5876.3558347779,5.519627889893085,2.203249891268086,0.6420539411553684,0.22315751842607426
SGD_EPS_INSENSITIVE_BLOCKWISE_RFF,"(1, 2, 3, 4, 5, 6, 12, 24)","{'spatial_gamma': 0.01, 'spatial_n_components': 150, 'temporal_gammas': (0.05, 0.1, 0.2), 'temporal_n_components': 300, 'alpha': 1e-06, 'epsilon': 0.01}",5,31283.77646984668,11296.055373359382,41296.7936385355,11962.716439177426,12.70039296804158,5.570543916542728,1.174361004825526,0.4685340336958172
SGD_EPS_INSENSITIVE_BLOCKWISE_RFF,"(1, 2, 12, 24)","{'spatial_gamma': 0.01, 'spatial_n_components': 300, 'temporal_gammas': (0.05, 0.1), 'temporal_n_components': 150, 'alpha': 1e-05, 'epsilon': 0.01}",5,32439.289666392597,12521.15650644359,41309.42166395524,12746.254423442228,14.462548882207617,9.215036511744838,1.2238213728056144,0.5197580515058268
SGD_EPS_INSENSITIVE_BLOCKWISE_RFF,"(1, 2, 3, 12, 24)","{'spatial_gamma': 0.05, 'spatial_n_components': 300, 'temporal_gammas': (0.05, 0.1), 'temporal_n_components': 300, 'alpha': 1e-05, 'epsilon': 0.01}",5,30647.149079882405,13009.84035451408,41385.704554371965,12874.678477360521,12.784313515904136,6.438594116929591,1.1549934451949448,0.536909671270483
SGD_EPS_INSENSITIVE_BLOCKWISE_RFF,"(1, 12)","{'spatial_gamma': 0.01, 'spatial_n_components': 300, 'temporal_gammas': (0.05, 0.1), 'temporal_n_components': 150, 'alpha': 1e-06, 'epsilon': 0.01}",5,18126.597796419854,3441.247669617548,41400.59946110177,7429.083270596306,7.004019925081937,2.468826007019443,0.7194773292063257,0.13982466400539237
SGD_EPS_INSENSITIVE_BLOCKWISE_RFF,"(1, 2, 12, 24)","{'spatial_gamma': 0.01, 'spatial_n_components': 150, 'temporal_gammas': (0.05, 0.1), 'temporal_n_components': 300, 'alpha': 0.0001, 'epsilon': 0.01}",5,28949.438324743147,9633.382335859738,41409.31239444605,7950.956371292987,11.71788131461567,5.721360212756841,1.083924398359627,0.3985335102178785
SGD_EPS_INSENSITIVE_BLOCKWISE_RFF,"(1, 12)","{'spatial_gamma': 0.01, 'spatial_n_components': 300, 'temporal_gammas': (0.05, 0.1), 'temporal_n_components': 150, 'alpha': 0.0001, 'epsilon': 0.01}",5,18882.66140002794,3651.3973641293896,41455.836777584846,6851.225147293146,7.094935135379018,1.5994388284291179,0.7507549001681555,0.15303514123617062
SGD_EPS_INSENSITIVE_BLOCKWISE_RFF,"(1, 2, 3, 12)","{'spatial_gamma': 0.05, 'spatial_n_components': 300, 'temporal_gammas': (0.05, 0.1), 'temporal_n_components': 300, 'alpha': 1e-05, 'epsilon': 0.01}",5,29154.304964304574,7670.431728285588,41469.20126673095,9968.763000795881,11.649762259246861,3.671372590391501,1.1576301509968077,0.30198846382796335
SGD_EPS_INSENSITIVE_BLOCKWISE_RFF,"(1, 2, 3, 12)","{'spatial_gamma': 0.01, 'spatial_n_components': 300, 'temporal_gammas': (0.05, 0.1), 'temporal_n_components': 300, 'alpha': 1e-06, 'epsilon': 0.01}",5,28360.047353652386,10139.159724890178,41470.63553887566,10717.301607533313,11.280810396837712,5.1841871488198645,1.128363625350676,0.40348567075980896
SGD_EPS_INSENSITIVE_BLOCKWISE_RFF,"(1, 2, 3, 12)","{'spatial_gamma': 0.01, 'spatial_n_components': 300, 'temporal_gammas': (0.05, 0.1, 0.2), 'temporal_n_components': 300, 'alpha': 1e-06, 'epsilon': 0.1}",5,26087.20192764962,8933.1402887249,41538.74719345822,11270.229584614717,9.790551560681756,4.412640594058125,1.035082025265043,0.3488265489817489
SGD_EPS_INSENSITIVE_BLOCKWISE_RFF,"(1, 2, 3, 12, 24)","{'spatial_gamma': 0.05, 'spatial_n_components': 300, 'temporal_gammas': (0.05, 0.1), 'temporal_n_components': 300, 'alpha': 1e-06, 'epsilon': 0.01}",5,31077.882268374484,11908.42803202235,41578.99259605662,12941.415960298613,14.463050977132436,9.782888528390647,1.1706732786437573,0.497758409698789
SGD_EPS_INSENSITIVE_BLOCKWISE_RFF,"(1, 2, 3, 12)","{'spatial_gamma': 0.01, 'spatial_n_components': 150, 'temporal_gammas': (0.05, 0.1), 'temporal_n_components': 300, 'alpha': 0.0001, 'epsilon': 0.01}",5,28319.785325254936,9941.314546959182,41584.277416880046,10184.936585416935,12.387298660522173,7.546717526857194,1.12016418743097,0.3819375793661348
SGD_EPS_INSENSITIVE_BLOCKWISE_RFF,"(1, 12)","{'spatial_gamma': 0.05, 'spatial_n_components': 150, 'temporal_gammas': (0.05, 0.1, 0.2), 'temporal_n_components': 150, 'alpha': 0.0001, 'epsilon': 0.1}",5,19531.7859073788,4337.638098351198,41666.465377472276,4622.3099281604955,6.856683801723262,2.2612569897226824,0.7753337373878122,0.17104076185881228
SGD_EPS_INSENSITIVE_BLOCKWISE_RFF,"(1, 2, 3, 12, 24)","{'spatial_gamma': 0.01, 'spatial_n_components': 300, 'temporal_gammas': (0.05, 0.1), 'temporal_n_components': 300, 'alpha': 1e-06, 'epsilon': 0.01}",5,31173.000156874565,11037.820311122457,41694.01438906755,11767.4748267911,14.823190357971034,9.533254231090538,1.175310704849564,0.46964963422905787
SGD_EPS_INSENSITIVE_BLOCKWISE_RFF,"(1, 2, 3, 4, 5, 6, 12, 24)","{'spatial_gamma': 0.01, 'spatial_n_components': 300, 'temporal_gammas': (0.05, 0.1, 0.2), 'temporal_n_components': 150, 'alpha': 0.0001, 'epsilon': 0.01}",5,32870.517924357904,13315.769249067604,41724.78484770197,13586.344968519486,15.072938598694815,7.114539941536242,1.226964550601544,0.5350872113737656
SGD_EPS_INSENSITIVE_BLOCKWISE_RFF,"(1, 12)","{'spatial_gamma': 0.05, 'spatial_n_components': 150, 'temporal_gammas': (0.05, 0.1), 'temporal_n_components': 300, 'alpha': 1e-06, 'epsilon': 0.1}",5,18674.65238059323,3494.8893198709616,41744.59626875759,3677.3351061543544,6.098569745102131,1.141161946171597,0.7438437283509373,0.15681295350807517
SGD_EPS_INSENSITIVE_BLOCKWISE_RFF,"(1, 2, 3, 12, 24)","{'spatial_gamma': 0.05, 'spatial_n_components': 300, 'temporal_gammas': (0.05, 0.1), 'temporal_n_components': 300, 'alpha': 1e-05, 'epsilon': 0.1}",5,30747.961257405655,12634.809479903024,41769.256366444126,12084.94647265204,12.3068625217901,6.253447598395676,1.1628254930474675,0.5303270646301763
SGD_EPS_INSENSITIVE_BLOCKWISE_RFF,"(1, 2, 3, 12, 24)","{'spatial_gamma': 0.05, 'spatial_n_components': 300, 'temporal_gammas': (0.05, 0.1, 0.2), 'temporal_n_components': 300, 'alpha': 0.0001, 'epsilon': 0.1}",5,30614.165008710348,10846.85653462791,41772.51442367919,10336.487857368305,12.031958498747482,5.664919960565211,1.1556342301560218,0.46196757483121276
SGD_EPS_INSENSITIVE_BLOCKWISE_RFF,"(1, 12, 24)","{'spatial_gamma': 0.01, 'spatial_n_components': 300, 'temporal_gammas': (0.05, 0.1), 'temporal_n_components': 300, 'alpha': 1e-05, 'epsilon': 0.1}",5,21437.003889239073,3945.462502665905,41776.41023029624,5585.657682515848,8.080497702750835,2.1853273412037035,0.8008621324651521,0.17886801425042967
SGD_EPS_INSENSITIVE_BLOCKWISE_RFF,"(1, 2, 12, 24)","{'spatial_gamma': 0.05, 'spatial_n_components': 150, 'temporal_gammas': (0.05, 0.1), 'temporal_n_components': 300, 'alpha': 0.0001, 'epsilon': 0.01}",5,28773.401494671747,14921.170973275826,41777.89817634234,12899.26395508331,11.665677560881178,8.588176733733063,1.0834672626880117,0.5998995001409713
SGD_EPS_INSENSITIVE_BLOCKWISE_RFF,"(1, 12)","{'spatial_gamma': 0.01, 'spatial_n_components': 150, 'temporal_gammas': (0.05, 0.1), 'temporal_n_components': 300, 'alpha': 1e-05, 'epsilon': 0.01}",5,20618.520893127356,4072.024190801646,41790.53427410553,4975.24397597227,6.953605840702963,1.2095472117945887,0.8189361467730109,0.17077955085191784
SGD_EPS_INSENSITIVE_BLOCKWISE_RFF,"(1, 2, 12)","{'spatial_gamma': 0.05, 'spatial_n_components': 300, 'temporal_gammas': (0.05, 0.1, 0.2), 'temporal_n_components': 150, 'alpha': 0.0001, 'epsilon': 0.01}",5,26601.20352140395,6526.666812971028,41799.32246924137,7298.204822722817,10.20491784760895,3.5346649985144714,1.0542023355121057,0.24973606169475565
SGD_EPS_INSENSITIVE_BLOCKWISE_RFF,"(1, 2, 3, 12)","{'spatial_gamma': 0.01, 'spatial_n_components': 150, 'temporal_gammas': (0.05, 0.1), 'temporal_n_components': 300, 'alpha': 0.0001, 'epsilon': 0.1}",5,27451.811510323478,9290.755248177618,41837.27182494042,10301.699817348966,10.056725088809,4.212365186696457,1.088963771052358,0.3624415422660366
SGD_EPS_INSENSITIVE_BLOCKWISE_RFF,"(1, 12)","{'spatial_gamma': 0.01, 'spatial_n_components': 300, 'temporal_gammas': (0.05, 0.1, 0.2), 'temporal_n_components': 150, 'alpha': 1e-06, 'epsilon': 0.1}",5,18399.781252900684,2862.540098313121,41862.95251246503,4234.6656746477365,6.090412654853343,1.3301518593878294,0.7311260273004442,0.11910548554266595
SGD_EPS_INSENSITIVE_BLOCKWISE_RFF,"(1, 12)","{'spatial_gamma': 0.05, 'spatial_n_components': 300, 'temporal_gammas': (0.05, 0.1), 'temporal_n_components': 300, 'alpha': 1e-05, 'epsilon': 0.01}",5,19235.484274259954,2593.044344675865,41874.14072621225,5271.291962316709,6.930658120460402,1.3124220010764454,0.7674290322303492,0.13216196269010327
SGD_EPS_INSENSITIVE_BLOCKWISE_RFF,"(1, 2, 12, 24)","{'spatial_gamma': 0.01, 'spatial_n_components': 150, 'temporal_gammas': (0.05, 0.1), 'temporal_n_components': 300, 'alpha': 1e-05, 'epsilon': 0.01}",5,29251.246505116163,12081.79938785211,41890.76847526331,10990.091027806127,11.987754383538904,7.9955053890593195,1.1005053454804117,0.4971244784080023
SGD_EPS_INSENSITIVE_BLOCKWISE_RFF,"(1, 12)","{'spatial_gamma': 0.01, 'spatial_n_components': 150, 'temporal_gammas': (0.05, 0.1, 0.2), 'temporal_n_components': 150, 'alpha': 1e-05, 'epsilon': 0.1}",5,17737.232243098377,2458.6406478801246,41905.30922271992,2865.6235541450437,5.982461506103472,0.9608105779985515,0.7019275587709695,0.08483240815642243
SGD_EPS_INSENSITIVE_BLOCKWISE_RFF,"(1, 12, 24)","{'spatial_gamma': 0.05, 'spatial_n_components': 300, 'temporal_gammas': (0.05, 0.1), 'temporal_n_components': 300, 'alpha': 0.0001, 'epsilon': 0.1}",5,22030.628239403035,3226.7342539915353,41914.84096897184,5885.531213566558,7.686407275702639,1.332271645462538,0.8228357536468038,0.15444246735496578
SGD_EPS_INSENSITIVE_BLOCKWISE_RFF,"(1, 2, 3, 12, 24)","{'spatial_gamma': 0.05, 'spatial_n_components': 300, 'temporal_gammas': (0.05, 0.1, 0.2), 'temporal_n_components': 300, 'alpha': 1e-05, 'epsilon': 0.1}",5,31334.060173684884,9394.960100272903,41954.356345295135,9316.38284438473,13.047787328811058,6.002225972562271,1.172445175625209,0.39281655431075013
SGD_EPS_INSENSITIVE_BLOCKWISE_RFF,"(1, 12)","{'spatial_gamma': 0.05, 'spatial_n_components': 300, 'temporal_gammas': (0.05, 0.1, 0.2), 'temporal_n_components': 150, 'alpha': 1e-05, 'epsilon': 0.1}",5,19565.718099755457,3727.590951352224,41964.19036005634,6345.822524021805,6.456998627822719,1.2528141788291411,0.7810721412197335,0.16900337633429507
SGD_EPS_INSENSITIVE_BLOCKWISE_RFF,"(1, 2, 12, 24)","{'spatial_gamma': 0.05, 'spatial_n_components': 150, 'temporal_gammas': (0.05, 0.1, 0.2), 'temporal_n_components': 300, 'alpha': 1e-06, 'epsilon': 0.1}",5,28076.854367295928,9537.417882809712,41967.97546612161,8628.295743350041,10.998251413904146,5.419741544577747,1.0540239374544798,0.399885516499653
SGD_EPS_INSENSITIVE_BLOCKWISE_RFF,"(1, 2, 3, 4, 5, 6, 12)","{'spatial_gamma': 0.05, 'spatial_n_components': 300, 'temporal_gammas': (0.05, 0.1), 'temporal_n_components': 300, 'alpha': 1e-05, 'epsilon': 0.01}",5,31797.372598495356,7842.842540192504,41991.43673811571,7910.879282152203,13.27448678324192,4.4049604225360035,1.2597961579045698,0.3039990548974051
SGD_EPS_INSENSITIVE_BLOCKWISE_RFF,"(1, 12)","{'spatial_gamma': 0.01, 'spatial_n_components': 150, 'temporal_gammas': (0.05, 0.1), 'temporal_n_components': 150, 'alpha': 1e-06, 'epsilon': 0.01}",5,16918.470892458932,2972.3944838051502,42027.811296924825,8735.412364365502,5.317510482566022,0.9730539331766545,0.6747377320397804,0.13601869588098714
SGD_EPS_INSENSITIVE_BLOCKWISE_RFF,"(1, 2, 3, 12)","{'spatial_gamma': 0.05, 'spatial_n_components': 150, 'temporal_gammas': (0.05, 0.1), 'temporal_n_components': 300, 'alpha': 1e-06, 'epsilon': 0.01}",5,26856.95950633292,7683.7910457726875,42035.876791884235,8479.783311848554,10.936415807349686,5.359730486063423,1.063194606285149,0.2931954709357563
SGD_EPS_INSENSITIVE_BLOCKWISE_RFF,"(1, 2, 3, 4, 5, 6, 12)","{'spatial_gamma': 0.05, 'spatial_n_components': 150, 'temporal_gammas': (0.05, 0.1, 0.2), 'temporal_n_components': 300, 'alpha': 0.0001, 'epsilon': 0.01}",5,30629.367627235602,6286.578299407085,42037.78594151018,6829.142103643141,12.256149338605997,3.966389866099155,1.2142377331743235,0.24598223012831552
SGD_EPS_INSENSITIVE_BLOCKWISE_RFF,"(1, 2, 3, 12, 24)","{'spatial_gamma': 0.01, 'spatial_n_components': 300, 'temporal_gammas': (0.05, 0.1, 0.2), 'temporal_n_components': 300, 'alpha': 1e-06, 'epsilon': 0.1}",5,30325.90121449727,13038.442753920559,42068.98943814574,12288.459748121046,13.186213159662387,8.474757484305469,1.1426394950296543,0.5370628559588256
SGD_EPS_INSENSITIVE_BLOCKWISE_RFF,"(1, 2, 3, 12, 24)","{'spatial_gamma': 0.05, 'spatial_n_components': 300, 'temporal_gammas': (0.05, 0.1, 0.2), 'temporal_n_components': 300, 'alpha': 1e-06, 'epsilon': 0.1}",5,30170.76074456076,7224.913849793826,42101.95787667731,6262.648183342944,12.096399157481931,4.4873811301785524,1.1327827887662227,0.32278297336763667
SGD_EPS_INSENSITIVE_BLOCKWISE_RFF,"(1, 2, 12)","{'spatial_gamma': 0.05, 'spatial_n_components': 150, 'temporal_gammas': (0.05, 0.1), 'temporal_n_components': 300, 'alpha': 1e-05, 'epsilon': 0.1}",5,20714.67463451306,5324.478372845127,42122.67858733129,5653.721734491254,7.256280149454184,2.554848099131076,0.8231749299575674,0.21537001098103334
SGD_EPS_INSENSITIVE_BLOCKWISE_RFF,"(1, 2, 3, 12, 24)","{'spatial_gamma': 0.01, 'spatial_n_components': 300, 'temporal_gammas': (0.05, 0.1, 0.2), 'temporal_n_components': 300, 'alpha': 0.0001, 'epsilon': 0.1}",5,31542.913169653555,10877.562111821166,42159.175944494185,9515.01796362339,13.541707546737268,6.605386975745009,1.1872899508969623,0.46083912494466406
SGD_EPS_INSENSITIVE_BLOCKWISE_RFF,"(1, 2, 12)","{'spatial_gamma': 0.05, 'spatial_n_components': 300, 'temporal_gammas': (0.05, 0.1), 'temporal_n_components': 300, 'alpha': 0.0001, 'epsilon': 0.1}",5,21503.9015632694,5311.323942151141,42161.98360616626,6536.9943191534785,7.924267702523238,2.081069107147273,0.855167307590011,0.21521958890789147
SGD_EPS_INSENSITIVE_BLOCKWISE_RFF,"(1, 12)","{'spatial_gamma': 0.05, 'spatial_n_components': 150, 'temporal_gammas': (0.05, 0.1), 'temporal_n_components': 300, 'alpha': 1e-05, 'epsilon': 0.1}",5,17917.507729090783,780.2457736390222,42175.89526915368,3116.8855894552994,6.177857391577925,0.2683650132304536,0.7102451059500708,0.015519930365196744
SGD_EPS_INSENSITIVE_BLOCKWISE_RFF,"(1, 2, 12)","{'spatial_gamma': 0.01, 'spatial_n_components': 300, 'temporal_gammas': (0.05, 0.1), 'temporal_n_components': 300, 'alpha': 1e-06, 'epsilon': 0.1}",5,20988.811813288055,3313.808295402599,42191.19958396811,4788.053358204015,7.521963526203253,1.7947475868619898,0.8344446560371772,0.14219602815936241
SGD_EPS_INSENSITIVE_BLOCKWISE_RFF,"(1, 2, 3, 12, 24)","{'spatial_gamma': 0.05, 'spatial_n_components': 150, 'temporal_gammas': (0.05, 0.1), 'temporal_n_components': 300, 'alpha': 0.0001, 'epsilon': 0.01}",5,30968.25719819345,8564.08806980606,42207.47881538727,8981.88113901773,12.147945017298992,4.155580270479133,1.1530059139538626,0.3454135138012789
SGD_EPS_INSENSITIVE_BLOCKWISE_RFF,"(1, 12)","{'spatial_gamma': 0.05, 'spatial_n_components': 300, 'temporal_gammas': (0.05, 0.1), 'temporal_n_components': 300, 'alpha': 0.0001, 'epsilon': 0.1}",5,21763.054737913462,2589.190268695198,42225.92464411232,4375.062572558679,8.27498977492576,0.9488394525686823,0.8677162089525016,0.1355733394321542
SGD_EPS_INSENSITIVE_BLOCKWISE_RFF,"(1, 12, 24)","{'spatial_gamma': 0.01, 'spatial_n_components': 150, 'temporal_gammas': (0.05, 0.1), 'temporal_n_components': 300, 'alpha': 1e-05, 'epsilon': 0.1}",5,23184.052320524097,4379.881578860624,42244.44836448544,5889.299874402668,8.431915187199746,2.420586521400524,0.8667136162512289,0.1948357058641894
SGD_EPS_INSENSITIVE_BLOCKWISE_RFF,"(1, 2, 12)","{'spatial_gamma': 0.05, 'spatial_n_components': 150, 'temporal_gammas': (0.05, 0.1), 'temporal_n_components': 300, 'alpha': 0.0001, 'epsilon': 0.1}",5,19424.701141473175,4290.927523676231,42264.00248545905,4733.871055630875,6.577982624532884,1.7517195576653484,0.7701793733450227,0.16676763629312402
SGD_EPS_INSENSITIVE_BLOCKWISE_RFF,"(1, 2, 3, 12)","{'spatial_gamma': 0.01, 'spatial_n_components': 300, 'temporal_gammas': (0.05, 0.1, 0.2), 'temporal_n_components': 300, 'alpha': 1e-05, 'epsilon': 0.1}",5,27415.466869236843,9240.743968220493,42320.675633100276,10533.075716159401,11.15054139562095,5.625358914022989,1.0888650105206001,0.36599593263273533
SGD_EPS_INSENSITIVE_BLOCKWISE_RFF,"(1, 2, 3, 12)","{'spatial_gamma': 0.05, 'spatial_n_components': 300, 'temporal_gammas': (0.05, 0.1), 'temporal_n_components': 300, 'alpha': 1e-06, 'epsilon': 0.01}",5,28269.04550039545,10242.110630725558,42358.14090466643,9733.622737730444,11.526480122557249,6.801782452584295,1.1220629846343109,0.40007891216766295
SGD_EPS_INSENSITIVE_BLOCKWISE_RFF,"(1, 2, 3, 4, 5, 6, 12)","{'spatial_gamma': 0.05, 'spatial_n_components': 300, 'temporal_gammas': (0.05, 0.1, 0.2), 'temporal_n_components': 300, 'alpha': 1e-05, 'epsilon': 0.01}",5,31755.87499755725,8771.445646204178,42368.43035854607,9169.801863892098,12.755210411546216,4.687215212536975,1.2605998374226988,0.353186747796401
SGD_EPS_INSENSITIVE_BLOCKWISE_RFF,"(1, 2, 3, 4, 5, 6, 12, 24)","{'spatial_gamma': 0.01, 'spatial_n_components': 300, 'temporal_gammas': (0.05, 0.1), 'temporal_n_components': 300, 'alpha': 0.0001, 'epsilon': 0.01}",5,32268.845321021694,12349.540269561816,42374.82229150193,13285.510503129868,15.677112093666036,11.223131041009685,1.2120635109500224,0.509648443949646
SGD_EPS_INSENSITIVE_BLOCKWISE_RFF,"(1, 2, 3, 4, 5, 6, 12, 24)","{'spatial_gamma': 0.05, 'spatial_n_components': 150, 'temporal_gammas': (0.05, 0.1, 0.2), 'temporal_n_components': 300, 'alpha': 0.0001, 'epsilon': 0.1}",5,32756.7212806853,11215.537789673639,42401.69594695214,11232.318966208813,13.5666111807855,6.576667722825521,1.2258423832021916,0.45934645710685945
SGD_EPS_INSENSITIVE_BLOCKWISE_RFF,"(1, 12)","{'spatial_gamma': 0.05, 'spatial_n_components': 150, 'temporal_gammas': (0.05, 0.1), 'temporal_n_components': 300, 'alpha': 1e-05, 'epsilon': 0.01}",5,18213.72268039708,2705.935313038999,42416.29624930861,3411.8739956751383,6.103918476681921,1.1587709581928591,0.7207822786781755,0.09325598861346603
SGD_EPS_INSENSITIVE_BLOCKWISE_RFF,"(1, 2, 3, 12, 24)","{'spatial_gamma': 0.01, 'spatial_n_components': 150, 'temporal_gammas': (0.05, 0.1), 'temporal_n_components': 300, 'alpha': 1e-05, 'epsilon': 0.01}",5,30828.604567164897,13844.057110080223,42423.07179097049,12271.300757637004,13.277634425454858,9.185586746843938,1.1553039916809023,0.5551729029509639
SGD_EPS_INSENSITIVE_BLOCKWISE_RFF,"(1, 2, 3, 12, 24)","{'spatial_gamma': 0.01, 'spatial_n_components': 150, 'temporal_gammas': (0.05, 0.1), 'temporal_n_components': 300, 'alpha': 0.0001, 'epsilon': 0.01}",5,30750.853633363808,10387.54246807453,42461.6614904705,9726.524346432487,11.985738821490207,5.377082888955211,1.1455016974766492,0.4182997807623791
SGD_EPS_INSENSITIVE_BLOCKWISE_RFF,"(1, 12, 24)","{'spatial_gamma': 0.01, 'spatial_n_components': 300, 'temporal_gammas': (0.05, 0.1), 'temporal_n_components': 300, 'alpha': 0.0001, 'epsilon': 0.1}",5,22264.138869751107,4858.871714578143,42492.52928693512,7508.718448446457,8.520526310848402,3.3103464908108298,0.8320955502791861,0.20803466504772475
SGD_EPS_INSENSITIVE_BLOCKWISE_RFF,"(1, 12)","{'spatial_gamma': 0.05, 'spatial_n_components': 300, 'temporal_gammas': (0.05, 0.1, 0.2), 'temporal_n_components': 150, 'alpha': 0.0001, 'epsilon': 0.1}",5,18559.695675485076,3371.4671207183364,42526.03209004378,4748.71810902397,6.853570805401532,1.9760725703670603,0.7356015926255667,0.12725924283695178
SGD_EPS_INSENSITIVE_BLOCKWISE_RFF,"(1, 2, 12, 24)","{'spatial_gamma': 0.05, 'spatial_n_components': 150, 'temporal_gammas': (0.05, 0.1, 0.2), 'temporal_n_components': 300, 'alpha': 1e-06, 'epsilon': 0.01}",5,29623.869234038826,5657.920090842534,42531.522486941496,6050.702801512982,11.857760002166517,3.05461530392965,1.1079506419267957,0.25859411036880414
SGD_EPS_INSENSITIVE_BLOCKWISE_RFF,"(1, 2, 3, 4, 5, 6, 12)","{'spatial_gamma': 0.05, 'spatial_n_components': 300, 'temporal_gammas': (0.05, 0.1, 0.2), 'temporal_n_components': 300, 'alpha': 1e-06, 'epsilon': 0.1}",5,32718.1633404254,16093.536248593253,42542.373621756524,15164.366401734522,14.402381139365616,11.166612536207662,1.294740281600594,0.6219502689140511
SGD_EPS_INSENSITIVE_BLOCKWISE_RFF,"(1, 2, 3, 12)","{'spatial_gamma': 0.01, 'spatial_n_components': 150, 'temporal_gammas': (0.05, 0.1, 0.2), 'temporal_n_components': 300, 'alpha': 1e-05, 'epsilon': 0.1}",5,26565.138469472156,7914.789399219522,42614.45880798177,10473.915878904798,10.509372724213232,5.024453273629632,1.0559907403179392,0.31502683056471775
SGD_EPS_INSENSITIVE_BLOCKWISE_RFF,"(1, 2, 12, 24)","{'spatial_gamma': 0.05, 'spatial_n_components': 300, 'temporal_gammas': (0.05, 0.1), 'temporal_n_components': 300, 'alpha': 1e-06, 'epsilon': 0.01}",5,31166.333486518288,10896.836809921295,42803.495596009794,10434.346145913449,13.752442836871813,6.85410011363435,1.1578201781664805,0.4216778964646628
SGD_EPS_INSENSITIVE_BLOCKWISE_RFF,"(1, 2, 3, 4, 5, 6, 12, 24)","{'spatial_gamma': 0.01, 'spatial_n_components': 150, 'temporal_gammas': (0.05, 0.1, 0.2), 'temporal_n_components': 300, 'alpha': 1e-05, 'epsilon': 0.1}",5,32802.81292479966,13840.43252071411,42818.373699038486,13620.16979402925,14.130974440033071,8.913644430692461,1.2402686889364947,0.5780233793978161
SGD_EPS_INSENSITIVE_BLOCKWISE_RFF,"(1, 2, 3, 12, 24)","{'spatial_gamma': 0.01, 'spatial_n_components': 300, 'temporal_gammas': (0.05, 0.1), 'temporal_n_components': 300, 'alpha': 0.0001, 'epsilon': 0.01}",5,31681.41952318722,13646.109045075866,42819.4676134097,13495.839834489485,13.49676956700103,7.527576950519227,1.1901010588204697,0.5559405534608255
SGD_EPS_INSENSITIVE_BLOCKWISE_RFF,"(1, 2, 3, 12, 24)","{'spatial_gamma': 0.01, 'spatial_n_components': 300, 'temporal_gammas': (0.05, 0.1), 'temporal_n_components': 300, 'alpha': 1e-05, 'epsilon': 0.1}",5,30010.626470952033,9941.096679175696,42863.12998383255,11574.646023654479,12.269707318176035,5.9574857599299795,1.1208637878086432,0.39676827127534386
SGD_EPS_INSENSITIVE_BLOCKWISE_RFF,"(1, 2, 3, 12)","{'spatial_gamma': 0.05, 'spatial_n_components': 150, 'temporal_gammas': (0.05, 0.1, 0.2), 'temporal_n_components': 300, 'alpha': 1e-06, 'epsilon': 0.1}",5,28629.768853566267,10668.48469728569,42888.94461613659,12396.67981815971,11.123203357547187,5.499265027507168,1.1403936034592093,0.4329306512478441
SGD_EPS_INSENSITIVE_BLOCKWISE_RFF,"(1, 12)","{'spatial_gamma': 0.01, 'spatial_n_components': 300, 'temporal_gammas': (0.05, 0.1, 0.2), 'temporal_n_components': 150, 'alpha': 1e-05, 'epsilon': 0.1}",5,18327.604659261327,3269.0960669665856,42990.304896471884,5531.216359133101,6.2189783434558645,1.044959169798684,0.7317776138385591,0.15617480880504014
SGD_EPS_INSENSITIVE_BLOCKWISE_RFF,"(1, 2, 3, 4, 5, 6, 12, 24)","{'spatial_gamma': 0.05, 'spatial_n_components': 300, 'temporal_gammas': (0.05, 0.1, 0.2), 'temporal_n_components': 300, 'alpha': 0.0001, 'epsilon': 0.1}",5,33192.98942312325,14288.905776864232,43052.23374209378,15743.81813455733,14.554988689140796,8.865403103486832,1.239012747398657,0.5590683610702489
SGD_EPS_INSENSITIVE_BLOCKWISE_RFF,"(1, 12, 24)","{'spatial_gamma': 0.05, 'spatial_n_components': 150, 'temporal_gammas': (0.05, 0.1), 'temporal_n_components': 300, 'alpha': 1e-06, 'epsilon': 0.1}",5,22555.095339063602,8108.295147893193,43052.234909944425,8658.96257745299,7.4564816872405215,3.6887593212807315,0.8504047126614351,0.34364960857727933
SGD_EPS_INSENSITIVE_BLOCKWISE_RFF,"(1, 2, 3, 12, 24)","{'spatial_gamma': 0.01, 'spatial_n_components': 300, 'temporal_gammas': (0.05, 0.1), 'temporal_n_components': 300, 'alpha': 1e-05, 'epsilon': 0.01}",5,31551.319020371837,14859.435806596566,43083.54920116118,15626.599080906059,15.014338943238295,11.680751868200895,1.1893616952874537,0.6063491599482075
SGD_EPS_INSENSITIVE_BLOCKWISE_RFF,"(1, 2, 12, 24)","{'spatial_gamma': 0.05, 'spatial_n_components': 300, 'temporal_gammas': (0.05, 0.1, 0.2), 'temporal_n_components': 300, 'alpha': 1e-05, 'epsilon': 0.1}",5,29806.004758634936,8300.627185599813,43114.37030596715,9314.290606964132,12.087584901518028,4.653641448550012,1.12458734813574,0.3778552754513306
SGD_EPS_INSENSITIVE_BLOCKWISE_RFF,"(1, 12)","{'spatial_gamma': 0.01, 'spatial_n_components': 150, 'temporal_gammas': (0.05, 0.1), 'temporal_n_components': 150, 'alpha': 0.0001, 'epsilon': 0.01}",5,17103.18548709443,4132.005025908429,43153.530341174664,8092.552590601209,5.528636625064986,1.4033103061765395,0.6844148223398361,0.18587852121218162
SGD_EPS_INSENSITIVE_BLOCKWISE_RFF,"(1, 2, 3, 12)","{'spatial_gamma': 0.05, 'spatial_n_components': 150, 'temporal_gammas': (0.05, 0.1, 0.2), 'temporal_n_components': 300, 'alpha': 1e-05, 'epsilon': 0.1}",5,29240.801949567765,6207.697301907546,43189.616270882725,6925.657917739761,11.329065056060942,3.842839482562132,1.1576482191261857,0.23715262891685077
SGD_EPS_INSENSITIVE_BLOCKWISE_RFF,"(1, 2, 3, 4, 5, 6, 12, 24)","{'spatial_gamma': 0.05, 'spatial_n_components': 300, 'temporal_gammas': (0.05, 0.1, 0.2), 'temporal_n_components': 300, 'alpha': 1e-06, 'epsilon': 0.1}",5,33907.91976807098,11790.26842051975,43196.135240912925,12070.442695320027,15.855662520823392,8.50693842136298,1.269056289365849,0.4833072681029973
SGD_EPS_INSENSITIVE_BLOCKWISE_RFF,"(1, 12)","{'spatial_gamma': 0.01, 'spatial_n_components': 150, 'temporal_gammas': (0.05, 0.1), 'temporal_n_components': 300, 'alpha': 1e-06, 'epsilon': 0.01}",5,20836.174848237522,2623.840817511018,43225.76490088479,3909.021364420055,7.43708568692963,0.5425035931647006,0.83092489676242,0.1358892328166105
SGD_EPS_INSENSITIVE_BLOCKWISE_RFF,"(1, 2, 3, 4, 5, 6, 12)","{'spatial_gamma': 0.05, 'spatial_n_components': 150, 'temporal_gammas': (0.05, 0.1, 0.2), 'temporal_n_components': 300, 'alpha': 1e-06, 'epsilon': 0.01}",5,32926.57027201996,14170.986941584468,43303.246821869434,14389.268517995379,13.852133273914319,8.347539946733392,1.3024316010796237,0.5462993789250535
SGD_EPS_INSENSITIVE_BLOCKWISE_RFF,"(1, 2, 3, 4, 5, 6, 12)","{'spatial_gamma': 0.05, 'spatial_n_components': 300, 'temporal_gammas': (0.05, 0.1, 0.2), 'temporal_n_components': 300, 'alpha': 1e-05, 'epsilon': 0.1}",5,33876.66188767253,12089.870626553631,43384.87971317293,12731.555591261584,15.198087143783567,7.798876595693392,1.3334006599145891,0.4487306322053989
SGD_EPS_INSENSITIVE_BLOCKWISE_RFF,"(1, 2, 12, 24)","{'spatial_gamma': 0.05, 'spatial_n_components': 150, 'temporal_gammas': (0.05, 0.1, 0.2), 'temporal_n_components': 300, 'alpha': 0.0001, 'epsilon': 0.1}",5,30408.18410664627,9316.846098176859,43409.915998146345,7920.944131567045,12.060737427751409,5.360244448295581,1.1411046079338607,0.394746061517701
SGD_EPS_INSENSITIVE_BLOCKWISE_RFF,"(1, 12, 24)","{'spatial_gamma': 0.05, 'spatial_n_components': 150, 'temporal_gammas': (0.05, 0.1), 'temporal_n_components': 300, 'alpha': 0.0001, 'epsilon': 0.1}",5,22743.691329144418,6315.119143539575,43444.12080406399,8640.591050519015,8.008096003873039,2.6706290301118703,0.8525603674147637,0.2678493473431237
SGD_EPS_INSENSITIVE_BLOCKWISE_RFF,"(1, 12)","{'spatial_gamma': 0.05, 'spatial_n_components': 300, 'temporal_gammas': (0.05, 0.1), 'temporal_n_components': 300, 'alpha': 1e-06, 'epsilon': 0.1}",5,20820.22143581038,4245.828558778381,43526.71041420725,6451.2944956650235,7.740090954927416,1.4173579104886938,0.8281696060532632,0.18437292570543085
SGD_EPS_INSENSITIVE_BLOCKWISE_RFF,"(1, 2, 12, 24)","{'spatial_gamma': 0.01, 'spatial_n_components': 150, 'temporal_gammas': (0.05, 0.1), 'temporal_n_components': 300, 'alpha': 1e-06, 'epsilon': 0.01}",5,30058.014085505234,10010.472308417342,43548.57687004166,9423.111577758045,12.092407025191362,5.756270878860615,1.1257095145094884,0.41500749973454
SGD_EPS_INSENSITIVE_BLOCKWISE_RFF,"(1, 2, 12, 24)","{'spatial_gamma': 0.05, 'spatial_n_components': 150, 'temporal_gammas': (0.05, 0.1), 'temporal_n_components': 300, 'alpha': 1e-05, 'epsilon': 0.01}",5,30505.59592372085,9285.255661593912,43581.36034140001,12598.5636665176,12.861603857957329,6.286720608919391,1.1493192530715777,0.40313681725451667
SGD_EPS_INSENSITIVE_BLOCKWISE_RFF,"(1, 2, 12)","{'spatial_gamma': 0.01, 'spatial_n_components': 150, 'temporal_gammas': (0.05, 0.1), 'temporal_n_components': 300, 'alpha': 1e-06, 'epsilon': 0.1}",5,21471.61818497732,6663.551796402495,43581.37223017464,5990.266435194245,7.9059692835934285,4.017435594664678,0.8497303639039828,0.2542913195241226
SGD_EPS_INSENSITIVE_BLOCKWISE_RFF,"(1, 2, 12, 24)","{'spatial_gamma': 0.01, 'spatial_n_components': 300, 'temporal_gammas': (0.05, 0.1, 0.2), 'temporal_n_components': 300, 'alpha': 1e-05, 'epsilon': 0.1}",5,29636.162870794436,10762.0876317759,43615.39089311438,10270.305517083332,11.380862278886118,5.449984392293185,1.1050524521204173,0.42777321032762006
SGD_EPS_INSENSITIVE_BLOCKWISE_RFF,"(1, 12)","{'spatial_gamma': 0.01, 'spatial_n_components': 300, 'temporal_gammas': (0.05, 0.1), 'temporal_n_components': 300, 'alpha': 1e-06, 'epsilon': 0.1}",5,18590.697364869196,2032.12344316002,43636.187184031216,4503.5416194217105,6.265500439990072,0.9934698982346154,0.737611708218226,0.0802452200588129
SGD_EPS_INSENSITIVE_BLOCKWISE_RFF,"(1, 2, 12, 24)","{'spatial_gamma': 0.01, 'spatial_n_components': 300, 'temporal_gammas': (0.05, 0.1), 'temporal_n_components': 300, 'alpha': 1e-05, 'epsilon': 0.01}",5,32300.713151004154,13274.279464012658,43637.20587966316,12975.030385071817,14.508476445920376,8.460961395195797,1.2106050525224425,0.5279299247202193
SGD_EPS_INSENSITIVE_BLOCKWISE_RFF,"(1, 12)","{'spatial_gamma': 0.01, 'spatial_n_components': 300, 'temporal_gammas': (0.05, 0.1), 'temporal_n_components': 300, 'alpha': 1e-05, 'epsilon': 0.1}",5,18596.770213256073,1856.3526663002453,43657.85280238927,4142.095479473803,6.550723130067084,1.0685492464994166,0.7397365409041388,0.09209173921269173
SGD_EPS_INSENSITIVE_BLOCKWISE_RFF,"(1, 2, 12)","{'spatial_gamma': 0.05, 'spatial_n_components': 300, 'temporal_gammas': (0.05, 0.1), 'temporal_n_components': 300, 'alpha': 1e-06, 'epsilon': 0.1}",5,23150.583499380416,8074.224702138018,43666.81976392683,7318.4231599328405,8.171006597032902,3.4814920439136348,0.921312284502646,0.32358864957039923
SGD_EPS_INSENSITIVE_BLOCKWISE_RFF,"(1, 2, 3, 4, 5, 6, 12)","{'spatial_gamma': 0.01, 'spatial_n_components': 300, 'temporal_gammas': (0.05, 0.1, 0.2), 'temporal_n_components': 300, 'alpha': 0.0001, 'epsilon': 0.01}",5,33217.8185055446,10633.93355604801,43671.984874223475,11104.595412250232,14.701920058094334,7.6557610348623575,1.314810384714186,0.4089416570080712
SGD_EPS_INSENSITIVE_BLOCKWISE_RFF,"(1, 2, 12, 24)","{'spatial_gamma': 0.01, 'spatial_n_components': 300, 'temporal_gammas': (0.05, 0.1, 0.2), 'temporal_n_components': 300, 'alpha': 0.0001, 'epsilon': 0.01}",5,29936.377731387336,5014.053040423589,43707.598703283875,6064.887414041841,12.479699861784859,3.0011839491851195,1.1227289166203391,0.24959355918950313
SGD_EPS_INSENSITIVE_BLOCKWISE_RFF,"(1, 12)","{'spatial_gamma': 0.05, 'spatial_n_components': 150, 'temporal_gammas': (0.05, 0.1, 0.2), 'temporal_n_components': 150, 'alpha': 1e-05, 'epsilon': 0.01}",5,17795.656308547343,3472.88734843837,43765.71180690738,3436.397554680109,5.850887962799197,1.7728486876082676,0.7072772254794679,0.14081104943613615
SGD_EPS_INSENSITIVE_BLOCKWISE_RFF,"(1, 12)","{'spatial_gamma': 0.05, 'spatial_n_components': 150, 'temporal_gammas': (0.05, 0.1, 0.2), 'temporal_n_components': 150, 'alpha': 0.0001, 'epsilon': 0.01}",5,18134.170561080977,3687.7097128559667,43809.18142647999,1796.520131787575,6.076602173049238,1.4059527267049263,0.7175879633928124,0.13607445025242929
SGD_EPS_INSENSITIVE_BLOCKWISE_RFF,"(1, 12)","{'spatial_gamma': 0.01, 'spatial_n_components': 150, 'temporal_gammas': (0.05, 0.1), 'temporal_n_components': 150, 'alpha': 1e-05, 'epsilon': 0.01}",5,19500.945833068552,2611.426406446794,43810.60493415305,6117.852859638054,6.715952370436254,1.2714927980617428,0.7729070068077399,0.09532822946516162
SGD_EPS_INSENSITIVE_BLOCKWISE_RFF,"(1, 12, 24)","{'spatial_gamma': 0.01, 'spatial_n_components': 150, 'temporal_gammas': (0.05, 0.1), 'temporal_n_components': 300, 'alpha': 0.0001, 'epsilon': 0.1}",5,24588.97597956659,4668.760126647595,43907.099597274406,8059.698757778979,8.477566689624012,1.7452647413376483,0.9231646603483152,0.2238984327760662
SGD_EPS_INSENSITIVE_BLOCKWISE_RFF,"(1, 2, 3, 4, 5, 6, 12)","{'spatial_gamma': 0.01, 'spatial_n_components': 300, 'temporal_gammas': (0.05, 0.1, 0.2), 'temporal_n_components': 300, 'alpha': 1e-06, 'epsilon': 0.01}",5,33391.581033090806,10756.727299513439,43952.60520382084,11261.13702178825,15.294070004391624,8.909083185881672,1.3217838995709807,0.41415680153246387
SGD_EPS_INSENSITIVE_BLOCKWISE_RFF,"(1, 12, 24)","{'spatial_gamma': 0.05, 'spatial_n_components': 150, 'temporal_gammas': (0.05, 0.1), 'temporal_n_components': 300, 'alpha': 1e-05, 'epsilon': 0.01}",5,22622.978041450384,2964.3730700451197,43987.66647701101,5981.632041925646,7.718039876993281,0.9209542652727766,0.8441610655993793,0.14315174151400512
SGD_EPS_INSENSITIVE_BLOCKWISE_RFF,"(1, 2, 3, 4, 5, 6, 12, 24)","{'spatial_gamma': 0.05, 'spatial_n_components': 300, 'temporal_gammas': (0.05, 0.1, 0.2), 'temporal_n_components': 300, 'alpha': 1e-06, 'epsilon': 0.01}",5,34100.85231322472,10072.929455046477,44042.437554775526,10821.051014952278,15.685523383292747,7.144933142573312,1.2817541746054164,0.43599367347576123
SGD_EPS_INSENSITIVE_BLOCKWISE_RFF,"(1, 12)","{'spatial_gamma': 0.05, 'spatial_n_components': 150, 'temporal_gammas': (0.05, 0.1, 0.2), 'temporal_n_components': 150, 'alpha': 1e-06, 'epsilon': 0.01}",5,19843.83510182408,3105.953688507273,44108.48517061587,4986.87407536515,6.844720142890695,1.385302937057307,0.7885662603609225,0.1321077490115604
SGD_EPS_INSENSITIVE_BLOCKWISE_RFF,"(1, 2, 3, 4, 5, 6, 12)","{'spatial_gamma': 0.01, 'spatial_n_components': 300, 'temporal_gammas': (0.05, 0.1, 0.2), 'temporal_n_components': 300, 'alpha': 1e-05, 'epsilon': 0.01}",5,33910.51774851255,14105.8073204308,44115.03975297751,15584.304547060354,15.737620495366304,10.310466037713741,1.3420600384987034,0.5440692260173062
SGD_EPS_INSENSITIVE_BLOCKWISE_RFF,"(1, 2, 3, 12)","{'spatial_gamma': 0.05, 'spatial_n_components': 150, 'temporal_gammas': (0.05, 0.1, 0.2), 'temporal_n_components': 300, 'alpha': 0.0001, 'epsilon': 0.1}",5,27429.846846259643,10094.045630126657,44119.56117873234,14146.561252439084,10.325204026274204,5.137881023947832,1.0902806361570003,0.40554400940708935
SGD_EPS_INSENSITIVE_BLOCKWISE_RFF,"(1, 2, 3, 12, 24)","{'spatial_gamma': 0.01, 'spatial_n_components': 150, 'temporal_gammas': (0.05, 0.1), 'temporal_n_components': 300, 'alpha': 0.0001, 'epsilon': 0.1}",5,32436.743615029052,13475.288969353061,44142.89614034208,12679.815272599384,13.49921633485286,8.311761472760747,1.2100722860739048,0.5378648330113843
SGD_EPS_INSENSITIVE_BLOCKWISE_RFF,"(1, 2, 12)","{'spatial_gamma': 0.01, 'spatial_n_components': 300, 'temporal_gammas': (0.05, 0.1), 'temporal_n_components': 300, 'alpha': 0.0001, 'epsilon': 0.1}",5,24011.855732100783,5961.757334668624,44156.91289002027,3408.796122742786,9.15505075991918,3.5214692602968873,0.9544937931433694,0.24182519940934424
SGD_EPS_INSENSITIVE_BLOCKWISE_RFF,"(1, 2, 12)","{'spatial_gamma': 0.01, 'spatial_n_components': 150, 'temporal_gammas': (0.05, 0.1), 'temporal_n_components': 300, 'alpha': 1e-05, 'epsilon': 0.1}",5,20780.90240554233,4543.914445272104,44194.31090005967,6621.79238005012,7.062193682113254,2.2956703628771504,0.8253639827245065,0.18155918127505985
SGD_EPS_INSENSITIVE_BLOCKWISE_RFF,"(1, 2, 3, 4, 5, 6, 12, 24)","{'spatial_gamma': 0.01, 'spatial_n_components': 300, 'temporal_gammas': (0.05, 0.1, 0.2), 'temporal_n_components': 300, 'alpha': 1e-05, 'epsilon': 0.1}",5,34347.63849347568,10544.635468176017,44226.97396832291,10520.485824551275,15.810395076494155,7.729879190331888,1.2858608734621801,0.43899260631993847
SGD_EPS_INSENSITIVE_BLOCKWISE_RFF,"(1, 2, 3, 4, 5, 6, 12, 24)","{'spatial_gamma': 0.05, 'spatial_n_components': 150, 'temporal_gammas': (0.05, 0.1, 0.2), 'temporal_n_components': 300, 'alpha': 1e-06, 'epsilon': 0.01}",5,33342.12511735053,10411.454701528046,44234.19037233923,10990.83389340835,14.50981292929246,8.031134750942677,1.2579906702635069,0.45558658444413175
SGD_EPS_INSENSITIVE_BLOCKWISE_RFF,"(1, 2, 12, 24)","{'spatial_gamma': 0.01, 'spatial_n_components': 150, 'temporal_gammas': (0.05, 0.1, 0.2), 'temporal_n_components': 300, 'alpha': 1e-06, 'epsilon': 0.1}",5,28681.348673716944,5542.375302875899,44250.43327976992,4918.636490611699,11.146839016601746,4.020288822371678,1.0732658839514861,0.2547365022422689
SGD_EPS_INSENSITIVE_BLOCKWISE_RFF,"(1, 2, 3, 4, 5, 6, 12)","{'spatial_gamma': 0.01, 'spatial_n_components': 150, 'temporal_gammas': (0.05, 0.1, 0.2), 'temporal_n_components': 300, 'alpha': 1e-06, 'epsilon': 0.01}",5,33624.02415557111,13131.704472942802,44271.5214877625,12910.350840077146,14.667305481809596,8.626169226606558,1.3269088832235798,0.5003129694710752
SGD_EPS_INSENSITIVE_BLOCKWISE_RFF,"(1, 2, 3, 12)","{'spatial_gamma': 0.05, 'spatial_n_components': 300, 'temporal_gammas': (0.05, 0.1, 0.2), 'temporal_n_components': 300, 'alpha': 1e-05, 'epsilon': 0.1}",5,30967.99808908707,7836.294365621219,44272.834821167846,9475.55086964091,13.45792640230475,4.591630478816181,1.229646208354035,0.31139531141066956
SGD_EPS_INSENSITIVE_BLOCKWISE_RFF,"(1, 2, 3, 4, 5, 6, 12)","{'spatial_gamma': 0.01, 'spatial_n_components': 150, 'temporal_gammas': (0.05, 0.1, 0.2), 'temporal_n_components': 300, 'alpha': 1e-05, 'epsilon': 0.01}",5,34245.52200227078,14655.917003051338,44332.23533647915,15719.30761218677,14.658739639120345,8.392204430990096,1.3504248345910173,0.5591996455769372
SGD_EPS_INSENSITIVE_BLOCKWISE_RFF,"(1, 12)","{'spatial_gamma': 0.05, 'spatial_n_components': 300, 'temporal_gammas': (0.05, 0.1), 'temporal_n_components': 300, 'alpha': 1e-05, 'epsilon': 0.1}",5,22695.385935857335,3735.866831949776,44340.59645741115,4387.755257411191,7.584464599151533,0.8618028392616475,0.903131463878408,0.1650131777582576
SGD_EPS_INSENSITIVE_BLOCKWISE_RFF,"(1, 2, 3, 12, 24)","{'spatial_gamma': 0.05, 'spatial_n_components': 150, 'temporal_gammas': (0.05, 0.1, 0.2), 'temporal_n_components': 300, 'alpha': 0.0001, 'epsilon': 0.1}",5,31619.540501379593,12181.276876917655,44379.92558521674,14291.727035787164,12.444173723192433,6.5615639352508,1.1985364713985662,0.5242913414969114
SGD_EPS_INSENSITIVE_BLOCKWISE_RFF,"(1, 12)","{'spatial_gamma': 0.05, 'spatial_n_components': 300, 'temporal_gammas': (0.05, 0.1, 0.2), 'temporal_n_components': 300, 'alpha': 1e-05, 'epsilon': 0.1}",5,22598.230866635706,6018.22846205413,44385.14272700974,7632.7737900677585,7.643955652362604,1.8583507987725236,0.8976804176042712,0.24962236713198496
SGD_EPS_INSENSITIVE_BLOCKWISE_RFF,"(1, 2, 3, 4, 5, 6, 12)","{'spatial_gamma': 0.01, 'spatial_n_components': 150, 'temporal_gammas': (0.05, 0.1, 0.2), 'temporal_n_components': 300, 'alpha': 0.0001, 'epsilon': 0.01}",5,34241.72874967365,8188.357379670179,44399.06744293967,8097.846261056041,13.980702881049163,4.76983218971009,1.357720122001475,0.31672720219507416
SGD_EPS_INSENSITIVE_BLOCKWISE_RFF,"(1, 2, 3, 12, 24)","{'spatial_gamma': 0.01, 'spatial_n_components': 300, 'temporal_gammas': (0.05, 0.1), 'temporal_n_components': 300, 'alpha': 1e-06, 'epsilon': 0.1}",5,33075.88464587207,12467.61218640054,44406.497169124916,11528.705211887942,14.59013501677008,8.382038229428666,1.2521374836592192,0.5329267371462573
SGD_EPS_INSENSITIVE_BLOCKWISE_RFF,"(1, 12)","{'spatial_gamma': 0.05, 'spatial_n_components': 300, 'temporal_gammas': (0.05, 0.1), 'temporal_n_components': 150, 'alpha': 0.0001, 'epsilon': 0.01}",5,21161.193575262856,1324.8820125927934,44407.67082755293,7823.508306773755,7.957298887964532,1.4996120759976719,0.8395645813884596,0.05313503489504816
SGD_EPS_INSENSITIVE_BLOCKWISE_RFF,"(1, 2, 3, 12, 24)","{'spatial_gamma': 0.05, 'spatial_n_components': 150, 'temporal_gammas': (0.05, 0.1, 0.2), 'temporal_n_components': 300, 'alpha': 1e-06, 'epsilon': 0.01}",5,32189.82846385554,10583.489376755464,44439.43989642573,13660.069513540071,12.669696396094018,4.793050262721087,1.2075188296931412,0.44238189133017086
SGD_EPS_INSENSITIVE_BLOCKWISE_RFF,"(1, 2, 12, 24)","{'spatial_gamma': 0.01, 'spatial_n_components': 150, 'temporal_gammas': (0.05, 0.1, 0.2), 'temporal_n_components': 300, 'alpha': 1e-05, 'epsilon': 0.1}",5,31004.418530071744,10240.060055314298,44519.238042750265,10463.487050762102,11.646522153881666,4.781308130511506,1.1613864858569984,0.42357747600972395
SGD_EPS_INSENSITIVE_BLOCKWISE_RFF,"(1, 2, 3, 12, 24)","{'spatial_gamma': 0.05, 'spatial_n_components': 150, 'temporal_gammas': (0.05, 0.1, 0.2), 'temporal_n_components': 300, 'alpha': 1e-05, 'epsilon': 0.01}",5,32415.547470777332,8961.386139760963,44598.97821520389,9104.565258094712,13.323347791766144,5.508180671096406,1.222593044990086,0.40496441026825175
SGD_EPS_INSENSITIVE_BLOCKWISE_RFF,"(1, 2, 12)","{'spatial_gamma': 0.01, 'spatial_n_components': 150, 'temporal_gammas': (0.05, 0.1), 'temporal_n_components': 300, 'alpha': 1e-05, 'epsilon': 0.01}",5,21884.930557088963,5136.421009020165,44604.74059280961,4731.704616108881,7.539347276277013,2.5506703838611258,0.8694079556567234,0.20618210648593832
SGD_EPS_INSENSITIVE_BLOCKWISE_RFF,"(1, 12, 24)","{'spatial_gamma': 0.05, 'spatial_n_components': 150, 'temporal_gammas': (0.05, 0.1), 'temporal_n_components': 300, 'alpha': 1e-05, 'epsilon': 0.1}",5,22989.195929199555,5036.719808465278,44631.8231872196,6287.0952895075425,7.662304984128494,2.220183412006051,0.8536449978755222,0.19527950388475754
SGD_EPS_INSENSITIVE_BLOCKWISE_RFF,"(1, 2, 3, 12)","{'spatial_gamma': 0.05, 'spatial_n_components': 150, 'temporal_gammas': (0.05, 0.1, 0.2), 'temporal_n_components': 300, 'alpha': 1e-05, 'epsilon': 0.01}",5,28153.06603967319,6475.414401943129,44632.32093658949,7903.9220448200385,10.958185676328991,3.926484381902047,1.118045452094607,0.25721565893810533
SGD_EPS_INSENSITIVE_BLOCKWISE_RFF,"(1, 2, 3, 12)","{'spatial_gamma': 0.01, 'spatial_n_components': 150, 'temporal_gammas': (0.05, 0.1, 0.2), 'temporal_n_components': 300, 'alpha': 0.0001, 'epsilon': 0.01}",5,29000.122305628716,5842.16482151303,44696.28033953559,6797.713827640188,10.938021180053633,3.7324003134714925,1.1488295103875008,0.2204903375431989
SGD_EPS_INSENSITIVE_BLOCKWISE_RFF,"(1, 12)","{'spatial_gamma': 0.05, 'spatial_n_components': 300, 'temporal_gammas': (0.05, 0.1), 'temporal_n_components': 300, 'alpha': 0.0001, 'epsilon': 0.01}",5,23133.233819284873,4189.948116419925,44756.215992317055,3850.4143989046215,8.779901607359905,2.7000620692061323,0.916949847063497,0.15739399057043632
SGD_EPS_INSENSITIVE_BLOCKWISE_RFF,"(1, 2, 3, 12)","{'spatial_gamma': 0.01, 'spatial_n_components': 300, 'temporal_gammas': (0.05, 0.1, 0.2), 'temporal_n_components': 300, 'alpha': 0.0001, 'epsilon': 0.1}",5,29334.5726616224,7022.373497978167,44769.263481766466,6900.8487076724205,11.62154696458391,4.43908814766274,1.1634614848286837,0.27111375636523816
SGD_EPS_INSENSITIVE_BLOCKWISE_RFF,"(1, 12)","{'spatial_gamma': 0.01, 'spatial_n_components': 300, 'temporal_gammas': (0.05, 0.1, 0.2), 'temporal_n_components': 150, 'alpha': 1e-06, 'epsilon': 0.01}",5,20663.506207159407,4119.985221886841,44769.31031680257,3020.1858023449595,7.696999166426944,1.8724102034943393,0.819158817660694,0.15866161480825608
SGD_EPS_INSENSITIVE_BLOCKWISE_RFF,"(1, 12)","{'spatial_gamma': 0.05, 'spatial_n_components': 150, 'temporal_gammas': (0.05, 0.1, 0.2), 'temporal_n_components': 300, 'alpha': 1e-05, 'epsilon': 0.01}",5,21301.458674028945,1431.1445286009232,44827.794365828726,1382.2760468719223,7.155270762538805,0.8597911231294326,0.8442257144647407,0.04360332953194827
SGD_EPS_INSENSITIVE_BLOCKWISE_RFF,"(1, 2, 3, 4, 5, 6, 12)","{'spatial_gamma': 0.01, 'spatial_n_components': 150, 'temporal_gammas': (0.05, 0.1, 0.2), 'temporal_n_components': 300, 'alpha': 1e-06, 'epsilon': 0.1}",5,33859.56338029989,8710.677288494579,44890.65035846236,8860.763853448474,14.188749027523382,5.699722591659386,1.3383574264276132,0.3256518913232585
SGD_EPS_INSENSITIVE_BLOCKWISE_RFF,"(1, 12, 24)","{'spatial_gamma': 0.05, 'spatial_n_components': 300, 'temporal_gammas': (0.05, 0.1), 'temporal_n_components': 300, 'alpha': 1e-05, 'epsilon': 0.01}",5,23624.28636646302,2544.629075070539,44901.35735640013,6182.90474546194,8.706957013735552,1.4113672399697412,0.8769697169009264,0.10085556187691731
SGD_EPS_INSENSITIVE_BLOCKWISE_RFF,"(1, 2, 12)","{'spatial_gamma': 0.01, 'spatial_n_components': 150, 'temporal_gammas': (0.05, 0.1), 'temporal_n_components': 300, 'alpha': 1e-06, 'epsilon': 0.01}",5,21113.815171896927,5125.8816054138,44938.29922583204,4245.230704669892,7.168951354928046,2.3469595253996176,0.8406551224168833,0.2167043294206722
SGD_EPS_INSENSITIVE_BLOCKWISE_RFF,"(1, 2, 3, 12)","{'spatial_gamma': 0.01, 'spatial_n_components': 150, 'temporal_gammas': (0.05, 0.1, 0.2), 'temporal_n_components': 300, 'alpha': 0.0001, 'epsilon': 0.1}",5,30582.61732980467,5680.781186981335,44964.263102211655,5553.851778976292,11.728889834919968,3.506201395066334,1.2080009323717946,0.19731338275365803
SGD_EPS_INSENSITIVE_BLOCKWISE_RFF,"(1, 2, 3, 4, 5, 6, 12, 24)","{'spatial_gamma': 0.01, 'spatial_n_components': 300, 'temporal_gammas': (0.05, 0.1, 0.2), 'temporal_n_components': 300, 'alpha': 0.0001, 'epsilon': 0.01}",5,34780.5669353277,11591.853302899717,45084.8290384906,11618.232322490816,14.801545718905368,6.499697029392415,1.2963098888111357,0.46586490880518744
SGD_EPS_INSENSITIVE_BLOCKWISE_RFF,"(1, 2, 3, 12, 24)","{'spatial_gamma': 0.01, 'spatial_n_components': 150, 'temporal_gammas': (0.05, 0.1, 0.2), 'temporal_n_components': 300, 'alpha': 1e-05, 'epsilon': 0.01}",5,33988.36683905874,9201.777528240167,45108.89207611266,8667.769092177927,14.266386330441202,5.384990825679512,1.2808468890442617,0.41494173671411116
SGD_EPS_INSENSITIVE_BLOCKWISE_RFF,"(1, 2, 3, 12, 24)","{'spatial_gamma': 0.01, 'spatial_n_components': 150, 'temporal_gammas': (0.05, 0.1, 0.2), 'temporal_n_components': 300, 'alpha': 1e-06, 'epsilon': 0.1}",5,32236.002143391805,9000.425821170025,45111.64096450373,7530.562978023238,12.982605747128508,6.509805313690973,1.2079948681616113,0.3850258795603551
SGD_EPS_INSENSITIVE_BLOCKWISE_RFF,"(1, 12)","{'spatial_gamma': 0.01, 'spatial_n_components': 150, 'temporal_gammas': (0.05, 0.1), 'temporal_n_components': 300, 'alpha': 0.0001, 'epsilon': 0.01}",5,21114.12472172057,2885.1549527660936,45159.48915405037,6459.436431798671,7.335758442697312,1.0255625917339104,0.8383657924635045,0.11879356245371413
SGD_EPS_INSENSITIVE_BLOCKWISE_RFF,"(1, 2, 3, 12, 24)","{'spatial_gamma': 0.05, 'spatial_n_components': 300, 'temporal_gammas': (0.05, 0.1), 'temporal_n_components': 300, 'alpha': 0.0001, 'epsilon': 0.01}",5,33596.12182853861,9751.32194347017,45169.842228448,8685.797859479813,13.896475965320201,6.189742975073592,1.2498757936117453,0.3889977032619234
SGD_EPS_INSENSITIVE_BLOCKWISE_RFF,"(1, 2, 12, 24)","{'spatial_gamma': 0.05, 'spatial_n_components': 300, 'temporal_gammas': (0.05, 0.1), 'temporal_n_components': 300, 'alpha': 0.0001, 'epsilon': 0.01}",5,34599.75789965935,11171.728481656077,45189.6911483287,10368.517936515293,14.740484994369336,7.591857794413532,1.2997791171565791,0.4731424851881903
SGD_EPS_INSENSITIVE_BLOCKWISE_RFF,"(1, 12)","{'spatial_gamma': 0.01, 'spatial_n_components': 150, 'temporal_gammas': (0.05, 0.1, 0.2), 'temporal_n_components': 150, 'alpha': 0.0001, 'epsilon': 0.01}",5,18746.24979995279,3871.191177625132,45208.90180292351,4355.883861643026,6.327431650000387,1.6983094507072711,0.7429985776716033,0.1470123079273372
SGD_EPS_INSENSITIVE_BLOCKWISE_RFF,"(1, 12)","{'spatial_gamma': 0.05, 'spatial_n_components': 300, 'temporal_gammas': (0.05, 0.1), 'temporal_n_components': 300, 'alpha': 1e-06, 'epsilon': 0.01}",5,23261.5964368827,3558.771670683285,45218.79952840315,3193.383408293802,8.378729913954551,1.3313249781474454,0.9235699741857276,0.14305862721765264
SGD_EPS_INSENSITIVE_BLOCKWISE_RFF,"(1, 2, 3, 12, 24)","{'spatial_gamma': 0.01, 'spatial_n_components': 300, 'temporal_gammas': (0.05, 0.1, 0.2), 'temporal_n_components': 300, 'alpha': 1e-05, 'epsilon': 0.1}",5,33913.90968958409,11756.557219046623,45246.77715044201,11159.315669820866,14.895613135603913,8.591993724082576,1.2673093853950907,0.4783871498089426
SGD_EPS_INSENSITIVE_BLOCKWISE_RFF,"(1, 12)","{'spatial_gamma': 0.05, 'spatial_n_components': 150, 'temporal_gammas': (0.05, 0.1), 'temporal_n_components': 300, 'alpha': 1e-06, 'epsilon': 0.01}",5,23328.728022503143,7807.656527617013,45336.32413085089,7853.1214103834545,7.770173055150268,2.6815892575075115,0.927359770343617,0.3207197065959505
SGD_EPS_INSENSITIVE_BLOCKWISE_RFF,"(1, 2, 12, 24)","{'spatial_gamma': 0.05, 'spatial_n_components': 300, 'temporal_gammas': (0.05, 0.1), 'temporal_n_components': 300, 'alpha': 1e-05, 'epsilon': 0.01}",5,32558.247506327636,11276.748504189163,45341.21763840191,11027.29786022086,14.562975359225712,8.672456715934434,1.214680201555002,0.4462365523347191
SGD_EPS_INSENSITIVE_BLOCKWISE_RFF,"(1, 2, 3, 12, 24)","{'spatial_gamma': 0.01, 'spatial_n_components': 300, 'temporal_gammas': (0.05, 0.1, 0.2), 'temporal_n_components': 300, 'alpha': 1e-06, 'epsilon': 0.01}",5,33476.6033840488,9182.330075458307,45342.95913110669,9119.682455749662,14.034730527487548,5.611885883175801,1.25554825658739,0.3973069699790215
SGD_EPS_INSENSITIVE_BLOCKWISE_RFF,"(1, 12)","{'spatial_gamma': 0.01, 'spatial_n_components': 150, 'temporal_gammas': (0.05, 0.1, 0.2), 'temporal_n_components': 150, 'alpha': 1e-05, 'epsilon': 0.01}",5,19310.999163603265,2999.359174025239,45355.45809361803,3753.4178080326456,6.563600799401928,1.23510335332111,0.7682142432257479,0.13621986838592812
SGD_EPS_INSENSITIVE_BLOCKWISE_RFF,"(1, 12)","{'spatial_gamma': 0.05, 'spatial_n_components': 300, 'temporal_gammas': (0.05, 0.1, 0.2), 'temporal_n_components': 150, 'alpha': 0.0001, 'epsilon': 0.01}",5,18779.675766423672,1249.2303770494182,45388.785420700406,3887.2670702417067,6.742622372256339,0.44771170737971516,0.7463249016247319,0.06708786469576483
SGD_EPS_INSENSITIVE_BLOCKWISE_RFF,"(1, 12, 24)","{'spatial_gamma': 0.05, 'spatial_n_components': 150, 'temporal_gammas': (0.05, 0.1), 'temporal_n_components': 300, 'alpha': 0.0001, 'epsilon': 0.01}",5,22914.56499897621,3140.3017620818337,45461.25987717311,6409.6772023807,7.512543040260955,1.3630425793378487,0.8556812412287027,0.15488011200313428
SGD_EPS_INSENSITIVE_BLOCKWISE_RFF,"(1, 2, 3, 12, 24)","{'spatial_gamma': 0.01, 'spatial_n_components': 150, 'temporal_gammas': (0.05, 0.1, 0.2), 'temporal_n_components': 300, 'alpha': 0.0001, 'epsilon': 0.01}",5,34045.59752023513,14832.55554568401,45464.01769800992,13870.705536832029,15.636642351226905,11.206566408038888,1.2815915502735937,0.607076619093809
SGD_EPS_INSENSITIVE_BLOCKWISE_RFF,"(1, 12)","{'spatial_gamma': 0.01, 'spatial_n_components': 150, 'temporal_gammas': (0.05, 0.1), 'temporal_n_components': 300, 'alpha': 0.0001, 'epsilon': 0.1}",5,23755.700267214568,2759.7842727963675,45694.384417532165,885.4500044468124,8.49584317066251,1.4523500863420717,0.9429683826657411,0.11221888912801807
SGD_EPS_INSENSITIVE_BLOCKWISE_RFF,"(1, 2, 12, 24)","{'spatial_gamma': 0.01, 'spatial_n_components': 150, 'temporal_gammas': (0.05, 0.1, 0.2), 'temporal_n_components': 300, 'alpha': 1e-05, 'epsilon': 0.01}",5,31789.076771589094,5211.8795062159425,45705.16617396144,5329.930843132251,12.715524279576783,4.3705214773770225,1.1874069144436212,0.24342948089966573
SGD_EPS_INSENSITIVE_BLOCKWISE_RFF,"(1, 12, 24)","{'spatial_gamma': 0.05, 'spatial_n_components': 300, 'temporal_gammas': (0.05, 0.1), 'temporal_n_components': 300, 'alpha': 1e-05, 'epsilon': 0.1}",5,24387.975009611808,2724.816856312788,45707.42712526547,6312.959598648462,8.346798123229664,1.0853078581375928,0.9058943351958602,0.11028780159281278
SGD_EPS_INSENSITIVE_BLOCKWISE_RFF,"(1, 2, 12, 24)","{'spatial_gamma': 0.01, 'spatial_n_components': 150, 'temporal_gammas': (0.05, 0.1, 0.2), 'temporal_n_components': 300, 'alpha': 0.0001, 'epsilon': 0.01}",5,31590.744416418933,9707.553241013335,45744.328204609374,8504.75035739965,12.430784228892797,4.817039346339399,1.1812293638304046,0.40317012988211826
SGD_EPS_INSENSITIVE_BLOCKWISE_RFF,"(1, 2, 3, 4, 5, 6, 12, 24)","{'spatial_gamma': 0.05, 'spatial_n_components': 150, 'temporal_gammas': (0.05, 0.1, 0.2), 'temporal_n_components': 300, 'alpha': 1e-05, 'epsilon': 0.01}",5,35469.23526770591,13733.169719029767,45945.16052256746,13613.635836709702,16.84862483743975,11.178043420937271,1.327253211895893,0.5582871713790624
SGD_EPS_INSENSITIVE_BLOCKWISE_RFF,"(1, 2, 12, 24)","{'spatial_gamma': 0.01, 'spatial_n_components': 300, 'temporal_gammas': (0.05, 0.1), 'temporal_n_components': 300, 'alpha': 0.0001, 'epsilon': 0.01}",5,33664.39525818124,6959.899737949372,45951.680533842606,9465.536549651859,14.354302785817032,5.036429185611504,1.265159342016499,0.33177694003853714
SGD_EPS_INSENSITIVE_BLOCKWISE_RFF,"(1, 12)","{'spatial_gamma': 0.01, 'spatial_n_components': 300, 'temporal_gammas': (0.05, 0.1, 0.2), 'temporal_n_components': 150, 'alpha': 0.0001, 'epsilon': 0.1}",5,23358.284130752065,5055.935227814485,45966.36945459308,2770.227172878229,8.513140652941676,2.509718772333105,0.9209213946917629,0.17410642819848296
SGD_EPS_INSENSITIVE_BLOCKWISE_RFF,"(1, 12)","{'spatial_gamma': 0.05, 'spatial_n_components': 150, 'temporal_gammas': (0.05, 0.1, 0.2), 'temporal_n_components': 300, 'alpha': 0.0001, 'epsilon': 0.01}",5,23719.47483378421,3930.701660329076,46001.004038701576,4733.357551140436,8.451987836816453,2.497433130806397,0.9399894926583852,0.1466410978984949
SGD_EPS_INSENSITIVE_BLOCKWISE_RFF,"(1, 12, 24)","{'spatial_gamma': 0.01, 'spatial_n_components': 150, 'temporal_gammas': (0.05, 0.1, 0.2), 'temporal_n_components': 300, 'alpha': 1e-05, 'epsilon': 0.1}",5,23041.415909566393,2851.802115161018,46002.57275178791,3914.761983563398,7.854256449442717,1.7040783049172132,0.855427941972985,0.11807470847467685
SGD_EPS_INSENSITIVE_BLOCKWISE_RFF,"(1, 2, 3, 4, 5, 6, 12)","{'spatial_gamma': 0.05, 'spatial_n_components': 300, 'temporal_gammas': (0.05, 0.1, 0.2), 'temporal_n_components': 300, 'alpha': 0.0001, 'epsilon': 0.01}",5,35721.68990718412,13655.002864820539,46036.176509811194,14841.02058368136,16.397589044194017,10.317926503125829,1.415983788134691,0.5348231463410522
SGD_EPS_INSENSITIVE_BLOCKWISE_RFF,"(1, 12)","{'spatial_gamma': 0.05, 'spatial_n_components': 300, 'temporal_gammas': (0.05, 0.1, 0.2), 'temporal_n_components': 150, 'alpha': 1e-06, 'epsilon': 0.01}",5,21124.05433342096,3791.5934829997404,46037.60207417111,5231.6043193927535,7.273411126287749,1.2817109862689204,0.8402929244595839,0.16077046062144143
SGD_EPS_INSENSITIVE_BLOCKWISE_RFF,"(1, 2, 12, 24)","{'spatial_gamma': 0.01, 'spatial_n_components': 300, 'temporal_gammas': (0.05, 0.1, 0.2), 'temporal_n_components': 150, 'alpha': 1e-06, 'epsilon': 0.01}",5,33426.20392883495,12772.232579209569,46048.048507681975,12476.043701019686,14.487860320820854,8.769314399852714,1.2523162997923791,0.5230991818290783
SGD_EPS_INSENSITIVE_BLOCKWISE_RFF,"(1, 2, 3, 12)","{'spatial_gamma': 0.05, 'spatial_n_components': 300, 'temporal_gammas': (0.05, 0.1, 0.2), 'temporal_n_components': 300, 'alpha': 0.0001, 'epsilon': 0.01}",5,29623.825538330402,4201.593197069329,46076.11105987262,7736.664256709063,10.775370494398482,2.22688173895389,1.173812685519956,0.15708006278118172
SGD_EPS_INSENSITIVE_BLOCKWISE_RFF,"(1, 2, 12, 24)","{'spatial_gamma': 0.01, 'spatial_n_components': 300, 'temporal_gammas': (0.05, 0.1, 0.2), 'temporal_n_components': 300, 'alpha': 1e-06, 'epsilon': 0.1}",5,32660.497969880264,15626.538819419131,46122.163308092306,17237.004788116254,12.721682971105073,6.506980520652172,1.2384293741430832,0.6431260920873467
SGD_EPS_INSENSITIVE_BLOCKWISE_RFF,"(1, 12)","{'spatial_gamma': 0.05, 'spatial_n_components': 300, 'temporal_gammas': (0.05, 0.1, 0.2), 'temporal_n_components': 300, 'alpha': 0.0001, 'epsilon': 0.1}",5,25561.955710461287,6362.706375822824,46133.25601918206,6516.607347932154,9.056927225632748,2.8215270072584704,1.0199419583537186,0.2850818004280031
SGD_EPS_INSENSITIVE_BLOCKWISE_RFF,"(1, 12, 24)","{'spatial_gamma': 0.01, 'spatial_n_components': 150, 'temporal_gammas': (0.05, 0.1), 'temporal_n_components': 300, 'alpha': 1e-05, 'epsilon': 0.01}",5,23172.872954784827,7922.92733480149,46162.34847023032,9076.653428184949,7.862931531547545,3.293202926448035,0.8718321062487708,0.33351829803375177
SGD_EPS_INSENSITIVE_BLOCKWISE_RFF,"(1, 12)","{'spatial_gamma': 0.01, 'spatial_n_components': 150, 'temporal_gammas': (0.05, 0.1, 0.2), 'temporal_n_components': 300, 'alpha': 1e-06, 'epsilon': 0.1}",5,23072.215101172224,6804.8060312240905,46183.36118603909,7388.362863109902,7.564335316633743,2.8670455421648304,0.9221563947750058,0.2954422367500225
SGD_EPS_INSENSITIVE_BLOCKWISE_RFF,"(1, 12)","{'spatial_gamma': 0.01, 'spatial_n_components': 300, 'temporal_gammas': (0.05, 0.1), 'temporal_n_components': 150, 'alpha': 1e-05, 'epsilon': 0.01}",5,20537.700614870213,3993.28884809669,46184.51817390018,6587.892194429885,7.567231127304153,2.1573022601161385,0.8169217278973642,0.1667370416910077
SGD_EPS_INSENSITIVE_BLOCKWISE_RFF,"(1, 2, 3, 4, 5, 6, 12, 24)","{'spatial_gamma': 0.05, 'spatial_n_components': 300, 'temporal_gammas': (0.05, 0.1), 'temporal_n_components': 300, 'alpha': 0.0001, 'epsilon': 0.01}",5,36168.66975983721,9925.098977404728,46207.27678080239,10787.315720211463,15.079511191104586,4.986530874227114,1.3528657280424,0.4055733445241794
SGD_EPS_INSENSITIVE_BLOCKWISE_RFF,"(1, 2, 3, 12)","{'spatial_gamma': 0.01, 'spatial_n_components': 300, 'temporal_gammas': (0.05, 0.1), 'temporal_n_components': 300, 'alpha': 1e-05, 'epsilon': 0.01}",5,32824.30523787144,9651.676831381661,46220.125767935744,11954.207181212842,14.92458521301848,8.288967870721123,1.3058904511753222,0.38761347114308503
SGD_EPS_INSENSITIVE_BLOCKWISE_RFF,"(1, 2, 3, 12, 24)","{'spatial_gamma': 0.01, 'spatial_n_components': 150, 'temporal_gammas': (0.05, 0.1, 0.2), 'temporal_n_components': 300, 'alpha': 1e-06, 'epsilon': 0.01}",5,33543.280025563545,9154.972520945299,46223.98185771351,9429.944611971323,13.621954278934691,5.952263209631403,1.2550470788564596,0.3840174608673123
SGD_EPS_INSENSITIVE_BLOCKWISE_RFF,"(1, 12)","{'spatial_gamma': 0.01, 'spatial_n_components': 150, 'temporal_gammas': (0.05, 0.1, 0.2), 'temporal_n_components': 300, 'alpha': 1e-05, 'epsilon': 0.1}",5,21566.265432798427,3059.1830719785135,46252.69169396056,4311.409610239921,7.188624903600287,1.3370261059703892,0.857646483691744,0.13523811140827804
SGD_EPS_INSENSITIVE_BLOCKWISE_RFF,"(1, 12)","{'spatial_gamma': 0.01, 'spatial_n_components': 300, 'temporal_gammas': (0.05, 0.1, 0.2), 'temporal_n_components': 150, 'alpha': 0.0001, 'epsilon': 0.01}",5,19293.528894775623,2275.231021153546,46286.73128623683,4293.706471829984,6.9927701647636935,1.2096693241914045,0.7675956413536353,0.1076125774043502
SGD_EPS_INSENSITIVE_BLOCKWISE_RFF,"(1, 12)","{'spatial_gamma': 0.05, 'spatial_n_components': 150, 'temporal_gammas': (0.05, 0.1, 0.2), 'temporal_n_components': 300, 'alpha': 1e-06, 'epsilon': 0.01}",5,25584.45861028738,4761.754167590797,46375.978738662016,5589.8438531750035,9.083865870139139,1.961780575119903,1.0179863516301502,0.1983943641396819
SGD_EPS_INSENSITIVE_BLOCKWISE_RFF,"(1, 12)","{'spatial_gamma': 0.05, 'spatial_n_components': 150, 'temporal_gammas': (0.05, 0.1, 0.2), 'temporal_n_components': 300, 'alpha': 1e-06, 'epsilon': 0.1}",5,22127.590437330637,5111.576944130564,46378.6289985292,6505.2957008158755,7.289269621723041,1.673427036606579,0.8753836633712127,0.1906940434722782
SGD_EPS_INSENSITIVE_BLOCKWISE_RFF,"(1, 12, 24)","{'spatial_gamma': 0.01, 'spatial_n_components': 150, 'temporal_gammas': (0.05, 0.1), 'temporal_n_components': 300, 'alpha': 1e-06, 'epsilon': 0.1}",5,24431.302712875302,3443.1641486116623,46390.11245013536,7191.96767125173,8.110799317984673,1.0759463083219003,0.906572205107121,0.1281789274892382
SGD_EPS_INSENSITIVE_BLOCKWISE_RFF,"(1, 2, 12)","{'spatial_gamma': 0.05, 'spatial_n_components': 150, 'temporal_gammas': (0.05, 0.1), 'temporal_n_components': 300, 'alpha': 1e-06, 'epsilon': 0.1}",5,25816.841124177747,5887.066419554231,46470.52808215898,3600.785328839717,9.447063248074771,4.009443197055235,1.0227143683221338,0.2269361776571416
SGD_EPS_INSENSITIVE_BLOCKWISE_RFF,"(1, 12)","{'spatial_gamma': 0.01, 'spatial_n_components': 300, 'temporal_gammas': (0.05, 0.1), 'temporal_n_components': 300, 'alpha': 1e-05, 'epsilon': 0.01}",5,22267.09844310318,3588.049427486799,46501.75871453875,5043.273218752284,7.589981663213967,1.676236063011734,0.8827065599896912,0.143923416076662
SGD_EPS_INSENSITIVE_BLOCKWISE_RFF,"(1, 12, 24)","{'spatial_gamma': 0.01, 'spatial_n_components': 150, 'temporal_gammas': (0.05, 0.1), 'temporal_n_components': 300, 'alpha': 1e-06, 'epsilon': 0.01}",5,23809.339047187077,2936.0474312526903,46618.67396635588,6372.9317673929745,8.574556407209197,1.8489808901186104,0.8884694112859725,0.14652614514661957
SGD_EPS_INSENSITIVE_BLOCKWISE_RFF,"(1, 2, 3, 4, 5, 6, 12)","{'spatial_gamma': 0.05, 'spatial_n_components': 300, 'temporal_gammas': (0.05, 0.1, 0.2), 'temporal_n_components': 300, 'alpha': 1e-06, 'epsilon': 0.01}",5,36501.498615731696,12452.65676450206,46675.87561568768,12399.60422421761,15.899939280338463,7.250072342019689,1.44288598913174,0.4758594385416453
SGD_EPS_INSENSITIVE_BLOCKWISE_RFF,"(1, 2, 12)","{'spatial_gamma': 0.01, 'spatial_n_components': 300, 'temporal_gammas': (0.05, 0.1), 'temporal_n_components': 300, 'alpha': 0.0001, 'epsilon': 0.01}",5,25217.632203698267,3950.612579075099,46769.689464559466,3180.1816262682983,8.97340195319217,1.8584315170487493,1.000319804273433,0.15369832674790887
SGD_EPS_INSENSITIVE_BLOCKWISE_RFF,"(1, 2, 3, 4, 5, 6, 12, 24)","{'spatial_gamma': 0.01, 'spatial_n_components': 150, 'temporal_gammas': (0.05, 0.1, 0.2), 'temporal_n_components': 300, 'alpha': 1e-05, 'epsilon': 0.01}",5,35366.90483428474,12210.688326998425,46772.98916099622,13361.532028098824,16.231168506961275,9.691014823818977,1.3260398588051134,0.5045463264654708
SGD_EPS_INSENSITIVE_BLOCKWISE_RFF,"(1, 12)","{'spatial_gamma': 0.01, 'spatial_n_components': 150, 'temporal_gammas': (0.05, 0.1), 'temporal_n_components': 300, 'alpha': 1e-05, 'epsilon': 0.1}",5,23783.724081063083,5974.158993780761,46920.986616168186,7689.808904131957,8.600609765907246,2.619222249020986,0.9515459099649064,0.27376228621076476
SGD_EPS_INSENSITIVE_BLOCKWISE_RFF,"(1, 2, 12, 24)","{'spatial_gamma': 0.05, 'spatial_n_components': 300, 'temporal_gammas': (0.05, 0.1, 0.2), 'temporal_n_components': 300, 'alpha': 1e-06, 'epsilon': 0.01}",5,33199.7012765683,8201.785573456546,46933.44782039593,7351.272347198123,13.08975441922207,4.502794395663627,1.2367475625356044,0.3318243137487934
SGD_EPS_INSENSITIVE_BLOCKWISE_RFF,"(1, 2, 3, 12)","{'spatial_gamma': 0.01, 'spatial_n_components': 150, 'temporal_gammas': (0.05, 0.1, 0.2), 'temporal_n_components': 300, 'alpha': 1e-06, 'epsilon': 0.01}",5,31079.71069001602,8226.285895173403,46991.20222866946,9761.223365478894,11.405663526760007,3.8523799766466196,1.2294805334731593,0.31075444766863597
SGD_EPS_INSENSITIVE_BLOCKWISE_RFF,"(1, 12)","{'spatial_gamma': 0.05, 'spatial_n_components': 150, 'temporal_gammas': (0.05, 0.1), 'temporal_n_components': 300, 'alpha': 0.0001, 'epsilon': 0.01}",5,22979.93717778543,3675.5382188283843,47080.18503981084,7449.818523511512,7.9827249163160925,1.6039262941234096,0.9139101345604763,0.16086066101256233
SGD_EPS_INSENSITIVE_BLOCKWISE_RFF,"(1, 12)","{'spatial_gamma': 0.05, 'spatial_n_components': 150, 'temporal_gammas': (0.05, 0.1, 0.2), 'temporal_n_components': 300, 'alpha': 1e-05, 'epsilon': 0.1}",5,23337.064834937093,3377.741371083711,47094.159351643706,4838.300009608508,8.071562888482031,1.2556170714874677,0.9274769790953004,0.1432766444610559
SGD_EPS_INSENSITIVE_BLOCKWISE_RFF,"(1, 2, 3, 12, 24)","{'spatial_gamma': 0.01, 'spatial_n_components': 300, 'temporal_gammas': (0.05, 0.1, 0.2), 'temporal_n_components': 300, 'alpha': 0.0001, 'epsilon': 0.01}",5,35780.4725329543,10259.353740561191,47114.53713005349,10336.097544990302,15.896561539480553,5.9735305867261435,1.341069881590617,0.43758025456512006
SGD_EPS_INSENSITIVE_BLOCKWISE_RFF,"(1, 12)","{'spatial_gamma': 0.01, 'spatial_n_components': 150, 'temporal_gammas': (0.05, 0.1, 0.2), 'temporal_n_components': 150, 'alpha': 1e-06, 'epsilon': 0.01}",5,20152.310670669878,5843.79875397721,47132.18388837257,5866.803917365096,6.6798983545803,1.8196141099482848,0.8021712451493078,0.23950426110479273
SGD_EPS_INSENSITIVE_BLOCKWISE_RFF,"(1, 2, 12)","{'spatial_gamma': 0.01, 'spatial_n_components': 300, 'temporal_gammas': (0.05, 0.1), 'temporal_n_components': 300, 'alpha': 1e-05, 'epsilon': 0.1}",5,26245.525748616677,6529.304686572662,47157.544810015854,6937.042968350757,9.303683747102813,2.335979641599117,1.04466139278914,0.2657950148494707
SGD_EPS_INSENSITIVE_BLOCKWISE_RFF,"(1, 2, 12)","{'spatial_gamma': 0.01, 'spatial_n_components': 150, 'temporal_gammas': (0.05, 0.1), 'temporal_n_components': 300, 'alpha': 0.0001, 'epsilon': 0.1}",5,24371.96435053215,7779.58062758866,47212.80468073658,6673.528626707827,9.072988678883195,4.369880595050819,0.9662092757949715,0.3007918880140003
SGD_EPS_INSENSITIVE_BLOCKWISE_RFF,"(1, 12, 24)","{'spatial_gamma': 0.01, 'spatial_n_components': 300, 'temporal_gammas': (0.05, 0.1), 'temporal_n_components': 300, 'alpha': 1e-06, 'epsilon': 0.1}",5,25897.043134327418,5555.950544738772,47319.61858406909,6174.8575694101455,9.593590863037285,2.7429179658818823,0.9633246405039418,0.2250521710330892
SGD_EPS_INSENSITIVE_BLOCKWISE_RFF,"(1, 2, 12)","{'spatial_gamma': 0.05, 'spatial_n_components': 150, 'temporal_gammas': (0.05, 0.1), 'temporal_n_components': 300, 'alpha': 1e-06, 'epsilon': 0.01}",5,26014.942851084637,4467.742102657741,47327.07820786327,3855.627749043369,9.191840844513813,1.9721551894353235,1.0316527597312526,0.17027316961445285
SGD_EPS_INSENSITIVE_BLOCKWISE_RFF,"(1, 12, 24)","{'spatial_gamma': 0.05, 'spatial_n_components': 150, 'temporal_gammas': (0.05, 0.1), 'temporal_n_components': 300, 'alpha': 1e-06, 'epsilon': 0.01}",5,25951.658882143696,2989.353791106261,47339.686977185265,6104.799256462408,9.875574452869012,2.64309695508552,0.9672503161241023,0.14843320593692566
SGD_EPS_INSENSITIVE_BLOCKWISE_RFF,"(1, 2, 12)","{'spatial_gamma': 0.05, 'spatial_n_components': 300, 'temporal_gammas': (0.05, 0.1), 'temporal_n_components': 300, 'alpha': 1e-05, 'epsilon': 0.1}",5,24944.73167142433,3750.4614669547523,47366.340914891465,3516.5524980696114,9.37975168885119,3.2329226845732646,0.9866592376795816,0.12961739208243855
SGD_EPS_INSENSITIVE_BLOCKWISE_RFF,"(1, 12, 24)","{'spatial_gamma': 0.01, 'spatial_n_components': 150, 'temporal_gammas': (0.05, 0.1, 0.2), 'temporal_n_components': 300, 'alpha': 1e-06, 'epsilon': 0.1}",5,24408.51906734962,4881.927918459502,47404.72122145634,7272.511589766621,8.194864436037227,1.554718116990372,0.9080351140187712,0.18858032069649402
SGD_EPS_INSENSITIVE_BLOCKWISE_RFF,"(1, 12, 24)","{'spatial_gamma': 0.05, 'spatial_n_components': 150, 'temporal_gammas': (0.05, 0.1, 0.2), 'temporal_n_components': 300, 'alpha': 0.0001, 'epsilon': 0.1}",5,25392.720025006285,2753.417771274218,47445.91523267592,3754.73520712886,8.91716250486947,1.6186823374031722,0.9401262566913271,0.08231001201803467
SGD_EPS_INSENSITIVE_BLOCKWISE_RFF,"(1, 12, 24)","{'spatial_gamma': 0.01, 'spatial_n_components': 300, 'temporal_gammas': (0.05, 0.1), 'temporal_n_components': 300, 'alpha': 1e-06, 'epsilon': 0.01}",5,24415.849688653765,2080.6990072475137,47512.828825918536,5723.432804330911,8.599255171048185,1.116081084592705,0.9096865568608695,0.11804547626784054
SGD_EPS_INSENSITIVE_BLOCKWISE_RFF,"(1, 12)","{'spatial_gamma': 0.01, 'spatial_n_components': 300, 'temporal_gammas': (0.05, 0.1), 'temporal_n_components': 300, 'alpha': 0.0001, 'epsilon': 0.01}",5,25310.000991927525,4341.374177995788,47518.487104519554,4646.284528651741,9.431730685688242,1.828513761741462,1.0063556701058076,0.18578848652688165
SGD_EPS_INSENSITIVE_BLOCKWISE_RFF,"(1, 2, 3, 12, 24)","{'spatial_gamma': 0.05, 'spatial_n_components': 300, 'temporal_gammas': (0.05, 0.1, 0.2), 'temporal_n_components': 300, 'alpha': 1e-05, 'epsilon': 0.01}",5,35529.9052237854,11660.57597873164,47532.35949469711,13086.056606328522,14.36256840686519,6.715585990804055,1.3356290427865591,0.49524248845016633
SGD_EPS_INSENSITIVE_BLOCKWISE_RFF,"(1, 12)","{'spatial_gamma': 0.01, 'spatial_n_components': 300, 'temporal_gammas': (0.05, 0.1), 'temporal_n_components': 300, 'alpha': 1e-06, 'epsilon': 0.01}",5,24372.144384703795,3738.4168226630777,47572.70153685829,6879.29225473372,9.414593688136332,1.7756321967491413,0.970983516867048,0.17309528595522913
SGD_EPS_INSENSITIVE_BLOCKWISE_RFF,"(1, 12, 24)","{'spatial_gamma': 0.05, 'spatial_n_components': 300, 'temporal_gammas': (0.05, 0.1), 'temporal_n_components': 300, 'alpha': 0.0001, 'epsilon': 0.01}",5,27135.355739334027,3776.4053930697232,47598.39205169505,5349.055585566994,10.027246177957206,1.9578245989673793,1.005054234612595,0.12686326132668405
SGD_EPS_INSENSITIVE_BLOCKWISE_RFF,"(1, 2, 12, 24)","{'spatial_gamma': 0.01, 'spatial_n_components': 300, 'temporal_gammas': (0.05, 0.1, 0.2), 'temporal_n_components': 300, 'alpha': 1e-06, 'epsilon': 0.01}",5,34077.43774786316,11257.134105657207,47600.010626330724,9697.558922903692,13.927755788059912,6.672671448090662,1.2741860054337442,0.4634901580799352
SGD_EPS_INSENSITIVE_BLOCKWISE_RFF,"(1, 12)","{'spatial_gamma': 0.01, 'spatial_n_components': 150, 'temporal_gammas': (0.05, 0.1, 0.2), 'temporal_n_components': 300, 'alpha': 0.0001, 'epsilon': 0.1}",5,24282.14399471043,3617.630971345165,47624.18085233956,4804.324827445658,8.741781553504506,2.0946324251824118,0.961563671601567,0.13428609841232603
SGD_EPS_INSENSITIVE_BLOCKWISE_RFF,"(1, 2, 3, 12, 24)","{'spatial_gamma': 0.05, 'spatial_n_components': 150, 'temporal_gammas': (0.05, 0.1), 'temporal_n_components': 300, 'alpha': 1e-06, 'epsilon': 0.01}",5,35232.125827775126,14722.89319888341,47660.79040146753,13641.54531089198,15.578550616173967,10.604139968177039,1.3178401834456148,0.5861683797352353
SGD_EPS_INSENSITIVE_BLOCKWISE_RFF,"(1, 2, 12)","{'spatial_gamma': 0.05, 'spatial_n_components': 150, 'temporal_gammas': (0.05, 0.1, 0.2), 'temporal_n_components': 300, 'alpha': 1e-06, 'epsilon': 0.1}",5,22384.49997454245,4241.954369023397,47700.60372761013,3346.0343099009983,7.504900557793152,2.123087536953214,0.8864439146216944,0.15647541932753148
SGD_EPS_INSENSITIVE_BLOCKWISE_RFF,"(1, 2, 3, 4, 5, 6, 12, 24)","{'spatial_gamma': 0.05, 'spatial_n_components': 300, 'temporal_gammas': (0.05, 0.1, 0.2), 'temporal_n_components': 300, 'alpha': 0.0001, 'epsilon': 0.01}",5,37949.214880038264,12869.614677228781,47717.66862126322,13013.602217267042,18.131201571521043,10.6162041969932,1.4168683387153373,0.5252455707581641
SGD_EPS_INSENSITIVE_BLOCKWISE_RFF,"(1, 12)","{'spatial_gamma': 0.01, 'spatial_n_components': 300, 'temporal_gammas': (0.05, 0.1, 0.2), 'temporal_n_components': 300, 'alpha': 0.0001, 'epsilon': 0.1}",5,25099.388230304343,4045.6940556961094,47744.92017517,4617.486621409467,9.172832649767637,1.4946835729792176,0.998739906237254,0.17558094972014743
SGD_EPS_INSENSITIVE_BLOCKWISE_RFF,"(1, 2, 3, 4, 5, 6, 12, 24)","{'spatial_gamma': 0.05, 'spatial_n_components': 300, 'temporal_gammas': (0.05, 0.1, 0.2), 'temporal_n_components': 300, 'alpha': 1e-05, 'epsilon': 0.01}",5,36370.24529412882,9896.352006307081,47761.83382493493,10451.428151414122,15.304604418850374,5.688940428243933,1.3611591903405285,0.41551474714569747
SGD_EPS_INSENSITIVE_BLOCKWISE_RFF,"(1, 2, 3, 12, 24)","{'spatial_gamma': 0.01, 'spatial_n_components': 300, 'temporal_gammas': (0.05, 0.1, 0.2), 'temporal_n_components': 300, 'alpha': 1e-05, 'epsilon': 0.01}",5,35427.49044976806,15706.871284948316,47776.28179995953,16009.73710267047,16.401476145661817,12.375731100832315,1.3337325921509784,0.6434682909919982
SGD_EPS_INSENSITIVE_BLOCKWISE_RFF,"(1, 12, 24)","{'spatial_gamma': 0.01, 'spatial_n_components': 150, 'temporal_gammas': (0.05, 0.1, 0.2), 'temporal_n_components': 300, 'alpha': 0.0001, 'epsilon': 0.1}",5,23266.33128951948,4139.298416131632,47872.48879224044,6012.538038845096,7.857635564302851,1.4804926057066479,0.8682492895768095,0.1858338702139224
SGD_EPS_INSENSITIVE_BLOCKWISE_RFF,"(1, 2, 12, 24)","{'spatial_gamma': 0.05, 'spatial_n_components': 300, 'temporal_gammas': (0.05, 0.1, 0.2), 'temporal_n_components': 300, 'alpha': 0.0001, 'epsilon': 0.01}",5,34090.02286433634,7190.5887895773,47877.76619807334,7677.930034882486,15.23628306824654,7.114557032753451,1.2746107556224502,0.31862375220139266
SGD_EPS_INSENSITIVE_BLOCKWISE_RFF,"(1, 2, 3, 12)","{'spatial_gamma': 0.01, 'spatial_n_components': 300, 'temporal_gammas': (0.05, 0.1, 0.2), 'temporal_n_components': 300, 'alpha': 0.0001, 'epsilon': 0.01}",5,32090.960077413074,9708.39838544166,47966.6372531635,10183.557856368707,13.435199894490022,5.436960031080281,1.2758306986473016,0.38398487203215914
SGD_EPS_INSENSITIVE_BLOCKWISE_RFF,"(1, 12, 24)","{'spatial_gamma': 0.01, 'spatial_n_components': 150, 'temporal_gammas': (0.05, 0.1), 'temporal_n_components': 300, 'alpha': 0.0001, 'epsilon': 0.01}",5,26182.84234843762,4174.319904119045,47972.68362123137,6441.9836614103515,9.474517607750828,1.6620176550878631,0.9760126290558506,0.18230767895639266
SGD_EPS_INSENSITIVE_BLOCKWISE_RFF,"(1, 12)","{'spatial_gamma': 0.05, 'spatial_n_components': 150, 'temporal_gammas': (0.05, 0.1, 0.2), 'temporal_n_components': 300, 'alpha': 0.0001, 'epsilon': 0.1}",5,23880.702743964357,5766.112307807137,48034.340003260426,7752.059194771354,7.739137142897657,2.2644628528484922,0.9489651071855594,0.23045288051998064
SGD_EPS_INSENSITIVE_BLOCKWISE_RFF,"(1, 2, 12)","{'spatial_gamma': 0.05, 'spatial_n_components': 150, 'temporal_gammas': (0.05, 0.1), 'temporal_n_components': 300, 'alpha': 1e-05, 'epsilon': 0.01}",5,25883.214428985986,3523.195092492131,48042.73269833515,4074.712375850555,9.100146962312348,1.8321669480057066,1.03033132889011,0.16270737872264127
SGD_EPS_INSENSITIVE_BLOCKWISE_RFF,"(1, 2, 12)","{'spatial_gamma': 0.01, 'spatial_n_components': 300, 'temporal_gammas': (0.05, 0.1), 'temporal_n_components': 300, 'alpha': 1e-06, 'epsilon': 0.01}",5,25579.388128081795,4893.8598680521645,48056.9287918256,4659.246246205455,8.52497769950545,1.735488228049857,1.0146362037421492,0.18911547380305768
SGD_EPS_INSENSITIVE_BLOCKWISE_RFF,"(1, 12)","{'spatial_gamma': 0.01, 'spatial_n_components': 150, 'temporal_gammas': (0.05, 0.1, 0.2), 'temporal_n_components': 300, 'alpha': 1e-05, 'epsilon': 0.01}",5,25458.472079510917,4988.88745743658,48085.59140511012,6394.370329100785,8.514019407593967,1.7724199761223596,1.0156916512766823,0.22897004161563805
SGD_EPS_INSENSITIVE_BLOCKWISE_RFF,"(1, 12, 24)","{'spatial_gamma': 0.05, 'spatial_n_components': 150, 'temporal_gammas': (0.05, 0.1, 0.2), 'temporal_n_components': 300, 'alpha': 1e-06, 'epsilon': 0.1}",5,24655.543705771597,4775.201264512301,48126.976650268756,8453.818984038922,8.999057840915706,2.301575228839183,0.9284705423078456,0.2420507077811514
SGD_EPS_INSENSITIVE_BLOCKWISE_RFF,"(1, 12)","{'spatial_gamma': 0.01, 'spatial_n_components': 300, 'temporal_gammas': (0.05, 0.1, 0.2), 'temporal_n_components': 300, 'alpha': 1e-06, 'epsilon': 0.01}",5,27739.450092805644,4461.251076338083,48132.167916803555,5513.606609727284,10.84673348231047,2.631107136673937,1.1046303346674367,0.19603728963460662
SGD_EPS_INSENSITIVE_BLOCKWISE_RFF,"(1, 12)","{'spatial_gamma': 0.05, 'spatial_n_components': 300, 'temporal_gammas': (0.05, 0.1, 0.2), 'temporal_n_components': 300, 'alpha': 1e-06, 'epsilon': 0.1}",5,22720.815918188317,6030.621244998228,48181.65248176457,5332.515364043149,7.334759614197182,2.222525259333495,0.8981715084590034,0.22543680512379138
SGD_EPS_INSENSITIVE_BLOCKWISE_RFF,"(1, 2, 3, 12)","{'spatial_gamma': 0.05, 'spatial_n_components': 150, 'temporal_gammas': (0.05, 0.1, 0.2), 'temporal_n_components': 300, 'alpha': 1e-06, 'epsilon': 0.01}",5,31892.66602882904,4414.459048866445,48300.81654521691,6433.755358802786,12.025674797543598,2.3687851633028014,1.2626589411704086,0.15238070372832313
SGD_EPS_INSENSITIVE_BLOCKWISE_RFF,"(1, 2, 12)","{'spatial_gamma': 0.01, 'spatial_n_components': 150, 'temporal_gammas': (0.05, 0.1, 0.2), 'temporal_n_components': 300, 'alpha': 0.0001, 'epsilon': 0.1}",5,24454.056118811677,5234.692664034041,48419.15481821557,6030.06668978069,8.326332870589777,2.188869390641094,0.9749965426982776,0.22495590955474168
SGD_EPS_INSENSITIVE_BLOCKWISE_RFF,"(1, 12)","{'spatial_gamma': 0.05, 'spatial_n_components': 300, 'temporal_gammas': (0.05, 0.1, 0.2), 'temporal_n_components': 300, 'alpha': 0.0001, 'epsilon': 0.01}",5,26344.513249786956,4211.536261453074,48431.27528036083,6406.013864658829,10.243314611956725,2.5335578260271694,1.0488873903015674,0.18571330010605466
SGD_EPS_INSENSITIVE_BLOCKWISE_RFF,"(1, 2, 12)","{'spatial_gamma': 0.05, 'spatial_n_components': 300, 'temporal_gammas': (0.05, 0.1), 'temporal_n_components': 300, 'alpha': 1e-06, 'epsilon': 0.01}",5,25631.08045776487,5032.663876482361,48462.28520571276,6560.212640487818,9.242827579540156,1.558945897928927,1.019488935607582,0.20849874644024932
SGD_EPS_INSENSITIVE_BLOCKWISE_RFF,"(1, 2, 12)","{'spatial_gamma': 0.05, 'spatial_n_components': 300, 'temporal_gammas': (0.05, 0.1, 0.2), 'temporal_n_components': 300, 'alpha': 1e-05, 'epsilon': 0.1}",5,25671.23437341032,5297.165326117789,48473.68518172534,5669.377395289396,8.903596899398156,2.407735506306972,1.0206810896665341,0.22249168197590022
SGD_EPS_INSENSITIVE_BLOCKWISE_RFF,"(1, 12)","{'spatial_gamma': 0.05, 'spatial_n_components': 300, 'temporal_gammas': (0.05, 0.1, 0.2), 'temporal_n_components': 300, 'alpha': 1e-05, 'epsilon': 0.01}",5,25963.446886403726,5692.22786260138,48510.92378609754,6646.413402045104,9.545119001950985,3.6108434446300657,1.0389166413163777,0.26766808919859525
SGD_EPS_INSENSITIVE_BLOCKWISE_RFF,"(1, 12)","{'spatial_gamma': 0.01, 'spatial_n_components': 150, 'temporal_gammas': (0.05, 0.1, 0.2), 'temporal_n_components': 300, 'alpha': 0.0001, 'epsilon': 0.01}",5,26624.93544691191,6382.3027806637065,48525.450404729396,4907.731630616557,9.812875073277231,3.589395601070131,1.0571555304544127,0.2515856101081131
SGD_EPS_INSENSITIVE_BLOCKWISE_RFF,"(1, 2, 12, 24)","{'spatial_gamma': 0.01, 'spatial_n_components': 150, 'temporal_gammas': (0.05, 0.1, 0.2), 'temporal_n_components': 300, 'alpha': 1e-06, 'epsilon': 0.01}",5,34198.00226200074,11948.9760358802,48586.388732122294,13430.702358752053,14.954063601736724,8.074731746376735,1.2868880943904994,0.5031804311410137
SGD_EPS_INSENSITIVE_BLOCKWISE_RFF,"(1, 12, 24)","{'spatial_gamma': 0.01, 'spatial_n_components': 300, 'temporal_gammas': (0.05, 0.1), 'temporal_n_components': 300, 'alpha': 1e-05, 'epsilon': 0.01}",5,26971.826441992034,4131.023737617694,48685.563773333524,7792.272889249749,9.56306178213645,1.4326684623857477,1.0104011024115267,0.2136589493812241
SGD_EPS_INSENSITIVE_BLOCKWISE_RFF,"(1, 12)","{'spatial_gamma': 0.05, 'spatial_n_components': 300, 'temporal_gammas': (0.05, 0.1, 0.2), 'temporal_n_components': 150, 'alpha': 1e-05, 'epsilon': 0.01}",5,24581.30563302336,2739.3393245935345,48700.16469315016,3232.694842221315,9.121745145919647,1.8081951920036032,0.9750442725494466,0.10554739649812654
SGD_EPS_INSENSITIVE_BLOCKWISE_RFF,"(1, 12, 24)","{'spatial_gamma': 0.05, 'spatial_n_components': 300, 'temporal_gammas': (0.05, 0.1), 'temporal_n_components': 300, 'alpha': 1e-06, 'epsilon': 0.1}",5,27349.121524608978,6259.355272831337,48725.093409109766,7850.045594192047,10.547417111290374,3.904243166295974,1.0179088156738973,0.2437571362529276
SGD_EPS_INSENSITIVE_BLOCKWISE_RFF,"(1, 2, 12)","{'spatial_gamma': 0.05, 'spatial_n_components': 300, 'temporal_gammas': (0.05, 0.1), 'temporal_n_components': 300, 'alpha': 0.0001, 'epsilon': 0.01}",5,26163.692004870452,3686.1647515488016,48761.52105370017,4815.287377819737,8.964676506865606,1.4730338610461853,1.037869140668064,0.1425549914099051
SGD_EPS_INSENSITIVE_BLOCKWISE_RFF,"(1, 12)","{'spatial_gamma': 0.01, 'spatial_n_components': 300, 'temporal_gammas': (0.05, 0.1, 0.2), 'temporal_n_components': 150, 'alpha': 1e-05, 'epsilon': 0.01}",5,23070.83195571779,3379.399398515733,48767.960393074354,2852.9511165831254,8.645264539335512,1.1222342476334461,0.9151676993358727,0.1317759236153953
SGD_EPS_INSENSITIVE_BLOCKWISE_RFF,"(1, 12, 24)","{'spatial_gamma': 0.05, 'spatial_n_components': 300, 'temporal_gammas': (0.05, 0.1, 0.2), 'temporal_n_components': 300, 'alpha': 0.0001, 'epsilon': 0.1}",5,26920.47951474706,5096.997654462526,48848.82695385962,8811.49256842903,9.588647597339158,1.8778616597933475,1.011875841840609,0.25663697509794764
SGD_EPS_INSENSITIVE_BLOCKWISE_RFF,"(1, 2, 3, 12, 24)","{'spatial_gamma': 0.05, 'spatial_n_components': 150, 'temporal_gammas': (0.05, 0.1, 0.2), 'temporal_n_components': 300, 'alpha': 0.0001, 'epsilon': 0.01}",5,35758.601654495826,11244.527465090188,48865.06348566111,10036.727316404473,15.247006818701792,7.749705227318958,1.3384730545210108,0.4674560774290104
SGD_EPS_INSENSITIVE_BLOCKWISE_RFF,"(1, 2, 12)","{'spatial_gamma': 0.01, 'spatial_n_components': 150, 'temporal_gammas': (0.05, 0.1), 'temporal_n_components': 300, 'alpha': 0.0001, 'epsilon': 0.01}",5,26146.101320406662,5102.871321720146,48888.97528518612,3178.859030339247,9.565838437939078,2.458101140864908,1.0318557694552881,0.17142863764956567
SGD_EPS_INSENSITIVE_BLOCKWISE_RFF,"(1, 2, 3, 12, 24)","{'spatial_gamma': 0.05, 'spatial_n_components': 300, 'temporal_gammas': (0.05, 0.1, 0.2), 'temporal_n_components': 300, 'alpha': 0.0001, 'epsilon': 0.01}",5,36537.30320785772,12555.907081688156,48931.03617615615,12829.243380986805,16.297897104639908,9.0718421752724,1.3683570711159248,0.5146500916856516
SGD_EPS_INSENSITIVE_BLOCKWISE_RFF,"(1, 2, 12, 24)","{'spatial_gamma': 0.05, 'spatial_n_components': 150, 'temporal_gammas': (0.05, 0.1, 0.2), 'temporal_n_components': 300, 'alpha': 0.0001, 'epsilon': 0.01}",5,34486.44877863674,14276.888172702245,48953.309780757845,16190.805090526212,13.507482389787151,7.084299123430035,1.305802689471271,0.6009002702972205
SGD_EPS_INSENSITIVE_BLOCKWISE_RFF,"(1, 12)","{'spatial_gamma': 0.01, 'spatial_n_components': 300, 'temporal_gammas': (0.05, 0.1, 0.2), 'temporal_n_components': 300, 'alpha': 1e-05, 'epsilon': 0.1}",5,25780.14624884213,3441.8646646098505,48963.00533686573,6013.937165729098,9.364905297482744,1.1877877631558078,1.0266779451346821,0.16317659397240797
SGD_EPS_INSENSITIVE_BLOCKWISE_RFF,"(1, 2, 12)","{'spatial_gamma': 0.01, 'spatial_n_components': 150, 'temporal_gammas': (0.05, 0.1, 0.2), 'temporal_n_components': 300, 'alpha': 1e-06, 'epsilon': 0.1}",5,24026.87916470845,4184.499339888538,49130.413781705385,5838.526217859859,8.181053122793328,1.664274415491344,0.955202456229966,0.17888538451200905
SGD_EPS_INSENSITIVE_BLOCKWISE_RFF,"(1, 2, 3, 12)","{'spatial_gamma': 0.01, 'spatial_n_components': 150, 'temporal_gammas': (0.05, 0.1, 0.2), 'temporal_n_components': 300, 'alpha': 1e-05, 'epsilon': 0.01}",5,32828.012624992465,4553.81888235667,49219.569837900526,6049.582983426009,12.34034876546227,3.1444549273811173,1.3001151642117843,0.16471948791146399
SGD_EPS_INSENSITIVE_BLOCKWISE_RFF,"(1, 2, 3, 12)","{'spatial_gamma': 0.05, 'spatial_n_components': 150, 'temporal_gammas': (0.05, 0.1, 0.2), 'temporal_n_components': 300, 'alpha': 0.0001, 'epsilon': 0.01}",5,33776.44341486333,7074.3212448589675,49228.416278279234,9636.928421390594,13.76666653705145,5.133301811617832,1.3398844039755344,0.27466923307027413
SGD_EPS_INSENSITIVE_BLOCKWISE_RFF,"(1, 2, 12, 24)","{'spatial_gamma': 0.05, 'spatial_n_components': 300, 'temporal_gammas': (0.05, 0.1, 0.2), 'temporal_n_components': 300, 'alpha': 1e-05, 'epsilon': 0.01}",5,35043.614419184465,5348.923901097335,49428.21175930941,5255.461391775615,14.654781379398107,3.829092047813027,1.296490448673466,0.18460833630664858
SGD_EPS_INSENSITIVE_BLOCKWISE_RFF,"(1, 2, 3, 12)","{'spatial_gamma': 0.05, 'spatial_n_components': 300, 'temporal_gammas': (0.05, 0.1, 0.2), 'temporal_n_components': 300, 'alpha': 1e-06, 'epsilon': 0.01}",5,32853.003585546074,5450.222360376234,49506.166141092246,6875.167906669412,13.948667311009922,4.711897292761919,1.3008357977247296,0.19882696771691022
SGD_EPS_INSENSITIVE_BLOCKWISE_RFF,"(1, 12, 24)","{'spatial_gamma': 0.05, 'spatial_n_components': 300, 'temporal_gammas': (0.05, 0.1, 0.2), 'temporal_n_components': 300, 'alpha': 1e-06, 'epsilon': 0.1}",5,26911.18303829063,5473.05276324629,49610.61013426428,7943.299763452192,9.524695194308702,2.4858227935716144,1.0096498810865426,0.2534741673296823
SGD_EPS_INSENSITIVE_BLOCKWISE_RFF,"(1, 12, 24)","{'spatial_gamma': 0.01, 'spatial_n_components': 300, 'temporal_gammas': (0.05, 0.1, 0.2), 'temporal_n_components': 300, 'alpha': 1e-05, 'epsilon': 0.1}",5,25223.388006736022,3136.95383639338,49619.461795564755,8560.765643282282,8.974841469796583,1.2728967332353498,0.9445798825066845,0.17808659071730687
SGD_EPS_INSENSITIVE_BLOCKWISE_RFF,"(1, 2, 12)","{'spatial_gamma': 0.01, 'spatial_n_components': 150, 'temporal_gammas': (0.05, 0.1, 0.2), 'temporal_n_components': 300, 'alpha': 1e-05, 'epsilon': 0.1}",5,26067.786793361964,4857.655690820231,49656.91775493877,5542.678373379441,9.737386919630781,2.382680630756364,1.0371510235184682,0.20630429998580538
SGD_EPS_INSENSITIVE_BLOCKWISE_RFF,"(1, 2, 12)","{'spatial_gamma': 0.01, 'spatial_n_components': 300, 'temporal_gammas': (0.05, 0.1, 0.2), 'temporal_n_components': 300, 'alpha': 1e-05, 'epsilon': 0.1}",5,26925.587292848748,8437.991465947667,49687.04837301407,8500.750070815084,9.766997553351805,3.352849020342465,1.0692122657186376,0.331041153950399
SGD_EPS_INSENSITIVE_BLOCKWISE_RFF,"(1, 12, 24)","{'spatial_gamma': 0.05, 'spatial_n_components': 300, 'temporal_gammas': (0.05, 0.1, 0.2), 'temporal_n_components': 300, 'alpha': 1e-05, 'epsilon': 0.1}",5,28503.21054313759,8206.417056702463,49828.32929831576,8211.401165458194,11.156978962050918,4.0418869248039195,1.0621261980960148,0.32493075440876223
SGD_EPS_INSENSITIVE_BLOCKWISE_RFF,"(1, 12)","{'spatial_gamma': 0.05, 'spatial_n_components': 300, 'temporal_gammas': (0.05, 0.1, 0.2), 'temporal_n_components': 300, 'alpha': 1e-06, 'epsilon': 0.01}",5,26791.49384851865,5294.521097596674,49864.44778588744,8088.385466394774,9.812446974807695,1.6267901656000134,1.0673024323085258,0.23741099013156194
SGD_EPS_INSENSITIVE_BLOCKWISE_RFF,"(1, 2, 12)","{'spatial_gamma': 0.01, 'spatial_n_components': 300, 'temporal_gammas': (0.05, 0.1, 0.2), 'temporal_n_components': 300, 'alpha': 1e-06, 'epsilon': 0.1}",5,25540.41818032075,5459.805934717283,49970.08807395968,7278.11441924244,9.488457851984048,3.196163954982619,1.0174329033750291,0.2317515204172926
SGD_EPS_INSENSITIVE_BLOCKWISE_RFF,"(1, 2, 12)","{'spatial_gamma': 0.01, 'spatial_n_components': 300, 'temporal_gammas': (0.05, 0.1, 0.2), 'temporal_n_components': 300, 'alpha': 0.0001, 'epsilon': 0.1}",5,25554.403124820103,4476.430290611216,49981.90075427345,5905.619233252459,9.30559124916407,2.516197670348521,1.0152587178614918,0.18473603822774112
SGD_EPS_INSENSITIVE_BLOCKWISE_RFF,"(1, 2, 12)","{'spatial_gamma': 0.05, 'spatial_n_components': 300, 'temporal_gammas': (0.05, 0.1), 'temporal_n_components': 300, 'alpha': 1e-05, 'epsilon': 0.01}",5,27849.69667053796,5906.757101980024,50029.29508209077,5682.385710074246,9.967114232701743,2.2013146178933787,1.110981355602822,0.25664497423483046
SGD_EPS_INSENSITIVE_BLOCKWISE_RFF,"(1, 2, 3, 12)","{'spatial_gamma': 0.01, 'spatial_n_components': 300, 'temporal_gammas': (0.05, 0.1, 0.2), 'temporal_n_components': 300, 'alpha': 1e-06, 'epsilon': 0.01}",5,36078.45545334891,8969.953256112412,50069.47029029417,10998.389077130578,15.774598774721005,5.403221266786634,1.4356173744373621,0.36629640902744015
SGD_EPS_INSENSITIVE_BLOCKWISE_RFF,"(1, 2, 12)","{'spatial_gamma': 0.05, 'spatial_n_components': 150, 'temporal_gammas': (0.05, 0.1, 0.2), 'temporal_n_components': 300, 'alpha': 0.0001, 'epsilon': 0.1}",5,24457.576867669126,4468.167186389257,50124.330937737235,7285.731171875379,8.732559524411624,2.4141576646702623,0.9705466124215011,0.17667572516852645
SGD_EPS_INSENSITIVE_BLOCKWISE_RFF,"(1, 2, 12, 24)","{'spatial_gamma': 0.01, 'spatial_n_components': 300, 'temporal_gammas': (0.05, 0.1, 0.2), 'temporal_n_components': 300, 'alpha': 1e-05, 'epsilon': 0.01}",5,35687.325292339825,12294.644673914843,50576.48693841398,15667.176849946896,13.433326878939775,4.878993890260644,1.347831633797674,0.5298630988893229
SGD_EPS_INSENSITIVE_BLOCKWISE_RFF,"(1, 2, 12, 24)","{'spatial_gamma': 0.05, 'spatial_n_components': 150, 'temporal_gammas': (0.05, 0.1, 0.2), 'temporal_n_components': 300, 'alpha': 1e-05, 'epsilon': 0.01}",5,35099.28490511306,8718.090320198777,50688.224111714764,12527.059747172287,13.22652393078954,3.226182482244424,1.3243664770032026,0.4125853276660168
SGD_EPS_INSENSITIVE_BLOCKWISE_RFF,"(1, 2, 3, 12, 24)","{'spatial_gamma': 0.05, 'spatial_n_components': 300, 'temporal_gammas': (0.05, 0.1, 0.2), 'temporal_n_components': 300, 'alpha': 1e-06, 'epsilon': 0.01}",5,38038.95680917909,11656.432644779405,50692.62016732871,11658.390352912345,15.47731006553355,6.589278766113988,1.4142753684115026,0.4640170700477133
SGD_EPS_INSENSITIVE_BLOCKWISE_RFF,"(1, 12, 24)","{'spatial_gamma': 0.05, 'spatial_n_components': 300, 'temporal_gammas': (0.05, 0.1), 'temporal_n_components': 300, 'alpha': 1e-06, 'epsilon': 0.01}",5,29659.301587224956,6183.627793104086,50711.46825221866,8710.779157043522,10.53638554765474,2.886414857104085,1.1054879643846338,0.2468032275230909
SGD_EPS_INSENSITIVE_BLOCKWISE_RFF,"(1, 2, 12)","{'spatial_gamma': 0.01, 'spatial_n_components': 300, 'temporal_gammas': (0.05, 0.1), 'temporal_n_components': 300, 'alpha': 1e-05, 'epsilon': 0.01}",5,27535.49500706169,5900.102140494261,50845.004771893204,5132.4959976370765,10.092302510038852,2.0248582326634486,1.0895217503180707,0.2170193458545753
SGD_EPS_INSENSITIVE_BLOCKWISE_RFF,"(1, 12)","{'spatial_gamma': 0.01, 'spatial_n_components': 300, 'temporal_gammas': (0.05, 0.1, 0.2), 'temporal_n_components': 300, 'alpha': 0.0001, 'epsilon': 0.01}",5,27603.062834763452,3203.508951030731,50946.69950469122,4011.694339439596,9.329712955873166,1.5639764421604416,1.0926650453798268,0.10516907947116307
SGD_EPS_INSENSITIVE_BLOCKWISE_RFF,"(1, 2, 12)","{'spatial_gamma': 0.05, 'spatial_n_components': 150, 'temporal_gammas': (0.05, 0.1), 'temporal_n_components': 300, 'alpha': 0.0001, 'epsilon': 0.01}",5,26344.520332832577,7100.158877164613,50959.076617594816,9544.357777236672,9.171108085837272,2.754558358295073,1.0532049851742653,0.31100751931628895
SGD_EPS_INSENSITIVE_BLOCKWISE_RFF,"(1, 2, 12)","{'spatial_gamma': 0.05, 'spatial_n_components': 150, 'temporal_gammas': (0.05, 0.1, 0.2), 'temporal_n_components': 300, 'alpha': 0.0001, 'epsilon': 0.01}",5,25988.932581732817,4395.3899785779495,50976.08375053453,5703.2386017649305,8.893927267936693,1.6073184372676241,1.0336603235084998,0.1844829439621299
SGD_EPS_INSENSITIVE_BLOCKWISE_RFF,"(1, 2, 3, 4, 5, 6, 12, 24)","{'spatial_gamma': 0.01, 'spatial_n_components': 300, 'temporal_gammas': (0.05, 0.1, 0.2), 'temporal_n_components': 300, 'alpha': 1e-05, 'epsilon': 0.01}",5,39282.480816158204,14588.3120649711,51043.582099052335,16087.824395428339,19.587970640588026,13.538455105481379,1.476212057856647,0.6056763407261323
SGD_EPS_INSENSITIVE_BLOCKWISE_RFF,"(1, 12, 24)","{'spatial_gamma': 0.01, 'spatial_n_components': 300, 'temporal_gammas': (0.05, 0.1), 'temporal_n_components': 300, 'alpha': 0.0001, 'epsilon': 0.01}",5,28366.734022115008,7638.120331701019,51108.06912360794,8840.716059943301,10.87385884934246,3.929283666964628,1.0575001584310584,0.31009446244528227
SGD_EPS_INSENSITIVE_BLOCKWISE_RFF,"(1, 12)","{'spatial_gamma': 0.01, 'spatial_n_components': 300, 'temporal_gammas': (0.05, 0.1, 0.2), 'temporal_n_components': 300, 'alpha': 1e-06, 'epsilon': 0.1}",5,27494.40942962364,9484.224081286515,51194.64033066371,12263.2055382762,10.023235505744347,4.374755670625762,1.093049631076075,0.3819083755301293
SGD_EPS_INSENSITIVE_BLOCKWISE_RFF,"(1, 2, 12)","{'spatial_gamma': 0.05, 'spatial_n_components': 300, 'temporal_gammas': (0.05, 0.1, 0.2), 'temporal_n_components': 300, 'alpha': 1e-06, 'epsilon': 0.1}",5,27881.1854968932,5603.903751240099,51465.958136700014,6103.153338352627,9.968136563295488,2.4060410636978347,1.1023085138073978,0.19679367723432836
SGD_EPS_INSENSITIVE_BLOCKWISE_RFF,"(1, 2, 12)","{'spatial_gamma': 0.05, 'spatial_n_components': 150, 'temporal_gammas': (0.05, 0.1, 0.2), 'temporal_n_components': 300, 'alpha': 1e-06, 'epsilon': 0.01}",5,27038.48521879099,5806.876118910395,51581.99010011445,7382.905800539584,9.796362888941442,2.307348156587375,1.0765310094270537,0.24626647412137762
SGD_EPS_INSENSITIVE_BLOCKWISE_RFF,"(1, 2, 3, 12)","{'spatial_gamma': 0.01, 'spatial_n_components': 300, 'temporal_gammas': (0.05, 0.1, 0.2), 'temporal_n_components': 300, 'alpha': 1e-05, 'epsilon': 0.01}",5,36538.41568278015,7922.513182741146,51750.24519470536,10342.174492967317,15.665307539088355,6.355694635525873,1.448650197176849,0.30996547960661663
SGD_EPS_INSENSITIVE_BLOCKWISE_RFF,"(1, 12, 24)","{'spatial_gamma': 0.01, 'spatial_n_components': 300, 'temporal_gammas': (0.05, 0.1, 0.2), 'temporal_n_components': 300, 'alpha': 1e-06, 'epsilon': 0.1}",5,27009.82466525277,5060.688907002792,51912.599084378766,7396.028662513515,9.819069576475597,3.2205170593663386,1.0025945039448225,0.1851469231600266
SGD_EPS_INSENSITIVE_BLOCKWISE_RFF,"(1, 2, 12)","{'spatial_gamma': 0.01, 'spatial_n_components': 300, 'temporal_gammas': (0.05, 0.1, 0.2), 'temporal_n_components': 300, 'alpha': 1e-05, 'epsilon': 0.01}",5,29589.946230397793,5655.825433894555,51964.742138617185,7140.70426055488,10.884578367659822,1.7226399698350756,1.1796107482548568,0.25417402478091805
SGD_EPS_INSENSITIVE_BLOCKWISE_RFF,"(1, 2, 3, 12)","{'spatial_gamma': 0.05, 'spatial_n_components': 300, 'temporal_gammas': (0.05, 0.1, 0.2), 'temporal_n_components': 300, 'alpha': 1e-05, 'epsilon': 0.01}",5,36352.22121541873,8782.784104113058,52083.51728461953,8951.721053695781,15.035895217153168,6.294659667210596,1.4348259825400629,0.31475609660011067
SGD_EPS_INSENSITIVE_BLOCKWISE_RFF,"(1, 12, 24)","{'spatial_gamma': 0.05, 'spatial_n_components': 150, 'temporal_gammas': (0.05, 0.1, 0.2), 'temporal_n_components': 300, 'alpha': 0.0001, 'epsilon': 0.01}",5,27813.6825688462,3930.2458229067793,52182.68089586178,7097.55384616814,9.749659481606098,1.769267481153828,1.0341553247031143,0.16674946589256276
SGD_EPS_INSENSITIVE_BLOCKWISE_RFF,"(1, 12)","{'spatial_gamma': 0.01, 'spatial_n_components': 150, 'temporal_gammas': (0.05, 0.1, 0.2), 'temporal_n_components': 300, 'alpha': 1e-06, 'epsilon': 0.01}",5,30854.366387985392,7698.234291914167,52491.759415936875,8078.200822544242,10.50993630053319,3.2256896734901632,1.2350215594486078,0.34953553811619237
SGD_EPS_INSENSITIVE_BLOCKWISE_RFF,"(1, 12, 24)","{'spatial_gamma': 0.05, 'spatial_n_components': 150, 'temporal_gammas': (0.05, 0.1, 0.2), 'temporal_n_components': 300, 'alpha': 1e-05, 'epsilon': 0.01}",5,29149.44851161174,5652.363329166197,52604.20223824044,4707.2369003323665,10.09232016880338,2.074922906287964,1.080199374746917,0.19815912957696785
SGD_EPS_INSENSITIVE_BLOCKWISE_RFF,"(1, 12, 24)","{'spatial_gamma': 0.05, 'spatial_n_components': 300, 'temporal_gammas': (0.05, 0.1, 0.2), 'temporal_n_components': 300, 'alpha': 1e-05, 'epsilon': 0.01}",5,29749.192988790153,5437.498092673161,52606.353969197524,7008.871906517932,10.493641825005332,2.0379798495652963,1.1039826581576222,0.19361484661252895
SGD_EPS_INSENSITIVE_BLOCKWISE_RFF,"(1, 12, 24)","{'spatial_gamma': 0.01, 'spatial_n_components': 300, 'temporal_gammas': (0.05, 0.1, 0.2), 'temporal_n_components': 300, 'alpha': 0.0001, 'epsilon': 0.01}",5,30254.472059492477,3316.5781279204575,52858.98205025145,7549.352119340684,11.188240862396139,1.6596735714676545,1.1323261617402423,0.20102159485506055
SGD_EPS_INSENSITIVE_BLOCKWISE_RFF,"(1, 12, 24)","{'spatial_gamma': 0.01, 'spatial_n_components': 150, 'temporal_gammas': (0.05, 0.1, 0.2), 'temporal_n_components': 300, 'alpha': 1e-05, 'epsilon': 0.01}",5,28901.22689808683,5222.61936229516,53088.23493940168,6457.5932079123595,10.747440352711976,2.8457084226097087,1.0774437163810444,0.22794281218516677
SGD_EPS_INSENSITIVE_BLOCKWISE_RFF,"(1, 12, 24)","{'spatial_gamma': 0.05, 'spatial_n_components': 150, 'temporal_gammas': (0.05, 0.1, 0.2), 'temporal_n_components': 300, 'alpha': 1e-05, 'epsilon': 0.1}",5,31101.709175698972,6782.464304857752,53202.76746930231,6913.188010051614,11.232151574409645,2.643024961918172,1.1469726159270528,0.20797038526746708
SGD_EPS_INSENSITIVE_BLOCKWISE_RFF,"(1, 12, 24)","{'spatial_gamma': 0.05, 'spatial_n_components': 300, 'temporal_gammas': (0.05, 0.1, 0.2), 'temporal_n_components': 300, 'alpha': 1e-06, 'epsilon': 0.01}",5,30918.206449077417,2442.5459737338365,53260.15121987868,6351.080001432101,11.564184554680956,1.5185410883216603,1.1521877917202086,0.14776654230088598
SGD_EPS_INSENSITIVE_BLOCKWISE_RFF,"(1, 2, 3, 4, 5, 6, 12, 24)","{'spatial_gamma': 0.01, 'spatial_n_components': 300, 'temporal_gammas': (0.05, 0.1, 0.2), 'temporal_n_components': 300, 'alpha': 1e-06, 'epsilon': 0.01}",5,41290.10603422786,13734.647461549235,53298.56502543846,14521.013968531926,19.803711339415294,10.9836088341595,1.5334781385321283,0.5297915684682805
SGD_EPS_INSENSITIVE_BLOCKWISE_RFF,"(1, 2, 12)","{'spatial_gamma': 0.01, 'spatial_n_components': 150, 'temporal_gammas': (0.05, 0.1, 0.2), 'temporal_n_components': 300, 'alpha': 1e-05, 'epsilon': 0.01}",5,27966.267399104574,6378.912959909982,53507.27628179234,6713.01344474304,9.953163077554127,2.734317726923398,1.1112642803050774,0.2581582782377236
SGD_EPS_INSENSITIVE_BLOCKWISE_RFF,"(1, 2, 12)","{'spatial_gamma': 0.01, 'spatial_n_components': 300, 'temporal_gammas': (0.05, 0.1, 0.2), 'temporal_n_components': 300, 'alpha': 0.0001, 'epsilon': 0.01}",5,28255.17551700968,3568.160295288097,53565.08944605382,6711.251587643857,9.801324252060848,1.2889847458249923,1.1259977485253472,0.1799407012994034
SGD_EPS_INSENSITIVE_BLOCKWISE_RFF,"(1, 2, 12)","{'spatial_gamma': 0.05, 'spatial_n_components': 150, 'temporal_gammas': (0.05, 0.1, 0.2), 'temporal_n_components': 300, 'alpha': 1e-05, 'epsilon': 0.1}",5,30070.64711263667,8394.928858577447,54005.81543406735,5962.832339189572,10.863080035154205,4.173474121528079,1.1892663815747002,0.3218123543437973
SGD_EPS_INSENSITIVE_BLOCKWISE_RFF,"(1, 12, 24)","{'spatial_gamma': 0.05, 'spatial_n_components': 150, 'temporal_gammas': (0.05, 0.1, 0.2), 'temporal_n_components': 300, 'alpha': 1e-06, 'epsilon': 0.01}",5,33064.0812463021,4228.037740513877,54149.50038426301,4025.4351610687827,12.722401505713245,3.0008657969646895,1.2270690418375096,0.1648266384240908
SGD_EPS_INSENSITIVE_BLOCKWISE_RFF,"(1, 12, 24)","{'spatial_gamma': 0.01, 'spatial_n_components': 150, 'temporal_gammas': (0.05, 0.1, 0.2), 'temporal_n_components': 300, 'alpha': 1e-06, 'epsilon': 0.01}",5,28540.28009030326,3816.902055160627,54272.05714712224,3606.928366933415,9.667667986853376,1.648243584318079,1.0574043366611585,0.1272098832597283
SGD_EPS_INSENSITIVE_BLOCKWISE_RFF,"(1, 2, 12)","{'spatial_gamma': 0.05, 'spatial_n_components': 300, 'temporal_gammas': (0.05, 0.1, 0.2), 'temporal_n_components': 300, 'alpha': 1e-06, 'epsilon': 0.01}",5,30899.556119544763,2122.094513399573,54366.69516754961,2458.016459172152,11.149993825463406,1.137716353876558,1.228135431102463,0.11627401168336228
SGD_EPS_INSENSITIVE_BLOCKWISE_RFF,"(1, 12, 24)","{'spatial_gamma': 0.01, 'spatial_n_components': 150, 'temporal_gammas': (0.05, 0.1, 0.2), 'temporal_n_components': 300, 'alpha': 0.0001, 'epsilon': 0.01}",5,29947.14298618408,6949.087623710655,54621.90726511836,9403.017112983754,10.614560119066985,2.7189967485439475,1.121860490397745,0.30615489699814086
SGD_EPS_INSENSITIVE_BLOCKWISE_RFF,"(1, 2, 12)","{'spatial_gamma': 0.01, 'spatial_n_components': 150, 'temporal_gammas': (0.05, 0.1, 0.2), 'temporal_n_components': 300, 'alpha': 1e-06, 'epsilon': 0.01}",5,27512.546903769242,4654.7028252805685,54622.51904182943,6019.458558288116,9.110991140162493,1.6789063132924655,1.0921453324306252,0.18503413281224979
SGD_EPS_INSENSITIVE_BLOCKWISE_RFF,"(1, 12, 24)","{'spatial_gamma': 0.01, 'spatial_n_components': 300, 'temporal_gammas': (0.05, 0.1, 0.2), 'temporal_n_components': 300, 'alpha': 0.0001, 'epsilon': 0.1}",5,32844.34775711328,6953.742555281065,54645.87276146301,8154.80211440986,12.135241605608233,2.620073199680809,1.2218300279538739,0.2680042632109174
SGD_EPS_INSENSITIVE_BLOCKWISE_RFF,"(1, 12)","{'spatial_gamma': 0.01, 'spatial_n_components': 300, 'temporal_gammas': (0.05, 0.1, 0.2), 'temporal_n_components': 300, 'alpha': 1e-05, 'epsilon': 0.01}",5,29761.108690344226,3555.5037650210784,55180.429379517984,8635.576073082007,10.770906793926603,1.948134697641576,1.1805013538863782,0.1389838571943717
SGD_EPS_INSENSITIVE_BLOCKWISE_RFF,"(1, 2, 12)","{'spatial_gamma': 0.05, 'spatial_n_components': 300, 'temporal_gammas': (0.05, 0.1, 0.2), 'temporal_n_components': 300, 'alpha': 0.0001, 'epsilon': 0.01}",5,32140.134307712473,5691.116122558867,55299.49860232459,5293.195857855239,11.952675015649262,2.580279186410417,1.2736270081760188,0.21547173258336846
SGD_EPS_INSENSITIVE_BLOCKWISE_RFF,"(1, 2, 12)","{'spatial_gamma': 0.05, 'spatial_n_components': 150, 'temporal_gammas': (0.05, 0.1, 0.2), 'temporal_n_components': 300, 'alpha': 1e-05, 'epsilon': 0.01}",5,31133.931702393158,5076.8287766752455,55472.886861969586,7524.475348156391,10.825809602882057,1.9257902263082505,1.2398219627648652,0.2266120103330238
SGD_EPS_INSENSITIVE_BLOCKWISE_RFF,"(1, 12, 24)","{'spatial_gamma': 0.05, 'spatial_n_components': 300, 'temporal_gammas': (0.05, 0.1, 0.2), 'temporal_n_components': 300, 'alpha': 0.0001, 'epsilon': 0.01}",5,34230.22731120011,4943.933962423606,55505.96422101,3994.0735965831486,12.747977066022125,2.2715858078124804,1.2684389238260487,0.17581933892840934
SGD_EPS_INSENSITIVE_BLOCKWISE_RFF,"(1, 2, 12)","{'spatial_gamma': 0.01, 'spatial_n_components': 150, 'temporal_gammas': (0.05, 0.1, 0.2), 'temporal_n_components': 300, 'alpha': 0.0001, 'epsilon': 0.01}",5,30206.232464718563,5034.537026159894,55561.829992834304,7209.577386877323,11.572887377689847,3.782549563224856,1.2007494378454693,0.21028047232697292
SGD_EPS_INSENSITIVE_BLOCKWISE_RFF,"(1, 12, 24)","{'spatial_gamma': 0.01, 'spatial_n_components': 300, 'temporal_gammas': (0.05, 0.1, 0.2), 'temporal_n_components': 300, 'alpha': 1e-05, 'epsilon': 0.01}",5,31374.71732517422,3839.054557671233,55854.57869676042,7768.64342943237,12.148515709825057,2.7238485721526264,1.1747026190845744,0.21730900041650295
SGD_EPS_INSENSITIVE_BLOCKWISE_RFF,"(1, 2, 12)","{'spatial_gamma': 0.05, 'spatial_n_components': 300, 'temporal_gammas': (0.05, 0.1, 0.2), 'temporal_n_components': 300, 'alpha': 0.0001, 'epsilon': 0.1}",5,32586.566194043437,9842.382579984569,55901.74374041918,9802.493924933122,12.009525538137392,3.5084461332937207,1.299595044038849,0.4180446224859252
SGD_EPS_INSENSITIVE_BLOCKWISE_RFF,"(1, 2, 12)","{'spatial_gamma': 0.05, 'spatial_n_components': 300, 'temporal_gammas': (0.05, 0.1, 0.2), 'temporal_n_components': 300, 'alpha': 1e-05, 'epsilon': 0.01}",5,32301.922867366706,2322.904229587231,56185.17148703127,6615.451591181226,12.047866524135722,1.2173419980348064,1.281327459781056,0.08996818999285397
SGD_EPS_INSENSITIVE_BLOCKWISE_RFF,"(1, 2, 12)","{'spatial_gamma': 0.01, 'spatial_n_components': 300, 'temporal_gammas': (0.05, 0.1, 0.2), 'temporal_n_components': 300, 'alpha': 1e-06, 'epsilon': 0.01}",5,32304.656609792728,6075.497330894608,56384.45621055849,5165.121806054146,11.400361808047903,2.383994767604208,1.278511630870041,0.22349797429877202
SGD_EPS_INSENSITIVE_BLOCKWISE_RFF,"(1, 12, 24)","{'spatial_gamma': 0.01, 'spatial_n_components': 300, 'temporal_gammas': (0.05, 0.1, 0.2), 'temporal_n_components': 300, 'alpha': 1e-06, 'epsilon': 0.01}",5,35753.36217907114,5223.2037672768165,57665.902446903034,5059.36806616277,15.070127810874705,4.444845876569229,1.3380986730548272,0.26659576647437955
