model_type,lag_set,params,folds,MAE_mean,MAE_std,RMSE_mean,RMSE_std,sMAPE_mean,sMAPE_std,MASE_mean,MASE_std
SVR_CompositeKernel,"(1, 12, 24)","{'gamma_lag': 0.1, 'gamma_local': 0.1, 'gamma_macro': 0.05, 'gamma_spatial': 0.5, 'hidden_dim': 128, 'weight_decay': 0.0001}",5,32819.47575600552,7253.274419148993,69287.29922086043,6625.644403090379,11.511481843030733,3.3305203865807966,1.2286730690141727,0.320082378031595
SVR_CompositeKernel,"(1, 12)","{'gamma_lag': 0.1, 'gamma_local': 0.1, 'gamma_macro': 0.05, 'gamma_spatial': 0.5, 'hidden_dim': 128, 'weight_decay': 0.0001}",5,33876.57311906533,5913.9500461086445,69761.90571647341,5790.646264780986,12.46267601923332,3.2803822179967943,1.3431433136031923,0.22532985418030382
SVR_CompositeKernel,"(1, 2, 12, 24)","{'gamma_lag': 0.1, 'gamma_local': 0.1, 'gamma_macro': 0.05, 'gamma_spatial': 1.0, 'hidden_dim': 128, 'weight_decay': 0.0}",5,32123.168888180273,6327.005608131181,69902.59953021069,8713.286766221447,10.867110826461628,2.6958875436395093,1.2060715390973793,0.3025122267759473
SVR_CompositeKernel,"(1, 2, 12, 24)","{'gamma_lag': 0.1, 'gamma_local': 0.1, 'gamma_macro': 0.1, 'gamma_spatial': 1.0, 'hidden_dim': 128, 'weight_decay': 0.0001}",5,33996.12970477254,6273.785040425405,69969.2924370344,6144.920870051959,11.656657828626198,2.6540982976883027,1.27272039968121,0.2931540549939346
SVR_CompositeKernel,"(1, 2, 3, 4, 5, 6, 12, 24)","{'gamma_lag': 0.1, 'gamma_local': 0.1, 'gamma_macro': 0.05, 'gamma_spatial': 1.0, 'hidden_dim': 128, 'weight_decay': 0.0}",5,32782.2999450822,6526.957406039464,70174.74212413107,7421.317507534662,10.577305394375639,2.5797063740853945,1.2330348063561587,0.3207068291072279
SVR_CompositeKernel,"(1, 2, 3, 4, 5, 6, 12, 24)","{'gamma_lag': 0.1, 'gamma_local': 0.1, 'gamma_macro': 0.05, 'gamma_spatial': 1.0, 'hidden_dim': 128, 'weight_decay': 0.0001}",5,32163.175938474345,5873.308404057887,70328.34265769715,7225.092653963924,10.376923137903844,2.2918999302659087,1.207887030340688,0.29099862628988193
SVR_CompositeKernel,"(1, 12, 24)","{'gamma_lag': 0.1, 'gamma_local': 0.1, 'gamma_macro': 0.05, 'gamma_spatial': 0.1, 'hidden_dim': 128, 'weight_decay': 0.0}",5,33422.3817261019,6508.97074961711,70410.91359633053,6422.7951228754,11.995497520833965,2.9106803225305873,1.2543577605604739,0.3129870729075193
SVR_CompositeKernel,"(1, 12, 24)","{'gamma_lag': 0.5, 'gamma_local': 0.1, 'gamma_macro': 0.05, 'gamma_spatial': 0.5, 'hidden_dim': 128, 'weight_decay': 0.0}",5,32692.07404203869,6070.359267787135,70431.40601938449,8295.614094800834,10.516542848122947,2.1732355756934583,1.2255354920529313,0.290125705729873
SVR_CompositeKernel,"(1, 12, 24)","{'gamma_lag': 0.1, 'gamma_local': 0.1, 'gamma_macro': 0.05, 'gamma_spatial': 0.1, 'hidden_dim': 128, 'weight_decay': 0.0001}",5,32674.991295528635,5177.399015464404,70472.0539492967,5013.143482881266,11.458653898192017,2.025125019947624,1.2240470817842888,0.26142811514746095
SVR_CompositeKernel,"(1, 2, 3, 12, 24)","{'gamma_lag': 0.1, 'gamma_local': 0.1, 'gamma_macro': 0.05, 'gamma_spatial': 1.0, 'hidden_dim': 128, 'weight_decay': 0.0}",5,32433.489605920495,6097.63213005362,70503.46809109574,7732.973134096122,10.777062048099413,2.2337350832440426,1.2179673439441874,0.29937911471535583
SVR_CompositeKernel,"(1, 12, 24)","{'gamma_lag': 0.1, 'gamma_local': 0.1, 'gamma_macro': 0.1, 'gamma_spatial': 0.5, 'hidden_dim': 128, 'weight_decay': 0.0}",5,31266.18509956066,6303.166053520796,70519.58973462999,6673.735383696032,10.618831017139092,2.8845815551792517,1.1718848731486553,0.291506213890902
SVR_CompositeKernel,"(1, 12, 24)","{'gamma_lag': 0.1, 'gamma_local': 0.1, 'gamma_macro': 0.1, 'gamma_spatial': 0.1, 'hidden_dim': 128, 'weight_decay': 0.0001}",5,32627.9333466199,6391.500172803664,70529.02621225247,9081.915345988202,11.482482484600737,2.5061979625778275,1.2271824976753005,0.3150490792800383
SVR_CompositeKernel,"(1, 2, 3, 12, 24)","{'gamma_lag': 0.1, 'gamma_local': 0.1, 'gamma_macro': 0.1, 'gamma_spatial': 0.1, 'hidden_dim': 128, 'weight_decay': 0.0001}",5,31524.209478635206,4394.229329987975,70571.64994310723,7202.805665092564,10.739601347552178,1.3920431375997195,1.1814151871637097,0.23932755433983222
SVR_CompositeKernel,"(1, 2, 12, 24)","{'gamma_lag': 0.5, 'gamma_local': 0.1, 'gamma_macro': 0.05, 'gamma_spatial': 0.5, 'hidden_dim': 128, 'weight_decay': 0.0}",5,32971.749208120746,4408.474377796887,70621.41357283006,5434.982988621241,10.588325695312808,1.661450314868859,1.2326819649667984,0.22826526530660712
SVR_CompositeKernel,"(1, 2, 3, 12, 24)","{'gamma_lag': 0.1, 'gamma_local': 0.1, 'gamma_macro': 0.05, 'gamma_spatial': 0.5, 'hidden_dim': 128, 'weight_decay': 0.0001}",5,34082.573405612246,8782.91004769538,70646.2828414369,9063.701553295217,11.728619274971233,3.5922295629024457,1.2828202086173972,0.3976389539972863
SVR_CompositeKernel,"(1, 2, 3, 4, 5, 6, 12, 24)","{'gamma_lag': 0.1, 'gamma_local': 0.1, 'gamma_macro': 0.05, 'gamma_spatial': 0.5, 'hidden_dim': 128, 'weight_decay': 0.0}",5,31988.581843909436,6127.219136957195,70653.79653929341,6855.422726558227,10.357777241588233,2.389821530951322,1.2023547202236107,0.303807112577941
SVR_CompositeKernel,"(1, 2, 12, 24)","{'gamma_lag': 0.1, 'gamma_local': 0.1, 'gamma_macro': 0.05, 'gamma_spatial': 1.0, 'hidden_dim': 128, 'weight_decay': 0.0001}",5,33417.53194223002,8168.844939340404,70680.87008398131,8382.806535090986,11.383150196069435,3.475474884316222,1.2556769602320577,0.36936265270693763
SVR_CompositeKernel,"(1, 12, 24)","{'gamma_lag': 0.1, 'gamma_local': 0.1, 'gamma_macro': 0.1, 'gamma_spatial': 0.5, 'hidden_dim': 128, 'weight_decay': 0.0001}",5,33027.3032166773,7822.055221141227,70773.33766399846,7122.935440293117,11.343887156536066,3.242980712693594,1.2374457235249128,0.34537707125656814
SVR_CompositeKernel,"(1, 2, 12)","{'gamma_lag': 0.1, 'gamma_local': 0.1, 'gamma_macro': 0.05, 'gamma_spatial': 1.0, 'hidden_dim': 128, 'weight_decay': 0.0001}",5,34925.054835423754,8008.318080944711,70808.30667932221,6676.9923245848595,12.517729089575957,3.58430547316259,1.3823402574968102,0.30221434712179424
SVR_CompositeKernel,"(1, 12, 24)","{'gamma_lag': 0.5, 'gamma_local': 0.1, 'gamma_macro': 0.05, 'gamma_spatial': 0.5, 'hidden_dim': 128, 'weight_decay': 0.0001}",5,33078.14831659226,5825.7300281267535,70817.16662165675,6793.0067085780465,10.732182651728712,2.3507967847043214,1.2387690763558334,0.2786413132184992
SVR_CompositeKernel,"(1, 2, 12, 24)","{'gamma_lag': 0.5, 'gamma_local': 0.1, 'gamma_macro': 0.05, 'gamma_spatial': 1.0, 'hidden_dim': 128, 'weight_decay': 0.0}",5,34771.06488759567,7977.102948256431,70825.33925012324,8249.644207210331,11.343152205875487,3.091971583263071,1.30337326831216,0.3575657709372783
SVR_CompositeKernel,"(1, 2, 3, 12, 24)","{'gamma_lag': 0.1, 'gamma_local': 0.1, 'gamma_macro': 0.05, 'gamma_spatial': 0.5, 'hidden_dim': 128, 'weight_decay': 0.0}",5,34212.97895363875,6046.327076516014,70883.93373802285,6515.052842632251,11.89832253176982,2.8397732286683794,1.2797253234184205,0.2790166154922216
SVR_CompositeKernel,"(1, 2, 12, 24)","{'gamma_lag': 0.1, 'gamma_local': 0.1, 'gamma_macro': 0.05, 'gamma_spatial': 0.5, 'hidden_dim': 128, 'weight_decay': 0.0}",5,32709.253564785286,7275.411125182181,70982.61824484015,6533.038197031886,11.373320503115151,3.3009026325579818,1.226742960300737,0.331090268469576
SVR_CompositeKernel,"(1, 2, 12, 24)","{'gamma_lag': 0.5, 'gamma_local': 0.1, 'gamma_macro': 0.05, 'gamma_spatial': 1.0, 'hidden_dim': 128, 'weight_decay': 0.0001}",5,33549.3137174922,7078.988845685291,71017.34953378778,6824.387313240729,10.823468581956558,2.5663363163161073,1.2583375735056457,0.32667807391087283
SVR_CompositeKernel,"(1, 12)","{'gamma_lag': 0.1, 'gamma_local': 0.1, 'gamma_macro': 0.05, 'gamma_spatial': 1.0, 'hidden_dim': 128, 'weight_decay': 0.0001}",5,34229.4033021542,7732.054741765442,71027.23218932273,7472.93730416664,12.132546273723971,3.1515259416760495,1.3581381586351273,0.3036496806196713
SVR_CompositeKernel,"(1, 2, 3, 4, 5, 6, 12, 24)","{'gamma_lag': 0.1, 'gamma_local': 0.1, 'gamma_macro': 0.05, 'gamma_spatial': 0.5, 'hidden_dim': 128, 'weight_decay': 0.0001}",5,32790.78686667375,7316.856320435875,71041.7810042301,7708.324252322475,10.900167805203967,2.787414089774757,1.2324194972894005,0.34022400509565237
SVR_CompositeKernel,"(1, 12, 24)","{'gamma_lag': 0.1, 'gamma_local': 0.1, 'gamma_macro': 0.2, 'gamma_spatial': 0.1, 'hidden_dim': 128, 'weight_decay': 0.0}",5,31146.370317814628,3889.2741142978307,71068.04945907256,5590.972216770233,10.79447360812536,1.696042053167284,1.164874569639619,0.20914655339991395
SVR_CompositeKernel,"(1, 2, 3, 12, 24)","{'gamma_lag': 0.1, 'gamma_local': 0.1, 'gamma_macro': 0.1, 'gamma_spatial': 1.0, 'hidden_dim': 128, 'weight_decay': 0.0001}",5,33753.530513481426,7791.340918453709,71115.25282031944,9249.5656531709,11.450229823515997,3.140566567270893,1.267085941390984,0.3516902578683714
SVR_CompositeKernel,"(1, 12)","{'gamma_lag': 0.1, 'gamma_local': 0.1, 'gamma_macro': 0.05, 'gamma_spatial': 0.1, 'hidden_dim': 128, 'weight_decay': 0.0}",5,32510.812484056118,7967.8699747549235,71123.07808066973,9124.957138988435,11.477459993384434,3.1672413487320163,1.295181724894205,0.33750823681069575
SVR_CompositeKernel,"(1, 2, 12, 24)","{'gamma_lag': 0.1, 'gamma_local': 0.1, 'gamma_macro': 0.05, 'gamma_spatial': 0.1, 'hidden_dim': 128, 'weight_decay': 0.0}",5,33208.605012577944,4455.644350787656,71197.23788546314,5587.962022232165,11.74219611047926,1.6972475573256955,1.2438617303337909,0.2441648081165666
SVR_CompositeKernel,"(1, 2, 3, 4, 5, 6, 12, 24)","{'gamma_lag': 0.1, 'gamma_local': 0.1, 'gamma_macro': 0.1, 'gamma_spatial': 1.0, 'hidden_dim': 128, 'weight_decay': 0.0}",5,32205.43476473923,5730.8842722028885,71260.02244642735,5310.303936448337,10.230050643425844,2.1755087634658197,1.205640735977618,0.27152655845040147
SVR_CompositeKernel,"(1, 2, 3, 4, 5, 6, 12, 24)","{'gamma_lag': 0.1, 'gamma_local': 0.1, 'gamma_macro': 0.05, 'gamma_spatial': 0.1, 'hidden_dim': 128, 'weight_decay': 0.0}",5,33901.67009504323,7282.826482173472,71267.02160697771,7826.532491995142,11.302550397327366,2.685823208917055,1.2772642730559605,0.3560504579414814
SVR_CompositeKernel,"(1, 2, 3, 4, 5, 6, 12, 24)","{'gamma_lag': 0.1, 'gamma_local': 0.1, 'gamma_macro': 0.1, 'gamma_spatial': 0.1, 'hidden_dim': 128, 'weight_decay': 0.0}",5,32544.410301073553,3761.278812985626,71346.82584258425,5940.46730253971,10.879421271778853,1.3469775703776645,1.2173658827693434,0.2122332513233299
SVR_CompositeKernel,"(1, 2, 3, 12, 24)","{'gamma_lag': 0.1, 'gamma_local': 0.1, 'gamma_macro': 0.1, 'gamma_spatial': 0.5, 'hidden_dim': 128, 'weight_decay': 0.0001}",5,34428.241479768985,9395.612854961004,71355.6113164677,7736.45855537776,11.928760024071458,4.14440471524475,1.288278022961672,0.3946170877054958
SVR_CompositeKernel,"(1, 2, 3, 12)","{'gamma_lag': 0.1, 'gamma_local': 0.1, 'gamma_macro': 0.05, 'gamma_spatial': 0.5, 'hidden_dim': 128, 'weight_decay': 0.0001}",5,34890.94428367701,9477.709510707275,71391.01382261794,7400.566832336046,12.599426416454799,4.724894736994068,1.3844091735549091,0.3724932959400389
SVR_CompositeKernel,"(1, 2, 3, 4, 5, 6, 12, 24)","{'gamma_lag': 0.1, 'gamma_local': 0.1, 'gamma_macro': 0.2, 'gamma_spatial': 0.5, 'hidden_dim': 128, 'weight_decay': 0.0001}",5,33174.735596478175,7319.442395238022,71432.73680955086,8334.133380232408,10.770147089977765,2.9968299625187784,1.2447197190849804,0.3337954424335584
SVR_CompositeKernel,"(1, 12, 24)","{'gamma_lag': 0.1, 'gamma_local': 0.1, 'gamma_macro': 0.05, 'gamma_spatial': 1.0, 'hidden_dim': 128, 'weight_decay': 0.0}",5,33409.158440068735,6652.146632605216,71441.9613664838,7010.629869379507,11.419854805341181,2.7597620085591843,1.2541586009792756,0.31598210909019875
SVR_CompositeKernel,"(1, 2, 12, 24)","{'gamma_lag': 0.1, 'gamma_local': 0.1, 'gamma_macro': 0.05, 'gamma_spatial': 0.1, 'hidden_dim': 128, 'weight_decay': 0.0001}",5,33732.62512887968,6826.713547809587,71599.15890031832,6847.525629775357,11.828388213372428,2.7608582085719195,1.2656566609920894,0.3201702472132463
SVR_CompositeKernel,"(1, 2, 3, 12, 24)","{'gamma_lag': 0.1, 'gamma_local': 0.1, 'gamma_macro': 0.2, 'gamma_spatial': 0.5, 'hidden_dim': 128, 'weight_decay': 0.0}",5,32805.34839941185,6239.6669167629325,71667.85386495874,7893.432339688391,11.097171931077318,2.7076746679808754,1.2276503049540575,0.28595113241012965
SVR_CompositeKernel,"(1, 2, 12)","{'gamma_lag': 0.1, 'gamma_local': 0.1, 'gamma_macro': 0.05, 'gamma_spatial': 0.1, 'hidden_dim': 128, 'weight_decay': 0.0001}",5,32697.887299372873,7052.477262351697,71753.63912140181,7588.813668760036,11.585133611794133,3.04391649906811,1.2986535377989163,0.28233510242951354
SVR_CompositeKernel,"(1, 2, 3, 4, 5, 6, 12)","{'gamma_lag': 0.1, 'gamma_local': 0.1, 'gamma_macro': 0.05, 'gamma_spatial': 1.0, 'hidden_dim': 128, 'weight_decay': 0.0}",5,33459.22350481859,8248.672988413124,71760.6985363204,8150.519128066633,11.061390336250877,3.5116649355299883,1.3287415030100227,0.32592203904742745
SVR_CompositeKernel,"(1, 2, 3, 12)","{'gamma_lag': 0.1, 'gamma_local': 0.1, 'gamma_macro': 0.05, 'gamma_spatial': 0.5, 'hidden_dim': 128, 'weight_decay': 0.0}",5,33594.70932096797,9800.652981483949,71764.46541040299,8351.460047431341,12.062056166757564,4.745031053984747,1.3339238154225748,0.3857615688872551
SVR_CompositeKernel,"(1, 12, 24)","{'gamma_lag': 0.1, 'gamma_local': 0.1, 'gamma_macro': 0.2, 'gamma_spatial': 0.1, 'hidden_dim': 128, 'weight_decay': 0.0001}",5,32691.52677862812,4924.5903626341,71793.11992394205,6371.233030993432,11.627944691999346,2.3760175621677013,1.2231672305603134,0.2459688458886444
SVR_CompositeKernel,"(1, 2, 3, 4, 5, 6, 12, 24)","{'gamma_lag': 0.1, 'gamma_local': 0.1, 'gamma_macro': 0.1, 'gamma_spatial': 1.0, 'hidden_dim': 128, 'weight_decay': 0.0001}",5,33278.48653229521,6451.295475893665,71895.35520672887,8277.237024207783,10.820877737931315,2.5318855324930354,1.2491719152177083,0.30658668669206407
SVR_CompositeKernel,"(1, 2, 3, 12, 24)","{'gamma_lag': 0.1, 'gamma_local': 0.1, 'gamma_macro': 0.2, 'gamma_spatial': 0.5, 'hidden_dim': 128, 'weight_decay': 0.0001}",5,34029.915859729306,7472.374508510322,71947.80820103535,8057.215254851402,11.747734613057489,3.258176806205304,1.2757336817715403,0.33361316323689655
SVR_CompositeKernel,"(1, 2, 3, 12, 24)","{'gamma_lag': 0.1, 'gamma_local': 0.1, 'gamma_macro': 0.05, 'gamma_spatial': 1.0, 'hidden_dim': 128, 'weight_decay': 0.0001}",5,34950.74534438775,7364.4198439441425,71953.62235043384,9723.138256621276,12.084318796118072,3.1040324386886673,1.3142426201334794,0.3499946661704949
SVR_CompositeKernel,"(1, 2, 12, 24)","{'gamma_lag': 0.1, 'gamma_local': 0.1, 'gamma_macro': 0.1, 'gamma_spatial': 0.1, 'hidden_dim': 128, 'weight_decay': 0.0001}",5,32432.716731106502,4254.896101926569,71954.68594264236,8814.857911444618,11.505512958137771,1.570787706339704,1.2116292619511282,0.2125900707944164
SVR_CompositeKernel,"(1, 2, 12, 24)","{'gamma_lag': 0.1, 'gamma_local': 0.1, 'gamma_macro': 0.05, 'gamma_spatial': 0.5, 'hidden_dim': 128, 'weight_decay': 0.0001}",5,34373.699654106436,5912.14158124695,71985.20391849581,6857.546349041332,11.941672994688908,2.161264232338496,1.287033648796926,0.28590390290840023
SVR_CompositeKernel,"(1, 2, 12)","{'gamma_lag': 0.1, 'gamma_local': 0.1, 'gamma_macro': 0.05, 'gamma_spatial': 0.5, 'hidden_dim': 128, 'weight_decay': 0.0}",5,35009.6119964392,10546.81494471533,71994.79194573771,9496.895895745069,12.769004026287556,4.838745485766007,1.391854724896178,0.4224802430822899
SVR_CompositeKernel,"(1, 12)","{'gamma_lag': 0.1, 'gamma_local': 0.1, 'gamma_macro': 0.2, 'gamma_spatial': 0.5, 'hidden_dim': 128, 'weight_decay': 0.0}",5,32609.870725269273,6251.399245957872,72101.84889882078,5432.137568000217,11.50137193556408,3.039951856956034,1.2941522524955693,0.24761892486752066
SVR_CompositeKernel,"(1, 2, 12, 24)","{'gamma_lag': 0.1, 'gamma_local': 0.1, 'gamma_macro': 0.2, 'gamma_spatial': 0.5, 'hidden_dim': 128, 'weight_decay': 0.0001}",5,33807.42894743835,7432.344649035695,72141.8945053234,7126.542070843555,11.617547149932971,3.047964866090851,1.2695448360960642,0.34279058198686807
SVR_CompositeKernel,"(1, 2, 3, 4, 5, 6, 12, 24)","{'gamma_lag': 0.1, 'gamma_local': 0.1, 'gamma_macro': 0.05, 'gamma_spatial': 0.1, 'hidden_dim': 128, 'weight_decay': 0.0001}",5,34910.309433017996,10768.944988101313,72281.70258463835,10380.609834055136,11.804801046955713,4.224726078141258,1.3140718808684828,0.46574707633103163
SVR_CompositeKernel,"(1, 2, 12)","{'gamma_lag': 0.1, 'gamma_local': 0.1, 'gamma_macro': 0.05, 'gamma_spatial': 1.0, 'hidden_dim': 128, 'weight_decay': 0.0}",5,33851.73126018637,10421.265948983293,72292.58975228902,8865.96889303147,11.720143101906912,4.75469745994157,1.3440836509668155,0.4097075608088652
SVR_CompositeKernel,"(1, 12)","{'gamma_lag': 1.0, 'gamma_local': 0.1, 'gamma_macro': 0.05, 'gamma_spatial': 1.0, 'hidden_dim': 128, 'weight_decay': 0.0}",5,34313.8586730265,5953.227891858075,72326.65881528935,7671.516793460972,11.067542690645878,2.181694111377643,1.3628598938124434,0.2405163769812978
SVR_CompositeKernel,"(1, 2, 3, 4, 5, 6, 12, 24)","{'gamma_lag': 0.5, 'gamma_local': 0.1, 'gamma_macro': 0.1, 'gamma_spatial': 0.5, 'hidden_dim': 128, 'weight_decay': 0.0001}",5,35938.038689147535,5959.330732509995,72342.07862812818,6597.893815005179,11.812622317510295,2.2828622997701693,1.3469908270600517,0.2988533991486657
SVR_CompositeKernel,"(1, 12)","{'gamma_lag': 1.0, 'gamma_local': 0.1, 'gamma_macro': 0.05, 'gamma_spatial': 1.0, 'hidden_dim': 128, 'weight_decay': 0.0001}",5,35023.07449289612,7505.663563276326,72404.29645364676,6466.203722077925,11.245942951485652,3.0873727976302394,1.389688506152134,0.2938858957639777
SVR_CompositeKernel,"(1, 12, 24)","{'gamma_lag': 0.1, 'gamma_local': 0.1, 'gamma_macro': 0.05, 'gamma_spatial': 1.0, 'hidden_dim': 128, 'weight_decay': 0.0001}",5,35143.081354078095,6434.393882489482,72420.95144888836,6191.6405827460485,12.188969217842423,2.6413171128490323,1.314168580223547,0.29566329528496976
SVR_CompositeKernel,"(1, 2, 12, 24)","{'gamma_lag': 0.1, 'gamma_local': 0.1, 'gamma_macro': 0.1, 'gamma_spatial': 1.0, 'hidden_dim': 128, 'weight_decay': 0.0}",5,31793.425770177862,5391.764471450856,72491.37547666206,6363.789682338673,10.367871061684989,2.2119316069064445,1.1913621846851004,0.26428679827305823
SVR_CompositeKernel,"(1, 12, 24)","{'gamma_lag': 0.1, 'gamma_local': 0.1, 'gamma_macro': 0.05, 'gamma_spatial': 0.5, 'hidden_dim': 128, 'weight_decay': 0.0}",5,35137.96579993977,9909.764676330027,72520.58030857706,9455.454304157554,12.322280740062869,4.206915491201902,1.3255176378659712,0.4441830894240262
SVR_CompositeKernel,"(1, 2, 3, 4, 5, 6, 12, 24)","{'gamma_lag': 0.1, 'gamma_local': 0.1, 'gamma_macro': 0.2, 'gamma_spatial': 1.0, 'hidden_dim': 128, 'weight_decay': 0.0001}",5,32193.44941804847,5685.037873954607,72559.61276754942,6285.119738530737,10.329578840761627,2.283440420143102,1.2076689737068738,0.28046034186818775
SVR_CompositeKernel,"(1, 2, 3, 4, 5, 6, 12)","{'gamma_lag': 0.1, 'gamma_local': 0.1, 'gamma_macro': 0.05, 'gamma_spatial': 0.1, 'hidden_dim': 128, 'weight_decay': 0.0001}",5,34063.87119251346,5822.130082152331,72597.27620021594,5964.037553552075,11.490048905723022,2.1071727823943474,1.3567672521356116,0.25853327514333785
SVR_CompositeKernel,"(1, 2, 3, 12)","{'gamma_lag': 0.1, 'gamma_local': 0.1, 'gamma_macro': 0.05, 'gamma_spatial': 0.1, 'hidden_dim': 128, 'weight_decay': 0.0001}",5,33451.853280895695,8090.03678710891,72616.73595035664,8255.61654416653,11.69970941336357,3.1062515537362203,1.332256012727157,0.3441723093524031
SVR_CompositeKernel,"(1, 2, 3, 12)","{'gamma_lag': 0.1, 'gamma_local': 0.1, 'gamma_macro': 0.05, 'gamma_spatial': 1.0, 'hidden_dim': 128, 'weight_decay': 0.0}",5,36181.242316822565,13618.984462944365,72668.83608808111,11526.646622068132,12.702479064739208,6.271924973202055,1.4344539612425469,0.5283766274454759
SVR_CompositeKernel,"(1, 12)","{'gamma_lag': 0.1, 'gamma_local': 0.1, 'gamma_macro': 0.05, 'gamma_spatial': 0.1, 'hidden_dim': 128, 'weight_decay': 0.0001}",5,34211.275271931685,8310.706999930957,72699.03756399802,7210.782083461084,12.549528615171889,3.7651514415703025,1.3569632244466312,0.32291427361363134
SVR_CompositeKernel,"(1, 2, 3, 12, 24)","{'gamma_lag': 0.1, 'gamma_local': 0.1, 'gamma_macro': 0.1, 'gamma_spatial': 1.0, 'hidden_dim': 128, 'weight_decay': 0.0}",5,33338.57541852679,8774.70798317433,72699.61068715624,7368.356675565599,11.126508574709524,3.7233599324888718,1.2524307102326593,0.3874926677020333
SVR_CompositeKernel,"(1, 12)","{'gamma_lag': 0.1, 'gamma_local': 0.5, 'gamma_macro': 0.05, 'gamma_spatial': 0.1, 'hidden_dim': 128, 'weight_decay': 0.0}",5,33620.46244286777,2910.003586095837,72701.17307897026,4644.071271011066,11.68195444629071,1.335758637972053,1.336397272141053,0.14133180686203173
SVR_CompositeKernel,"(1, 12, 24)","{'gamma_lag': 0.1, 'gamma_local': 0.5, 'gamma_macro': 0.05, 'gamma_spatial': 1.0, 'hidden_dim': 128, 'weight_decay': 0.0}",5,34622.13898056619,3676.7779119875186,72741.73125136753,4666.982410073259,11.51052096981601,1.739557014812717,1.2931570555717533,0.20603258292488438
SVR_CompositeKernel,"(1, 12)","{'gamma_lag': 0.1, 'gamma_local': 0.1, 'gamma_macro': 0.05, 'gamma_spatial': 0.5, 'hidden_dim': 128, 'weight_decay': 0.0}",5,35888.73524615575,8505.526809856225,72758.2648547736,5557.851149462786,13.210664552295123,3.891961950564876,1.423593652197063,0.330141891551926
SVR_CompositeKernel,"(1, 2, 12, 24)","{'gamma_lag': 0.1, 'gamma_local': 0.1, 'gamma_macro': 0.2, 'gamma_spatial': 0.5, 'hidden_dim': 128, 'weight_decay': 0.0}",5,33198.54297893637,6903.010663418726,72809.23035227542,7036.961992471065,11.378097439587489,2.7996519295569637,1.2467118851631636,0.3247570141064782
SVR_CompositeKernel,"(1, 2, 3, 12)","{'gamma_lag': 0.1, 'gamma_local': 0.1, 'gamma_macro': 0.05, 'gamma_spatial': 0.1, 'hidden_dim': 128, 'weight_decay': 0.0}",5,33636.70085211168,5261.485111052323,72845.0971199763,5760.842148907433,11.916283064294005,1.9626095045157066,1.3378023862736819,0.22911928877988977
SVR_CompositeKernel,"(1, 2, 3, 12, 24)","{'gamma_lag': 1.0, 'gamma_local': 0.1, 'gamma_macro': 0.05, 'gamma_spatial': 1.0, 'hidden_dim': 128, 'weight_decay': 0.0001}",5,36136.93381563563,7641.5738992060415,72848.41200487255,7852.2181267030055,11.890635788226874,3.042325860262594,1.3550350876652923,0.35204812949011566
SVR_CompositeKernel,"(1, 2, 12, 24)","{'gamma_lag': 0.1, 'gamma_local': 0.5, 'gamma_macro': 0.05, 'gamma_spatial': 0.5, 'hidden_dim': 128, 'weight_decay': 0.0}",5,33992.583059187215,5827.3371132155835,72856.46558186544,6184.059053686703,11.05686110080878,2.5914171769540584,1.2743120557467031,0.2884455266098827
SVR_CompositeKernel,"(1, 12, 24)","{'gamma_lag': 0.5, 'gamma_local': 0.1, 'gamma_macro': 0.05, 'gamma_spatial': 0.1, 'hidden_dim': 128, 'weight_decay': 0.0001}",5,35452.74530231363,6732.083488684057,72858.18456934598,7729.771895178872,11.823099409460923,2.371230823826029,1.331824765681456,0.33175686986342157
SVR_CompositeKernel,"(1, 12, 24)","{'gamma_lag': 0.5, 'gamma_local': 0.1, 'gamma_macro': 0.1, 'gamma_spatial': 1.0, 'hidden_dim': 128, 'weight_decay': 0.0001}",5,34423.90135168651,5062.163141389754,72879.95465719939,7747.108070351654,11.081011993529815,2.006236587762889,1.2885060335390797,0.2577993151805533
SVR_CompositeKernel,"(1, 2, 12, 24)","{'gamma_lag': 0.1, 'gamma_local': 0.1, 'gamma_macro': 0.2, 'gamma_spatial': 1.0, 'hidden_dim': 128, 'weight_decay': 0.0001}",5,33334.91792579011,8976.726999543253,72909.60639155634,8836.605266750019,11.075504280957517,3.745604105782363,1.2470483340848104,0.37920281116079363
SVR_CompositeKernel,"(1, 2, 12, 24)","{'gamma_lag': 0.5, 'gamma_local': 0.1, 'gamma_macro': 0.05, 'gamma_spatial': 0.1, 'hidden_dim': 128, 'weight_decay': 0.0001}",5,34938.27317885488,6679.410680130361,72915.82714666953,7393.921774843934,11.57621490218688,2.8078128997459717,1.3089282959906503,0.31312774326830195
SVR_CompositeKernel,"(1, 12, 24)","{'gamma_lag': 1.0, 'gamma_local': 0.1, 'gamma_macro': 0.05, 'gamma_spatial': 1.0, 'hidden_dim': 128, 'weight_decay': 0.0001}",5,35592.756376665246,6065.077218140431,72918.28247408317,6443.609532858352,11.563634368620793,2.34484031020322,1.3318692239505094,0.2906359735292905
SVR_CompositeKernel,"(1, 12)","{'gamma_lag': 0.5, 'gamma_local': 0.1, 'gamma_macro': 0.05, 'gamma_spatial': 0.5, 'hidden_dim': 128, 'weight_decay': 0.0}",5,32091.345729255245,5735.856708220452,73023.36330751152,8773.653866842667,10.242751135427843,2.310764691765421,1.2753829559918506,0.23500502501348516
SVR_CompositeKernel,"(1, 12)","{'gamma_lag': 0.1, 'gamma_local': 0.1, 'gamma_macro': 0.05, 'gamma_spatial': 1.0, 'hidden_dim': 128, 'weight_decay': 0.0}",5,34056.92097859977,10147.512651339235,73178.67544400004,7959.461323934242,11.923396742147828,4.786880460333704,1.3500714646436507,0.39250293566618744
SVR_CompositeKernel,"(1, 2, 3, 12, 24)","{'gamma_lag': 0.5, 'gamma_local': 0.1, 'gamma_macro': 0.05, 'gamma_spatial': 1.0, 'hidden_dim': 128, 'weight_decay': 0.0}",5,35226.7325928288,7408.8417199556925,73189.73644720069,7465.881948417058,11.366690543305316,2.684344249840248,1.3202666671082994,0.33928253368894523
SVR_CompositeKernel,"(1, 2, 3, 4, 5, 6, 12, 24)","{'gamma_lag': 0.1, 'gamma_local': 0.1, 'gamma_macro': 0.1, 'gamma_spatial': 0.5, 'hidden_dim': 128, 'weight_decay': 0.0}",5,32887.72111235118,7722.099500592162,73197.09809409748,6592.340775254826,10.49991343288097,3.217858835423805,1.2337927794660373,0.34624118149536226
SVR_CompositeKernel,"(1, 2, 12, 24)","{'gamma_lag': 0.1, 'gamma_local': 0.1, 'gamma_macro': 0.2, 'gamma_spatial': 0.1, 'hidden_dim': 128, 'weight_decay': 0.0}",5,32451.523125265732,4556.17408224846,73207.36426489077,8216.472322361655,11.328382136695778,1.9817642708169214,1.2105540652918705,0.2097596017265745
SVR_CompositeKernel,"(1, 2, 3, 12, 24)","{'gamma_lag': 0.1, 'gamma_local': 0.1, 'gamma_macro': 0.1, 'gamma_spatial': 0.5, 'hidden_dim': 128, 'weight_decay': 0.0}",5,33158.96975977891,6045.411958117348,73211.98491283496,6967.723287923863,11.03976855269973,2.3165522451672014,1.244894247477612,0.2968887433508954
SVR_CompositeKernel,"(1, 12, 24)","{'gamma_lag': 0.1, 'gamma_local': 0.1, 'gamma_macro': 0.1, 'gamma_spatial': 0.1, 'hidden_dim': 128, 'weight_decay': 0.0}",5,32571.997863077522,5497.284637878627,73220.18357312832,6254.835769451378,11.482946157473055,2.3091072331658173,1.2229091533892837,0.28182496021982795
SVR_CompositeKernel,"(1, 2, 12, 24)","{'gamma_lag': 1.0, 'gamma_local': 0.1, 'gamma_macro': 0.05, 'gamma_spatial': 1.0, 'hidden_dim': 128, 'weight_decay': 0.0}",5,36238.28394230088,7637.790783939748,73232.96048137566,7537.63039858483,11.768693613915962,2.8250582783104967,1.358225096090435,0.35010291247215547
SVR_CompositeKernel,"(1, 2, 3, 4, 5, 6, 12, 24)","{'gamma_lag': 0.5, 'gamma_local': 0.1, 'gamma_macro': 0.05, 'gamma_spatial': 0.1, 'hidden_dim': 128, 'weight_decay': 0.0001}",5,38002.983572491496,8091.457779041396,73248.38577526007,6143.953107618894,12.85103431748856,3.2126153331284777,1.425052934376136,0.3727039563542459
SVR_CompositeKernel,"(1, 2, 12)","{'gamma_lag': 0.5, 'gamma_local': 0.1, 'gamma_macro': 0.05, 'gamma_spatial': 1.0, 'hidden_dim': 128, 'weight_decay': 0.0001}",5,35122.48601721939,7687.094220861232,73287.79915349706,8206.707467576483,11.26786474407311,3.144947490953441,1.3938460912603878,0.3021628336852465
SVR_CompositeKernel,"(1, 2, 12, 24)","{'gamma_lag': 0.5, 'gamma_local': 0.1, 'gamma_macro': 0.05, 'gamma_spatial': 0.5, 'hidden_dim': 128, 'weight_decay': 0.0001}",5,35678.69793881094,6598.193536507204,73314.44891951601,9242.779978317396,11.727754017185635,2.4783482616845265,1.3355579003426088,0.3044429054042987
SVR_CompositeKernel,"(1, 2, 3, 12, 24)","{'gamma_lag': 0.1, 'gamma_local': 0.1, 'gamma_macro': 0.2, 'gamma_spatial': 0.1, 'hidden_dim': 128, 'weight_decay': 0.0001}",5,33230.30198014101,5551.607232567551,73351.78606156778,5869.081977313501,11.443795168990269,2.2898763633915835,1.2465409370405491,0.27929554616705915
SVR_CompositeKernel,"(1, 12)","{'gamma_lag': 0.1, 'gamma_local': 0.1, 'gamma_macro': 0.2, 'gamma_spatial': 1.0, 'hidden_dim': 128, 'weight_decay': 0.0}",5,32858.808642467404,9524.768714333437,73353.66018002974,8018.704388817275,11.446773731803095,4.6860934547671995,1.303107367990547,0.37065536147537953
SVR_CompositeKernel,"(1, 12, 24)","{'gamma_lag': 0.5, 'gamma_local': 0.1, 'gamma_macro': 0.05, 'gamma_spatial': 1.0, 'hidden_dim': 128, 'weight_decay': 0.0}",5,34553.01378348215,7465.116536948261,73409.21539885356,8531.343076235811,11.039348105914128,2.884209119577377,1.2939256642711991,0.3356644337947941
SVR_CompositeKernel,"(1, 2, 3, 12)","{'gamma_lag': 0.5, 'gamma_local': 0.1, 'gamma_macro': 0.05, 'gamma_spatial': 0.5, 'hidden_dim': 128, 'weight_decay': 0.0001}",5,34836.558029071006,6714.920300201949,73427.8537003917,8150.744722940709,11.285320326120116,2.50890524997647,1.3834794679413513,0.2683219622469952
SVR_CompositeKernel,"(1, 2, 3, 12, 24)","{'gamma_lag': 0.1, 'gamma_local': 0.1, 'gamma_macro': 0.1, 'gamma_spatial': 0.1, 'hidden_dim': 128, 'weight_decay': 0.0}",5,34877.29988883574,5044.437338535534,73442.65231678469,6521.216631503731,12.138536378979598,1.9162115303017113,1.3033283910502327,0.24361710235085274
SVR_CompositeKernel,"(1, 2, 3, 12, 24)","{'gamma_lag': 0.1, 'gamma_local': 0.1, 'gamma_macro': 0.05, 'gamma_spatial': 0.1, 'hidden_dim': 128, 'weight_decay': 0.0}",5,35914.56560418438,9917.285147392473,73462.46465774332,8643.24049404186,12.853641053338407,4.395361306161533,1.3494185752921282,0.4345823801380326
SVR_CompositeKernel,"(1, 2, 12, 24)","{'gamma_lag': 0.1, 'gamma_local': 0.1, 'gamma_macro': 0.1, 'gamma_spatial': 0.5, 'hidden_dim': 128, 'weight_decay': 0.0001}",5,35869.87989875638,11266.712314927176,73469.20456629958,9381.10780298856,12.689801315153307,4.94562632283439,1.3449227905569323,0.4693927824052902
SVR_CompositeKernel,"(1, 12)","{'gamma_lag': 0.5, 'gamma_local': 0.1, 'gamma_macro': 0.05, 'gamma_spatial': 1.0, 'hidden_dim': 128, 'weight_decay': 0.0001}",5,33873.668563988096,5815.305348122545,73509.11628791725,7707.176825693531,10.970946353912224,2.0813437175170195,1.3460546701621614,0.23719381395633882
SVR_CompositeKernel,"(1, 2, 3, 12, 24)","{'gamma_lag': 0.1, 'gamma_local': 0.1, 'gamma_macro': 0.2, 'gamma_spatial': 1.0, 'hidden_dim': 128, 'weight_decay': 0.0}",5,33053.69833519345,6211.132067554725,73519.582716147,9088.920477430285,10.703979387392192,2.4692956589805997,1.240690799116989,0.29782929817486403
SVR_CompositeKernel,"(1, 2, 12)","{'gamma_lag': 0.5, 'gamma_local': 0.1, 'gamma_macro': 0.05, 'gamma_spatial': 0.1, 'hidden_dim': 128, 'weight_decay': 0.0}",5,35316.559769610976,8201.226729493043,73534.78567545091,9017.57065528155,11.652933885891201,3.3945649023522284,1.4028695475965391,0.32633962497344265
SVR_CompositeKernel,"(1, 2, 3, 12, 24)","{'gamma_lag': 0.1, 'gamma_local': 0.1, 'gamma_macro': 0.2, 'gamma_spatial': 0.1, 'hidden_dim': 128, 'weight_decay': 0.0}",5,31946.925873370183,5588.901100652148,73584.64888078615,7302.700483243191,10.769660158512986,2.2908289450962984,1.2003384973538012,0.28660747635610456
SVR_CompositeKernel,"(1, 2, 12, 24)","{'gamma_lag': 1.0, 'gamma_local': 0.1, 'gamma_macro': 0.05, 'gamma_spatial': 1.0, 'hidden_dim': 128, 'weight_decay': 0.0001}",5,37709.17574449051,10763.900675964644,73653.3649489589,10878.741037918093,12.542156113404241,4.1028902073602795,1.4149044777824162,0.4630358607509672
SVR_CompositeKernel,"(1, 12, 24)","{'gamma_lag': 0.1, 'gamma_local': 0.1, 'gamma_macro': 0.2, 'gamma_spatial': 0.5, 'hidden_dim': 128, 'weight_decay': 0.0}",5,34126.54077026644,7502.170004154699,73654.42709409742,5949.42911291407,11.961823599352982,3.4797038199842927,1.2783441837120517,0.33454651207440733
SVR_CompositeKernel,"(1, 2, 12, 24)","{'gamma_lag': 0.1, 'gamma_local': 0.5, 'gamma_macro': 0.05, 'gamma_spatial': 0.5, 'hidden_dim': 128, 'weight_decay': 0.0001}",5,34679.70694267291,5582.83916273853,73659.24214860876,6839.8821641551285,11.575939585756567,2.6388756178382176,1.298908284666208,0.27818425069975933
SVR_CompositeKernel,"(1, 2, 12, 24)","{'gamma_lag': 0.1, 'gamma_local': 0.1, 'gamma_macro': 0.1, 'gamma_spatial': 0.5, 'hidden_dim': 128, 'weight_decay': 0.0}",5,32397.771588010208,6342.233697101246,73660.02931667361,5457.013415357792,10.9845861501816,2.8197486023470195,1.2155002263749561,0.3005466420382311
SVR_CompositeKernel,"(1, 12, 24)","{'gamma_lag': 0.5, 'gamma_local': 0.1, 'gamma_macro': 0.2, 'gamma_spatial': 1.0, 'hidden_dim': 128, 'weight_decay': 0.0}",5,33135.67925524376,4959.729292991545,73681.79233650032,6022.2886467072585,10.412834225444433,1.8495991104572727,1.2380208775755075,0.2391493163080708
SVR_CompositeKernel,"(1, 12, 24)","{'gamma_lag': 0.1, 'gamma_local': 0.1, 'gamma_macro': 0.2, 'gamma_spatial': 0.5, 'hidden_dim': 128, 'weight_decay': 0.0001}",5,32611.27897799745,5749.41022460082,73685.3231932741,7401.884620620075,11.31847340803663,2.5486103734671475,1.2215528521152244,0.27498019588187483
SVR_CompositeKernel,"(1, 12)","{'gamma_lag': 0.1, 'gamma_local': 0.1, 'gamma_macro': 0.2, 'gamma_spatial': 0.1, 'hidden_dim': 128, 'weight_decay': 0.0001}",5,31281.303371687216,6802.372296406434,73688.0472718956,4844.592097152923,10.917845279590797,3.335314586775491,1.2426499194163187,0.2727410549932569
SVR_CompositeKernel,"(1, 2, 12, 24)","{'gamma_lag': 0.1, 'gamma_local': 0.5, 'gamma_macro': 0.05, 'gamma_spatial': 1.0, 'hidden_dim': 128, 'weight_decay': 0.0001}",5,35463.789781303145,6444.47601958684,73695.01567333117,6563.3659438353725,11.644640581571622,2.807561507197436,1.3284570881741282,0.30669467991956784
SVR_CompositeKernel,"(1, 12, 24)","{'gamma_lag': 0.1, 'gamma_local': 0.5, 'gamma_macro': 0.05, 'gamma_spatial': 0.5, 'hidden_dim': 128, 'weight_decay': 0.0}",5,35439.45749406534,5777.795570743121,73715.06451862832,6375.68061253435,11.84021183107357,2.8932875623044785,1.3269268640781955,0.2834593243568952
SVR_CompositeKernel,"(1, 12, 24)","{'gamma_lag': 0.1, 'gamma_local': 0.1, 'gamma_macro': 0.1, 'gamma_spatial': 1.0, 'hidden_dim': 128, 'weight_decay': 0.0}",5,36312.02317619756,11202.359888452731,73715.40687973905,9719.684461260222,12.654526365200601,5.127679585342334,1.3597963693679174,0.4686890948333862
SVR_CompositeKernel,"(1, 2, 3, 4, 5, 6, 12, 24)","{'gamma_lag': 1.0, 'gamma_local': 0.1, 'gamma_macro': 0.05, 'gamma_spatial': 0.5, 'hidden_dim': 128, 'weight_decay': 0.0001}",5,37522.861093395695,7806.755434621663,73774.7427205651,6818.54600255777,12.724354445463078,3.144416914945231,1.4059571933752253,0.3582055354396907
SVR_CompositeKernel,"(1, 2, 3, 4, 5, 6, 12)","{'gamma_lag': 0.1, 'gamma_local': 0.1, 'gamma_macro': 0.05, 'gamma_spatial': 0.5, 'hidden_dim': 128, 'weight_decay': 0.0}",5,34677.33285368835,8793.531635519614,73776.46745999003,7732.774114481406,11.72801990354257,3.7398479658941204,1.3768591286054965,0.34644820165213713
SVR_CompositeKernel,"(1, 2, 3, 4, 5, 6, 12)","{'gamma_lag': 0.1, 'gamma_local': 0.1, 'gamma_macro': 0.1, 'gamma_spatial': 1.0, 'hidden_dim': 128, 'weight_decay': 0.0}",5,34257.08935214711,7316.154585509103,73789.34987226636,5090.753758166663,11.374050219289433,3.2233717256246206,1.3602645932808028,0.2905228239436261
SVR_CompositeKernel,"(1, 2, 3, 12, 24)","{'gamma_lag': 0.1, 'gamma_local': 0.1, 'gamma_macro': 0.05, 'gamma_spatial': 0.1, 'hidden_dim': 128, 'weight_decay': 0.0001}",5,35064.17460140306,8021.277627538877,73790.96909095865,7520.994633997576,12.190712540868734,3.0338193459177707,1.3182846117711386,0.3732951803815641
SVR_CompositeKernel,"(1, 2, 3, 4, 5, 6, 12, 24)","{'gamma_lag': 0.1, 'gamma_local': 0.1, 'gamma_macro': 0.2, 'gamma_spatial': 1.0, 'hidden_dim': 128, 'weight_decay': 0.0}",5,33548.042121510065,5990.692852065997,73837.6932294671,7704.883086168826,10.787571476962414,2.2701106450758615,1.258679851599441,0.2932333817139844
SVR_CompositeKernel,"(1, 2, 3, 12)","{'gamma_lag': 0.1, 'gamma_local': 0.1, 'gamma_macro': 0.1, 'gamma_spatial': 1.0, 'hidden_dim': 128, 'weight_decay': 0.0001}",5,34856.69523499504,8493.590381115388,73843.00819684034,6317.388086136969,11.874539088973922,3.782151304505632,1.3835849591873826,0.33657743311699606
SVR_CompositeKernel,"(1, 12)","{'gamma_lag': 0.5, 'gamma_local': 0.1, 'gamma_macro': 0.05, 'gamma_spatial': 0.1, 'hidden_dim': 128, 'weight_decay': 0.0}",5,34040.138958421914,4884.245388764083,73885.25618636126,5588.177879530308,11.293711735283864,1.9898880117174336,1.3517968564518097,0.19933095320290245
SVR_CompositeKernel,"(1, 12, 24)","{'gamma_lag': 0.1, 'gamma_local': 0.5, 'gamma_macro': 0.05, 'gamma_spatial': 1.0, 'hidden_dim': 128, 'weight_decay': 0.0001}",5,36532.69035705428,8617.841392469118,73896.13325014233,5743.919739723854,12.779009301019865,4.357272804159984,1.3709050197214312,0.38781160842245294
SVR_CompositeKernel,"(1, 2, 12, 24)","{'gamma_lag': 0.1, 'gamma_local': 0.1, 'gamma_macro': 0.2, 'gamma_spatial': 1.0, 'hidden_dim': 128, 'weight_decay': 0.0}",5,34953.32613998725,10598.41158624993,73897.71321896327,9061.572463005336,11.887644390778613,4.589476117740693,1.3108077654862025,0.44945214630812236
SVR_CompositeKernel,"(1, 2, 3, 4, 5, 6, 12, 24)","{'gamma_lag': 0.1, 'gamma_local': 0.1, 'gamma_macro': 0.2, 'gamma_spatial': 0.1, 'hidden_dim': 128, 'weight_decay': 0.0}",5,33369.07247821004,5191.16678282529,73917.47220373791,6156.602558247972,11.087971338511323,2.123932255484085,1.250345370893907,0.2619370800094069
SVR_CompositeKernel,"(1, 12, 24)","{'gamma_lag': 1.0, 'gamma_local': 0.1, 'gamma_macro': 0.1, 'gamma_spatial': 0.5, 'hidden_dim': 128, 'weight_decay': 0.0}",5,35966.08651059382,6625.232458652816,73920.51710608268,7512.405225238531,11.758162579406083,2.4217050895464745,1.3474044008595611,0.3150558232601903
SVR_CompositeKernel,"(1, 2, 3, 12, 24)","{'gamma_lag': 0.5, 'gamma_local': 0.1, 'gamma_macro': 0.05, 'gamma_spatial': 0.1, 'hidden_dim': 128, 'weight_decay': 0.0}",5,36936.95824652778,7188.705862927053,73927.97658948076,8476.866842054844,12.149141052672004,2.277940298738106,1.3890469862802228,0.3584528763745075
SVR_CompositeKernel,"(1, 2, 12)","{'gamma_lag': 0.5, 'gamma_local': 0.1, 'gamma_macro': 0.05, 'gamma_spatial': 0.5, 'hidden_dim': 128, 'weight_decay': 0.0}",5,34210.66722071641,6006.661359030674,73957.65490083737,7119.9302248305385,10.8457085187812,2.277666347401971,1.360139266818141,0.25091049827736506
SVR_CompositeKernel,"(1, 2, 3, 4, 5, 6, 12)","{'gamma_lag': 0.1, 'gamma_local': 0.1, 'gamma_macro': 0.1, 'gamma_spatial': 1.0, 'hidden_dim': 128, 'weight_decay': 0.0001}",5,35887.70439873866,10824.427255407107,73973.10277213565,7887.2060182478435,11.920420864065942,4.500962006078733,1.425731420270762,0.4298698695675356
SVR_CompositeKernel,"(1, 2, 12)","{'gamma_lag': 0.1, 'gamma_local': 0.5, 'gamma_macro': 0.05, 'gamma_spatial': 1.0, 'hidden_dim': 128, 'weight_decay': 0.0001}",5,34805.49575095663,5805.012466112914,73978.13664514413,7835.452013560745,11.789701315450518,2.943168463149954,1.3846198007312034,0.24760246562599691
SVR_CompositeKernel,"(1, 2, 3, 12)","{'gamma_lag': 0.5, 'gamma_local': 0.1, 'gamma_macro': 0.05, 'gamma_spatial': 1.0, 'hidden_dim': 128, 'weight_decay': 0.0001}",5,36056.94794988308,7596.370666541445,73999.66792365613,7335.154492293449,11.634822004786438,3.110970423636743,1.4316209227399725,0.3012723397821149
SVR_CompositeKernel,"(1, 2, 3, 4, 5, 6, 12, 24)","{'gamma_lag': 0.1, 'gamma_local': 0.5, 'gamma_macro': 0.05, 'gamma_spatial': 1.0, 'hidden_dim': 128, 'weight_decay': 0.0}",5,33906.31877613025,4957.334269383061,74000.57268468436,6710.156547649867,10.470401983688522,2.023700873622413,1.2704794258651488,0.2599800793804536
SVR_CompositeKernel,"(1, 12, 24)","{'gamma_lag': 0.1, 'gamma_local': 0.5, 'gamma_macro': 0.05, 'gamma_spatial': 0.5, 'hidden_dim': 128, 'weight_decay': 0.0001}",5,35434.40549133716,6294.054475406346,74021.41740089895,6841.825142329042,12.402472652866617,3.4852797316569752,1.3245800113010264,0.2907129096568245
SVR_CompositeKernel,"(1, 12, 24)","{'gamma_lag': 0.5, 'gamma_local': 0.1, 'gamma_macro': 0.2, 'gamma_spatial': 1.0, 'hidden_dim': 128, 'weight_decay': 0.0001}",5,35257.30760655824,6511.5745406647175,74022.2883464254,8286.42047571501,11.089604240141952,2.504223729111661,1.3218446129994121,0.31172506459565563
SVR_CompositeKernel,"(1, 2, 12, 24)","{'gamma_lag': 0.1, 'gamma_local': 0.5, 'gamma_macro': 0.05, 'gamma_spatial': 1.0, 'hidden_dim': 128, 'weight_decay': 0.0}",5,36023.84643432893,4987.5867205133945,74031.1186826434,4455.723845695073,12.10422426847945,2.3309103827380264,1.344918188307758,0.24246581224733516
SVR_CompositeKernel,"(1, 2, 12)","{'gamma_lag': 0.5, 'gamma_local': 0.1, 'gamma_macro': 0.05, 'gamma_spatial': 0.1, 'hidden_dim': 128, 'weight_decay': 0.0001}",5,35282.55001948696,6036.72148058204,74043.1033313511,8075.621506419884,11.613889202963797,2.588118869307632,1.402325389110979,0.2485977238791977
SVR_CompositeKernel,"(1, 2, 12)","{'gamma_lag': 0.1, 'gamma_local': 0.1, 'gamma_macro': 0.1, 'gamma_spatial': 0.1, 'hidden_dim': 128, 'weight_decay': 0.0001}",5,35096.16139920812,5531.177454534179,74057.51589066516,7555.795685398611,12.786252284355722,2.712110622631423,1.3929047257511253,0.21941773836895692
SVR_CompositeKernel,"(1, 12, 24)","{'gamma_lag': 0.5, 'gamma_local': 0.1, 'gamma_macro': 0.1, 'gamma_spatial': 0.5, 'hidden_dim': 128, 'weight_decay': 0.0001}",5,34047.315243232704,5627.135461689741,74058.68128577733,7267.855478759243,10.814670733334989,2.1585420468710965,1.2757963951003497,0.2785690361088166
SVR_CompositeKernel,"(1, 12, 24)","{'gamma_lag': 0.5, 'gamma_local': 0.1, 'gamma_macro': 0.2, 'gamma_spatial': 0.5, 'hidden_dim': 128, 'weight_decay': 0.0}",5,33527.498519433815,4045.4041927058556,74070.00015941591,5595.015768766863,10.816855797702706,1.6218424111886856,1.2529599951926653,0.2163557550050208
SVR_CompositeKernel,"(1, 2, 3, 12, 24)","{'gamma_lag': 0.5, 'gamma_local': 0.1, 'gamma_macro': 0.05, 'gamma_spatial': 0.5, 'hidden_dim': 128, 'weight_decay': 0.0}",5,35541.8319364725,6373.804233665134,74090.16342829782,7249.773299476928,11.345584808383126,2.5304054126561875,1.3324264530373764,0.30958724926737263
SVR_CompositeKernel,"(1, 2, 3, 12)","{'gamma_lag': 0.1, 'gamma_local': 0.5, 'gamma_macro': 0.05, 'gamma_spatial': 0.5, 'hidden_dim': 128, 'weight_decay': 0.0001}",5,34155.580704365086,5640.740431820918,74098.117972347,5281.624351192921,11.242940036608537,2.534001026327418,1.3575720814436179,0.23546560111259618
SVR_CompositeKernel,"(1, 2, 3, 12, 24)","{'gamma_lag': 0.1, 'gamma_local': 0.5, 'gamma_macro': 0.05, 'gamma_spatial': 0.1, 'hidden_dim': 128, 'weight_decay': 0.0001}",5,34083.5014221053,4988.699337003368,74111.0179470454,7280.72732161763,11.28074024432116,1.941421626569014,1.2792978662474601,0.27724827847904165
SVR_CompositeKernel,"(1, 12, 24)","{'gamma_lag': 0.1, 'gamma_local': 0.5, 'gamma_macro': 0.1, 'gamma_spatial': 1.0, 'hidden_dim': 128, 'weight_decay': 0.0001}",5,34343.55237829507,5762.896223453842,74146.48198859693,6553.848203067635,11.292945478245588,2.7348411718974286,1.2875607983051462,0.28649535923841807
SVR_CompositeKernel,"(1, 2, 3, 4, 5, 6, 12, 24)","{'gamma_lag': 0.1, 'gamma_local': 0.1, 'gamma_macro': 0.1, 'gamma_spatial': 0.5, 'hidden_dim': 128, 'weight_decay': 0.0001}",5,34624.35925763535,8418.813776812769,74160.4385338051,8835.391661090403,11.34294099935315,3.4161569887136203,1.2988813052102284,0.37314195255952676
SVR_CompositeKernel,"(1, 2, 3, 4, 5, 6, 12)","{'gamma_lag': 0.1, 'gamma_local': 0.5, 'gamma_macro': 0.05, 'gamma_spatial': 1.0, 'hidden_dim': 128, 'weight_decay': 0.0}",5,34202.796514934096,5935.3790021084205,74201.9441147926,8472.78484882967,10.684756735998366,2.2998415834781265,1.3609082509631052,0.2524491703465954
SVR_CompositeKernel,"(1, 2, 3, 4, 5, 6, 12)","{'gamma_lag': 0.1, 'gamma_local': 0.5, 'gamma_macro': 0.05, 'gamma_spatial': 1.0, 'hidden_dim': 128, 'weight_decay': 0.0001}",5,33691.523297548185,4982.283423735599,74205.71206345249,7637.244074110382,10.42463623838509,1.7445217516184528,1.341682137860109,0.22715741657952707
SVR_CompositeKernel,"(1, 2, 12)","{'gamma_lag': 0.1, 'gamma_local': 0.1, 'gamma_macro': 0.05, 'gamma_spatial': 0.5, 'hidden_dim': 128, 'weight_decay': 0.0001}",5,34574.00614503614,7067.826192562616,74243.89883345626,8467.739433834891,12.183930597442943,3.07797624348504,1.3725312630963191,0.2795685138062997
SVR_CompositeKernel,"(1, 12)","{'gamma_lag': 0.5, 'gamma_local': 0.1, 'gamma_macro': 0.05, 'gamma_spatial': 0.5, 'hidden_dim': 128, 'weight_decay': 0.0001}",5,34434.71672025581,8095.9868502180425,74244.51071292472,6363.165681350442,11.159473622244855,3.2945557608624765,1.3667921544487953,0.31789494126203766
SVR_CompositeKernel,"(1, 2, 3, 12, 24)","{'gamma_lag': 0.1, 'gamma_local': 0.5, 'gamma_macro': 0.1, 'gamma_spatial': 1.0, 'hidden_dim': 128, 'weight_decay': 0.0}",5,32722.46731593679,4503.763661364883,74258.5023718852,7522.790307279236,10.18936920810296,1.8177189457563838,1.2248924274496567,0.23559857720871652
SVR_CompositeKernel,"(1, 12, 24)","{'gamma_lag': 0.5, 'gamma_local': 0.1, 'gamma_macro': 0.05, 'gamma_spatial': 1.0, 'hidden_dim': 128, 'weight_decay': 0.0001}",5,35210.056549833476,8987.400241383759,74273.1612265945,9101.537285970286,11.357494367327462,3.6723589514890724,1.3163884367503846,0.382055375308122
SVR_CompositeKernel,"(1, 2, 12, 24)","{'gamma_lag': 0.5, 'gamma_local': 0.1, 'gamma_macro': 0.1, 'gamma_spatial': 0.5, 'hidden_dim': 128, 'weight_decay': 0.0}",5,35247.60567247732,5721.7305680333175,74301.44572670337,6389.023165560153,11.358719419900407,2.1917720877153095,1.318373682494091,0.274908118835246
SVR_CompositeKernel,"(1, 2, 3, 12, 24)","{'gamma_lag': 0.1, 'gamma_local': 0.1, 'gamma_macro': 0.2, 'gamma_spatial': 1.0, 'hidden_dim': 128, 'weight_decay': 0.0001}",5,35377.21335166879,6008.965451393266,74309.51582200019,6866.166261472979,12.008056996722354,2.5903053633079858,1.3238693819262504,0.2853579620830898
SVR_CompositeKernel,"(1, 2, 12, 24)","{'gamma_lag': 0.1, 'gamma_local': 0.5, 'gamma_macro': 0.1, 'gamma_spatial': 1.0, 'hidden_dim': 128, 'weight_decay': 0.0}",5,34926.6205627303,4641.576381421969,74313.70791275236,5274.321440760628,11.317102587333691,2.30626227236033,1.306878140684272,0.2459849894277961
SVR_CompositeKernel,"(1, 12)","{'gamma_lag': 0.5, 'gamma_local': 0.1, 'gamma_macro': 0.1, 'gamma_spatial': 0.5, 'hidden_dim': 128, 'weight_decay': 0.0}",5,33362.52990982852,6366.489995068064,74323.97967078853,5255.456575146898,10.590449141546879,2.7928108645218304,1.3240376846458297,0.25009702555299335
SVR_CompositeKernel,"(1, 12)","{'gamma_lag': 0.1, 'gamma_local': 0.1, 'gamma_macro': 0.1, 'gamma_spatial': 0.5, 'hidden_dim': 128, 'weight_decay': 0.0}",5,34239.69131368693,7472.122904956505,74330.61504507948,6646.508632196862,12.10652450687829,3.3153114305808744,1.357582082826396,0.2889705471272662
SVR_CompositeKernel,"(1, 12, 24)","{'gamma_lag': 0.1, 'gamma_local': 0.5, 'gamma_macro': 0.1, 'gamma_spatial': 1.0, 'hidden_dim': 128, 'weight_decay': 0.0}",5,37462.06967740221,7833.369174048175,74333.56253124322,6406.972689669795,12.747534782926126,3.7040758066884885,1.4093546055027393,0.37926941666581687
SVR_CompositeKernel,"(1, 2, 3, 12, 24)","{'gamma_lag': 1.0, 'gamma_local': 0.1, 'gamma_macro': 0.05, 'gamma_spatial': 1.0, 'hidden_dim': 128, 'weight_decay': 0.0}",5,37502.18323988449,7808.220029476931,74361.56707153333,7533.943963675682,12.36045240578299,2.7821063218256765,1.4074109034059998,0.36630437181273384
SVR_CompositeKernel,"(1, 2, 3, 12)","{'gamma_lag': 0.1, 'gamma_local': 0.1, 'gamma_macro': 0.1, 'gamma_spatial': 0.1, 'hidden_dim': 128, 'weight_decay': 0.0001}",5,31102.7112763074,4767.213003923294,74370.70524158761,6670.385056361048,10.380768712416742,1.5901332913333504,1.2367368054220416,0.20532358608995024
SVR_CompositeKernel,"(1, 12)","{'gamma_lag': 0.5, 'gamma_local': 0.1, 'gamma_macro': 0.1, 'gamma_spatial': 0.1, 'hidden_dim': 128, 'weight_decay': 0.0}",5,33187.717682645976,4102.441026457452,74375.74391746656,6518.547112355204,10.896792432972841,1.4803890612028212,1.3206416726058052,0.18965439277977902
SVR_CompositeKernel,"(1, 12, 24)","{'gamma_lag': 0.1, 'gamma_local': 0.1, 'gamma_macro': 0.1, 'gamma_spatial': 1.0, 'hidden_dim': 128, 'weight_decay': 0.0001}",5,36747.94002577593,8527.603827439141,74382.60362027683,9235.965031681122,12.9847677953945,3.6669278563956547,1.3814055838621708,0.3916371328624895
SVR_CompositeKernel,"(1, 12, 24)","{'gamma_lag': 0.1, 'gamma_local': 0.5, 'gamma_macro': 0.2, 'gamma_spatial': 1.0, 'hidden_dim': 128, 'weight_decay': 0.0}",5,34325.157071109694,4463.960256780732,74384.15972323497,8078.903021456772,11.036140827131778,1.7213427089911713,1.2837808893153007,0.23151263665421373
SVR_CompositeKernel,"(1, 2, 3, 4, 5, 6, 12)","{'gamma_lag': 0.1, 'gamma_local': 0.1, 'gamma_macro': 0.05, 'gamma_spatial': 1.0, 'hidden_dim': 128, 'weight_decay': 0.0001}",5,36722.19304226899,11116.416943702001,74403.24191153113,9071.379171063405,12.433136871393277,4.985509538828595,1.45798675855236,0.4362954831394245
SVR_CompositeKernel,"(1, 2, 3, 4, 5, 6, 12)","{'gamma_lag': 0.1, 'gamma_local': 0.1, 'gamma_macro': 0.1, 'gamma_spatial': 0.1, 'hidden_dim': 128, 'weight_decay': 0.0001}",5,34142.737201052296,7058.505284126867,74422.67497258385,8035.368192398252,11.64402743055059,2.9197683050201912,1.358104882232214,0.29112537398444976
SVR_CompositeKernel,"(1, 12)","{'gamma_lag': 0.1, 'gamma_local': 0.1, 'gamma_macro': 0.2, 'gamma_spatial': 1.0, 'hidden_dim': 128, 'weight_decay': 0.0001}",5,34681.655062624006,6209.219692383905,74433.92390087784,7786.9398839245,12.501378638531852,2.746717885295878,1.3775273364514642,0.2500973164191004
SVR_CompositeKernel,"(1, 12, 24)","{'gamma_lag': 1.0, 'gamma_local': 0.1, 'gamma_macro': 0.1, 'gamma_spatial': 0.1, 'hidden_dim': 128, 'weight_decay': 0.0}",5,35464.4704621953,7670.206640962929,74437.28107750224,8887.032787562504,11.726206804189077,2.8307529853954847,1.3326602025330772,0.359586684075878
SVR_CompositeKernel,"(1, 2, 12, 24)","{'gamma_lag': 1.0, 'gamma_local': 0.1, 'gamma_macro': 0.05, 'gamma_spatial': 0.1, 'hidden_dim': 128, 'weight_decay': 0.0001}",5,37414.174879092265,8207.512737210192,74449.52769558983,8284.9802659496,12.610828327780256,3.402556346127619,1.4059025766200524,0.38347600181238095
SVR_CompositeKernel,"(1, 2, 12)","{'gamma_lag': 1.0, 'gamma_local': 0.1, 'gamma_macro': 0.05, 'gamma_spatial': 1.0, 'hidden_dim': 128, 'weight_decay': 0.0}",5,35815.293928039966,7987.054689258614,74458.06137948533,9322.090554276552,11.563315117254902,2.9582116758041432,1.4214701282174693,0.3135724917944056
SVR_CompositeKernel,"(1, 12)","{'gamma_lag': 0.1, 'gamma_local': 0.1, 'gamma_macro': 0.1, 'gamma_spatial': 0.1, 'hidden_dim': 128, 'weight_decay': 0.0}",5,32859.852003613945,7587.3974051231735,74464.72789148739,9277.058775639549,11.680979321616421,3.3151724426590623,1.3082357155492133,0.3154303589061201
SVR_CompositeKernel,"(1, 2, 3, 12, 24)","{'gamma_lag': 0.1, 'gamma_local': 0.5, 'gamma_macro': 0.05, 'gamma_spatial': 0.5, 'hidden_dim': 128, 'weight_decay': 0.0}",5,33954.582402388034,3648.703247971184,74474.22375403772,5559.678348570054,10.777792917198953,1.8375845567521418,1.270015608118619,0.21524546137629214
SVR_CompositeKernel,"(1, 2, 12, 24)","{'gamma_lag': 0.1, 'gamma_local': 0.1, 'gamma_macro': 0.1, 'gamma_spatial': 0.1, 'hidden_dim': 128, 'weight_decay': 0.0}",5,34771.115955392575,5241.484208183147,74477.4806519415,5345.928590365797,12.242422965353715,2.331543249196855,1.2998212349260092,0.253607692572291
SVR_CompositeKernel,"(1, 12, 24)","{'gamma_lag': 1.0, 'gamma_local': 0.1, 'gamma_macro': 0.2, 'gamma_spatial': 0.5, 'hidden_dim': 128, 'weight_decay': 0.0001}",5,36121.19583820507,6060.407581146436,74533.87000297663,8059.6479646671105,11.83282755274478,2.2238900873319762,1.353107583243122,0.29577544724143456
SVR_CompositeKernel,"(1, 12, 24)","{'gamma_lag': 1.0, 'gamma_local': 0.1, 'gamma_macro': 0.05, 'gamma_spatial': 0.5, 'hidden_dim': 128, 'weight_decay': 0.0}",5,36620.10450635983,6883.004324426946,74554.86143623987,5812.046697776699,11.99551786114229,2.6270689876237148,1.3667692977615598,0.30326106390291435
SVR_CompositeKernel,"(1, 2, 3, 4, 5, 6, 12, 24)","{'gamma_lag': 0.1, 'gamma_local': 0.5, 'gamma_macro': 0.05, 'gamma_spatial': 0.5, 'hidden_dim': 128, 'weight_decay': 0.0001}",5,33969.54432840845,4584.929692794952,74564.87619632724,7688.502753322762,10.593996475369487,1.9262820521495374,1.273499740330174,0.25293364390702566
SVR_CompositeKernel,"(1, 2, 3, 12, 24)","{'gamma_lag': 0.1, 'gamma_local': 0.5, 'gamma_macro': 0.05, 'gamma_spatial': 0.5, 'hidden_dim': 128, 'weight_decay': 0.0001}",5,35855.427052774234,5338.364930355061,74567.74553476978,7175.204172985546,11.9817162558633,2.5278351417476186,1.3378898050387888,0.2477572731566269
SVR_CompositeKernel,"(1, 2, 12, 24)","{'gamma_lag': 0.1, 'gamma_local': 0.1, 'gamma_macro': 0.2, 'gamma_spatial': 0.1, 'hidden_dim': 128, 'weight_decay': 0.0001}",5,33409.336883946286,5153.894991747245,74571.12949215515,4289.070349692504,11.894479632274727,2.202993927176325,1.2510756610938785,0.2612505880693774
SVR_CompositeKernel,"(1, 2, 3, 12)","{'gamma_lag': 0.1, 'gamma_local': 0.1, 'gamma_macro': 0.2, 'gamma_spatial': 0.5, 'hidden_dim': 128, 'weight_decay': 0.0}",5,33370.40116213152,6639.607344308681,74585.7770613194,4878.204965751878,11.176770434466956,3.005631060162979,1.3225657074839834,0.25298144406241596
SVR_CompositeKernel,"(1, 2, 12)","{'gamma_lag': 0.1, 'gamma_local': 0.1, 'gamma_macro': 0.2, 'gamma_spatial': 0.5, 'hidden_dim': 128, 'weight_decay': 0.0}",5,32379.87548185941,6571.140983647997,74600.74078185666,6225.391304828492,10.820841971385027,2.8996174961616834,1.2864598980067652,0.2656055296655001
SVR_CompositeKernel,"(1, 2, 3, 4, 5, 6, 12, 24)","{'gamma_lag': 0.5, 'gamma_local': 0.1, 'gamma_macro': 0.05, 'gamma_spatial': 1.0, 'hidden_dim': 128, 'weight_decay': 0.0001}",5,37628.47118498441,11658.050358875054,74601.25138409431,14948.657987708355,12.518371193654868,4.140924024363348,1.413996257782775,0.49847528861162793
SVR_CompositeKernel,"(1, 2, 3, 12, 24)","{'gamma_lag': 1.0, 'gamma_local': 0.1, 'gamma_macro': 0.05, 'gamma_spatial': 0.5, 'hidden_dim': 128, 'weight_decay': 0.0}",5,38260.07213807398,8321.981365971464,74636.06249218962,7125.36321524942,12.889722301394452,3.358275519398177,1.4348596458891547,0.38090965241793145
SVR_CompositeKernel,"(1, 12)","{'gamma_lag': 0.1, 'gamma_local': 0.5, 'gamma_macro': 0.05, 'gamma_spatial': 0.5, 'hidden_dim': 128, 'weight_decay': 0.0001}",5,34363.59114406179,5872.671142452988,74672.25343151648,6573.42719744754,11.990481364482836,2.8012647856074215,1.3642905545211732,0.23482445917642827
SVR_CompositeKernel,"(1, 2, 12, 24)","{'gamma_lag': 0.1, 'gamma_local': 0.5, 'gamma_macro': 0.2, 'gamma_spatial': 1.0, 'hidden_dim': 128, 'weight_decay': 0.0001}",5,33563.09613183815,3286.7298443493773,74674.49514167226,6519.010880115808,10.481381570471719,1.2980815977609537,1.2545701925785557,0.19681759346982178
SVR_CompositeKernel,"(1, 2, 3, 12, 24)","{'gamma_lag': 0.1, 'gamma_local': 0.5, 'gamma_macro': 0.05, 'gamma_spatial': 1.0, 'hidden_dim': 128, 'weight_decay': 0.0001}",5,35389.332188917244,5013.808151541035,74687.30175785208,6838.143924987229,11.524961791621745,2.208295688625525,1.3248238237331367,0.2588407292687748
SVR_CompositeKernel,"(1, 12)","{'gamma_lag': 0.5, 'gamma_local': 0.1, 'gamma_macro': 0.2, 'gamma_spatial': 1.0, 'hidden_dim': 128, 'weight_decay': 0.0}",5,33785.636895904194,4786.760449115759,74687.47413075254,5299.664127424295,10.625330369177176,1.6464357630583966,1.3434114906466537,0.21045397190833307
SVR_CompositeKernel,"(1, 12)","{'gamma_lag': 1.0, 'gamma_local': 0.1, 'gamma_macro': 0.1, 'gamma_spatial': 0.1, 'hidden_dim': 128, 'weight_decay': 0.0}",5,35350.211747980444,6810.624176618601,74707.76680174202,8639.153504245405,11.58426396785263,2.525845398717068,1.406355863794616,0.28528228886976614
SVR_CompositeKernel,"(1, 12, 24)","{'gamma_lag': 0.1, 'gamma_local': 0.5, 'gamma_macro': 0.05, 'gamma_spatial': 0.1, 'hidden_dim': 128, 'weight_decay': 0.0}",5,36055.236865787985,5068.0653408690205,74708.89472521571,8139.605539359805,11.880113154371392,2.123931348253395,1.3508775484847173,0.26597388504687686
SVR_CompositeKernel,"(1, 2, 3, 4, 5, 6, 12)","{'gamma_lag': 0.1, 'gamma_local': 0.1, 'gamma_macro': 0.2, 'gamma_spatial': 0.5, 'hidden_dim': 128, 'weight_decay': 0.0}",5,32922.04068080357,5112.4679820106485,74723.169338559,5398.6611071166035,10.49906693290959,2.1946702031638265,1.307222941692412,0.20558203135314296
SVR_CompositeKernel,"(1, 2, 3, 4, 5, 6, 12)","{'gamma_lag': 0.1, 'gamma_local': 0.1, 'gamma_macro': 0.05, 'gamma_spatial': 0.1, 'hidden_dim': 128, 'weight_decay': 0.0}",5,35380.586002161275,7704.416018606531,74728.55909493966,9018.179099984363,12.161783307927742,3.212280686544442,1.4070238849361607,0.31458994760481684
SVR_CompositeKernel,"(1, 12)","{'gamma_lag': 0.5, 'gamma_local': 0.1, 'gamma_macro': 0.1, 'gamma_spatial': 1.0, 'hidden_dim': 128, 'weight_decay': 0.0}",5,33442.286157614086,7053.1127263664985,74744.13267705866,8108.313478249483,10.564227598067365,2.8221899852925674,1.3265756202196095,0.27437163140526455
SVR_CompositeKernel,"(1, 2, 3, 12)","{'gamma_lag': 0.1, 'gamma_local': 0.1, 'gamma_macro': 0.05, 'gamma_spatial': 1.0, 'hidden_dim': 128, 'weight_decay': 0.0001}",5,35140.51931689342,7939.0127006881785,74744.82522682895,6388.990471175826,12.23664864514953,3.713735589001887,1.391843754843157,0.3001399768406558
SVR_CompositeKernel,"(1, 12)","{'gamma_lag': 0.1, 'gamma_local': 0.1, 'gamma_macro': 0.1, 'gamma_spatial': 0.5, 'hidden_dim': 128, 'weight_decay': 0.0001}",5,36499.47250168297,8428.115720258598,74746.44592410258,7067.758225586437,13.288242212617266,3.737795763468407,1.446628275099129,0.32375537928574594
SVR_CompositeKernel,"(1, 12, 24)","{'gamma_lag': 0.5, 'gamma_local': 0.1, 'gamma_macro': 0.1, 'gamma_spatial': 0.5, 'hidden_dim': 128, 'weight_decay': 0.0}",5,34801.75311215632,6805.536878767923,74766.15387216503,6371.532708868733,11.408302943790687,2.752475130729445,1.303987767572374,0.3170531058035827
SVR_CompositeKernel,"(1, 2, 12)","{'gamma_lag': 0.1, 'gamma_local': 0.1, 'gamma_macro': 0.2, 'gamma_spatial': 1.0, 'hidden_dim': 128, 'weight_decay': 0.0}",5,36524.90225605867,8232.935358376311,74779.29223456736,7081.787620303467,13.184207157791056,4.009975311616951,1.4493116254298322,0.3234284690774747
SVR_CompositeKernel,"(1, 2, 3, 4, 5, 6, 12, 24)","{'gamma_lag': 0.1, 'gamma_local': 0.5, 'gamma_macro': 0.05, 'gamma_spatial': 1.0, 'hidden_dim': 128, 'weight_decay': 0.0001}",5,34007.38099091199,4062.2024425948453,74797.50239344868,5996.701732594946,10.497179175595324,1.7615490209412528,1.272259459423844,0.22528106106229404
SVR_CompositeKernel,"(1, 12)","{'gamma_lag': 0.5, 'gamma_local': 0.1, 'gamma_macro': 0.2, 'gamma_spatial': 0.5, 'hidden_dim': 128, 'weight_decay': 0.0001}",5,33727.21750327735,5103.266007601606,74801.16122905325,5978.576258290525,10.802676923460306,1.8856320696246507,1.338634505991898,0.20181948441928282
SVR_CompositeKernel,"(1, 2, 12)","{'gamma_lag': 1.0, 'gamma_local': 0.1, 'gamma_macro': 0.05, 'gamma_spatial': 0.5, 'hidden_dim': 128, 'weight_decay': 0.0001}",5,36344.40759194303,8226.754972726065,74804.30783605935,9003.581217031191,11.855612867120897,3.0613232383538973,1.4438933389061284,0.3301349525565164
SVR_CompositeKernel,"(1, 2, 12, 24)","{'gamma_lag': 0.1, 'gamma_local': 0.5, 'gamma_macro': 0.2, 'gamma_spatial': 0.5, 'hidden_dim': 128, 'weight_decay': 0.0}",5,33105.37891466483,3646.0727555293606,74825.18667091125,6402.295471273207,10.63502246323989,1.5678185663267945,1.2364565179897147,0.19848797355908182
SVR_CompositeKernel,"(1, 2, 3, 12)","{'gamma_lag': 1.0, 'gamma_local': 0.1, 'gamma_macro': 0.05, 'gamma_spatial': 0.5, 'hidden_dim': 128, 'weight_decay': 0.0001}",5,37764.10918588789,8125.199977754117,74848.38892008568,7872.667413979282,12.473165871226664,3.061551946959954,1.5005715100163293,0.328787327035317
SVR_CompositeKernel,"(1, 2, 12)","{'gamma_lag': 0.1, 'gamma_local': 0.1, 'gamma_macro': 0.1, 'gamma_spatial': 1.0, 'hidden_dim': 128, 'weight_decay': 0.0}",5,35508.11579108206,9850.346983361647,74853.35071349252,8533.680312744786,12.43713470944898,4.548670563363854,1.4093698565905697,0.38758397185372795
SVR_CompositeKernel,"(1, 12)","{'gamma_lag': 1.0, 'gamma_local': 0.1, 'gamma_macro': 0.1, 'gamma_spatial': 1.0, 'hidden_dim': 128, 'weight_decay': 0.0001}",5,35597.44629792021,6115.1544703883255,74864.29955683758,6992.464600466125,11.333777664047796,2.5120470737154346,1.4132387534636641,0.24393149089945226
SVR_CompositeKernel,"(1, 2, 3, 4, 5, 6, 12, 24)","{'gamma_lag': 0.1, 'gamma_local': 1.0, 'gamma_macro': 0.05, 'gamma_spatial': 1.0, 'hidden_dim': 128, 'weight_decay': 0.0001}",5,35032.29244304493,3701.4773959965123,74879.41833942085,4079.212320076673,10.795664668869794,1.5770052628478952,1.310133272548474,0.21886939408601003
SVR_CompositeKernel,"(1, 12)","{'gamma_lag': 0.5, 'gamma_local': 0.1, 'gamma_macro': 0.2, 'gamma_spatial': 0.5, 'hidden_dim': 128, 'weight_decay': 0.0}",5,33632.52336398101,6133.411185744874,74881.43257591614,7458.721389022328,10.818598479695995,2.569374192883629,1.336168951262711,0.24932496433165066
SVR_CompositeKernel,"(1, 2, 12, 24)","{'gamma_lag': 0.5, 'gamma_local': 0.1, 'gamma_macro': 0.05, 'gamma_spatial': 0.1, 'hidden_dim': 128, 'weight_decay': 0.0}",5,36422.33479884141,6646.967397755548,74894.68876465078,7123.976107261271,12.209592711121093,2.693626566962564,1.3640512981527972,0.31439669178195606
SVR_CompositeKernel,"(1, 2, 3, 12)","{'gamma_lag': 0.5, 'gamma_local': 0.1, 'gamma_macro': 0.05, 'gamma_spatial': 0.1, 'hidden_dim': 128, 'weight_decay': 0.0}",5,34969.79744897959,5556.759818884295,74908.8062300628,7316.566609933514,11.445625288173558,2.1690371786705676,1.390555857416546,0.23618076676052072
SVR_CompositeKernel,"(1, 2, 3, 4, 5, 6, 12, 24)","{'gamma_lag': 0.1, 'gamma_local': 0.5, 'gamma_macro': 0.1, 'gamma_spatial': 1.0, 'hidden_dim': 128, 'weight_decay': 0.0001}",5,33934.89167552437,4355.965227016944,74963.58839963799,6885.99105053192,10.3276574037498,1.6301526900180234,1.2713447438473913,0.2411451204670284
SVR_CompositeKernel,"(1, 2, 3, 12, 24)","{'gamma_lag': 0.5, 'gamma_local': 0.1, 'gamma_macro': 0.2, 'gamma_spatial': 0.5, 'hidden_dim': 128, 'weight_decay': 0.0}",5,34554.96936383929,4416.871259294575,74964.01065790428,6784.955470757314,11.167831063157132,1.4591071297553486,1.293376471940909,0.24082775061443704
SVR_CompositeKernel,"(1, 12)","{'gamma_lag': 0.1, 'gamma_local': 0.1, 'gamma_macro': 0.1, 'gamma_spatial': 0.1, 'hidden_dim': 128, 'weight_decay': 0.0001}",5,35451.42871846656,8661.051710437663,74973.23655947045,7680.752356230811,13.146913846019373,3.9954702008474885,1.4060770156266773,0.33657406764701625
SVR_CompositeKernel,"(1, 12, 24)","{'gamma_lag': 0.5, 'gamma_local': 0.1, 'gamma_macro': 0.2, 'gamma_spatial': 0.1, 'hidden_dim': 128, 'weight_decay': 0.0001}",5,35010.54859693877,6152.1098317607375,74979.11562352607,6413.505871045786,11.497876464934484,2.5458896346835305,1.3100411192273103,0.29008301687810784
SVR_CompositeKernel,"(1, 2, 3, 4, 5, 6, 12, 24)","{'gamma_lag': 0.1, 'gamma_local': 0.1, 'gamma_macro': 0.2, 'gamma_spatial': 0.5, 'hidden_dim': 128, 'weight_decay': 0.0}",5,33173.13065830499,5777.874119828495,74983.95446530594,5042.310998755277,10.51443275308232,2.4675893177454333,1.2421054032605354,0.27700560528641754
SVR_CompositeKernel,"(1, 12)","{'gamma_lag': 0.5, 'gamma_local': 0.1, 'gamma_macro': 0.05, 'gamma_spatial': 0.1, 'hidden_dim': 128, 'weight_decay': 0.0001}",5,34578.48739902211,4996.946195616179,74995.47119125065,4886.69025222342,11.679573811423396,2.024540120036864,1.373082015250792,0.20306535145194768
SVR_CompositeKernel,"(1, 2, 12, 24)","{'gamma_lag': 0.5, 'gamma_local': 0.1, 'gamma_macro': 0.2, 'gamma_spatial': 1.0, 'hidden_dim': 128, 'weight_decay': 0.0001}",5,36988.55819338151,6579.714343421117,75013.19887310526,8525.511830753769,12.068205620390055,2.6768490270865803,1.380833944069972,0.29271127955972764
SVR_CompositeKernel,"(1, 2, 3, 12, 24)","{'gamma_lag': 0.1, 'gamma_local': 1.0, 'gamma_macro': 0.05, 'gamma_spatial': 0.5, 'hidden_dim': 128, 'weight_decay': 0.0001}",5,34211.26239282171,3897.1388205973044,75047.72534662837,5464.455757856312,10.93880477810301,1.6341590073199086,1.2804031644982676,0.22674757193616396
SVR_CompositeKernel,"(1, 12)","{'gamma_lag': 0.1, 'gamma_local': 0.5, 'gamma_macro': 0.05, 'gamma_spatial': 0.5, 'hidden_dim': 128, 'weight_decay': 0.0}",5,36222.603349542944,4958.536664568758,75052.03624669976,7642.675073253506,12.857031944762301,2.289611449807375,1.439150562374952,0.2085411879030563
SVR_CompositeKernel,"(1, 2, 3, 12)","{'gamma_lag': 0.1, 'gamma_local': 0.1, 'gamma_macro': 0.1, 'gamma_spatial': 0.5, 'hidden_dim': 128, 'weight_decay': 0.0001}",5,35172.763828213574,10010.064618076458,75056.96025279435,8520.78683480194,12.119238194452361,4.225236675398615,1.3940163582238079,0.38530853353119643
SVR_CompositeKernel,"(1, 2, 3, 4, 5, 6, 12)","{'gamma_lag': 0.1, 'gamma_local': 0.1, 'gamma_macro': 0.05, 'gamma_spatial': 0.5, 'hidden_dim': 128, 'weight_decay': 0.0001}",5,35327.62454692815,5564.697761018308,75100.0983660592,5689.645265586481,11.839637731241886,2.286752559695959,1.4033442164746293,0.2291729248947974
SVR_CompositeKernel,"(1, 12, 24)","{'gamma_lag': 0.1, 'gamma_local': 0.1, 'gamma_macro': 0.2, 'gamma_spatial': 1.0, 'hidden_dim': 128, 'weight_decay': 0.0001}",5,35282.53608010913,9570.75185297975,75101.53088587694,8230.904108422692,12.187714023412557,4.655725427651248,1.321143137394132,0.40814356539369295
SVR_CompositeKernel,"(1, 12)","{'gamma_lag': 1.0, 'gamma_local': 0.1, 'gamma_macro': 0.05, 'gamma_spatial': 0.1, 'hidden_dim': 128, 'weight_decay': 0.0001}",5,35144.31394070649,6211.1615919561455,75110.09743765982,7237.6929862828965,11.529039554229566,2.213170860476313,1.3955125953723109,0.24871322952586242
SVR_CompositeKernel,"(1, 2, 3, 4, 5, 6, 12, 24)","{'gamma_lag': 0.1, 'gamma_local': 0.5, 'gamma_macro': 0.1, 'gamma_spatial': 1.0, 'hidden_dim': 128, 'weight_decay': 0.0}",5,34345.8839019983,4692.970578583507,75112.59224037916,5105.871444814143,10.505554515976154,1.9664459860908798,1.2867338534288901,0.2553029197554286
SVR_CompositeKernel,"(1, 12, 24)","{'gamma_lag': 1.0, 'gamma_local': 0.1, 'gamma_macro': 0.05, 'gamma_spatial': 0.1, 'hidden_dim': 128, 'weight_decay': 0.0001}",5,37370.255305768136,9036.809148712893,75113.68221510708,8422.927624158283,12.36231786579516,3.4530068598424872,1.4040310820633408,0.4093533867504269
SVR_CompositeKernel,"(1, 2, 12)","{'gamma_lag': 0.1, 'gamma_local': 0.1, 'gamma_macro': 0.2, 'gamma_spatial': 0.1, 'hidden_dim': 128, 'weight_decay': 0.0}",5,33052.150365823414,7028.82833967913,75128.37897182297,6836.690003627707,11.816659935171813,3.3254399485100237,1.3123239993342461,0.2780016887570139
SVR_CompositeKernel,"(1, 2, 3, 4, 5, 6, 12, 24)","{'gamma_lag': 0.5, 'gamma_local': 0.1, 'gamma_macro': 0.05, 'gamma_spatial': 0.1, 'hidden_dim': 128, 'weight_decay': 0.0}",5,39013.999526998305,9963.525396069112,75144.16741651043,9243.511637052361,13.300914651510183,3.7504625659103654,1.463646501331713,0.4384065104081616
SVR_CompositeKernel,"(1, 12, 24)","{'gamma_lag': 0.1, 'gamma_local': 0.5, 'gamma_macro': 0.2, 'gamma_spatial': 0.5, 'hidden_dim': 128, 'weight_decay': 0.0}",5,33808.237740929704,3952.5343650402224,75156.61891604343,6043.635007246398,10.974284931998744,1.8382834581029772,1.2650093267019682,0.2244687944659158
SVR_CompositeKernel,"(1, 2, 3, 12)","{'gamma_lag': 0.1, 'gamma_local': 0.5, 'gamma_macro': 0.05, 'gamma_spatial': 1.0, 'hidden_dim': 128, 'weight_decay': 0.0001}",5,35865.29541746386,6302.6346328717145,75170.13920915427,7380.227775169383,11.908495932746742,2.6733436792552725,1.4247788970771846,0.25728249406062625
SVR_CompositeKernel,"(1, 2, 12)","{'gamma_lag': 0.1, 'gamma_local': 0.1, 'gamma_macro': 0.2, 'gamma_spatial': 1.0, 'hidden_dim': 128, 'weight_decay': 0.0001}",5,34830.5327451814,7903.5816810291835,75173.26973267479,5533.7659335012195,11.935919997306986,3.5307162006164305,1.380905635404138,0.3062928108893688
SVR_CompositeKernel,"(1, 2, 3, 4, 5, 6, 12, 24)","{'gamma_lag': 0.1, 'gamma_local': 0.5, 'gamma_macro': 0.05, 'gamma_spatial': 0.5, 'hidden_dim': 128, 'weight_decay': 0.0}",5,33980.7801237422,4170.8628224840495,75178.41170461723,8132.835869133067,10.542083073382539,1.621382412369354,1.2728850235372684,0.23763752488418155
SVR_CompositeKernel,"(1, 2, 12)","{'gamma_lag': 0.5, 'gamma_local': 0.1, 'gamma_macro': 0.1, 'gamma_spatial': 0.5, 'hidden_dim': 128, 'weight_decay': 0.0}",5,34791.808395780194,5075.149008850201,75195.24557276253,5983.508630437715,11.105501982964649,1.9756503171462816,1.3800919471244384,0.19669560884761308
SVR_CompositeKernel,"(1, 12)","{'gamma_lag': 0.1, 'gamma_local': 0.5, 'gamma_macro': 0.1, 'gamma_spatial': 0.5, 'hidden_dim': 128, 'weight_decay': 0.0}",5,33913.65453071854,4298.240186720959,75208.3770297239,6539.64668971904,11.726283655881911,2.061964793111336,1.3477147106419625,0.18425475654010337
SVR_CompositeKernel,"(1, 2, 12)","{'gamma_lag': 0.1, 'gamma_local': 1.0, 'gamma_macro': 0.05, 'gamma_spatial': 1.0, 'hidden_dim': 128, 'weight_decay': 0.0}",5,36540.82513995182,5439.125724013541,75218.56276626539,5095.891686208086,12.395534610472513,2.58320700061134,1.450990107610704,0.2212520625127207
SVR_CompositeKernel,"(1, 2, 3, 12, 24)","{'gamma_lag': 0.1, 'gamma_local': 0.5, 'gamma_macro': 0.05, 'gamma_spatial': 1.0, 'hidden_dim': 128, 'weight_decay': 0.0}",5,36095.87842439059,7372.310071895785,75219.18364446708,6569.10959260473,11.609802980082247,3.3473083021574848,1.3549254062463978,0.3478687662132126
SVR_CompositeKernel,"(1, 2, 3, 12, 24)","{'gamma_lag': 0.1, 'gamma_local': 0.5, 'gamma_macro': 0.2, 'gamma_spatial': 1.0, 'hidden_dim': 128, 'weight_decay': 0.0}",5,33472.637717456775,3484.397628009125,75229.53315565256,5087.5763009146995,10.359013390334745,1.5172609648942499,1.251299728594056,0.2036100823009243
SVR_CompositeKernel,"(1, 12)","{'gamma_lag': 0.1, 'gamma_local': 0.5, 'gamma_macro': 0.1, 'gamma_spatial': 0.5, 'hidden_dim': 128, 'weight_decay': 0.0001}",5,36667.59351128472,6938.5296777875365,75265.43910937586,6792.124599998146,12.967257141768172,3.2723528588975705,1.4566306288273048,0.28096992229422996
SVR_CompositeKernel,"(1, 12)","{'gamma_lag': 0.5, 'gamma_local': 0.5, 'gamma_macro': 0.05, 'gamma_spatial': 1.0, 'hidden_dim': 128, 'weight_decay': 0.0}",5,35499.99622750141,6766.147679842301,75277.24418060025,7720.073250652867,10.963800221800424,2.9387774063876857,1.4114622554737433,0.27909415364723184
SVR_CompositeKernel,"(1, 2, 3, 4, 5, 6, 12, 24)","{'gamma_lag': 0.5, 'gamma_local': 0.1, 'gamma_macro': 0.1, 'gamma_spatial': 1.0, 'hidden_dim': 128, 'weight_decay': 0.0}",5,37728.8291564803,7309.940112394314,75282.1833873823,8269.32022632159,12.47498629134579,2.7091478772852566,1.4144595707240333,0.34431713966135785
SVR_CompositeKernel,"(1, 2, 12)","{'gamma_lag': 0.5, 'gamma_local': 0.1, 'gamma_macro': 0.05, 'gamma_spatial': 1.0, 'hidden_dim': 128, 'weight_decay': 0.0}",5,34883.23497068098,10511.518839203296,75287.7571714302,13353.631611294864,11.189709369141479,3.8909799327429915,1.3824624402185535,0.4068303218434876
SVR_CompositeKernel,"(1, 2, 3, 4, 5, 6, 12, 24)","{'gamma_lag': 1.0, 'gamma_local': 0.1, 'gamma_macro': 0.05, 'gamma_spatial': 0.5, 'hidden_dim': 128, 'weight_decay': 0.0}",5,38122.187025226754,8975.568517267444,75289.97906739102,10624.519822004015,12.974605513940281,3.470310499325636,1.4306666418886915,0.4039326362536896
SVR_CompositeKernel,"(1, 2, 3, 12)","{'gamma_lag': 1.0, 'gamma_local': 0.1, 'gamma_macro': 0.05, 'gamma_spatial': 0.1, 'hidden_dim': 128, 'weight_decay': 0.0001}",5,36377.34412512401,7560.00632889162,75291.307311732,6193.386957084821,12.02402494848311,3.059019324576369,1.4441889561196946,0.30059710643239507
SVR_CompositeKernel,"(1, 2, 3, 12)","{'gamma_lag': 0.5, 'gamma_local': 0.1, 'gamma_macro': 0.1, 'gamma_spatial': 0.5, 'hidden_dim': 128, 'weight_decay': 0.0}",5,35463.930445277074,6974.883427931324,75291.84108197852,7615.326464745189,11.36934658530998,2.565246097442423,1.4103835484020846,0.28882072161829175
SVR_CompositeKernel,"(1, 2, 3, 12, 24)","{'gamma_lag': 0.1, 'gamma_local': 0.5, 'gamma_macro': 0.05, 'gamma_spatial': 0.1, 'hidden_dim': 128, 'weight_decay': 0.0}",5,35163.778449635065,4785.5846020453355,75309.51476957859,6411.446593583828,11.619120417392926,2.0969043784953523,1.318219028626501,0.2630282769597994
SVR_CompositeKernel,"(1, 2, 3, 12, 24)","{'gamma_lag': 0.1, 'gamma_local': 0.5, 'gamma_macro': 0.1, 'gamma_spatial': 1.0, 'hidden_dim': 128, 'weight_decay': 0.0001}",5,33938.63956738946,3958.508413086844,75317.63166191224,6256.588711896784,10.421613150969288,1.9970220545224744,1.269140838482255,0.22037020617308783
SVR_CompositeKernel,"(1, 12)","{'gamma_lag': 0.1, 'gamma_local': 0.5, 'gamma_macro': 0.05, 'gamma_spatial': 1.0, 'hidden_dim': 128, 'weight_decay': 0.0001}",5,36179.04576690051,9230.687530835196,75338.79038902107,8688.919364074658,12.832372556534958,4.856986057184092,1.4360986358993046,0.36239184935310736
SVR_CompositeKernel,"(1, 2, 3, 12)","{'gamma_lag': 0.1, 'gamma_local': 0.1, 'gamma_macro': 0.2, 'gamma_spatial': 0.1, 'hidden_dim': 128, 'weight_decay': 0.0001}",5,31798.015260062355,6588.772405021306,75340.25335492208,8399.082830345973,10.95174188135211,2.8181646300016787,1.265120525173747,0.27410609141495035
SVR_CompositeKernel,"(1, 12, 24)","{'gamma_lag': 0.5, 'gamma_local': 0.5, 'gamma_macro': 0.05, 'gamma_spatial': 0.5, 'hidden_dim': 128, 'weight_decay': 0.0001}",5,34590.51243445295,2501.686697657411,75388.58795817585,5729.136859232452,10.609607158335114,0.9258998307649309,1.2913342282315396,0.17517706456470614
SVR_CompositeKernel,"(1, 2, 3, 4, 5, 6, 12)","{'gamma_lag': 0.1, 'gamma_local': 0.5, 'gamma_macro': 0.05, 'gamma_spatial': 0.5, 'hidden_dim': 128, 'weight_decay': 0.0001}",5,34971.71414886267,5800.480496256565,75403.63174160573,5294.496819855838,11.124129667038561,2.4955858462838107,1.3898314597384864,0.23962995603359394
SVR_CompositeKernel,"(1, 2, 3, 12, 24)","{'gamma_lag': 0.1, 'gamma_local': 1.0, 'gamma_macro': 0.05, 'gamma_spatial': 0.5, 'hidden_dim': 128, 'weight_decay': 0.0}",5,35064.53055688421,3110.491902774583,75406.3544086909,6446.962688395768,11.361299645900269,1.26636581374206,1.310927301909736,0.2035367786695385
SVR_CompositeKernel,"(1, 2, 3, 12)","{'gamma_lag': 0.1, 'gamma_local': 0.1, 'gamma_macro': 0.1, 'gamma_spatial': 0.1, 'hidden_dim': 128, 'weight_decay': 0.0}",5,34136.210180165814,8219.163163807134,75406.86593155684,9535.803700277482,11.857543055505937,3.210177345098789,1.3574829854740507,0.33377790231858484
SVR_CompositeKernel,"(1, 2, 12)","{'gamma_lag': 0.1, 'gamma_local': 0.1, 'gamma_macro': 0.1, 'gamma_spatial': 0.1, 'hidden_dim': 128, 'weight_decay': 0.0}",5,32994.15521276219,4608.014460457435,75430.61990426978,7141.762419460607,11.448448313394785,1.779729944748218,1.3102050244236607,0.1898881001653447
SVR_CompositeKernel,"(1, 2, 12, 24)","{'gamma_lag': 0.1, 'gamma_local': 0.5, 'gamma_macro': 0.2, 'gamma_spatial': 1.0, 'hidden_dim': 128, 'weight_decay': 0.0}",5,34961.19368046698,4642.13054228549,75433.60773016431,5933.949814576106,11.36447996505622,1.9171271101637646,1.3084540700129532,0.24523172732534934
SVR_CompositeKernel,"(1, 12, 24)","{'gamma_lag': 0.1, 'gamma_local': 1.0, 'gamma_macro': 0.05, 'gamma_spatial': 0.5, 'hidden_dim': 128, 'weight_decay': 0.0001}",5,35155.325487174036,3254.4655551940787,75439.3414247049,6350.3697116056255,11.61464789856589,1.6389320472000293,1.3135725907663498,0.19951526441938558
SVR_CompositeKernel,"(1, 12)","{'gamma_lag': 1.0, 'gamma_local': 0.1, 'gamma_macro': 0.05, 'gamma_spatial': 0.5, 'hidden_dim': 128, 'weight_decay': 0.0}",5,34937.15067672903,6561.954334254005,75449.215279156,6983.123046603287,11.265092318772691,2.3494689398209947,1.3879467263567251,0.2651471387405217
SVR_CompositeKernel,"(1, 12)","{'gamma_lag': 1.0, 'gamma_local': 0.1, 'gamma_macro': 0.05, 'gamma_spatial': 0.5, 'hidden_dim': 128, 'weight_decay': 0.0001}",5,36025.04100012401,8165.426535919591,75450.23814213573,9351.216092993907,11.732295001151993,3.3037855555913898,1.4316945258954685,0.3276112374533507
SVR_CompositeKernel,"(1, 12)","{'gamma_lag': 0.1, 'gamma_local': 0.1, 'gamma_macro': 0.2, 'gamma_spatial': 0.5, 'hidden_dim': 128, 'weight_decay': 0.0001}",5,35759.46040559453,10100.36861347472,75464.69403445811,7703.566683191461,13.077170874506752,4.942781530685804,1.420798382279918,0.4029142242740867
SVR_CompositeKernel,"(1, 2, 3, 4, 5, 6, 12)","{'gamma_lag': 0.1, 'gamma_local': 0.1, 'gamma_macro': 0.2, 'gamma_spatial': 0.1, 'hidden_dim': 128, 'weight_decay': 0.0}",5,33226.42214427438,6355.440729858414,75495.50866202805,8363.103995500325,10.996249715220262,2.288923776290267,1.3208450371473268,0.2615976052182795
SVR_CompositeKernel,"(1, 12, 24)","{'gamma_lag': 0.5, 'gamma_local': 0.1, 'gamma_macro': 0.2, 'gamma_spatial': 0.5, 'hidden_dim': 128, 'weight_decay': 0.0001}",5,34467.834192088296,5565.052249511456,75500.05796346939,8641.044724653637,10.973896903130901,1.9557196373648589,1.2894824286048006,0.26910281679954706
SVR_CompositeKernel,"(1, 2, 3, 4, 5, 6, 12, 24)","{'gamma_lag': 1.0, 'gamma_local': 0.1, 'gamma_macro': 0.05, 'gamma_spatial': 1.0, 'hidden_dim': 128, 'weight_decay': 0.0}",5,39498.28229875283,8621.677823708715,75511.53512779143,9162.912235997974,13.499043798931188,3.364083524698836,1.4821124138645962,0.39640630493146495
SVR_CompositeKernel,"(1, 2, 3, 12)","{'gamma_lag': 0.1, 'gamma_local': 0.1, 'gamma_macro': 0.1, 'gamma_spatial': 1.0, 'hidden_dim': 128, 'weight_decay': 0.0}",5,36195.69551135558,13487.724797959627,75516.73382704452,9916.409169139484,12.662088745622498,5.92252600803869,1.4341968908815441,0.5214288564323686
SVR_CompositeKernel,"(1, 2, 12)","{'gamma_lag': 0.1, 'gamma_local': 0.1, 'gamma_macro': 0.2, 'gamma_spatial': 0.1, 'hidden_dim': 128, 'weight_decay': 0.0001}",5,32543.881649039824,6166.892242172838,75518.44431965271,6769.536327002623,11.530856854105213,2.5314530647502127,1.2935120360073378,0.25269422136367353
SVR_CompositeKernel,"(1, 12, 24)","{'gamma_lag': 0.1, 'gamma_local': 0.5, 'gamma_macro': 0.1, 'gamma_spatial': 0.5, 'hidden_dim': 128, 'weight_decay': 0.0001}",5,35861.81436897676,6117.424924602641,75520.58490201557,7540.713892097214,12.521304750052863,3.005425209827187,1.3458011005414718,0.30768379947027646
SVR_CompositeKernel,"(1, 2, 3, 12, 24)","{'gamma_lag': 0.5, 'gamma_local': 0.1, 'gamma_macro': 0.1, 'gamma_spatial': 0.1, 'hidden_dim': 128, 'weight_decay': 0.0001}",5,36342.33523508363,5042.378974180282,75550.93221062061,7278.7144877954415,11.764576282481503,1.881524114300735,1.3599590279238452,0.26137803569287565
SVR_CompositeKernel,"(1, 12)","{'gamma_lag': 0.1, 'gamma_local': 1.0, 'gamma_macro': 0.05, 'gamma_spatial': 1.0, 'hidden_dim': 128, 'weight_decay': 0.0}",5,35966.360152264024,4945.41290335441,75553.22608600826,5187.4429892852195,12.436414536184403,1.9978561972920386,1.428255387837776,0.20461242917403413
SVR_CompositeKernel,"(1, 2, 3, 4, 5, 6, 12, 24)","{'gamma_lag': 0.1, 'gamma_local': 1.0, 'gamma_macro': 0.05, 'gamma_spatial': 1.0, 'hidden_dim': 128, 'weight_decay': 0.0}",5,34431.53128587372,4438.944655906258,75556.68810010349,6818.6891043141295,10.514669020808805,1.5328854499081008,1.2906749929767005,0.2505289359649172
SVR_CompositeKernel,"(1, 2, 12, 24)","{'gamma_lag': 0.1, 'gamma_local': 1.0, 'gamma_macro': 0.05, 'gamma_spatial': 1.0, 'hidden_dim': 128, 'weight_decay': 0.0001}",5,37199.20501346372,6608.006500156298,75557.12126557251,6925.98755694659,12.639430187608845,3.0362575592628835,1.391720650787847,0.3064815853717823
SVR_CompositeKernel,"(1, 2, 3, 12, 24)","{'gamma_lag': 0.1, 'gamma_local': 1.0, 'gamma_macro': 0.05, 'gamma_spatial': 1.0, 'hidden_dim': 128, 'weight_decay': 0.0}",5,34689.710816592255,4576.102610598339,75565.247636284,5253.1259960121215,11.10222378908739,2.071629211424629,1.298553494524071,0.2458917413293413
SVR_CompositeKernel,"(1, 2, 3, 12, 24)","{'gamma_lag': 1.0, 'gamma_local': 0.1, 'gamma_macro': 0.1, 'gamma_spatial': 0.1, 'hidden_dim': 128, 'weight_decay': 0.0}",5,38435.603876133784,8936.583640804181,75565.4088858434,7993.257346198637,12.935576646652555,3.516740027110926,1.4389640881608057,0.393575058366644
SVR_CompositeKernel,"(1, 2, 12, 24)","{'gamma_lag': 0.1, 'gamma_local': 0.5, 'gamma_macro': 0.1, 'gamma_spatial': 0.1, 'hidden_dim': 128, 'weight_decay': 0.0}",5,34738.07452566964,3321.873931906056,75587.34892578676,4718.078435006017,11.45956931990226,1.440471875415134,1.2989077890786882,0.20822696386252837
SVR_CompositeKernel,"(1, 12)","{'gamma_lag': 0.1, 'gamma_local': 0.5, 'gamma_macro': 0.05, 'gamma_spatial': 0.1, 'hidden_dim': 128, 'weight_decay': 0.0001}",5,35428.990023561506,8024.661450035388,75589.42800357813,7047.567672590771,12.616056998116392,3.864212916280982,1.4088408474130383,0.3285858732627663
SVR_CompositeKernel,"(1, 2, 3, 12, 24)","{'gamma_lag': 0.1, 'gamma_local': 1.0, 'gamma_macro': 0.1, 'gamma_spatial': 1.0, 'hidden_dim': 128, 'weight_decay': 0.0001}",5,34671.971107922334,4035.873799074474,75599.70231320205,5114.932396972575,10.972108139256122,1.8014198906249141,1.2973920419774962,0.2290004969382732
SVR_CompositeKernel,"(1, 2, 12)","{'gamma_lag': 1.0, 'gamma_local': 0.1, 'gamma_macro': 0.05, 'gamma_spatial': 0.1, 'hidden_dim': 128, 'weight_decay': 0.0001}",5,36077.587614264456,6256.002065215215,75615.13725019262,5534.046096943672,11.997126682187638,2.340648243533062,1.4320440291879206,0.24841959920525866
SVR_CompositeKernel,"(1, 2, 12)","{'gamma_lag': 0.1, 'gamma_local': 0.1, 'gamma_macro': 0.1, 'gamma_spatial': 0.5, 'hidden_dim': 128, 'weight_decay': 0.0001}",5,37172.53909615929,11495.689892825927,75615.32221075357,10459.529874378104,13.727075881372912,5.222192486802731,1.4777010057178015,0.4582526692047741
SVR_CompositeKernel,"(1, 12, 24)","{'gamma_lag': 0.5, 'gamma_local': 0.1, 'gamma_macro': 0.1, 'gamma_spatial': 1.0, 'hidden_dim': 128, 'weight_decay': 0.0}",5,35947.75715481505,8277.487992780758,75647.19903040616,6931.79991431484,11.551250814553907,3.230291783984871,1.3450190972895602,0.36115616704015063
SVR_CompositeKernel,"(1, 2, 3, 12, 24)","{'gamma_lag': 0.1, 'gamma_local': 0.5, 'gamma_macro': 0.1, 'gamma_spatial': 0.5, 'hidden_dim': 128, 'weight_decay': 0.0001}",5,34480.667119295635,5058.113706175034,75669.79134196235,6784.239878535223,11.22092474530994,2.1366161608874843,1.293425087200527,0.27319664376571207
SVR_CompositeKernel,"(1, 2, 3, 12)","{'gamma_lag': 0.1, 'gamma_local': 0.5, 'gamma_macro': 0.1, 'gamma_spatial': 0.5, 'hidden_dim': 128, 'weight_decay': 0.0001}",5,35447.52589152848,7991.348188950941,75673.32502711481,6555.474683848118,12.02522832117765,3.743555644722654,1.4081116929526356,0.31809648035289506
SVR_CompositeKernel,"(1, 12)","{'gamma_lag': 0.5, 'gamma_local': 0.1, 'gamma_macro': 0.1, 'gamma_spatial': 1.0, 'hidden_dim': 128, 'weight_decay': 0.0001}",5,34553.615230831914,6026.62192325958,75683.06287945724,6102.963763722495,11.12787904909984,2.4571677069965427,1.3734691505333863,0.2478322816979367
SVR_CompositeKernel,"(1, 2, 12)","{'gamma_lag': 0.1, 'gamma_local': 0.1, 'gamma_macro': 0.05, 'gamma_spatial': 0.1, 'hidden_dim': 128, 'weight_decay': 0.0}",5,38165.06688190901,10796.341266981115,75684.50005283931,9805.038902929226,14.4324911443688,4.666323212814056,1.5139127670061814,0.4226838230888957
SVR_CompositeKernel,"(1, 2, 12, 24)","{'gamma_lag': 0.1, 'gamma_local': 0.5, 'gamma_macro': 0.1, 'gamma_spatial': 0.5, 'hidden_dim': 128, 'weight_decay': 0.0001}",5,34753.30121306335,5186.147224234395,75730.22553099028,6624.430620709476,11.469749479684763,2.085284760434534,1.3039539368663653,0.27818677499512245
SVR_CompositeKernel,"(1, 2, 12, 24)","{'gamma_lag': 0.1, 'gamma_local': 0.5, 'gamma_macro': 0.1, 'gamma_spatial': 0.1, 'hidden_dim': 128, 'weight_decay': 0.0001}",5,34283.70342173328,5486.814315100146,75756.54865254698,7804.356134872782,11.544827629654389,2.660886263045088,1.284453836602656,0.2751930998220514
SVR_CompositeKernel,"(1, 2, 12)","{'gamma_lag': 0.1, 'gamma_local': 0.5, 'gamma_macro': 0.05, 'gamma_spatial': 0.5, 'hidden_dim': 128, 'weight_decay': 0.0001}",5,36248.204896099065,10518.606997661205,75759.876262874,8355.885913392325,12.599589711598686,5.25778111764104,1.4399971548211514,0.41751529727796965
SVR_CompositeKernel,"(1, 2, 3, 4, 5, 6, 12, 24)","{'gamma_lag': 0.1, 'gamma_local': 0.1, 'gamma_macro': 0.1, 'gamma_spatial': 0.1, 'hidden_dim': 128, 'weight_decay': 0.0001}",5,34807.66055440406,5603.354558682574,75777.22787503398,6676.198887125627,11.680268589775544,2.0766714041432586,1.3070656565128118,0.29466007955556905
SVR_CompositeKernel,"(1, 2, 3, 12, 24)","{'gamma_lag': 1.0, 'gamma_local': 0.1, 'gamma_macro': 0.1, 'gamma_spatial': 0.5, 'hidden_dim': 128, 'weight_decay': 0.0001}",5,37550.7544890873,7888.622628616296,75779.00579187777,6432.006468346893,12.464491103158576,3.139639508869777,1.4073431369982052,0.36138112496819264
SVR_CompositeKernel,"(1, 12, 24)","{'gamma_lag': 0.5, 'gamma_local': 0.1, 'gamma_macro': 0.05, 'gamma_spatial': 0.1, 'hidden_dim': 128, 'weight_decay': 0.0}",5,36792.60065104166,9513.844353693428,75792.28996911838,7042.623874088876,12.348421142513958,3.7180774586521483,1.3806992664918147,0.41843758525214825
SVR_CompositeKernel,"(1, 12, 24)","{'gamma_lag': 0.1, 'gamma_local': 1.0, 'gamma_macro': 0.05, 'gamma_spatial': 1.0, 'hidden_dim': 128, 'weight_decay': 0.0}",5,38733.04378631661,7374.598108459017,75794.0768464159,6061.826022857767,13.49365825638473,3.5281296209035955,1.4534617380420165,0.3564806715499794
SVR_CompositeKernel,"(1, 12)","{'gamma_lag': 0.1, 'gamma_local': 1.0, 'gamma_macro': 0.05, 'gamma_spatial': 1.0, 'hidden_dim': 128, 'weight_decay': 0.0001}",5,35582.74658048115,5297.974496922602,75795.42157518891,6025.675219020952,12.030514587104593,2.093499776315485,1.4154593973328016,0.2331593134940697
SVR_CompositeKernel,"(1, 12, 24)","{'gamma_lag': 0.5, 'gamma_local': 0.1, 'gamma_macro': 0.2, 'gamma_spatial': 0.1, 'hidden_dim': 128, 'weight_decay': 0.0}",5,34332.08113662132,6252.071432477285,75799.72685158253,6115.309570173131,11.109395308513173,2.3783865241972615,1.2862897255548855,0.2989026086621067
SVR_CompositeKernel,"(1, 2, 12, 24)","{'gamma_lag': 1.0, 'gamma_local': 0.1, 'gamma_macro': 0.05, 'gamma_spatial': 0.1, 'hidden_dim': 128, 'weight_decay': 0.0}",5,38499.86105530754,9656.448054291868,75835.163037181,9746.684342391733,13.037386082297758,3.6111795016185577,1.4462804164367382,0.43252274991696055
SVR_CompositeKernel,"(1, 2, 3, 12, 24)","{'gamma_lag': 0.5, 'gamma_local': 0.1, 'gamma_macro': 0.1, 'gamma_spatial': 1.0, 'hidden_dim': 128, 'weight_decay': 0.0001}",5,36324.61809851545,6838.39921839714,75852.21697659373,8089.6675046665705,11.702811945312593,2.5301260679878945,1.3633584488255948,0.3321969266931094
SVR_CompositeKernel,"(1, 2, 12)","{'gamma_lag': 0.1, 'gamma_local': 0.5, 'gamma_macro': 0.05, 'gamma_spatial': 0.5, 'hidden_dim': 128, 'weight_decay': 0.0}",5,36764.39539443381,8096.56345306889,75873.39032013118,7829.95196000608,12.780630960730651,3.657596222688169,1.4609390158461175,0.32795600313160744
SVR_CompositeKernel,"(1, 12)","{'gamma_lag': 1.0, 'gamma_local': 0.1, 'gamma_macro': 0.2, 'gamma_spatial': 0.5, 'hidden_dim': 128, 'weight_decay': 0.0001}",5,34275.931913885346,5404.440357032267,75890.97508945283,7511.786571731692,10.864546520693919,1.9200304376984256,1.3631852365310586,0.22989364747562577
SVR_CompositeKernel,"(1, 12)","{'gamma_lag': 0.5, 'gamma_local': 0.5, 'gamma_macro': 0.05, 'gamma_spatial': 0.5, 'hidden_dim': 128, 'weight_decay': 0.0001}",5,33682.80630934665,3697.427981322614,75899.5331528053,5245.421091854993,10.33986846607419,1.5075103574025126,1.3392571515413372,0.16957578437164278
SVR_CompositeKernel,"(1, 2, 12)","{'gamma_lag': 0.1, 'gamma_local': 0.5, 'gamma_macro': 0.05, 'gamma_spatial': 1.0, 'hidden_dim': 128, 'weight_decay': 0.0}",5,35161.95493285856,4008.3339289328424,75943.5239933259,5173.627778201973,11.88568996634047,1.799541611410903,1.3979975789431938,0.181859120226144
SVR_CompositeKernel,"(1, 2, 3, 12)","{'gamma_lag': 0.5, 'gamma_local': 0.1, 'gamma_macro': 0.05, 'gamma_spatial': 0.5, 'hidden_dim': 128, 'weight_decay': 0.0}",5,36806.12259601757,6210.825018330606,75954.9948065189,6224.797239117514,12.166377422449026,2.576111427668984,1.4610578001749788,0.2466789596388272
SVR_CompositeKernel,"(1, 12)","{'gamma_lag': 1.0, 'gamma_local': 0.1, 'gamma_macro': 0.1, 'gamma_spatial': 0.5, 'hidden_dim': 128, 'weight_decay': 0.0}",5,35375.54342935091,4865.384755763702,75959.29549236005,6916.060368617902,11.345036759371474,1.8483599928319903,1.4056574604539542,0.20352197711860426
SVR_CompositeKernel,"(1, 12, 24)","{'gamma_lag': 0.1, 'gamma_local': 1.0, 'gamma_macro': 0.1, 'gamma_spatial': 0.1, 'hidden_dim': 128, 'weight_decay': 0.0}",5,37007.29939324688,3065.3516280423232,75978.15579331356,6838.76764590247,12.80974631947863,1.167930641758882,1.3832162514208362,0.20799997017416166
SVR_CompositeKernel,"(1, 12)","{'gamma_lag': 0.1, 'gamma_local': 1.0, 'gamma_macro': 0.05, 'gamma_spatial': 0.1, 'hidden_dim': 128, 'weight_decay': 0.0}",5,35861.1616332731,4026.9800719913505,75981.2540991734,5540.31301448862,12.451532611281545,1.8147182745512906,1.4265247547345488,0.19034062590060427
SVR_CompositeKernel,"(1, 2, 3, 4, 5, 6, 12, 24)","{'gamma_lag': 0.1, 'gamma_local': 0.5, 'gamma_macro': 0.05, 'gamma_spatial': 0.1, 'hidden_dim': 128, 'weight_decay': 0.0}",5,34918.45100136408,5612.833114926258,75989.69421129933,10042.958871054989,11.246207511350274,1.9019321587697604,1.3120926237882637,0.30077058139232
SVR_CompositeKernel,"(1, 12)","{'gamma_lag': 0.1, 'gamma_local': 0.1, 'gamma_macro': 0.1, 'gamma_spatial': 1.0, 'hidden_dim': 128, 'weight_decay': 0.0}",5,39017.324201477466,13692.694977552348,76000.08572772463,8852.63820141793,14.446608176486261,6.964132627805662,1.54554601125866,0.5292938940973176
SVR_CompositeKernel,"(1, 2, 12, 24)","{'gamma_lag': 0.5, 'gamma_local': 0.1, 'gamma_macro': 0.1, 'gamma_spatial': 1.0, 'hidden_dim': 128, 'weight_decay': 0.0}",5,36331.97777069161,6868.432617039364,76012.12874381519,7708.667218373685,11.617006235405254,2.6067224205035786,1.3616989959286272,0.32528487981983306
SVR_CompositeKernel,"(1, 2, 12)","{'gamma_lag': 0.1, 'gamma_local': 0.5, 'gamma_macro': 0.05, 'gamma_spatial': 0.1, 'hidden_dim': 128, 'weight_decay': 0.0001}",5,35362.219730548466,5300.9912274377675,76012.24487120469,7563.526089599354,12.180733572227883,2.3735083225319986,1.4060003872839313,0.23013305332379155
SVR_CompositeKernel,"(1, 2, 12)","{'gamma_lag': 0.1, 'gamma_local': 0.1, 'gamma_macro': 0.1, 'gamma_spatial': 0.5, 'hidden_dim': 128, 'weight_decay': 0.0}",5,37761.26377373866,13027.51503298472,76024.45714414405,11170.338169020131,13.783443343756499,6.0444062270144965,1.4960631956939905,0.503413638737561
SVR_CompositeKernel,"(1, 12, 24)","{'gamma_lag': 1.0, 'gamma_local': 0.1, 'gamma_macro': 0.2, 'gamma_spatial': 1.0, 'hidden_dim': 128, 'weight_decay': 0.0001}",5,36818.22809886976,5724.80870806753,76027.74561396943,5654.595733048078,11.991948139585633,2.093017494165339,1.3781055852346584,0.28494577262062126
SVR_CompositeKernel,"(1, 12)","{'gamma_lag': 0.5, 'gamma_local': 0.5, 'gamma_macro': 0.05, 'gamma_spatial': 1.0, 'hidden_dim': 128, 'weight_decay': 0.0001}",5,34778.962713913694,4025.7353168809814,76032.08033722281,5361.2461228329585,10.624459310107223,1.8501008596365798,1.3806216161518683,0.1650752750595948
SVR_CompositeKernel,"(1, 2, 3, 12, 24)","{'gamma_lag': 0.1, 'gamma_local': 0.5, 'gamma_macro': 0.2, 'gamma_spatial': 1.0, 'hidden_dim': 128, 'weight_decay': 0.0001}",5,33793.54112058886,5152.675855755157,76033.03308860447,7507.14794828088,10.393183205924874,2.2308262636047935,1.2647284084091115,0.2563981262408829
SVR_CompositeKernel,"(1, 2, 3, 4, 5, 6, 12)","{'gamma_lag': 0.1, 'gamma_local': 0.1, 'gamma_macro': 0.1, 'gamma_spatial': 0.5, 'hidden_dim': 128, 'weight_decay': 0.0001}",5,35482.95325875142,10610.36557242019,76043.86640633101,9349.865982258369,11.68956408131494,4.360799633463284,1.4096369932724737,0.4199085371981271
SVR_CompositeKernel,"(1, 2, 12)","{'gamma_lag': 1.0, 'gamma_local': 0.1, 'gamma_macro': 0.05, 'gamma_spatial': 0.1, 'hidden_dim': 128, 'weight_decay': 0.0}",5,37745.022304598926,9472.2292931928,76080.03829606288,9092.33821701419,12.634583325148602,3.634407732366353,1.4989767134224843,0.3755644061274204
SVR_CompositeKernel,"(1, 12, 24)","{'gamma_lag': 0.1, 'gamma_local': 0.1, 'gamma_macro': 0.2, 'gamma_spatial': 1.0, 'hidden_dim': 128, 'weight_decay': 0.0}",5,36772.77579010771,10276.68117574998,76089.80245912078,7273.3765071148455,13.175951653853307,5.258428738800199,1.3790119529323381,0.44165624835767275
SVR_CompositeKernel,"(1, 2, 12, 24)","{'gamma_lag': 0.5, 'gamma_local': 0.1, 'gamma_macro': 0.1, 'gamma_spatial': 0.5, 'hidden_dim': 128, 'weight_decay': 0.0001}",5,35338.84604326105,6507.434885664433,76100.68604134118,7318.057566311944,11.106156656256042,2.339321138116485,1.3242451404623714,0.3103742509337369
SVR_CompositeKernel,"(1, 12)","{'gamma_lag': 0.5, 'gamma_local': 0.1, 'gamma_macro': 0.2, 'gamma_spatial': 1.0, 'hidden_dim': 128, 'weight_decay': 0.0001}",5,34529.18225579294,7845.101757920588,76112.2371844092,9263.507647638113,11.151677838952615,3.2595607078533524,1.3729889511910929,0.3171649559954111
SVR_CompositeKernel,"(1, 2, 3, 12)","{'gamma_lag': 0.5, 'gamma_local': 0.1, 'gamma_macro': 0.1, 'gamma_spatial': 0.5, 'hidden_dim': 128, 'weight_decay': 0.0001}",5,34949.876736554,5009.8431038563895,76122.02007009709,7526.72623907539,11.181634417221419,1.7533545382279865,1.390507317064419,0.22222265918704706
SVR_CompositeKernel,"(1, 2, 3, 4, 5, 6, 12, 24)","{'gamma_lag': 0.1, 'gamma_local': 0.1, 'gamma_macro': 0.2, 'gamma_spatial': 0.1, 'hidden_dim': 128, 'weight_decay': 0.0001}",5,34293.74041418651,5365.186878788315,76122.69198387931,5638.3486080552375,11.475686789689757,2.137112496892108,1.2862641784782693,0.2758653069564278
SVR_CompositeKernel,"(1, 2, 12, 24)","{'gamma_lag': 0.1, 'gamma_local': 1.0, 'gamma_macro': 0.1, 'gamma_spatial': 0.5, 'hidden_dim': 128, 'weight_decay': 0.0001}",5,33565.50878950539,2011.772056665934,76136.13260168773,4218.6396166663435,10.633212334894418,1.1022148853229463,1.2521605691076358,0.15537323658425972
SVR_CompositeKernel,"(1, 2, 12, 24)","{'gamma_lag': 0.5, 'gamma_local': 0.1, 'gamma_macro': 0.1, 'gamma_spatial': 1.0, 'hidden_dim': 128, 'weight_decay': 0.0001}",5,36223.48256005527,5079.6681260104815,76138.03441154264,6130.746219998208,11.700584597252949,1.9720248812878478,1.3543694157837511,0.25727481739875435
SVR_CompositeKernel,"(1, 2, 12)","{'gamma_lag': 1.0, 'gamma_local': 0.1, 'gamma_macro': 0.1, 'gamma_spatial': 1.0, 'hidden_dim': 128, 'weight_decay': 0.0}",5,36502.108037928716,7495.420633121339,76148.90204661837,7625.64139993494,11.687091141720277,2.76053269739555,1.4481243230192533,0.2934013339424071
SVR_CompositeKernel,"(1, 2, 3, 12, 24)","{'gamma_lag': 0.1, 'gamma_local': 1.0, 'gamma_macro': 0.2, 'gamma_spatial': 1.0, 'hidden_dim': 128, 'weight_decay': 0.0001}",5,34034.03847567673,3464.427886928458,76156.77003805139,4962.938599699174,10.548611262239316,1.614530692681003,1.2712726822511455,0.19927314769135138
SVR_CompositeKernel,"(1, 2, 3, 4, 5, 6, 12)","{'gamma_lag': 0.5, 'gamma_local': 0.1, 'gamma_macro': 0.05, 'gamma_spatial': 0.5, 'hidden_dim': 128, 'weight_decay': 0.0}",5,38197.0525908801,8277.938370192656,76165.65127263621,8535.45703160927,12.764849528878685,3.026695341348593,1.517498038922041,0.3325773763757612
SVR_CompositeKernel,"(1, 2, 12, 24)","{'gamma_lag': 0.1, 'gamma_local': 0.5, 'gamma_macro': 0.05, 'gamma_spatial': 0.1, 'hidden_dim': 128, 'weight_decay': 0.0}",5,36566.208509601754,5088.938682262391,76169.24173826988,7401.077008503219,12.042887740335972,2.0522320390855127,1.3699479156801508,0.2737284704092047
SVR_CompositeKernel,"(1, 12)","{'gamma_lag': 0.1, 'gamma_local': 0.5, 'gamma_macro': 0.2, 'gamma_spatial': 1.0, 'hidden_dim': 128, 'weight_decay': 0.0001}",5,36075.13347239938,9735.851871695795,76200.20773895223,7906.311252377532,12.542462514621302,4.671685320311301,1.432163085308973,0.38224423135107577
SVR_CompositeKernel,"(1, 2, 12, 24)","{'gamma_lag': 0.5, 'gamma_local': 0.1, 'gamma_macro': 0.2, 'gamma_spatial': 1.0, 'hidden_dim': 128, 'weight_decay': 0.0}",5,35563.990371669504,5414.925973227887,76203.78859538955,5973.3070510273865,11.233982811167177,2.163974419417183,1.3292509589234125,0.2626229139290428
SVR_CompositeKernel,"(1, 2, 3, 12)","{'gamma_lag': 0.5, 'gamma_local': 0.1, 'gamma_macro': 0.05, 'gamma_spatial': 0.1, 'hidden_dim': 128, 'weight_decay': 0.0001}",5,36965.622136745325,7137.685351409457,76204.8938810527,7660.209681879301,12.167153345264987,2.5460945652308684,1.468138202129841,0.28485467479703913
SVR_CompositeKernel,"(1, 2, 3, 4, 5, 6, 12, 24)","{'gamma_lag': 1.0, 'gamma_local': 0.1, 'gamma_macro': 0.1, 'gamma_spatial': 0.5, 'hidden_dim': 128, 'weight_decay': 0.0001}",5,38849.24313217475,9409.939120415738,76212.999191468,8224.923754233247,13.281463684328362,3.5397688694117546,1.4576580539120143,0.41946348117856674
SVR_CompositeKernel,"(1, 2, 12)","{'gamma_lag': 0.5, 'gamma_local': 0.1, 'gamma_macro': 0.1, 'gamma_spatial': 0.1, 'hidden_dim': 128, 'weight_decay': 0.0001}",5,35400.863390199826,6450.73815077578,76226.5244461678,6501.103159800837,11.689182189470733,2.7348239834633827,1.4045925583860397,0.25272415892061967
SVR_CompositeKernel,"(1, 12, 24)","{'gamma_lag': 0.1, 'gamma_local': 0.5, 'gamma_macro': 0.2, 'gamma_spatial': 1.0, 'hidden_dim': 128, 'weight_decay': 0.0001}",5,35513.2640567425,5668.638803654537,76227.47707079485,7213.877501905613,11.663341300537772,2.8449507247700034,1.3302248111219528,0.2819896745002419
SVR_CompositeKernel,"(1, 2, 12)","{'gamma_lag': 0.5, 'gamma_local': 0.5, 'gamma_macro': 0.05, 'gamma_spatial': 1.0, 'hidden_dim': 128, 'weight_decay': 0.0}",5,35052.27585166879,4401.50621215038,76236.58071787338,7579.897469941979,10.688012061139103,1.652127034353225,1.3942641376184182,0.1984057710034535
SVR_CompositeKernel,"(1, 2, 12)","{'gamma_lag': 0.1, 'gamma_local': 0.5, 'gamma_macro': 0.2, 'gamma_spatial': 1.0, 'hidden_dim': 128, 'weight_decay': 0.0}",5,34807.92411644345,3721.6962465399806,76242.25339915119,4649.357444910632,11.386137680001346,1.6773273253946983,1.38252606382412,0.16287292585796986
SVR_CompositeKernel,"(1, 2, 3, 12)","{'gamma_lag': 0.1, 'gamma_local': 0.5, 'gamma_macro': 0.05, 'gamma_spatial': 0.5, 'hidden_dim': 128, 'weight_decay': 0.0}",5,35229.080265908444,3797.1713749507358,76263.70352501859,5156.38232102525,12.149223576851293,1.8399941780957094,1.3992173465321087,0.16158856569415467
SVR_CompositeKernel,"(1, 2, 3, 12)","{'gamma_lag': 1.0, 'gamma_local': 0.1, 'gamma_macro': 0.05, 'gamma_spatial': 0.1, 'hidden_dim': 128, 'weight_decay': 0.0}",5,37019.13341216695,6790.865373765733,76275.11574479124,6837.422655582156,12.325828500667145,2.5579703088557477,1.472453279602275,0.2867182167095476
SVR_CompositeKernel,"(1, 2, 3, 12, 24)","{'gamma_lag': 0.5, 'gamma_local': 0.1, 'gamma_macro': 0.2, 'gamma_spatial': 1.0, 'hidden_dim': 128, 'weight_decay': 0.0001}",5,36092.732373600484,4396.226392490379,76287.47989697821,8139.480567111836,11.633510529539272,1.6637278915709925,1.3511834856303324,0.24674045951043894
SVR_CompositeKernel,"(1, 12, 24)","{'gamma_lag': 0.1, 'gamma_local': 0.5, 'gamma_macro': 0.1, 'gamma_spatial': 0.5, 'hidden_dim': 128, 'weight_decay': 0.0}",5,35388.405366443454,6341.55523709637,76292.56941242027,7441.87002979165,11.984271787494462,3.2031246119842565,1.3256096282274967,0.30178335374971055
SVR_CompositeKernel,"(1, 12)","{'gamma_lag': 0.1, 'gamma_local': 0.5, 'gamma_macro': 0.05, 'gamma_spatial': 1.0, 'hidden_dim': 128, 'weight_decay': 0.0}",5,37625.99903229521,10512.039575144847,76318.18668976215,8515.952064310113,13.516576227762261,5.30344511423111,1.492818025139515,0.41033895888905986
SVR_CompositeKernel,"(1, 2, 12)","{'gamma_lag': 0.5, 'gamma_local': 0.1, 'gamma_macro': 0.1, 'gamma_spatial': 1.0, 'hidden_dim': 128, 'weight_decay': 0.0001}",5,35539.150121793515,9840.618013401956,76330.8629158462,9820.675502181582,11.304862240258908,3.724498096141887,1.4107304469708453,0.3855551599403061
SVR_CompositeKernel,"(1, 2, 3, 4, 5, 6, 12, 24)","{'gamma_lag': 0.1, 'gamma_local': 0.5, 'gamma_macro': 0.1, 'gamma_spatial': 0.5, 'hidden_dim': 128, 'weight_decay': 0.0}",5,33705.890013818025,3374.511522209807,76331.49560502285,6649.284262595605,10.131483190475409,1.1559993142746485,1.2611625099549575,0.20940397872630376
SVR_CompositeKernel,"(1, 2, 3, 4, 5, 6, 12)","{'gamma_lag': 0.1, 'gamma_local': 0.1, 'gamma_macro': 0.2, 'gamma_spatial': 1.0, 'hidden_dim': 128, 'weight_decay': 0.0001}",5,33998.23318053784,4552.615592990399,76331.86859114369,4770.768688578075,11.103619555884446,1.9382183927386114,1.3502897535312992,0.18796973361208671
SVR_CompositeKernel,"(1, 2, 12, 24)","{'gamma_lag': 1.0, 'gamma_local': 0.1, 'gamma_macro': 0.2, 'gamma_spatial': 0.5, 'hidden_dim': 128, 'weight_decay': 0.0001}",5,37483.253174603175,6061.93089109151,76332.18563607274,6627.2791398044,12.298419597712812,2.3073763077987515,1.4033163457774316,0.29728990463459376
SVR_CompositeKernel,"(1, 2, 3, 4, 5, 6, 12, 24)","{'gamma_lag': 0.1, 'gamma_local': 0.5, 'gamma_macro': 0.2, 'gamma_spatial': 1.0, 'hidden_dim': 128, 'weight_decay': 0.0}",5,34431.1926667021,4372.7733721496,76354.50330506948,6420.283948224053,10.552176824993742,1.635317690073642,1.2899752939856381,0.24489676750663672
SVR_CompositeKernel,"(1, 12)","{'gamma_lag': 0.5, 'gamma_local': 0.1, 'gamma_macro': 0.1, 'gamma_spatial': 0.5, 'hidden_dim': 128, 'weight_decay': 0.0001}",5,34067.70956056901,4518.784553690559,76362.91064966781,5900.728637073078,10.71372905198015,1.884908474663512,1.351965949425571,0.17918181497345517
SVR_CompositeKernel,"(1, 2, 3, 4, 5, 6, 12)","{'gamma_lag': 1.0, 'gamma_local': 0.1, 'gamma_macro': 0.05, 'gamma_spatial': 0.1, 'hidden_dim': 128, 'weight_decay': 0.0001}",5,38369.54666197208,8115.703820008037,76381.0847615106,8505.00508493394,13.00752646962666,3.170210921986132,1.5235283077975734,0.3223686664744219
SVR_CompositeKernel,"(1, 12)","{'gamma_lag': 0.5, 'gamma_local': 0.1, 'gamma_macro': 0.05, 'gamma_spatial': 1.0, 'hidden_dim': 128, 'weight_decay': 0.0}",5,35832.13064501843,9585.741275557964,76389.45002196365,8405.220103777976,11.647125135702655,3.8647022649741483,1.422174317395428,0.3766711857413904
SVR_CompositeKernel,"(1, 2, 3, 4, 5, 6, 12)","{'gamma_lag': 1.0, 'gamma_local': 0.1, 'gamma_macro': 0.05, 'gamma_spatial': 0.5, 'hidden_dim': 128, 'weight_decay': 0.0}",5,39257.650318434666,8743.398416824493,76389.69539156073,6843.458312381258,13.180925538083198,3.3680192694866253,1.5579046673721209,0.3433639575575162
SVR_CompositeKernel,"(1, 2, 3, 4, 5, 6, 12, 24)","{'gamma_lag': 0.5, 'gamma_local': 0.1, 'gamma_macro': 0.2, 'gamma_spatial': 1.0, 'hidden_dim': 128, 'weight_decay': 0.0001}",5,37601.241180378405,6243.320758031684,76391.26651375122,7450.045693321685,12.343394295478905,2.425332277116821,1.4098736794005502,0.31269565536197325
SVR_CompositeKernel,"(1, 2, 3, 4, 5, 6, 12)","{'gamma_lag': 1.0, 'gamma_local': 0.1, 'gamma_macro': 0.05, 'gamma_spatial': 0.5, 'hidden_dim': 128, 'weight_decay': 0.0001}",5,38253.59696269133,8389.25886077572,76404.4433646423,9424.195599498891,12.754972929858303,3.149781128958719,1.5201097957290146,0.33857232086374367
SVR_CompositeKernel,"(1, 12)","{'gamma_lag': 0.1, 'gamma_local': 1.0, 'gamma_macro': 0.05, 'gamma_spatial': 0.1, 'hidden_dim': 128, 'weight_decay': 0.0001}",5,35843.830697721794,3735.876442862125,76407.45312530242,5799.849129287278,12.747443662085406,1.4044412813095863,1.4255103047120623,0.17769964099354152
SVR_CompositeKernel,"(1, 2, 3, 12, 24)","{'gamma_lag': 0.5, 'gamma_local': 0.1, 'gamma_macro': 0.05, 'gamma_spatial': 0.5, 'hidden_dim': 128, 'weight_decay': 0.0001}",5,37151.448795351476,7104.329898187885,76413.42954690852,7387.7076869178345,12.072605872059299,2.804015440563112,1.3878982260761439,0.316446215965954
SVR_CompositeKernel,"(1, 12, 24)","{'gamma_lag': 0.5, 'gamma_local': 0.5, 'gamma_macro': 0.05, 'gamma_spatial': 0.5, 'hidden_dim': 128, 'weight_decay': 0.0}",5,34825.013922105296,2397.043665919616,76417.34928651062,5955.257922716786,10.561749542351716,0.9804895106882535,1.3000086397028856,0.17368173573706966
SVR_CompositeKernel,"(1, 2, 3, 4, 5, 6, 12, 24)","{'gamma_lag': 0.1, 'gamma_local': 0.5, 'gamma_macro': 0.2, 'gamma_spatial': 0.5, 'hidden_dim': 128, 'weight_decay': 0.0001}",5,34359.768294270834,3335.4874845938157,76418.18915281535,6172.22013393304,10.602891651957611,1.0769192469299167,1.284078397008407,0.20122713855715305
SVR_CompositeKernel,"(1, 2, 3, 12, 24)","{'gamma_lag': 0.1, 'gamma_local': 1.0, 'gamma_macro': 0.2, 'gamma_spatial': 0.5, 'hidden_dim': 128, 'weight_decay': 0.0001}",5,33709.539215295496,2943.2378861348857,76423.4608192062,6686.463730046802,10.407920624544818,1.0981911274913572,1.2588061921409675,0.18232414292975785
SVR_CompositeKernel,"(1, 2, 3, 4, 5, 6, 12)","{'gamma_lag': 0.1, 'gamma_local': 0.5, 'gamma_macro': 0.05, 'gamma_spatial': 0.5, 'hidden_dim': 128, 'weight_decay': 0.0}",5,34359.84840605513,6019.5461346432885,76443.16458554837,7280.100890684828,10.76354697569931,2.3223164779520946,1.367300714396221,0.25692695428032347
SVR_CompositeKernel,"(1, 12)","{'gamma_lag': 0.1, 'gamma_local': 0.1, 'gamma_macro': 0.2, 'gamma_spatial': 0.1, 'hidden_dim': 128, 'weight_decay': 0.0}",5,34677.676335964075,5696.818195028833,76453.81090376808,4178.720893347644,12.512767561670206,2.5510778152052853,1.3766989997791677,0.2301993395409841
SVR_CompositeKernel,"(1, 12, 24)","{'gamma_lag': 0.5, 'gamma_local': 0.1, 'gamma_macro': 0.1, 'gamma_spatial': 0.1, 'hidden_dim': 128, 'weight_decay': 0.0}",5,35537.59232656604,5293.350289750163,76454.81220088489,8703.103619696829,11.54669263432011,2.1141132120799373,1.328887551012335,0.260280559125835
SVR_CompositeKernel,"(1, 2, 3, 12)","{'gamma_lag': 0.1, 'gamma_local': 0.1, 'gamma_macro': 0.2, 'gamma_spatial': 1.0, 'hidden_dim': 128, 'weight_decay': 0.0}",5,34838.07487422052,8491.425507673894,76460.67497621162,8625.76148200895,11.577464146355732,3.6199218866398173,1.3827275601306337,0.33263702906856335
SVR_CompositeKernel,"(1, 12, 24)","{'gamma_lag': 0.1, 'gamma_local': 1.0, 'gamma_macro': 0.1, 'gamma_spatial': 0.5, 'hidden_dim': 128, 'weight_decay': 0.0001}",5,35083.99733294359,2155.376923825744,76479.30440213389,5198.534059763798,11.560713840377337,0.7647420065155425,1.3076163960807712,0.15326786596003586
SVR_CompositeKernel,"(1, 2, 12, 24)","{'gamma_lag': 0.1, 'gamma_local': 1.0, 'gamma_macro': 0.2, 'gamma_spatial': 0.5, 'hidden_dim': 128, 'weight_decay': 0.0}",5,35075.68859702735,2439.3632291457775,76487.36658680419,4202.670426360012,11.298430658726414,1.0817692980543654,1.308456144400587,0.170057513987792
SVR_CompositeKernel,"(1, 12, 24)","{'gamma_lag': 0.5, 'gamma_local': 0.1, 'gamma_macro': 0.1, 'gamma_spatial': 0.1, 'hidden_dim': 128, 'weight_decay': 0.0001}",5,34191.772889207765,4840.186194808115,76495.96159565575,7331.613298194529,11.180056663215948,1.9727969712075475,1.2777367734737997,0.24072771899355536
SVR_CompositeKernel,"(1, 2, 3, 4, 5, 6, 12)","{'gamma_lag': 0.5, 'gamma_local': 0.1, 'gamma_macro': 0.05, 'gamma_spatial': 1.0, 'hidden_dim': 128, 'weight_decay': 0.0}",5,37876.15094556051,8849.701318948792,76531.36990093024,8294.649745565932,12.291803390939263,3.4836478505434525,1.5041953765004519,0.3513165783645092
SVR_CompositeKernel,"(1, 2, 12, 24)","{'gamma_lag': 1.0, 'gamma_local': 0.1, 'gamma_macro': 0.1, 'gamma_spatial': 1.0, 'hidden_dim': 128, 'weight_decay': 0.0001}",5,38003.82233294359,8493.737099859909,76531.79567077995,9064.239034600574,12.397575213219792,3.099124397107419,1.425850131404808,0.38776466610258725
SVR_CompositeKernel,"(1, 12, 24)","{'gamma_lag': 0.5, 'gamma_local': 1.0, 'gamma_macro': 0.05, 'gamma_spatial': 1.0, 'hidden_dim': 128, 'weight_decay': 0.0}",5,36406.55821641156,2885.421059091931,76544.66448684882,6205.220243458019,11.069129028508106,0.8321309879110106,1.3601703965476062,0.19825486734598718
SVR_CompositeKernel,"(1, 2, 12)","{'gamma_lag': 0.5, 'gamma_local': 0.1, 'gamma_macro': 0.2, 'gamma_spatial': 0.5, 'hidden_dim': 128, 'weight_decay': 0.0}",5,34616.54640952735,5418.856291314844,76564.06014948535,6430.46690253824,10.972532238728578,2.1295639648567835,1.376133062830848,0.22806652399898922
SVR_CompositeKernel,"(1, 12, 24)","{'gamma_lag': 0.1, 'gamma_local': 1.0, 'gamma_macro': 0.05, 'gamma_spatial': 0.1, 'hidden_dim': 128, 'weight_decay': 0.0}",5,37548.1289306087,4420.917461358467,76568.37917957685,6476.329615105935,13.099409656538,2.136429368521444,1.4037214894236165,0.23979883366216945
SVR_CompositeKernel,"(1, 12, 24)","{'gamma_lag': 0.1, 'gamma_local': 1.0, 'gamma_macro': 0.05, 'gamma_spatial': 1.0, 'hidden_dim': 128, 'weight_decay': 0.0001}",5,38355.35601881378,6614.471420208442,76569.26860700392,6840.060354049365,13.094337230158933,3.1595057234482744,1.4361933318899047,0.31880709855658707
SVR_CompositeKernel,"(1, 2, 3, 4, 5, 6, 12, 24)","{'gamma_lag': 0.1, 'gamma_local': 1.0, 'gamma_macro': 0.05, 'gamma_spatial': 0.5, 'hidden_dim': 128, 'weight_decay': 0.0001}",5,35011.27936286494,3957.8649030095726,76591.85760636146,6043.442836341658,10.730815767408831,1.5490685068837855,1.310955869154347,0.2334393760088117
SVR_CompositeKernel,"(1, 12)","{'gamma_lag': 0.5, 'gamma_local': 0.1, 'gamma_macro': 0.1, 'gamma_spatial': 0.1, 'hidden_dim': 128, 'weight_decay': 0.0001}",5,35412.55067362882,6794.771212347193,76593.97459950008,6818.498181722036,11.803722173386324,3.010044220732569,1.4034949928176155,0.2578993334122965
SVR_CompositeKernel,"(1, 2, 12, 24)","{'gamma_lag': 0.5, 'gamma_local': 0.1, 'gamma_macro': 0.2, 'gamma_spatial': 0.5, 'hidden_dim': 128, 'weight_decay': 0.0001}",5,35447.87318594105,3829.312018440509,76605.24009104233,6445.410358957903,11.2607513703064,1.2671943142116289,1.3240066093701912,0.21035635490531426
SVR_CompositeKernel,"(1, 2, 3, 12)","{'gamma_lag': 0.1, 'gamma_local': 0.5, 'gamma_macro': 0.2, 'gamma_spatial': 0.5, 'hidden_dim': 128, 'weight_decay': 0.0}",5,33283.00024624433,4819.235716585493,76606.93881879647,6565.048959707115,10.601324326021789,1.9888545143334517,1.3246605356333694,0.21589071032914478
SVR_CompositeKernel,"(1, 12, 24)","{'gamma_lag': 0.1, 'gamma_local': 0.5, 'gamma_macro': 0.2, 'gamma_spatial': 0.5, 'hidden_dim': 128, 'weight_decay': 0.0001}",5,34711.917134353745,5191.117622657402,76608.98242770591,8291.144664731391,11.513827538292798,2.104964284199415,1.3032352852788804,0.28176684577905947
SVR_CompositeKernel,"(1, 2, 12, 24)","{'gamma_lag': 0.5, 'gamma_local': 0.5, 'gamma_macro': 0.05, 'gamma_spatial': 0.5, 'hidden_dim': 128, 'weight_decay': 0.0}",5,35590.51404522747,3142.861246380076,76612.51077311054,5868.352154817795,10.97036955497696,1.3212912412970224,1.3295798306792375,0.19837004512697762
SVR_CompositeKernel,"(1, 2, 3, 12, 24)","{'gamma_lag': 0.1, 'gamma_local': 0.5, 'gamma_macro': 0.1, 'gamma_spatial': 0.5, 'hidden_dim': 128, 'weight_decay': 0.0}",5,34459.99487847222,3991.505907787961,76631.93219626833,6328.927472583372,10.772531559213297,1.693291429898513,1.2903809358509633,0.2334500524366561
SVR_CompositeKernel,"(1, 2, 3, 12, 24)","{'gamma_lag': 0.5, 'gamma_local': 0.1, 'gamma_macro': 0.05, 'gamma_spatial': 0.1, 'hidden_dim': 128, 'weight_decay': 0.0001}",5,38033.33732993198,9874.443591820092,76632.73739871515,8615.378670730284,12.606876088204292,3.7772111319624373,1.427443475307809,0.4344618345183124
SVR_CompositeKernel,"(1, 2, 12)","{'gamma_lag': 0.1, 'gamma_local': 0.1, 'gamma_macro': 0.2, 'gamma_spatial': 0.5, 'hidden_dim': 128, 'weight_decay': 0.0001}",5,36273.54676915037,12189.125615855672,76641.60299745128,9563.70455640203,13.033780772495344,6.003905208092721,1.4389011728629213,0.4735564698104809
SVR_CompositeKernel,"(1, 2, 3, 12, 24)","{'gamma_lag': 0.1, 'gamma_local': 1.0, 'gamma_macro': 0.1, 'gamma_spatial': 0.5, 'hidden_dim': 128, 'weight_decay': 0.0}",5,34627.27223107993,2084.620508420425,76642.95327960732,4927.653784116846,10.856395116344773,1.0347206030955676,1.2918861327362472,0.16110043198660973
SVR_CompositeKernel,"(1, 2, 3, 12)","{'gamma_lag': 1.0, 'gamma_local': 0.1, 'gamma_macro': 0.2, 'gamma_spatial': 0.5, 'hidden_dim': 128, 'weight_decay': 0.0}",5,36843.90268698626,6796.2449637066675,76671.91136847748,8276.92059643287,11.980761198100367,2.500542277464523,1.4627373182163226,0.27063325850070313
SVR_CompositeKernel,"(1, 12, 24)","{'gamma_lag': 0.1, 'gamma_local': 0.5, 'gamma_macro': 0.1, 'gamma_spatial': 0.1, 'hidden_dim': 128, 'weight_decay': 0.0}",5,35398.814318044926,4058.3438576896638,76683.87889104968,7686.982816085553,12.325400252962643,1.6187171111760568,1.324914934372182,0.23593508806003619
SVR_CompositeKernel,"(1, 2, 12, 24)","{'gamma_lag': 0.1, 'gamma_local': 0.5, 'gamma_macro': 0.1, 'gamma_spatial': 1.0, 'hidden_dim': 128, 'weight_decay': 0.0001}",5,36479.35766723356,4624.749753161103,76690.37402021435,4904.779634619649,11.986192960113376,2.2059241072504374,1.3636788716947892,0.2435062101033473
SVR_CompositeKernel,"(1, 2, 3, 4, 5, 6, 12, 24)","{'gamma_lag': 0.1, 'gamma_local': 0.5, 'gamma_macro': 0.1, 'gamma_spatial': 0.5, 'hidden_dim': 128, 'weight_decay': 0.0001}",5,34361.48406143708,2955.5128621597833,76693.71276260384,7001.454819725791,10.557792864203394,1.0425832907278922,1.2842486523463639,0.19414978604483396
SVR_CompositeKernel,"(1, 2, 3, 4, 5, 6, 12)","{'gamma_lag': 0.1, 'gamma_local': 1.0, 'gamma_macro': 0.05, 'gamma_spatial': 1.0, 'hidden_dim': 128, 'weight_decay': 0.0}",5,35170.68544191114,4951.559325131025,76694.36192013859,6416.185197322199,11.059072516412217,1.9336749292980158,1.4001480802167947,0.22571377096859352
SVR_CompositeKernel,"(1, 12)","{'gamma_lag': 0.5, 'gamma_local': 1.0, 'gamma_macro': 0.05, 'gamma_spatial': 1.0, 'hidden_dim': 128, 'weight_decay': 0.0001}",5,35529.37282897534,3529.482249833787,76703.48599315839,6137.983468872718,10.783969802027428,1.415217822677439,1.4133196200810634,0.17366804121428278
SVR_CompositeKernel,"(1, 12)","{'gamma_lag': 0.1, 'gamma_local': 0.1, 'gamma_macro': 0.1, 'gamma_spatial': 1.0, 'hidden_dim': 128, 'weight_decay': 0.0001}",5,37894.00027591766,9799.919978731383,76704.19197870274,7655.548489463942,13.818550839503493,4.78969449597728,1.5044533326353833,0.3881638202865592
SVR_CompositeKernel,"(1, 12, 24)","{'gamma_lag': 1.0, 'gamma_local': 0.1, 'gamma_macro': 0.05, 'gamma_spatial': 0.1, 'hidden_dim': 128, 'weight_decay': 0.0}",5,37126.3899779443,6905.266820501009,76705.14024836919,7114.62471892461,12.36967897071563,2.661081438977529,1.3892644103632208,0.31937739399278625
SVR_CompositeKernel,"(1, 2, 3, 12)","{'gamma_lag': 0.1, 'gamma_local': 1.0, 'gamma_macro': 0.1, 'gamma_spatial': 0.5, 'hidden_dim': 128, 'weight_decay': 0.0001}",5,35250.674458351044,4474.889150689936,76715.81662462033,6362.489644939086,11.580045234889392,1.9143041836618169,1.4014661987624146,0.19701943429563884
SVR_CompositeKernel,"(1, 12, 24)","{'gamma_lag': 1.0, 'gamma_local': 0.1, 'gamma_macro': 0.1, 'gamma_spatial': 0.1, 'hidden_dim': 128, 'weight_decay': 0.0001}",5,35806.09661369756,5339.837741875586,76718.4185051615,5677.568067545829,11.701765127120236,2.0676827120901753,1.3394353316469836,0.2678301023680529
SVR_CompositeKernel,"(1, 12, 24)","{'gamma_lag': 0.1, 'gamma_local': 0.5, 'gamma_macro': 0.2, 'gamma_spatial': 0.1, 'hidden_dim': 128, 'weight_decay': 0.0}",5,34696.25267502834,3199.5123314570956,76724.30021165873,6622.37141594719,11.76728001151022,1.7402173882504253,1.2949782122808837,0.18696011238323734
SVR_CompositeKernel,"(1, 2, 3, 4, 5, 6, 12)","{'gamma_lag': 0.1, 'gamma_local': 1.0, 'gamma_macro': 0.05, 'gamma_spatial': 1.0, 'hidden_dim': 128, 'weight_decay': 0.0001}",5,35196.56383219954,5719.783410561246,76733.20627417225,7833.490852836236,11.077925421907848,2.365896310562171,1.4012695657872412,0.25203874002071497
SVR_CompositeKernel,"(1, 12, 24)","{'gamma_lag': 0.1, 'gamma_local': 0.5, 'gamma_macro': 0.05, 'gamma_spatial': 0.1, 'hidden_dim': 128, 'weight_decay': 0.0001}",5,36317.07004455428,3444.464869326865,76736.29487493153,5786.645657178749,12.446684700047516,1.8027233287613935,1.3571266155296495,0.21303295405421793
SVR_CompositeKernel,"(1, 12, 24)","{'gamma_lag': 0.5, 'gamma_local': 0.5, 'gamma_macro': 0.05, 'gamma_spatial': 1.0, 'hidden_dim': 128, 'weight_decay': 0.0001}",5,35879.70611314838,2786.1838582468904,76737.81241160107,5569.0762562599275,11.110267386974051,1.1353998555024591,1.3376278600719471,0.16856558507187253
SVR_CompositeKernel,"(1, 2, 12, 24)","{'gamma_lag': 0.1, 'gamma_local': 0.5, 'gamma_macro': 0.1, 'gamma_spatial': 0.5, 'hidden_dim': 128, 'weight_decay': 0.0}",5,35509.55857913478,7373.153429643098,76748.48668040406,8897.343281836294,11.790591804636344,3.384503252018747,1.3327856029619851,0.34370716950223446
SVR_CompositeKernel,"(1, 2, 12)","{'gamma_lag': 1.0, 'gamma_local': 0.1, 'gamma_macro': 0.1, 'gamma_spatial': 1.0, 'hidden_dim': 128, 'weight_decay': 0.0001}",5,37793.512922069865,8001.964572024942,76750.15785383398,8308.659629148658,12.35253985884765,3.238506264405256,1.5012017165137093,0.3189342841572087
SVR_CompositeKernel,"(1, 2, 3, 12)","{'gamma_lag': 1.0, 'gamma_local': 0.1, 'gamma_macro': 0.1, 'gamma_spatial': 1.0, 'hidden_dim': 128, 'weight_decay': 0.0}",5,38121.4619539222,9580.976516454153,76767.65028489145,8857.92524150708,12.434419303956364,3.7004695999934096,1.5140940846635127,0.3791759337720664
SVR_CompositeKernel,"(1, 12, 24)","{'gamma_lag': 0.5, 'gamma_local': 0.5, 'gamma_macro': 0.05, 'gamma_spatial': 1.0, 'hidden_dim': 128, 'weight_decay': 0.0}",5,36805.78001479237,2955.042774816596,76769.31659520385,5533.549991890505,11.377754992709658,1.2428634556687312,1.3740799851429197,0.19188388840672618
SVR_CompositeKernel,"(1, 2, 12)","{'gamma_lag': 0.1, 'gamma_local': 0.5, 'gamma_macro': 0.2, 'gamma_spatial': 1.0, 'hidden_dim': 128, 'weight_decay': 0.0001}",5,35856.44919306265,4949.093008821861,76782.14680526538,6141.6658529467095,11.92884435613423,2.3536637947144037,1.426249168685709,0.21841173134926326
SVR_CompositeKernel,"(1, 2, 3, 4, 5, 6, 12, 24)","{'gamma_lag': 0.5, 'gamma_local': 0.1, 'gamma_macro': 0.1, 'gamma_spatial': 0.5, 'hidden_dim': 128, 'weight_decay': 0.0}",5,38112.642627285284,7762.8158486415805,76794.35464360952,7423.2433889258555,12.449266544043548,3.010913516149592,1.4258279124419064,0.34929527035683433
SVR_CompositeKernel,"(1, 2, 3, 4, 5, 6, 12)","{'gamma_lag': 0.1, 'gamma_local': 0.1, 'gamma_macro': 0.1, 'gamma_spatial': 0.5, 'hidden_dim': 128, 'weight_decay': 0.0}",5,34169.33802437642,6284.67910615397,76808.03961643498,5599.921827033139,11.175282455373798,2.593561445089841,1.3581768056622052,0.25748732243767114
SVR_CompositeKernel,"(1, 2, 12, 24)","{'gamma_lag': 0.5, 'gamma_local': 0.1, 'gamma_macro': 0.1, 'gamma_spatial': 0.1, 'hidden_dim': 128, 'weight_decay': 0.0001}",5,36347.59682583971,7660.1271651931365,76854.50842840351,8909.4280515308,11.873105348187936,2.730767268657923,1.366512639704822,0.3645320956730679
SVR_CompositeKernel,"(1, 2, 3, 12, 24)","{'gamma_lag': 0.1, 'gamma_local': 1.0, 'gamma_macro': 0.2, 'gamma_spatial': 0.5, 'hidden_dim': 128, 'weight_decay': 0.0}",5,35110.03019150368,4202.570498606747,76883.84082771857,6252.700576772567,11.255719034240018,1.697424992791082,1.3138745812310872,0.23467102394434883
SVR_CompositeKernel,"(1, 12, 24)","{'gamma_lag': 1.0, 'gamma_local': 0.1, 'gamma_macro': 0.05, 'gamma_spatial': 0.5, 'hidden_dim': 128, 'weight_decay': 0.0001}",5,36154.99947340915,7675.154633518478,76895.65346681038,11557.295327428297,11.767893602291524,2.6386502328175188,1.354731950316061,0.3491152097309195
SVR_CompositeKernel,"(1, 2, 12)","{'gamma_lag': 0.5, 'gamma_local': 0.1, 'gamma_macro': 0.2, 'gamma_spatial': 1.0, 'hidden_dim': 128, 'weight_decay': 0.0001}",5,34967.28359817885,4945.051821528427,76896.84888173916,5092.133136291081,10.977317401343203,2.125980585155821,1.388205582249785,0.19939678513222264
SVR_CompositeKernel,"(1, 2, 3, 12)","{'gamma_lag': 0.1, 'gamma_local': 0.1, 'gamma_macro': 0.2, 'gamma_spatial': 0.1, 'hidden_dim': 128, 'weight_decay': 0.0}",5,34612.615636072136,10640.709279254019,76905.41370899408,6850.135860929433,12.08470772074384,4.825280291531444,1.37247019745043,0.41340851676414186
SVR_CompositeKernel,"(1, 12, 24)","{'gamma_lag': 0.1, 'gamma_local': 1.0, 'gamma_macro': 0.05, 'gamma_spatial': 0.5, 'hidden_dim': 128, 'weight_decay': 0.0}",5,37974.68758680556,5665.59054936154,76907.89402589652,6726.022542789478,13.27628963923372,2.974000316343132,1.4235980505647452,0.2987515238066059
SVR_CompositeKernel,"(1, 2, 12, 24)","{'gamma_lag': 0.1, 'gamma_local': 1.0, 'gamma_macro': 0.1, 'gamma_spatial': 1.0, 'hidden_dim': 128, 'weight_decay': 0.0}",5,35698.36037459255,5854.029525616645,76914.99044085419,8404.247680664255,11.593175650016041,2.5083686157883505,1.3396187043569552,0.2974834824790582
SVR_CompositeKernel,"(1, 2, 12)","{'gamma_lag': 0.5, 'gamma_local': 0.1, 'gamma_macro': 0.2, 'gamma_spatial': 0.1, 'hidden_dim': 128, 'weight_decay': 0.0}",5,35594.56408907313,4225.241803297386,76917.10002381902,5159.757766299539,11.71160798065678,1.5719731657147449,1.4141958626356161,0.18193064032610637
SVR_CompositeKernel,"(1, 2, 3, 12, 24)","{'gamma_lag': 0.1, 'gamma_local': 1.0, 'gamma_macro': 0.1, 'gamma_spatial': 0.5, 'hidden_dim': 128, 'weight_decay': 0.0001}",5,35284.4303925737,2659.388704852733,76935.48927142835,5759.844179819047,11.198872232638198,1.2571248424166364,1.3178630880019633,0.1856030132698192
SVR_CompositeKernel,"(1, 2, 3, 4, 5, 6, 12, 24)","{'gamma_lag': 0.1, 'gamma_local': 0.5, 'gamma_macro': 0.1, 'gamma_spatial': 0.1, 'hidden_dim': 128, 'weight_decay': 0.0}",5,34589.3660368835,4406.696831984262,76940.50687965711,6435.037632524888,10.918826221273003,1.5205788529975368,1.296326107735858,0.252293565163585
SVR_CompositeKernel,"(1, 2, 3, 4, 5, 6, 12, 24)","{'gamma_lag': 1.0, 'gamma_local': 0.1, 'gamma_macro': 0.05, 'gamma_spatial': 0.1, 'hidden_dim': 128, 'weight_decay': 0.0}",5,38868.421680130385,7713.371159473242,76956.03159436195,7427.967070445772,13.336261625466573,3.0711623535932557,1.457232826968566,0.36240749998651667
SVR_CompositeKernel,"(1, 2, 12)","{'gamma_lag': 0.1, 'gamma_local': 1.0, 'gamma_macro': 0.05, 'gamma_spatial': 1.0, 'hidden_dim': 128, 'weight_decay': 0.0001}",5,38824.59532844388,7381.261521642407,76961.0389933611,9344.117994091604,13.608866933933603,3.3546402426291935,1.5440497828710602,0.3088959460878315
SVR_CompositeKernel,"(1, 2, 3, 12, 24)","{'gamma_lag': 0.1, 'gamma_local': 0.5, 'gamma_macro': 0.2, 'gamma_spatial': 0.5, 'hidden_dim': 128, 'weight_decay': 0.0001}",5,34038.42314962443,3179.9571094372973,76984.54003069906,6337.388582307186,10.641918554031069,1.452317502342504,1.271543410358133,0.19189757283111347
SVR_CompositeKernel,"(1, 2, 3, 12)","{'gamma_lag': 1.0, 'gamma_local': 0.1, 'gamma_macro': 0.2, 'gamma_spatial': 1.0, 'hidden_dim': 128, 'weight_decay': 0.0001}",5,38002.79392981151,7577.68747262456,76987.41091140792,7272.840991293715,12.355338384430393,3.0005469021201416,1.5097512992128514,0.30620494706536555
SVR_CompositeKernel,"(1, 2, 12, 24)","{'gamma_lag': 0.1, 'gamma_local': 1.0, 'gamma_macro': 0.1, 'gamma_spatial': 0.5, 'hidden_dim': 128, 'weight_decay': 0.0}",5,35362.15804058602,2778.6264450537774,76991.2708203767,6395.053534549403,11.296388262272432,1.3489848727741693,1.3199408217184732,0.17992204370339435
SVR_CompositeKernel,"(1, 12)","{'gamma_lag': 0.5, 'gamma_local': 0.1, 'gamma_macro': 0.2, 'gamma_spatial': 0.1, 'hidden_dim': 128, 'weight_decay': 0.0}",5,32450.755156515737,4559.306714732172,76995.5601684487,6174.075662873007,10.438788984870405,1.8172253248345611,1.2897555047271883,0.19420498325703367
SVR_CompositeKernel,"(1, 2, 3, 4, 5, 6, 12)","{'gamma_lag': 0.1, 'gamma_local': 0.1, 'gamma_macro': 0.2, 'gamma_spatial': 0.1, 'hidden_dim': 128, 'weight_decay': 0.0001}",5,34630.517093165385,5477.478377574475,76999.38217395166,4953.950416670278,11.623333012676838,2.0797273469903006,1.3780178240984409,0.2420896844310759
SVR_CompositeKernel,"(1, 2, 12, 24)","{'gamma_lag': 0.1, 'gamma_local': 1.0, 'gamma_macro': 0.05, 'gamma_spatial': 0.5, 'hidden_dim': 128, 'weight_decay': 0.0}",5,36909.96271391369,3391.0272808061436,77003.07977267195,7690.552617840523,12.344298068557487,1.0822389985255119,1.3789948585478373,0.2132208334780913
SVR_CompositeKernel,"(1, 2, 3, 4, 5, 6, 12)","{'gamma_lag': 0.1, 'gamma_local': 0.1, 'gamma_macro': 0.1, 'gamma_spatial': 0.1, 'hidden_dim': 128, 'weight_decay': 0.0}",5,35888.92682557397,6423.038546698859,77016.21616376995,7243.559538307101,12.036130914922001,2.5223025002979744,1.4254691387244018,0.2590573084328091
SVR_CompositeKernel,"(1, 2, 3, 12)","{'gamma_lag': 0.1, 'gamma_local': 1.0, 'gamma_macro': 0.05, 'gamma_spatial': 0.5, 'hidden_dim': 128, 'weight_decay': 0.0001}",5,36516.979671556124,6164.99933974144,77021.01131656817,7211.362915505135,12.329777274272248,2.6191617632364523,1.45191021444912,0.25974536009327814
SVR_CompositeKernel,"(1, 2, 3, 12)","{'gamma_lag': 0.1, 'gamma_local': 0.5, 'gamma_macro': 0.1, 'gamma_spatial': 1.0, 'hidden_dim': 128, 'weight_decay': 0.0}",5,35840.28639765802,6052.439842778579,77027.17594792253,6469.729519213839,11.379245717026919,2.6229855148351224,1.4246930172104926,0.25381130601270013
SVR_CompositeKernel,"(1, 2, 12)","{'gamma_lag': 0.5, 'gamma_local': 0.1, 'gamma_macro': 0.05, 'gamma_spatial': 0.5, 'hidden_dim': 128, 'weight_decay': 0.0001}",5,36737.82857187146,6894.488684226037,77039.10228071378,7434.396098669584,12.02308963775461,2.773340639310864,1.4559396363244204,0.25982004108046364
SVR_CompositeKernel,"(1, 2, 3, 4, 5, 6, 12, 24)","{'gamma_lag': 0.5, 'gamma_local': 0.1, 'gamma_macro': 0.2, 'gamma_spatial': 0.5, 'hidden_dim': 128, 'weight_decay': 0.0001}",5,37557.3300599667,5597.396285451497,77040.90928713018,6698.49640315941,12.391197222185763,2.1452154270822685,1.4046328518943814,0.2782052572866373
SVR_CompositeKernel,"(1, 2, 12, 24)","{'gamma_lag': 0.1, 'gamma_local': 0.5, 'gamma_macro': 0.05, 'gamma_spatial': 0.1, 'hidden_dim': 128, 'weight_decay': 0.0001}",5,37280.14355025865,5340.001433716714,77041.21810547155,6855.55390328019,12.914639608047896,2.5427673983320367,1.3977229865421954,0.28897488203755145
SVR_CompositeKernel,"(1, 2, 12, 24)","{'gamma_lag': 0.1, 'gamma_local': 1.0, 'gamma_macro': 0.1, 'gamma_spatial': 1.0, 'hidden_dim': 128, 'weight_decay': 0.0001}",5,37827.02738050949,4887.199888445673,77049.9273349221,8918.359299295436,12.683227351697813,2.239203529256558,1.4147454823125312,0.2574539827901032
SVR_CompositeKernel,"(1, 2, 3, 12)","{'gamma_lag': 0.5, 'gamma_local': 0.1, 'gamma_macro': 0.05, 'gamma_spatial': 1.0, 'hidden_dim': 128, 'weight_decay': 0.0}",5,35849.15077062075,8599.709059418843,77051.32238720145,11190.154129886138,11.346408927340054,3.190246854642219,1.422722729710077,0.337765473235877
SVR_CompositeKernel,"(1, 2, 12)","{'gamma_lag': 1.0, 'gamma_local': 0.1, 'gamma_macro': 0.1, 'gamma_spatial': 0.5, 'hidden_dim': 128, 'weight_decay': 0.0001}",5,36560.789004481994,6588.658307419151,77062.03863770627,6243.280235778975,11.877416370036912,2.719448192386171,1.45134870846135,0.26088890076412213
SVR_CompositeKernel,"(1, 12, 24)","{'gamma_lag': 0.1, 'gamma_local': 1.0, 'gamma_macro': 0.1, 'gamma_spatial': 0.5, 'hidden_dim': 128, 'weight_decay': 0.0}",5,36360.08354414683,4403.017942940444,77073.44336869435,6114.904352704757,12.207686713511574,1.96417677682319,1.3615607839389905,0.250556501653961
SVR_CompositeKernel,"(1, 2, 3, 12, 24)","{'gamma_lag': 0.1, 'gamma_local': 1.0, 'gamma_macro': 0.05, 'gamma_spatial': 1.0, 'hidden_dim': 128, 'weight_decay': 0.0001}",5,37395.49732630031,7110.107635324107,77078.90384594415,7357.915327666694,12.257137148848921,3.1140428080076936,1.4074029183852426,0.3636983961737305
SVR_CompositeKernel,"(1, 2, 3, 12, 24)","{'gamma_lag': 0.5, 'gamma_local': 0.1, 'gamma_macro': 0.1, 'gamma_spatial': 0.1, 'hidden_dim': 128, 'weight_decay': 0.0}",5,38371.50098719175,8827.32127977032,77087.08603019883,8653.166119990228,12.525470263963726,3.232600551546684,1.4370106877917546,0.38972189759907866
SVR_CompositeKernel,"(1, 2, 3, 4, 5, 6, 12, 24)","{'gamma_lag': 0.1, 'gamma_local': 0.5, 'gamma_macro': 0.2, 'gamma_spatial': 0.5, 'hidden_dim': 128, 'weight_decay': 0.0}",5,34011.306118020126,3211.880092423619,77116.69479305817,7167.653655928533,10.313391691637108,0.9774407370355512,1.2694787669259677,0.18534753137395157
SVR_CompositeKernel,"(1, 2, 12, 24)","{'gamma_lag': 1.0, 'gamma_local': 0.5, 'gamma_macro': 0.05, 'gamma_spatial': 1.0, 'hidden_dim': 128, 'weight_decay': 0.0001}",5,38499.51419492277,5386.63017476963,77140.36880059719,6793.410204306677,12.15432511362589,2.070923911829645,1.4411693551175966,0.2822907750654576
SVR_CompositeKernel,"(1, 2, 3, 12)","{'gamma_lag': 0.1, 'gamma_local': 0.5, 'gamma_macro': 0.05, 'gamma_spatial': 1.0, 'hidden_dim': 128, 'weight_decay': 0.0}",5,36463.7930785856,8313.11605440836,77144.06136991242,7506.319051830557,12.004927953015068,3.968938270640172,1.4481540045611487,0.3301738920079863
SVR_CompositeKernel,"(1, 12, 24)","{'gamma_lag': 1.0, 'gamma_local': 0.5, 'gamma_macro': 0.05, 'gamma_spatial': 1.0, 'hidden_dim': 128, 'weight_decay': 0.0}",5,37629.010172193885,4746.336214293927,77148.89096136624,6921.010607518349,11.783855495515331,1.7235358811974275,1.4086280671799953,0.26114452978693986
SVR_CompositeKernel,"(1, 2, 12, 24)","{'gamma_lag': 1.0, 'gamma_local': 0.1, 'gamma_macro': 0.1, 'gamma_spatial': 0.5, 'hidden_dim': 128, 'weight_decay': 0.0}",5,38132.95199077027,7753.297573353971,77154.91495552947,9231.029136416239,12.515997177027725,3.1308964692589263,1.425234462251515,0.3425653336491425
SVR_CompositeKernel,"(1, 2, 3, 4, 5, 6, 12)","{'gamma_lag': 0.5, 'gamma_local': 0.1, 'gamma_macro': 0.1, 'gamma_spatial': 1.0, 'hidden_dim': 128, 'weight_decay': 0.0001}",5,38011.32175630669,6541.715174165956,77155.0849109788,6086.928833861523,12.334241908405478,2.6371613917151326,1.5092614072819632,0.2641877357883422
SVR_CompositeKernel,"(1, 2, 3, 4, 5, 6, 12)","{'gamma_lag': 0.1, 'gamma_local': 0.1, 'gamma_macro': 0.2, 'gamma_spatial': 1.0, 'hidden_dim': 128, 'weight_decay': 0.0}",5,36559.73574395904,7276.599863250485,77163.43650469897,6763.870592508615,11.97670741750985,3.037910784422127,1.4494467517914373,0.2814417687357854
SVR_CompositeKernel,"(1, 12)","{'gamma_lag': 0.5, 'gamma_local': 0.5, 'gamma_macro': 0.05, 'gamma_spatial': 0.5, 'hidden_dim': 128, 'weight_decay': 0.0}",5,34837.476184718675,4782.710500979877,77167.6087834733,7346.8584190028305,10.695435572830906,1.8213324653738991,1.3858344128315472,0.21399207455683228
SVR_CompositeKernel,"(1, 2, 3, 12)","{'gamma_lag': 0.1, 'gamma_local': 0.1, 'gamma_macro': 0.1, 'gamma_spatial': 0.5, 'hidden_dim': 128, 'weight_decay': 0.0}",5,35875.217230017006,11894.623573461302,77181.52201695499,8648.414765470126,12.503639368816497,5.5904910930390255,1.423962108366712,0.4642048624155043
SVR_CompositeKernel,"(1, 2, 12, 24)","{'gamma_lag': 1.0, 'gamma_local': 0.1, 'gamma_macro': 0.1, 'gamma_spatial': 0.5, 'hidden_dim': 128, 'weight_decay': 0.0001}",5,37661.75743560445,7135.538723161826,77192.4521051279,8819.771483431905,12.352594267446513,2.764396079345407,1.4115922188264005,0.3377494186448856
SVR_CompositeKernel,"(1, 2, 12, 24)","{'gamma_lag': 0.5, 'gamma_local': 0.1, 'gamma_macro': 0.1, 'gamma_spatial': 0.1, 'hidden_dim': 128, 'weight_decay': 0.0}",5,36711.07075759991,7915.105421789522,77217.10587276786,5591.298256193702,11.869101548736399,3.3292813916291535,1.3743982560004693,0.35519676846633763
SVR_CompositeKernel,"(1, 2, 12)","{'gamma_lag': 0.1, 'gamma_local': 1.0, 'gamma_macro': 0.05, 'gamma_spatial': 0.1, 'hidden_dim': 128, 'weight_decay': 0.0001}",5,37481.93624884849,4889.447246058611,77218.67934617955,7529.126245496432,13.137739035336988,1.931935635622458,1.491099996173142,0.221737826784695
SVR_CompositeKernel,"(1, 2, 3, 12, 24)","{'gamma_lag': 0.1, 'gamma_local': 0.5, 'gamma_macro': 0.2, 'gamma_spatial': 0.5, 'hidden_dim': 128, 'weight_decay': 0.0}",5,34506.442846956495,4450.710374371354,77223.56972021898,5969.738613958499,10.74608248018011,2.322963689887219,1.2908611481526082,0.2375520129396868
SVR_CompositeKernel,"(1, 2, 3, 12, 24)","{'gamma_lag': 0.5, 'gamma_local': 0.1, 'gamma_macro': 0.05, 'gamma_spatial': 1.0, 'hidden_dim': 128, 'weight_decay': 0.0001}",5,36894.62314298115,9407.25982320066,77258.17181922088,12418.758306149139,11.898732396489374,3.41958098290463,1.3838497395787044,0.41327466688343834
SVR_CompositeKernel,"(1, 2, 3, 12, 24)","{'gamma_lag': 0.5, 'gamma_local': 0.1, 'gamma_macro': 0.2, 'gamma_spatial': 1.0, 'hidden_dim': 128, 'weight_decay': 0.0}",5,36599.53864928784,6035.998066334403,77267.35607175596,6556.171228044285,11.64323674698357,2.297925799630814,1.3715861147434443,0.3000120856681662
SVR_CompositeKernel,"(1, 2, 12)","{'gamma_lag': 0.1, 'gamma_local': 0.5, 'gamma_macro': 0.1, 'gamma_spatial': 1.0, 'hidden_dim': 128, 'weight_decay': 0.0}",5,37035.96268114017,6254.489319469317,77280.70022720967,7683.422327367177,12.576223352665934,2.9183094292143283,1.469739190803143,0.2461146930060911
SVR_CompositeKernel,"(1, 2, 3, 12, 24)","{'gamma_lag': 0.5, 'gamma_local': 0.1, 'gamma_macro': 0.2, 'gamma_spatial': 0.5, 'hidden_dim': 128, 'weight_decay': 0.0001}",5,37001.411223161136,5865.140070822934,77282.97902449468,7056.677479577113,12.036590348029545,2.1509945570283038,1.3839406225100626,0.28447941686528433
SVR_CompositeKernel,"(1, 12)","{'gamma_lag': 0.1, 'gamma_local': 0.5, 'gamma_macro': 0.2, 'gamma_spatial': 0.1, 'hidden_dim': 128, 'weight_decay': 0.0}",5,32523.597957855014,4162.184672416238,77297.30037951021,6858.816425706527,10.879273075884734,1.7574821988311304,1.295413318171415,0.20090620452673078
SVR_CompositeKernel,"(1, 12, 24)","{'gamma_lag': 0.1, 'gamma_local': 0.5, 'gamma_macro': 0.2, 'gamma_spatial': 0.1, 'hidden_dim': 128, 'weight_decay': 0.0001}",5,34322.293635735536,4363.508213727713,77312.79331252386,7489.059842716099,11.353029453650805,2.0663222343024166,1.2851951274686295,0.24081142190524815
SVR_CompositeKernel,"(1, 2, 12)","{'gamma_lag': 0.1, 'gamma_local': 0.5, 'gamma_macro': 0.1, 'gamma_spatial': 0.1, 'hidden_dim': 128, 'weight_decay': 0.0001}",5,36034.340342439056,7060.981604267501,77333.10900004853,7045.368907647012,12.417938554744428,3.231851120210276,1.4308278170721003,0.2818711753829713
SVR_CompositeKernel,"(1, 2, 12, 24)","{'gamma_lag': 0.5, 'gamma_local': 0.5, 'gamma_macro': 0.05, 'gamma_spatial': 1.0, 'hidden_dim': 128, 'weight_decay': 0.0}",5,37045.747935710744,3717.2122715722126,77339.9363868634,6069.780997729017,11.498100150991984,1.3000195794246818,1.38512633897232,0.22401079754608924
SVR_CompositeKernel,"(1, 2, 12, 24)","{'gamma_lag': 0.1, 'gamma_local': 1.0, 'gamma_macro': 0.05, 'gamma_spatial': 0.5, 'hidden_dim': 128, 'weight_decay': 0.0001}",5,36512.551628489935,4544.551746349319,77359.68801999012,5575.1291486058835,12.06054219946104,2.037488483866534,1.3649910097462155,0.2419060301029012
SVR_CompositeKernel,"(1, 12, 24)","{'gamma_lag': 1.0, 'gamma_local': 0.1, 'gamma_macro': 0.2, 'gamma_spatial': 0.5, 'hidden_dim': 128, 'weight_decay': 0.0}",5,36927.25114441609,6884.468359995966,77364.76455579049,5900.955262287018,11.937136645160386,2.620456740999873,1.3835595353308539,0.326723398929262
SVR_CompositeKernel,"(1, 12)","{'gamma_lag': 0.1, 'gamma_local': 0.5, 'gamma_macro': 0.2, 'gamma_spatial': 0.5, 'hidden_dim': 128, 'weight_decay': 0.0}",5,35117.029735774515,5951.044610568253,77376.17475136404,6942.325143539788,12.092952869873647,2.770081581370813,1.393856577033474,0.23433361420628443
SVR_CompositeKernel,"(1, 2, 3, 12, 24)","{'gamma_lag': 0.5, 'gamma_local': 0.1, 'gamma_macro': 0.1, 'gamma_spatial': 0.5, 'hidden_dim': 128, 'weight_decay': 0.0}",5,37361.84353210034,6972.031476321436,77380.9145757379,6524.506152867693,12.18754585640836,2.7907767184732823,1.3982491149186473,0.32415323033714655
SVR_CompositeKernel,"(1, 2, 3, 4, 5, 6, 12, 24)","{'gamma_lag': 0.5, 'gamma_local': 0.1, 'gamma_macro': 0.1, 'gamma_spatial': 0.1, 'hidden_dim': 128, 'weight_decay': 0.0001}",5,39460.976144858985,8920.97327706149,77393.60670927152,7909.584723764118,13.219925607903741,3.431641729661184,1.4828468185643404,0.41365203975958453
SVR_CompositeKernel,"(1, 2, 12)","{'gamma_lag': 1.0, 'gamma_local': 0.1, 'gamma_macro': 0.2, 'gamma_spatial': 0.5, 'hidden_dim': 128, 'weight_decay': 0.0001}",5,36276.0449249752,5785.642543225243,77412.55569908189,6635.877883817258,11.609506508863106,2.3192664112690675,1.4391833079330127,0.22595139955091978
SVR_CompositeKernel,"(1, 12)","{'gamma_lag': 0.1, 'gamma_local': 0.5, 'gamma_macro': 0.2, 'gamma_spatial': 1.0, 'hidden_dim': 128, 'weight_decay': 0.0}",5,38146.446746563204,7474.950399207719,77413.19117072682,6363.961407981739,13.120718712214572,3.4932229161615442,1.5146237806803806,0.30055854785202923
SVR_CompositeKernel,"(1, 2, 12)","{'gamma_lag': 0.5, 'gamma_local': 0.1, 'gamma_macro': 0.2, 'gamma_spatial': 1.0, 'hidden_dim': 128, 'weight_decay': 0.0}",5,37394.768964356575,8429.530752045504,77413.27508534084,8040.184166892263,12.109998012578645,3.46449708243822,1.4834713894535374,0.32823313479306687
SVR_CompositeKernel,"(1, 2, 12, 24)","{'gamma_lag': 0.5, 'gamma_local': 0.1, 'gamma_macro': 0.2, 'gamma_spatial': 0.1, 'hidden_dim': 128, 'weight_decay': 0.0}",5,35823.71728493481,6278.525836849779,77416.70784554144,6822.961068068947,11.745437807849893,2.67121431418141,1.3411385032388174,0.2998622526518615
SVR_CompositeKernel,"(1, 2, 12, 24)","{'gamma_lag': 1.0, 'gamma_local': 0.1, 'gamma_macro': 0.1, 'gamma_spatial': 1.0, 'hidden_dim': 128, 'weight_decay': 0.0}",5,39665.91994269062,9269.813616990707,77430.25215623267,9574.104264705991,13.081000678516267,3.3906686745630514,1.4913349111543819,0.4259391916369612
SVR_CompositeKernel,"(1, 2, 3, 12)","{'gamma_lag': 0.1, 'gamma_local': 0.5, 'gamma_macro': 0.1, 'gamma_spatial': 1.0, 'hidden_dim': 128, 'weight_decay': 0.0001}",5,36809.7305785856,6801.822954228009,77435.45347639735,7296.883076436651,12.055422155315398,2.82588142116711,1.464338235504759,0.2903414944927468
SVR_CompositeKernel,"(1, 2, 12)","{'gamma_lag': 0.5, 'gamma_local': 0.1, 'gamma_macro': 0.2, 'gamma_spatial': 0.1, 'hidden_dim': 128, 'weight_decay': 0.0001}",5,34720.61644168084,6585.843890898471,77441.79045956189,8529.711772652778,11.206904851531084,2.643763007179423,1.3793353945167,0.2667576751298105
SVR_CompositeKernel,"(1, 2, 12)","{'gamma_lag': 0.1, 'gamma_local': 0.5, 'gamma_macro': 0.1, 'gamma_spatial': 0.5, 'hidden_dim': 128, 'weight_decay': 0.0001}",5,36777.98066804847,6273.322391611618,77441.80941874215,6992.659826239465,12.661766263619093,3.2823226840000865,1.4584372074092382,0.242181372354756
SVR_CompositeKernel,"(1, 12)","{'gamma_lag': 0.1, 'gamma_local': 0.5, 'gamma_macro': 0.1, 'gamma_spatial': 0.1, 'hidden_dim': 128, 'weight_decay': 0.0001}",5,34146.60836743552,4893.5732726633405,77449.03633533754,6844.566189595559,11.86548420286746,2.11176859346767,1.3568357523088515,0.20783930935138542
SVR_CompositeKernel,"(1, 12, 24)","{'gamma_lag': 0.5, 'gamma_local': 1.0, 'gamma_macro': 0.05, 'gamma_spatial': 1.0, 'hidden_dim': 128, 'weight_decay': 0.0001}",5,36347.70982497166,3127.1845505729543,77470.06286315892,7606.690569382194,11.017601625084229,0.9447652055881344,1.3587729369440171,0.20791690524874148
SVR_CompositeKernel,"(1, 12, 24)","{'gamma_lag': 1.0, 'gamma_local': 0.5, 'gamma_macro': 0.05, 'gamma_spatial': 0.5, 'hidden_dim': 128, 'weight_decay': 0.0001}",5,36757.57046219529,4112.662956508161,77472.93461607074,5093.580816110886,11.434423166467235,1.3848514026893766,1.374511544267009,0.2350220039306763
SVR_CompositeKernel,"(1, 2, 3, 12, 24)","{'gamma_lag': 0.5, 'gamma_local': 0.5, 'gamma_macro': 0.05, 'gamma_spatial': 0.5, 'hidden_dim': 128, 'weight_decay': 0.0001}",5,36628.96769283234,3868.530744694032,77478.7242711635,6529.11159080054,11.456976498148112,1.0953782410844024,1.371235743792597,0.23859397578185468
SVR_CompositeKernel,"(1, 12, 24)","{'gamma_lag': 1.0, 'gamma_local': 0.5, 'gamma_macro': 0.05, 'gamma_spatial': 0.5, 'hidden_dim': 128, 'weight_decay': 0.0}",5,37728.42605273881,3243.9272265628006,77482.40563453971,5498.0330050650955,11.766786171178861,1.228751290011946,1.4095478147151956,0.21002909351887378
SVR_CompositeKernel,"(1, 12, 24)","{'gamma_lag': 1.0, 'gamma_local': 0.1, 'gamma_macro': 0.1, 'gamma_spatial': 1.0, 'hidden_dim': 128, 'weight_decay': 0.0}",5,37825.70235792233,7467.390898659599,77485.3561251969,7595.396892436409,12.228500475027072,2.866305667904046,1.4174745188135511,0.3481128529224155
SVR_CompositeKernel,"(1, 2, 3, 4, 5, 6, 12)","{'gamma_lag': 0.5, 'gamma_local': 0.1, 'gamma_macro': 0.05, 'gamma_spatial': 0.1, 'hidden_dim': 128, 'weight_decay': 0.0001}",5,39037.75145753614,9446.273862457452,77485.45975115633,6729.565074639432,13.0031009655826,3.6542540745440775,1.5487443043760003,0.37093957303075314
SVR_CompositeKernel,"(1, 2, 3, 4, 5, 6, 12, 24)","{'gamma_lag': 0.1, 'gamma_local': 0.5, 'gamma_macro': 0.05, 'gamma_spatial': 0.1, 'hidden_dim': 128, 'weight_decay': 0.0001}",5,35169.73168402778,5758.206736154177,77489.03423434283,8553.210072144682,11.062028401836084,2.007843129921418,1.3218575231001484,0.308444600671289
SVR_CompositeKernel,"(1, 12)","{'gamma_lag': 1.0, 'gamma_local': 0.1, 'gamma_macro': 0.05, 'gamma_spatial': 0.1, 'hidden_dim': 128, 'weight_decay': 0.0}",5,37192.58524615575,6606.523450487786,77514.57569116216,7081.73212914531,12.342198815530391,2.3197910310224548,1.4780867573116436,0.27445050583207076
SVR_CompositeKernel,"(1, 2, 3, 4, 5, 6, 12)","{'gamma_lag': 0.1, 'gamma_local': 0.5, 'gamma_macro': 0.1, 'gamma_spatial': 1.0, 'hidden_dim': 128, 'weight_decay': 0.0001}",5,35177.56784385629,5660.874111632224,77520.01265138166,7329.118147955983,10.87447225894886,2.213521919264453,1.3999089468112682,0.24528927888159216
SVR_CompositeKernel,"(1, 2, 12)","{'gamma_lag': 0.1, 'gamma_local': 1.0, 'gamma_macro': 0.05, 'gamma_spatial': 0.5, 'hidden_dim': 128, 'weight_decay': 0.0001}",5,37821.553060338716,6191.544262535554,77554.85719036311,6352.291511983737,13.164134840923051,2.7333127803039927,1.5034252209060124,0.260498547248188
SVR_CompositeKernel,"(1, 2, 12, 24)","{'gamma_lag': 0.1, 'gamma_local': 0.5, 'gamma_macro': 0.2, 'gamma_spatial': 0.5, 'hidden_dim': 128, 'weight_decay': 0.0001}",5,34566.62537158092,3562.0662595248373,77579.28669802318,6479.788144717907,11.097612277959412,1.4201779491831752,1.2899921868462747,0.19338226055743887
SVR_CompositeKernel,"(1, 2, 3, 12, 24)","{'gamma_lag': 0.5, 'gamma_local': 0.1, 'gamma_macro': 0.1, 'gamma_spatial': 0.5, 'hidden_dim': 128, 'weight_decay': 0.0001}",5,36372.89002178997,5257.377066517347,77581.67652484002,7756.556883577361,11.695667277554408,1.837779040088689,1.3631337926151104,0.2774486022693261
SVR_CompositeKernel,"(1, 2, 12)","{'gamma_lag': 0.1, 'gamma_local': 0.5, 'gamma_macro': 0.1, 'gamma_spatial': 0.5, 'hidden_dim': 128, 'weight_decay': 0.0}",5,35982.07457748724,6997.218754976664,77582.7299864105,9029.47392616494,12.077040008024339,3.3280032690282972,1.4312073145998443,0.29236172043808306
SVR_CompositeKernel,"(1, 2, 3, 4, 5, 6, 12)","{'gamma_lag': 0.1, 'gamma_local': 0.5, 'gamma_macro': 0.1, 'gamma_spatial': 1.0, 'hidden_dim': 128, 'weight_decay': 0.0}",5,36271.503004535145,6441.387656170162,77594.38024055578,6890.578233238016,11.435898208125137,2.7761356533957438,1.4404186460151427,0.2586242461482388
SVR_CompositeKernel,"(1, 2, 3, 12, 24)","{'gamma_lag': 1.0, 'gamma_local': 0.1, 'gamma_macro': 0.05, 'gamma_spatial': 0.1, 'hidden_dim': 128, 'weight_decay': 0.0001}",5,39291.65089551445,8287.207905049647,77599.83829193354,9001.682896395678,13.2866576720187,3.003060570068168,1.4733177277229867,0.38099091976481875
SVR_CompositeKernel,"(1, 2, 12)","{'gamma_lag': 0.5, 'gamma_local': 0.1, 'gamma_macro': 0.1, 'gamma_spatial': 0.1, 'hidden_dim': 128, 'weight_decay': 0.0}",5,35768.00831871811,7468.913879479387,77599.9058307013,6328.575293647791,11.501143263995823,2.958979023699058,1.4197230546568633,0.29406203977173195
SVR_CompositeKernel,"(1, 12)","{'gamma_lag': 0.5, 'gamma_local': 1.0, 'gamma_macro': 0.05, 'gamma_spatial': 1.0, 'hidden_dim': 128, 'weight_decay': 0.0}",5,35487.20213957979,3939.8829829746255,77626.63744486329,6483.616517292913,10.793363658215968,1.4125746288233356,1.4118685778052757,0.18706725636684032
SVR_CompositeKernel,"(1, 12, 24)","{'gamma_lag': 0.5, 'gamma_local': 1.0, 'gamma_macro': 0.05, 'gamma_spatial': 0.5, 'hidden_dim': 128, 'weight_decay': 0.0}",5,35337.93050949547,2253.899170831509,77630.00751686945,4375.3406504298555,10.612688011327862,0.952937113658602,1.3190178949797784,0.17222398621469262
SVR_CompositeKernel,"(1, 2, 3, 12)","{'gamma_lag': 1.0, 'gamma_local': 0.1, 'gamma_macro': 0.1, 'gamma_spatial': 0.1, 'hidden_dim': 128, 'weight_decay': 0.0001}",5,38757.31972390519,8514.09037510284,77633.4872234397,7001.75633166565,12.909851127294393,3.2848568874667015,1.5376691875894912,0.33285021424773253
SVR_CompositeKernel,"(1, 2, 12)","{'gamma_lag': 0.1, 'gamma_local': 0.5, 'gamma_macro': 0.1, 'gamma_spatial': 1.0, 'hidden_dim': 128, 'weight_decay': 0.0001}",5,35759.717379269416,6067.864606018826,77634.47209021497,5445.318477057442,11.831439362246737,2.942321420924637,1.4195077097477278,0.2409487462700373
SVR_CompositeKernel,"(1, 2, 12, 24)","{'gamma_lag': 0.1, 'gamma_local': 1.0, 'gamma_macro': 0.05, 'gamma_spatial': 1.0, 'hidden_dim': 128, 'weight_decay': 0.0}",5,39474.164314944726,5479.06481684853,77654.99960563963,4571.782245925952,13.412965043453047,3.0756008457492987,1.471721109559898,0.2536788837100799
SVR_CompositeKernel,"(1, 2, 3, 4, 5, 6, 12)","{'gamma_lag': 0.1, 'gamma_local': 0.1, 'gamma_macro': 0.2, 'gamma_spatial': 0.5, 'hidden_dim': 128, 'weight_decay': 0.0001}",5,35027.10328576743,6358.4553477785585,77658.28196983787,8017.867447509874,11.492009200832225,2.7434259291715404,1.3925827045130654,0.26309399903752984
SVR_CompositeKernel,"(1, 2, 3, 12, 24)","{'gamma_lag': 0.1, 'gamma_local': 1.0, 'gamma_macro': 0.1, 'gamma_spatial': 1.0, 'hidden_dim': 128, 'weight_decay': 0.0}",5,36191.62180103812,5010.761148765006,77661.35432136226,6864.241130288032,11.411912880570236,2.294276428503738,1.3545260418760054,0.2607269932785983
SVR_CompositeKernel,"(1, 12, 24)","{'gamma_lag': 0.1, 'gamma_local': 1.0, 'gamma_macro': 0.1, 'gamma_spatial': 1.0, 'hidden_dim': 128, 'weight_decay': 0.0}",5,36720.70956499788,3874.219415936524,77663.9743567158,5439.528186156161,12.073622840679054,1.7589013617787537,1.37208754353213,0.22178261928036572
SVR_CompositeKernel,"(1, 2, 3, 12, 24)","{'gamma_lag': 0.5, 'gamma_local': 0.1, 'gamma_macro': 0.2, 'gamma_spatial': 0.1, 'hidden_dim': 128, 'weight_decay': 0.0}",5,36792.849066840274,7194.691457949221,77665.52790453157,8134.848063946249,11.944380486613762,2.725016686739648,1.3766681286633782,0.32662522401092653
SVR_CompositeKernel,"(1, 2, 12)","{'gamma_lag': 0.1, 'gamma_local': 0.5, 'gamma_macro': 0.2, 'gamma_spatial': 0.5, 'hidden_dim': 128, 'weight_decay': 0.0001}",5,34176.41795634921,6061.372778925235,77665.96716461968,7345.275568366214,11.325222434942507,2.6581236434832967,1.3595419160152395,0.2552889433502301
SVR_CompositeKernel,"(1, 2, 3, 4, 5, 6, 12, 24)","{'gamma_lag': 0.1, 'gamma_local': 0.5, 'gamma_macro': 0.2, 'gamma_spatial': 1.0, 'hidden_dim': 128, 'weight_decay': 0.0001}",5,36020.61319975907,4463.872674704574,77666.03479573739,5957.887682800192,11.02763542277042,1.7767491355723648,1.3489863545967207,0.2520612590732568
SVR_CompositeKernel,"(1, 12)","{'gamma_lag': 1.0, 'gamma_local': 0.1, 'gamma_macro': 0.2, 'gamma_spatial': 1.0, 'hidden_dim': 128, 'weight_decay': 0.0}",5,36064.6980867347,4984.79500658755,77670.88164462193,8159.6631612449,11.234118309162046,2.092012367801274,1.432687323310494,0.20643165707010175
SVR_CompositeKernel,"(1, 2, 12, 24)","{'gamma_lag': 0.1, 'gamma_local': 1.0, 'gamma_macro': 0.05, 'gamma_spatial': 0.1, 'hidden_dim': 128, 'weight_decay': 0.0}",5,37817.742201229456,3087.6207270878904,77681.49799746143,6310.879561829171,12.359337241492883,1.089773771378742,1.413335995654571,0.2095734190318585
SVR_CompositeKernel,"(1, 2, 3, 12)","{'gamma_lag': 0.1, 'gamma_local': 1.0, 'gamma_macro': 0.05, 'gamma_spatial': 1.0, 'hidden_dim': 128, 'weight_decay': 0.0}",5,37407.95363830428,6927.848075774451,77696.80133502987,8546.933361383168,12.471102584205338,3.052316113975305,1.4882880334752664,0.29287529682915175
SVR_CompositeKernel,"(1, 12)","{'gamma_lag': 0.1, 'gamma_local': 0.5, 'gamma_macro': 0.1, 'gamma_spatial': 0.1, 'hidden_dim': 128, 'weight_decay': 0.0}",5,35019.21639119189,6979.168360932621,77704.32621577803,6011.635656277619,12.176794150714116,3.393343404285267,1.3923664915493947,0.2890988539045283
SVR_CompositeKernel,"(1, 2, 12)","{'gamma_lag': 0.1, 'gamma_local': 1.0, 'gamma_macro': 0.05, 'gamma_spatial': 0.1, 'hidden_dim': 128, 'weight_decay': 0.0}",5,37092.62904000141,4957.4015866609125,77705.12950264069,7321.428246101395,13.09765127782477,1.9620582170377483,1.476796121339764,0.2296819273378469
SVR_CompositeKernel,"(1, 2, 12, 24)","{'gamma_lag': 0.5, 'gamma_local': 0.5, 'gamma_macro': 0.05, 'gamma_spatial': 1.0, 'hidden_dim': 128, 'weight_decay': 0.0001}",5,37149.21054554634,4520.399680369096,77709.88287977774,6965.692945509873,11.47195559603179,1.5671012808338418,1.3908017378771473,0.2546384207249967
SVR_CompositeKernel,"(1, 2, 12)","{'gamma_lag': 0.1, 'gamma_local': 0.5, 'gamma_macro': 0.2, 'gamma_spatial': 0.5, 'hidden_dim': 128, 'weight_decay': 0.0}",5,34631.2929350907,5649.869248170561,77731.19472606413,5848.153538477729,11.455374698515126,2.607759061992364,1.3757397595070937,0.23160085276181208
SVR_CompositeKernel,"(1, 2, 3, 12, 24)","{'gamma_lag': 1.0, 'gamma_local': 0.1, 'gamma_macro': 0.2, 'gamma_spatial': 1.0, 'hidden_dim': 128, 'weight_decay': 0.0}",5,38416.72802047903,6014.210200276624,77752.16017987899,6582.529934519693,12.626483011237726,2.289821111206666,1.4370293659191131,0.2946784450849059
SVR_CompositeKernel,"(1, 2, 3, 12)","{'gamma_lag': 0.5, 'gamma_local': 0.1, 'gamma_macro': 0.1, 'gamma_spatial': 1.0, 'hidden_dim': 128, 'weight_decay': 0.0}",5,36719.904449670496,7822.323125983928,77753.91580495627,8402.892206549848,11.750546637813853,2.941080675108535,1.460692663065355,0.32190208040537877
SVR_CompositeKernel,"(1, 12, 24)","{'gamma_lag': 0.1, 'gamma_local': 1.0, 'gamma_macro': 0.05, 'gamma_spatial': 0.1, 'hidden_dim': 128, 'weight_decay': 0.0001}",5,38209.46594166312,3019.361924638797,77758.87389825149,6268.872288641912,13.067514095629495,1.1888128289603235,1.427121034461136,0.20555471315146465
SVR_CompositeKernel,"(1, 12)","{'gamma_lag': 0.1, 'gamma_local': 0.5, 'gamma_macro': 0.1, 'gamma_spatial': 1.0, 'hidden_dim': 128, 'weight_decay': 0.0}",5,36418.85237873795,6862.7028555661545,77764.06798451011,6989.378668420453,12.629439167047396,3.4109722130748974,1.445523897781019,0.2717237724167235
SVR_CompositeKernel,"(1, 2, 3, 4, 5, 6, 12, 24)","{'gamma_lag': 0.1, 'gamma_local': 1.0, 'gamma_macro': 0.1, 'gamma_spatial': 1.0, 'hidden_dim': 128, 'weight_decay': 0.0001}",5,35089.9048553536,2686.570654473934,77784.21152758322,5574.3088728042785,10.589388151831846,0.9804561103614996,1.3109527015137892,0.18812406675314583
SVR_CompositeKernel,"(1, 12)","{'gamma_lag': 0.1, 'gamma_local': 1.0, 'gamma_macro': 0.1, 'gamma_spatial': 1.0, 'hidden_dim': 128, 'weight_decay': 0.0}",5,36446.64898534935,7453.038187879888,77785.55948699282,8493.249239442035,12.247698539145828,3.190140233926304,1.4513278956192868,0.3206173296851764
SVR_CompositeKernel,"(1, 2, 3, 12, 24)","{'gamma_lag': 0.1, 'gamma_local': 0.5, 'gamma_macro': 0.1, 'gamma_spatial': 0.1, 'hidden_dim': 128, 'weight_decay': 0.0001}",5,35715.06385124363,5084.774492016831,77790.03631070796,7736.1417621811615,11.80640297396257,2.0941451723612743,1.3395587182085613,0.2754535908049763
SVR_CompositeKernel,"(1, 12, 24)","{'gamma_lag': 0.1, 'gamma_local': 1.0, 'gamma_macro': 0.2, 'gamma_spatial': 0.5, 'hidden_dim': 128, 'weight_decay': 0.0}",5,36776.16266209609,3819.673708528516,77803.62036468663,5755.01467123172,12.543735183783536,1.6171421900525504,1.3751592586822428,0.2250955383990684
SVR_CompositeKernel,"(1, 2, 3, 4, 5, 6, 12, 24)","{'gamma_lag': 1.0, 'gamma_local': 0.1, 'gamma_macro': 0.1, 'gamma_spatial': 0.5, 'hidden_dim': 128, 'weight_decay': 0.0}",5,40855.33418633078,10705.126320006957,77814.41490572182,10337.76303130574,13.932996836600296,4.133696426890947,1.5335953101118949,0.4701596343828885
SVR_CompositeKernel,"(1, 2, 3, 4, 5, 6, 12)","{'gamma_lag': 1.0, 'gamma_local': 0.1, 'gamma_macro': 0.05, 'gamma_spatial': 0.1, 'hidden_dim': 128, 'weight_decay': 0.0}",5,40710.640595326666,10574.172780663106,77821.48037066273,9079.544653648069,13.856744394295154,4.178710041766371,1.6156814893023586,0.4138598502914713
SVR_CompositeKernel,"(1, 2, 3, 4, 5, 6, 12, 24)","{'gamma_lag': 0.1, 'gamma_local': 1.0, 'gamma_macro': 0.05, 'gamma_spatial': 0.5, 'hidden_dim': 128, 'weight_decay': 0.0}",5,36137.66978590916,3767.3506803662544,77821.571613994,6566.002713290991,11.074543402089438,1.2083240254708085,1.3526953377651372,0.23349179413824755
SVR_CompositeKernel,"(1, 2, 12)","{'gamma_lag': 0.1, 'gamma_local': 1.0, 'gamma_macro': 0.05, 'gamma_spatial': 0.5, 'hidden_dim': 128, 'weight_decay': 0.0}",5,37046.57714090844,7257.611192253802,77822.64716903321,7246.0396494239785,12.788122042481934,3.9135337549966267,1.47231415254025,0.29509505438734973
SVR_CompositeKernel,"(1, 12)","{'gamma_lag': 1.0, 'gamma_local': 0.1, 'gamma_macro': 0.2, 'gamma_spatial': 0.1, 'hidden_dim': 128, 'weight_decay': 0.0001}",5,33970.630253950534,3758.9573699633456,77828.3884149985,6323.852224886544,10.813888062796583,1.195325870219228,1.3515897170576854,0.17963563537013272
SVR_CompositeKernel,"(1, 2, 3, 4, 5, 6, 12, 24)","{'gamma_lag': 0.1, 'gamma_local': 1.0, 'gamma_macro': 0.1, 'gamma_spatial': 0.5, 'hidden_dim': 128, 'weight_decay': 0.0001}",5,35020.46293225624,3960.9584497666165,77829.22707363225,6561.403208163854,10.677159611956748,1.4477433330480454,1.311640807220983,0.23675443550492792
SVR_CompositeKernel,"(1, 12)","{'gamma_lag': 0.1, 'gamma_local': 1.0, 'gamma_macro': 0.05, 'gamma_spatial': 0.5, 'hidden_dim': 128, 'weight_decay': 0.0}",5,38415.843900581065,6069.187273086585,77834.52040291826,6784.125823668941,13.986987421311238,2.608274802831543,1.5273101971394487,0.2601605843707639
SVR_CompositeKernel,"(1, 2, 3, 12, 24)","{'gamma_lag': 1.0, 'gamma_local': 0.1, 'gamma_macro': 0.1, 'gamma_spatial': 1.0, 'hidden_dim': 128, 'weight_decay': 0.0001}",5,37415.17915293721,5859.3421406950365,77836.6490640541,5827.615890827602,12.259437536384295,2.3304898050906253,1.398796202770381,0.2838887957257
SVR_CompositeKernel,"(1, 2, 12)","{'gamma_lag': 0.1, 'gamma_local': 1.0, 'gamma_macro': 0.2, 'gamma_spatial': 0.5, 'hidden_dim': 128, 'weight_decay': 0.0}",5,35563.521683673476,3563.315754198684,77841.14523312157,6436.776804346849,11.992611994521761,1.5970645914993473,1.4131913114252403,0.16086218124584944
SVR_CompositeKernel,"(1, 2, 3, 4, 5, 6, 12)","{'gamma_lag': 0.1, 'gamma_local': 0.5, 'gamma_macro': 0.2, 'gamma_spatial': 1.0, 'hidden_dim': 128, 'weight_decay': 0.0}",5,35147.639508485685,4386.5522089164915,77846.78698880454,6626.079605492315,10.864677145177755,1.5789833305800998,1.3974026593273305,0.19454183410772796
SVR_CompositeKernel,"(1, 2, 3, 12)","{'gamma_lag': 1.0, 'gamma_local': 0.1, 'gamma_macro': 0.1, 'gamma_spatial': 0.5, 'hidden_dim': 128, 'weight_decay': 0.0001}",5,38005.43707040108,5696.855243138744,77853.00477437659,7456.784585008421,12.42733817750884,2.249481040545433,1.5093341730068073,0.23176790876832218
SVR_CompositeKernel,"(1, 2, 12)","{'gamma_lag': 1.0, 'gamma_local': 0.1, 'gamma_macro': 0.2, 'gamma_spatial': 1.0, 'hidden_dim': 128, 'weight_decay': 0.0}",5,37075.68498308178,5827.843201787031,77856.85376437262,7839.524991800977,11.8312040639773,2.1657551513408855,1.475301558158452,0.253204053829649
SVR_CompositeKernel,"(1, 2, 3, 4, 5, 6, 12, 24)","{'gamma_lag': 0.5, 'gamma_local': 0.1, 'gamma_macro': 0.05, 'gamma_spatial': 1.0, 'hidden_dim': 128, 'weight_decay': 0.0}",5,38228.85912388393,9276.737175607384,77911.98420897083,12836.543432043365,12.487962531407343,3.172434070294017,1.4353363652892137,0.41575749704761084
SVR_CompositeKernel,"(1, 2, 12, 24)","{'gamma_lag': 0.1, 'gamma_local': 1.0, 'gamma_macro': 0.2, 'gamma_spatial': 0.5, 'hidden_dim': 128, 'weight_decay': 0.0001}",5,36345.560870181405,3315.34739626752,77913.13406707517,5548.958683361733,11.986187424051108,1.5501609588833927,1.3571776805554991,0.200892144281787
SVR_CompositeKernel,"(1, 2, 12)","{'gamma_lag': 0.5, 'gamma_local': 0.5, 'gamma_macro': 0.1, 'gamma_spatial': 0.5, 'hidden_dim': 128, 'weight_decay': 0.0}",5,35626.88221239016,3055.7363879566565,77917.0528014482,3227.9215167727325,10.826413816698722,1.2956744512961862,1.4149406387588717,0.1383614501428286
SVR_CompositeKernel,"(1, 2, 12)","{'gamma_lag': 1.0, 'gamma_local': 0.1, 'gamma_macro': 0.05, 'gamma_spatial': 0.5, 'hidden_dim': 128, 'weight_decay': 0.0}",5,38536.96461034934,9780.607503391191,77923.8216169457,9689.242121429412,12.513963752227006,3.6300500613190136,1.5298004503259843,0.3858056588135423
SVR_CompositeKernel,"(1, 2, 3, 12)","{'gamma_lag': 0.1, 'gamma_local': 1.0, 'gamma_macro': 0.05, 'gamma_spatial': 0.5, 'hidden_dim': 128, 'weight_decay': 0.0}",5,37698.58808372307,6706.345309653087,77934.58667836583,7435.356777931242,12.854442368183637,3.0171039896218823,1.4997830735598103,0.28538409088050154
SVR_CompositeKernel,"(1, 2, 12, 24)","{'gamma_lag': 1.0, 'gamma_local': 0.1, 'gamma_macro': 0.05, 'gamma_spatial': 0.5, 'hidden_dim': 128, 'weight_decay': 0.0001}",5,37201.11034137613,7817.177253825836,77937.9228014535,11518.915050080723,12.099746320271592,2.7589357854566376,1.3937200625205415,0.35617993351921035
SVR_CompositeKernel,"(1, 2, 12, 24)","{'gamma_lag': 0.1, 'gamma_local': 1.0, 'gamma_macro': 0.2, 'gamma_spatial': 1.0, 'hidden_dim': 128, 'weight_decay': 0.0001}",5,35902.50789177649,4521.801758899676,77940.12847871093,6662.3785183516175,11.466177048853696,1.9482439090705117,1.345135077418262,0.25533052422634445
SVR_CompositeKernel,"(1, 2, 3, 4, 5, 6, 12)","{'gamma_lag': 0.5, 'gamma_local': 0.1, 'gamma_macro': 0.05, 'gamma_spatial': 0.1, 'hidden_dim': 128, 'weight_decay': 0.0}",5,39887.067731806266,6854.112701395705,77941.91568916712,6586.263138143281,13.550589016686072,2.8346429811786926,1.583235256862827,0.27199642166122096
SVR_CompositeKernel,"(1, 12, 24)","{'gamma_lag': 1.0, 'gamma_local': 0.1, 'gamma_macro': 0.2, 'gamma_spatial': 0.1, 'hidden_dim': 128, 'weight_decay': 0.0}",5,37758.134133184525,8837.318867579095,77965.24272544726,9575.856888290939,12.363895537212343,3.236007891103679,1.4146919031619078,0.3913107913380382
SVR_CompositeKernel,"(1, 2, 3, 12)","{'gamma_lag': 0.1, 'gamma_local': 0.5, 'gamma_macro': 0.2, 'gamma_spatial': 0.5, 'hidden_dim': 128, 'weight_decay': 0.0001}",5,34817.24178713151,5298.794131147785,77972.33520537546,7074.983833684449,11.423214840090846,2.36259489698065,1.385183115131332,0.23018715337286402
SVR_CompositeKernel,"(1, 2, 3, 4, 5, 6, 12, 24)","{'gamma_lag': 0.1, 'gamma_local': 1.0, 'gamma_macro': 0.2, 'gamma_spatial': 0.5, 'hidden_dim': 128, 'weight_decay': 0.0001}",5,35146.69841889881,3120.6078816657737,77972.7196978953,5661.279858016536,10.643293748144178,0.9186564118982096,1.3139470603557517,0.2025111672687628
SVR_CompositeKernel,"(1, 2, 12, 24)","{'gamma_lag': 1.0, 'gamma_local': 0.1, 'gamma_macro': 0.2, 'gamma_spatial': 0.5, 'hidden_dim': 128, 'weight_decay': 0.0}",5,38717.79661015448,9588.413782523286,77989.44532555346,9774.944981100158,12.759802467871783,3.5432419641687174,1.4537380203689165,0.4270988503607899
SVR_CompositeKernel,"(1, 2, 3, 12)","{'gamma_lag': 0.5, 'gamma_local': 0.1, 'gamma_macro': 0.2, 'gamma_spatial': 1.0, 'hidden_dim': 128, 'weight_decay': 0.0}",5,36598.03592155612,5126.2165921160195,78005.87906783675,7581.846399466207,11.636173985800799,1.9905104429846614,1.4539176374913318,0.21207522682480337
SVR_CompositeKernel,"(1, 2, 3, 12)","{'gamma_lag': 0.1, 'gamma_local': 1.0, 'gamma_macro': 0.1, 'gamma_spatial': 1.0, 'hidden_dim': 128, 'weight_decay': 0.0}",5,34966.52646462231,4909.157197832232,78018.91121813974,6637.308104887867,11.120657544948681,2.0747203683269557,1.3901511741997186,0.21087027446514314
SVR_CompositeKernel,"(1, 12, 24)","{'gamma_lag': 0.5, 'gamma_local': 0.5, 'gamma_macro': 0.1, 'gamma_spatial': 1.0, 'hidden_dim': 128, 'weight_decay': 0.0}",5,37332.707873618194,3926.3342880812243,78022.49196009137,5424.620982580312,11.45432461089479,1.6430969548700338,1.3954490253997902,0.2284495109773669
SVR_CompositeKernel,"(1, 12, 24)","{'gamma_lag': 0.5, 'gamma_local': 0.5, 'gamma_macro': 0.05, 'gamma_spatial': 0.1, 'hidden_dim': 128, 'weight_decay': 0.0}",5,36045.43489273313,4310.859368086644,78034.36795405982,8684.332163081404,11.007495570883687,1.6098661778490841,1.3489401636092737,0.2409088193254656
SVR_CompositeKernel,"(1, 2, 3, 12)","{'gamma_lag': 0.1, 'gamma_local': 0.5, 'gamma_macro': 0.1, 'gamma_spatial': 0.5, 'hidden_dim': 128, 'weight_decay': 0.0}",5,37615.66929209184,5491.981685838218,78051.45099784418,6720.948449285011,12.959691862555951,2.4840091730978555,1.495231702694757,0.235800911748976
SVR_CompositeKernel,"(1, 12)","{'gamma_lag': 0.5, 'gamma_local': 0.5, 'gamma_macro': 0.2, 'gamma_spatial': 0.5, 'hidden_dim': 128, 'weight_decay': 0.0001}",5,34637.61730752196,3744.8189110365806,78051.73146379009,6067.04533802647,10.464226869444456,1.438782760678782,1.3780260556992767,0.18115042453665908
SVR_CompositeKernel,"(1, 12)","{'gamma_lag': 0.5, 'gamma_local': 0.1, 'gamma_macro': 0.2, 'gamma_spatial': 0.1, 'hidden_dim': 128, 'weight_decay': 0.0001}",5,35115.94869348781,6889.939751049487,78067.48481263008,7373.639270358547,11.51468632922117,2.8106920774747635,1.39629573233814,0.285189711469764
SVR_CompositeKernel,"(1, 2, 12, 24)","{'gamma_lag': 0.1, 'gamma_local': 0.5, 'gamma_macro': 0.2, 'gamma_spatial': 0.1, 'hidden_dim': 128, 'weight_decay': 0.0001}",5,35518.574908765586,4191.40303589167,78087.98200038658,6355.739094877748,11.749146640138061,1.789178291948619,1.3300356076086892,0.2414252368623974
SVR_CompositeKernel,"(1, 2, 3, 4, 5, 6, 12, 24)","{'gamma_lag': 0.5, 'gamma_local': 0.1, 'gamma_macro': 0.05, 'gamma_spatial': 0.5, 'hidden_dim': 128, 'weight_decay': 0.0001}",5,38323.43077566964,9484.765834371992,78113.0181439968,12635.549384109794,12.5712284819701,3.2979730513349197,1.437844932435366,0.4201395610615459
SVR_CompositeKernel,"(1, 12, 24)","{'gamma_lag': 0.1, 'gamma_local': 1.0, 'gamma_macro': 0.2, 'gamma_spatial': 1.0, 'hidden_dim': 128, 'weight_decay': 0.0001}",5,36273.53156001984,4152.476258847634,78128.46187594249,7186.194243453178,11.733304354021115,2.0599606280856957,1.3552533877923971,0.22417686047515958
SVR_CompositeKernel,"(1, 12, 24)","{'gamma_lag': 0.5, 'gamma_local': 0.5, 'gamma_macro': 0.1, 'gamma_spatial': 0.5, 'hidden_dim': 128, 'weight_decay': 0.0001}",5,35785.62517626842,3364.708651704857,78134.28071714831,5608.139138498234,10.926903558044236,1.2489405245320844,1.3381182305110486,0.21236240569273054
SVR_CompositeKernel,"(1, 2, 3, 4, 5, 6, 12)","{'gamma_lag': 0.5, 'gamma_local': 0.1, 'gamma_macro': 0.05, 'gamma_spatial': 0.5, 'hidden_dim': 128, 'weight_decay': 0.0001}",5,38409.4980194161,10314.961185191654,78137.78566172853,14176.185671051633,12.537690664823163,3.5180908505949158,1.5240150754342863,0.40421242185610734
SVR_CompositeKernel,"(1, 2, 3, 12)","{'gamma_lag': 1.0, 'gamma_local': 0.1, 'gamma_macro': 0.1, 'gamma_spatial': 0.1, 'hidden_dim': 128, 'weight_decay': 0.0}",5,36883.869404141864,5749.810886677339,78155.62630078182,6546.833634711824,12.151999290696953,2.1201706566327174,1.4649297580979916,0.2355386809951325
SVR_CompositeKernel,"(1, 2, 12)","{'gamma_lag': 1.0, 'gamma_local': 0.1, 'gamma_macro': 0.1, 'gamma_spatial': 0.5, 'hidden_dim': 128, 'weight_decay': 0.0}",5,38414.31919731434,8264.022877062076,78166.07762331124,9042.099098972005,12.545857468617866,3.173891708871913,1.5239159784372238,0.3213828057691656
SVR_CompositeKernel,"(1, 2, 12, 24)","{'gamma_lag': 0.1, 'gamma_local': 1.0, 'gamma_macro': 0.2, 'gamma_spatial': 1.0, 'hidden_dim': 128, 'weight_decay': 0.0}",5,37248.43268849206,2552.8710416214335,78211.8690569166,5594.659098027791,12.251932267815933,1.4292414527351647,1.388071129808566,0.16453667871585081
SVR_CompositeKernel,"(1, 2, 3, 12)","{'gamma_lag': 0.1, 'gamma_local': 0.5, 'gamma_macro': 0.05, 'gamma_spatial': 0.1, 'hidden_dim': 128, 'weight_decay': 0.0}",5,35878.59394708404,4739.882137400976,78214.54498009101,7661.136362224229,12.240738677910565,1.7219515906694056,1.4270908177464676,0.2144493972565192
SVR_CompositeKernel,"(1, 12)","{'gamma_lag': 0.1, 'gamma_local': 0.5, 'gamma_macro': 0.2, 'gamma_spatial': 0.5, 'hidden_dim': 128, 'weight_decay': 0.0001}",5,34790.95719556051,3545.8243911881696,78233.19833993194,7794.4523114148615,11.749758503978512,1.5392442295254642,1.38390174063955,0.1714654390386205
SVR_CompositeKernel,"(1, 12, 24)","{'gamma_lag': 1.0, 'gamma_local': 0.1, 'gamma_macro': 0.2, 'gamma_spatial': 0.1, 'hidden_dim': 128, 'weight_decay': 0.0001}",5,37541.46969777494,8277.413665853495,78247.68819500845,9094.383385519224,12.455239046802202,3.218405321646773,1.4070829854947997,0.37373791102322695
SVR_CompositeKernel,"(1, 2, 12, 24)","{'gamma_lag': 0.5, 'gamma_local': 0.5, 'gamma_macro': 0.05, 'gamma_spatial': 0.5, 'hidden_dim': 128, 'weight_decay': 0.0001}",5,37137.48490845557,3743.2972043110153,78256.8315184392,5177.440214380101,11.233850415286648,1.2757903631069756,1.3882840137471246,0.2248290628933063
SVR_CompositeKernel,"(1, 2, 12)","{'gamma_lag': 0.1, 'gamma_local': 1.0, 'gamma_macro': 0.1, 'gamma_spatial': 1.0, 'hidden_dim': 128, 'weight_decay': 0.0}",5,38145.23100818452,6147.856855816455,78267.75836598834,7991.4092657425135,12.918513414329377,2.621468187601602,1.517783479664203,0.2674478797333365
SVR_CompositeKernel,"(1, 2, 3, 12)","{'gamma_lag': 0.1, 'gamma_local': 0.1, 'gamma_macro': 0.2, 'gamma_spatial': 0.5, 'hidden_dim': 128, 'weight_decay': 0.0001}",5,35206.935171308105,8498.826172319652,78268.46455407169,8023.250214770365,11.903167696719843,3.652994464860265,1.3974908169597142,0.3335915226043425
SVR_CompositeKernel,"(1, 12, 24)","{'gamma_lag': 1.0, 'gamma_local': 0.1, 'gamma_macro': 0.1, 'gamma_spatial': 0.5, 'hidden_dim': 128, 'weight_decay': 0.0001}",5,37113.99586123512,9437.377938525076,78270.2364463755,12765.980468852544,11.948616109445613,3.315332618757759,1.3917107249859133,0.41389859283434105
SVR_CompositeKernel,"(1, 2, 3, 4, 5, 6, 12)","{'gamma_lag': 0.1, 'gamma_local': 0.5, 'gamma_macro': 0.2, 'gamma_spatial': 0.5, 'hidden_dim': 128, 'weight_decay': 0.0}",5,34968.88691494827,4624.502499949548,78271.97039311953,7976.632389733996,10.830242828007291,1.8320657255281116,1.3921626663433915,0.21360210726400153
SVR_CompositeKernel,"(1, 2, 12)","{'gamma_lag': 1.0, 'gamma_local': 0.1, 'gamma_macro': 0.05, 'gamma_spatial': 1.0, 'hidden_dim': 128, 'weight_decay': 0.0001}",5,38746.014756944445,11211.396512272768,78302.11477107673,14127.355702116958,12.76173904468773,4.245883576324025,1.5363350212551004,0.4340361229618387
SVR_CompositeKernel,"(1, 2, 3, 12)","{'gamma_lag': 0.1, 'gamma_local': 0.5, 'gamma_macro': 0.1, 'gamma_spatial': 0.1, 'hidden_dim': 128, 'weight_decay': 0.0001}",5,35679.529745960885,6511.270384963956,78310.1074850093,8147.157760040236,11.961038706109415,2.828980875183936,1.420601321795208,0.28424908284000444
SVR_CompositeKernel,"(1, 2, 3, 4, 5, 6, 12)","{'gamma_lag': 0.1, 'gamma_local': 0.5, 'gamma_macro': 0.1, 'gamma_spatial': 0.5, 'hidden_dim': 128, 'weight_decay': 0.0}",5,36814.7448027388,6192.469566998361,78327.23533070712,8795.13434852843,11.638700655078466,2.334689515068921,1.4659384395375035,0.2719432339327502
SVR_CompositeKernel,"(1, 2, 3, 12)","{'gamma_lag': 0.1, 'gamma_local': 0.1, 'gamma_macro': 0.2, 'gamma_spatial': 1.0, 'hidden_dim': 128, 'weight_decay': 0.0001}",5,36730.77502480159,10786.423504995826,78372.02021179136,6899.317313960168,12.284290731167792,4.888120864499038,1.4564453212293775,0.41814774411697697
SVR_CompositeKernel,"(1, 12, 24)","{'gamma_lag': 0.5, 'gamma_local': 0.5, 'gamma_macro': 0.1, 'gamma_spatial': 0.1, 'hidden_dim': 128, 'weight_decay': 0.0}",5,35278.341960299746,3995.1719934688113,78384.23484759513,7196.891185698676,10.808576560833222,1.3070778143975665,1.3209446760930457,0.2379278086349467
SVR_CompositeKernel,"(1, 2, 3, 4, 5, 6, 12)","{'gamma_lag': 0.1, 'gamma_local': 0.5, 'gamma_macro': 0.05, 'gamma_spatial': 0.1, 'hidden_dim': 128, 'weight_decay': 0.0001}",5,35541.88027299462,5467.618463191753,78388.3561636527,6979.073474020087,11.384724201495217,2.224589157881589,1.4146378321551154,0.245632645820972
SVR_CompositeKernel,"(1, 12, 24)","{'gamma_lag': 1.0, 'gamma_local': 0.1, 'gamma_macro': 0.2, 'gamma_spatial': 1.0, 'hidden_dim': 128, 'weight_decay': 0.0}",5,38389.189994331064,6414.475124719535,78393.5289492554,6142.50925671806,12.463462511075864,2.6098986230100256,1.4378267354162755,0.31271547651941417
SVR_CompositeKernel,"(1, 2, 3, 12)","{'gamma_lag': 0.5, 'gamma_local': 0.1, 'gamma_macro': 0.1, 'gamma_spatial': 0.1, 'hidden_dim': 128, 'weight_decay': 0.0001}",5,37242.53685515873,9339.940862376057,78394.84905399775,10319.835822390241,12.192749655900757,3.43589597150282,1.478525312783792,0.36826445730359786
SVR_CompositeKernel,"(1, 2, 3, 12)","{'gamma_lag': 1.0, 'gamma_local': 0.1, 'gamma_macro': 0.2, 'gamma_spatial': 0.5, 'hidden_dim': 128, 'weight_decay': 0.0001}",5,38077.71899580145,6754.64034516751,78404.37298463695,6907.730761465608,12.320267876681854,2.507958300429335,1.5126885459012434,0.27368155979556985
SVR_CompositeKernel,"(1, 2, 3, 12)","{'gamma_lag': 0.1, 'gamma_local': 0.5, 'gamma_macro': 0.2, 'gamma_spatial': 1.0, 'hidden_dim': 128, 'weight_decay': 0.0001}",5,36752.27191353104,5698.728485249653,78414.12058628758,6312.451236956648,11.99116082046654,2.7281704575854966,1.4593453054553365,0.2297526350114302
SVR_CompositeKernel,"(1, 12)","{'gamma_lag': 0.1, 'gamma_local': 1.0, 'gamma_macro': 0.2, 'gamma_spatial': 0.1, 'hidden_dim': 128, 'weight_decay': 0.0}",5,33844.00292082979,4197.54515411045,78423.15187380147,7038.619472513436,11.789476338604427,1.6553125062069596,1.3468305949025303,0.19638817815078383
SVR_CompositeKernel,"(1, 2, 12)","{'gamma_lag': 0.5, 'gamma_local': 0.5, 'gamma_macro': 0.05, 'gamma_spatial': 0.5, 'hidden_dim': 128, 'weight_decay': 0.0001}",5,35820.19843218538,5357.950123174311,78437.9569088704,6991.769089236128,10.9037890479,1.9370776601415136,1.4257560521336052,0.23962611046128257
SVR_CompositeKernel,"(1, 2, 3, 12)","{'gamma_lag': 0.1, 'gamma_local': 1.0, 'gamma_macro': 0.2, 'gamma_spatial': 1.0, 'hidden_dim': 128, 'weight_decay': 0.0001}",5,36801.8985809949,6589.53113030907,78451.44097625095,5978.444216676636,11.661443106616115,2.8278561520118015,1.4630099313569027,0.2720606125031299
SVR_CompositeKernel,"(1, 2, 12, 24)","{'gamma_lag': 1.0, 'gamma_local': 0.1, 'gamma_macro': 0.2, 'gamma_spatial': 1.0, 'hidden_dim': 128, 'weight_decay': 0.0}",5,38893.964706455496,6330.448632787205,78451.99306742797,6802.673590778809,12.644471311747841,2.447561741482967,1.4536155251292155,0.2993144196283872
SVR_CompositeKernel,"(1, 2, 3, 4, 5, 6, 12)","{'gamma_lag': 0.1, 'gamma_local': 1.0, 'gamma_macro': 0.05, 'gamma_spatial': 0.5, 'hidden_dim': 128, 'weight_decay': 0.0}",5,36089.889288371596,4338.106983485205,78454.1424099147,5895.193408737777,11.148764852064144,1.8382095604222206,1.4351810578061373,0.19871008374282362
SVR_CompositeKernel,"(1, 2, 12)","{'gamma_lag': 1.0, 'gamma_local': 0.1, 'gamma_macro': 0.2, 'gamma_spatial': 0.1, 'hidden_dim': 128, 'weight_decay': 0.0}",5,36570.19395505598,3948.6669263730364,78455.12010796204,4701.455008503145,11.88261024366898,1.5536823647744307,1.452307236109096,0.16729782830060788
SVR_CompositeKernel,"(1, 2, 3, 12, 24)","{'gamma_lag': 0.5, 'gamma_local': 0.1, 'gamma_macro': 0.2, 'gamma_spatial': 0.1, 'hidden_dim': 128, 'weight_decay': 0.0001}",5,37634.88509557468,9740.475154844149,78458.08378449416,8282.031657326159,12.26686062935234,3.5406922856976824,1.415582479551698,0.43737541613999786
SVR_CompositeKernel,"(1, 2, 3, 12)","{'gamma_lag': 0.5, 'gamma_local': 0.1, 'gamma_macro': 0.1, 'gamma_spatial': 0.1, 'hidden_dim': 128, 'weight_decay': 0.0}",5,36274.936058407744,6044.1423735894305,78463.92712044339,6428.785282733868,11.706763045951913,2.2788393142422727,1.4406400274959907,0.2461008971958784
SVR_CompositeKernel,"(1, 2, 3, 4, 5, 6, 12, 24)","{'gamma_lag': 0.1, 'gamma_local': 0.5, 'gamma_macro': 0.2, 'gamma_spatial': 0.1, 'hidden_dim': 128, 'weight_decay': 0.0}",5,35385.26821853742,4048.7880856282136,78465.53910976692,7422.666266008548,11.304044083029288,1.370018906313028,1.3242671073449497,0.230604565579685
SVR_CompositeKernel,"(1, 2, 12)","{'gamma_lag': 0.1, 'gamma_local': 1.0, 'gamma_macro': 0.2, 'gamma_spatial': 0.1, 'hidden_dim': 128, 'weight_decay': 0.0}",5,36210.58934284652,5095.97805183942,78473.49533240162,6346.876826681607,12.418065340168065,2.4573588509369,1.4394755933580923,0.2197195124015257
SVR_CompositeKernel,"(1, 12)","{'gamma_lag': 1.0, 'gamma_local': 0.1, 'gamma_macro': 0.2, 'gamma_spatial': 0.5, 'hidden_dim': 128, 'weight_decay': 0.0}",5,35860.759478192325,6514.8094082298385,78473.74975769132,7869.939678815072,11.389437467261194,2.4583026761273152,1.4245079236631568,0.26245674240402933
SVR_CompositeKernel,"(1, 12)","{'gamma_lag': 0.5, 'gamma_local': 1.0, 'gamma_macro': 0.1, 'gamma_spatial': 1.0, 'hidden_dim': 128, 'weight_decay': 0.0001}",5,35990.019915231715,1970.6831523784651,78476.55918403403,6127.747405945989,10.993248747916288,0.5303627668238484,1.430635934999048,0.11947932192082897
SVR_CompositeKernel,"(1, 2, 3, 4, 5, 6, 12)","{'gamma_lag': 0.1, 'gamma_local': 0.5, 'gamma_macro': 0.05, 'gamma_spatial': 0.1, 'hidden_dim': 128, 'weight_decay': 0.0}",5,35565.578551055834,6037.7167259054195,78482.15499630748,7871.6491126845185,11.49437589991971,2.3399410318845497,1.4143927877450697,0.2568011347276385
SVR_CompositeKernel,"(1, 2, 12)","{'gamma_lag': 0.1, 'gamma_local': 0.5, 'gamma_macro': 0.2, 'gamma_spatial': 0.1, 'hidden_dim': 128, 'weight_decay': 0.0001}",5,34212.19032870961,5361.37443103705,78485.71502344271,7269.8116114142695,11.364526234336335,2.4881998884374963,1.3598318388116262,0.2253241315150502
SVR_CompositeKernel,"(1, 2, 3, 12)","{'gamma_lag': 0.1, 'gamma_local': 1.0, 'gamma_macro': 0.05, 'gamma_spatial': 1.0, 'hidden_dim': 128, 'weight_decay': 0.0001}",5,36855.513152370324,6635.968814134578,78509.2332954378,7874.774775512931,12.18440350814468,2.693365289766623,1.4682668460786155,0.2941395319614135
SVR_CompositeKernel,"(1, 12)","{'gamma_lag': 1.0, 'gamma_local': 0.5, 'gamma_macro': 0.05, 'gamma_spatial': 1.0, 'hidden_dim': 128, 'weight_decay': 0.0}",5,36960.590093537416,5265.64683720496,78520.462558548,6953.1658466167155,11.285680032684784,1.8971756051287683,1.4695898416786453,0.22852485940967548
SVR_CompositeKernel,"(1, 2, 12)","{'gamma_lag': 0.5, 'gamma_local': 0.1, 'gamma_macro': 0.2, 'gamma_spatial': 0.5, 'hidden_dim': 128, 'weight_decay': 0.0001}",5,34799.07154505031,5649.486560012373,78526.76693636324,6853.443009174513,10.972310879298657,2.0815620457023454,1.3827944509750794,0.23239050993800073
SVR_CompositeKernel,"(1, 2, 3, 12, 24)","{'gamma_lag': 0.1, 'gamma_local': 1.0, 'gamma_macro': 0.05, 'gamma_spatial': 0.1, 'hidden_dim': 128, 'weight_decay': 0.0001}",5,37588.39376638676,4227.216515917047,78527.09732921154,7837.417699965588,12.456792287698253,1.7162565664619471,1.407846817276204,0.253957397095049
SVR_CompositeKernel,"(1, 2, 12, 24)","{'gamma_lag': 0.5, 'gamma_local': 0.1, 'gamma_macro': 0.2, 'gamma_spatial': 0.5, 'hidden_dim': 128, 'weight_decay': 0.0}",5,36726.1790098852,4594.916651908484,78534.74375600832,4224.080440513173,11.628348219038411,1.86207341187307,1.369718159979406,0.22460429562851728
SVR_CompositeKernel,"(1, 2, 3, 12, 24)","{'gamma_lag': 1.0, 'gamma_local': 0.1, 'gamma_macro': 0.2, 'gamma_spatial': 0.5, 'hidden_dim': 128, 'weight_decay': 0.0001}",5,38956.60392352253,5047.846441768305,78553.36889425779,6440.969414610022,12.904935248776217,1.7563840017641303,1.454634375370866,0.25406161601605914
SVR_CompositeKernel,"(1, 2, 3, 12)","{'gamma_lag': 0.5, 'gamma_local': 0.1, 'gamma_macro': 0.2, 'gamma_spatial': 0.1, 'hidden_dim': 128, 'weight_decay': 0.0001}",5,35008.45164576247,4893.0720180212475,78566.63139942198,6167.942442309893,11.26183132973377,1.847312182977144,1.3919532505129077,0.21158824332518636
SVR_CompositeKernel,"(1, 2, 3, 4, 5, 6, 12)","{'gamma_lag': 1.0, 'gamma_local': 0.1, 'gamma_macro': 0.1, 'gamma_spatial': 1.0, 'hidden_dim': 128, 'weight_decay': 0.0001}",5,39334.66265766723,7814.151804586957,78575.38788860144,7130.546036530264,13.12188869781607,3.004128802683281,1.5596744514191276,0.3026790420696167
SVR_CompositeKernel,"(1, 2, 3, 4, 5, 6, 12, 24)","{'gamma_lag': 0.1, 'gamma_local': 1.0, 'gamma_macro': 0.1, 'gamma_spatial': 1.0, 'hidden_dim': 128, 'weight_decay': 0.0}",5,36344.45443948413,4609.094225364691,78594.94710676864,6693.7781114171175,11.162639585271135,1.8396918517890155,1.3613748426784116,0.25800597660658414
SVR_CompositeKernel,"(1, 2, 12, 24)","{'gamma_lag': 0.1, 'gamma_local': 0.5, 'gamma_macro': 0.2, 'gamma_spatial': 0.1, 'hidden_dim': 128, 'weight_decay': 0.0}",5,34940.16086353812,4343.233877691002,78597.72592965854,8205.80552526374,11.64821900881253,1.8794941368479356,1.307945817692468,0.24185453855168473
SVR_CompositeKernel,"(1, 12)","{'gamma_lag': 1.0, 'gamma_local': 0.1, 'gamma_macro': 0.2, 'gamma_spatial': 0.1, 'hidden_dim': 128, 'weight_decay': 0.0}",5,35374.211909190766,5569.0563612774595,78600.87127879301,5369.562343304718,11.475630705056393,2.4308655128272405,1.4038634940930677,0.22075967097878582
SVR_CompositeKernel,"(1, 12, 24)","{'gamma_lag': 0.1, 'gamma_local': 0.5, 'gamma_macro': 0.1, 'gamma_spatial': 0.1, 'hidden_dim': 128, 'weight_decay': 0.0001}",5,36217.64752161281,3509.8152968967397,78622.81348403147,5826.28899063966,12.081329741327668,1.8753383906496646,1.3533404148865817,0.21208213278280544
SVR_CompositeKernel,"(1, 2, 3, 4, 5, 6, 12)","{'gamma_lag': 0.5, 'gamma_local': 0.1, 'gamma_macro': 0.1, 'gamma_spatial': 0.1, 'hidden_dim': 128, 'weight_decay': 0.0001}",5,38958.82308806335,8926.493559328168,78625.68057669551,9466.314810625861,12.955747794684438,3.2898416920144,1.5486665515541826,0.3627264194034708
SVR_CompositeKernel,"(1, 12, 24)","{'gamma_lag': 1.0, 'gamma_local': 0.5, 'gamma_macro': 0.05, 'gamma_spatial': 1.0, 'hidden_dim': 128, 'weight_decay': 0.0001}",5,38609.59190449618,5389.852401550929,78633.80260446185,8100.199960120035,11.975360916028265,1.667443956525516,1.447795066858017,0.2962623266526857
SVR_CompositeKernel,"(1, 2, 12)","{'gamma_lag': 0.5, 'gamma_local': 1.0, 'gamma_macro': 0.05, 'gamma_spatial': 1.0, 'hidden_dim': 128, 'weight_decay': 0.0001}",5,37636.64397941468,4116.977612368124,78638.16732401721,5202.1927435240505,11.63698050267257,1.4613398071204764,1.4953907630047325,0.18014818409663302
SVR_CompositeKernel,"(1, 2, 3, 12)","{'gamma_lag': 1.0, 'gamma_local': 0.1, 'gamma_macro': 0.05, 'gamma_spatial': 1.0, 'hidden_dim': 128, 'weight_decay': 0.0001}",5,37600.35041586947,8806.428252153477,78640.07466571148,11150.441721690859,12.134066155675225,3.0964358561333762,1.4915117255278663,0.34226124748850045
SVR_CompositeKernel,"(1, 2, 3, 12, 24)","{'gamma_lag': 0.1, 'gamma_local': 0.1, 'gamma_macro': 0.05, 'gamma_spatial': 1.0, 'hidden_dim': 64, 'weight_decay': 0.0001}",5,35763.088872945016,5565.757836819034,78650.95472346831,7256.121687796371,11.944607714352063,2.186841967467391,1.3387299345988626,0.2774361327121564
SVR_CompositeKernel,"(1, 2, 3, 4, 5, 6, 12)","{'gamma_lag': 0.5, 'gamma_local': 0.1, 'gamma_macro': 0.05, 'gamma_spatial': 1.0, 'hidden_dim': 128, 'weight_decay': 0.0001}",5,37823.7716309701,7828.469101614408,78671.50818943749,10398.040574438013,12.245425427489861,2.7546378226605968,1.5016530436646711,0.3120297786867079
SVR_CompositeKernel,"(1, 2, 12)","{'gamma_lag': 0.1, 'gamma_local': 0.5, 'gamma_macro': 0.1, 'gamma_spatial': 0.1, 'hidden_dim': 128, 'weight_decay': 0.0}",5,35844.7348174426,4313.600611695267,78688.99614393289,7871.2529925672425,12.521744963007885,2.0939997075763173,1.4240336826899371,0.18402294654713233
SVR_CompositeKernel,"(1, 2, 3, 12, 24)","{'gamma_lag': 0.1, 'gamma_local': 1.0, 'gamma_macro': 0.05, 'gamma_spatial': 0.1, 'hidden_dim': 128, 'weight_decay': 0.0}",5,38332.931492258365,3778.587124063028,78689.06269569203,5050.510450036507,12.837649286366135,1.8146266159546114,1.4333162603263179,0.23251363436399822
SVR_CompositeKernel,"(1, 2, 12)","{'gamma_lag': 1.0, 'gamma_local': 0.5, 'gamma_macro': 0.05, 'gamma_spatial': 1.0, 'hidden_dim': 128, 'weight_decay': 0.0001}",5,37601.562720556976,4273.84675356761,78690.75346775906,6724.243811382699,11.643546843168249,1.2642669410620475,1.4951466113078982,0.1972269785101907
SVR_CompositeKernel,"(1, 2, 12)","{'gamma_lag': 0.5, 'gamma_local': 1.0, 'gamma_macro': 0.05, 'gamma_spatial': 1.0, 'hidden_dim': 128, 'weight_decay': 0.0}",5,36432.268709697426,2527.4455502932556,78703.82124013189,6008.539734029544,11.076800415690249,0.8766186724327026,1.4488381041134644,0.14214827173735756
SVR_CompositeKernel,"(1, 2, 3, 12)","{'gamma_lag': 0.5, 'gamma_local': 0.5, 'gamma_macro': 0.05, 'gamma_spatial': 1.0, 'hidden_dim': 128, 'weight_decay': 0.0001}",5,37556.44140669289,4803.09858451874,78711.34975373946,5756.944725014395,11.466239252858488,1.7146711967240078,1.4924489906692133,0.2101322158046996
SVR_CompositeKernel,"(1, 12)","{'gamma_lag': 0.1, 'gamma_local': 1.0, 'gamma_macro': 0.1, 'gamma_spatial': 0.5, 'hidden_dim': 128, 'weight_decay': 0.0001}",5,37100.48006882441,7597.321280326753,78713.52906661118,6232.530222219962,13.007244751371994,3.813109192958794,1.4737933537518528,0.30703039773558344
SVR_CompositeKernel,"(1, 2, 12)","{'gamma_lag': 0.1, 'gamma_local': 0.1, 'gamma_macro': 0.1, 'gamma_spatial': 1.0, 'hidden_dim': 128, 'weight_decay': 0.0001}",5,39373.06468918297,14680.376936251912,78714.11658551166,12826.423387734869,14.155749003500896,6.938368957461324,1.5595451502554958,0.5657544694954529
SVR_CompositeKernel,"(1, 12, 24)","{'gamma_lag': 0.5, 'gamma_local': 1.0, 'gamma_macro': 0.05, 'gamma_spatial': 0.5, 'hidden_dim': 128, 'weight_decay': 0.0001}",5,37602.978137400794,3061.6641243349122,78742.94744530614,7102.858057173074,11.349222647043558,1.1292240628034491,1.4051424558645311,0.2069003136108494
SVR_CompositeKernel,"(1, 12, 24)","{'gamma_lag': 1.0, 'gamma_local': 0.1, 'gamma_macro': 0.1, 'gamma_spatial': 1.0, 'hidden_dim': 128, 'weight_decay': 0.0001}",5,37480.08629978033,7613.252588142788,78745.81974721851,11316.752904093753,12.000645795943178,2.5750355252821544,1.4030928481919134,0.34673466081083326
SVR_CompositeKernel,"(1, 12, 24)","{'gamma_lag': 0.1, 'gamma_local': 1.0, 'gamma_macro': 0.1, 'gamma_spatial': 1.0, 'hidden_dim': 128, 'weight_decay': 0.0001}",5,37727.850591695016,5537.8137203266815,78746.02373465197,5454.899414581238,12.546229516881874,2.6319633255080284,1.4131231415685406,0.28800053279099974
SVR_CompositeKernel,"(1, 12, 24)","{'gamma_lag': 0.1, 'gamma_local': 0.1, 'gamma_macro': 0.05, 'gamma_spatial': 1.0, 'hidden_dim': 64, 'weight_decay': 0.0}",5,36408.50002347292,4786.619801429798,78746.04095982831,6556.168211204977,12.591506807879533,2.021491440356831,1.3608480467877329,0.24469630908243525
SVR_CompositeKernel,"(1, 2, 12, 24)","{'gamma_lag': 0.1, 'gamma_local': 1.0, 'gamma_macro': 0.2, 'gamma_spatial': 0.1, 'hidden_dim': 128, 'weight_decay': 0.0001}",5,36723.424523898095,4064.156174355649,78751.83068383134,5431.930422729747,12.170872427592299,2.1265894937922227,1.3727757220526395,0.23064989517936876
SVR_CompositeKernel,"(1, 12)","{'gamma_lag': 0.5, 'gamma_local': 1.0, 'gamma_macro': 0.05, 'gamma_spatial': 0.5, 'hidden_dim': 128, 'weight_decay': 0.0001}",5,35798.702239229024,3723.3471569601206,78758.13917171632,5846.698475378744,11.019206994810014,1.620085028895353,1.4238573438293385,0.17701018600600968
SVR_CompositeKernel,"(1, 2, 3, 4, 5, 6, 12)","{'gamma_lag': 0.1, 'gamma_local': 1.0, 'gamma_macro': 0.1, 'gamma_spatial': 0.5, 'hidden_dim': 128, 'weight_decay': 0.0}",5,35877.65871421485,5382.420310683299,78758.89105468492,7781.749864084453,11.156169352663362,1.9837504919817457,1.4286737884279839,0.24376575392649572
SVR_CompositeKernel,"(1, 12)","{'gamma_lag': 1.0, 'gamma_local': 0.5, 'gamma_macro': 0.05, 'gamma_spatial': 0.5, 'hidden_dim': 128, 'weight_decay': 0.0001}",5,36156.39126142644,3486.777665711975,78766.91159848853,6610.357199377545,10.996002935704514,1.1981137305334197,1.4384045491843878,0.17346863429058362
SVR_CompositeKernel,"(1, 2, 3, 12, 24)","{'gamma_lag': 0.5, 'gamma_local': 0.5, 'gamma_macro': 0.05, 'gamma_spatial': 1.0, 'hidden_dim': 128, 'weight_decay': 0.0}",5,38297.20714374291,4842.903180449873,78774.19427802971,8135.810231950805,11.941995351065327,1.6455203213414809,1.4348447602706762,0.2731428292897539
SVR_CompositeKernel,"(1, 12, 24)","{'gamma_lag': 0.5, 'gamma_local': 0.5, 'gamma_macro': 0.2, 'gamma_spatial': 1.0, 'hidden_dim': 128, 'weight_decay': 0.0001}",5,36950.23626036352,3190.9971277193813,78774.78145622561,7634.9287787761195,11.301137409625351,1.039668001517016,1.3808618140568076,0.20647129671591102
SVR_CompositeKernel,"(1, 2, 3, 4, 5, 6, 12, 24)","{'gamma_lag': 1.0, 'gamma_local': 0.1, 'gamma_macro': 0.1, 'gamma_spatial': 0.1, 'hidden_dim': 128, 'weight_decay': 0.0001}",5,38386.95575618268,7794.936069662368,78783.39399355119,7712.7044962000755,12.994159485818528,2.8575288164563952,1.4417647253697252,0.37235496852860206
SVR_CompositeKernel,"(1, 2, 3, 12, 24)","{'gamma_lag': 1.0, 'gamma_local': 0.1, 'gamma_macro': 0.1, 'gamma_spatial': 0.1, 'hidden_dim': 128, 'weight_decay': 0.0001}",5,40371.59718103388,10035.244663291796,78785.85563752416,10355.582717298112,13.733420890452404,3.824284105657894,1.5145715865055953,0.44232661197544837
SVR_CompositeKernel,"(1, 2, 12)","{'gamma_lag': 0.5, 'gamma_local': 0.5, 'gamma_macro': 0.05, 'gamma_spatial': 1.0, 'hidden_dim': 128, 'weight_decay': 0.0001}",5,36167.16203275581,4220.166523378811,78799.30651913825,7171.96425525765,10.907832060637771,1.511433348262901,1.439094066150108,0.19797632998908443
SVR_CompositeKernel,"(1, 12, 24)","{'gamma_lag': 0.5, 'gamma_local': 0.5, 'gamma_macro': 0.1, 'gamma_spatial': 1.0, 'hidden_dim': 128, 'weight_decay': 0.0001}",5,37009.17356682257,3393.535931570497,78808.13962328226,6279.3892234326795,11.279671646065903,1.1930862932731685,1.3778459631012911,0.170344437047247
SVR_CompositeKernel,"(1, 2, 3, 4, 5, 6, 12, 24)","{'gamma_lag': 1.0, 'gamma_local': 0.1, 'gamma_macro': 0.2, 'gamma_spatial': 0.5, 'hidden_dim': 128, 'weight_decay': 0.0001}",5,39158.49144345238,6325.92701006157,78808.83283180479,7154.822378341858,13.122369423410754,2.569527881980204,1.4645300595654163,0.305896663197217
SVR_CompositeKernel,"(1, 2, 3, 4, 5, 6, 12)","{'gamma_lag': 0.5, 'gamma_local': 0.1, 'gamma_macro': 0.2, 'gamma_spatial': 1.0, 'hidden_dim': 128, 'weight_decay': 0.0001}",5,39459.89653353529,6848.919843680741,78816.18272660219,8317.156953196167,12.869985410607992,2.6035927932924987,1.568457122968003,0.28206206267809114
SVR_CompositeKernel,"(1, 2, 3, 4, 5, 6, 12, 24)","{'gamma_lag': 0.1, 'gamma_local': 0.5, 'gamma_macro': 0.2, 'gamma_spatial': 0.1, 'hidden_dim': 128, 'weight_decay': 0.0001}",5,34911.3182158801,4620.734211085519,78817.38808993704,7648.448036202524,10.8312698366804,1.77909544724459,1.308640370121321,0.25630545061889676
SVR_CompositeKernel,"(1, 2, 12)","{'gamma_lag': 0.5, 'gamma_local': 0.5, 'gamma_macro': 0.05, 'gamma_spatial': 0.5, 'hidden_dim': 128, 'weight_decay': 0.0}",5,35883.65504579436,4255.075684579845,78819.99492448635,6961.320992400516,11.110977515838503,1.5122135504131964,1.4265984328944243,0.1906615038586136
SVR_CompositeKernel,"(1, 2, 12, 24)","{'gamma_lag': 0.1, 'gamma_local': 1.0, 'gamma_macro': 0.2, 'gamma_spatial': 0.1, 'hidden_dim': 128, 'weight_decay': 0.0}",5,36391.94443912982,2822.4908859895804,78829.49356977051,4966.906224627781,11.927207812230062,1.2512464478756262,1.3572749476355248,0.1813278675099737
SVR_CompositeKernel,"(1, 2, 12, 24)","{'gamma_lag': 1.0, 'gamma_local': 0.1, 'gamma_macro': 0.1, 'gamma_spatial': 0.1, 'hidden_dim': 128, 'weight_decay': 0.0}",5,38965.053908464426,7934.928682295147,78840.46747204235,6758.247525348653,12.936057967619913,3.1078320380110784,1.4616280489286713,0.37142044419424475
SVR_CompositeKernel,"(1, 2, 3, 4, 5, 6, 12)","{'gamma_lag': 0.1, 'gamma_local': 1.0, 'gamma_macro': 0.2, 'gamma_spatial': 1.0, 'hidden_dim': 128, 'weight_decay': 0.0}",5,35220.691295085744,4709.6055180578605,78845.2775895253,6563.745470974094,10.64574998964277,1.6326705344774668,1.4023254647012882,0.2223724725881119
SVR_CompositeKernel,"(1, 2, 12, 24)","{'gamma_lag': 0.5, 'gamma_local': 1.0, 'gamma_macro': 0.05, 'gamma_spatial': 1.0, 'hidden_dim': 128, 'weight_decay': 0.0}",5,38244.6001616532,2776.2775062154315,78851.01100518068,4674.63312470783,11.81661968227146,1.1253832063860005,1.4274399357658554,0.19049508331222703
SVR_CompositeKernel,"(1, 2, 3, 12)","{'gamma_lag': 0.1, 'gamma_local': 1.0, 'gamma_macro': 0.1, 'gamma_spatial': 1.0, 'hidden_dim': 128, 'weight_decay': 0.0001}",5,36736.14132918792,5938.511425505822,78868.5011839012,6377.2471954145085,11.921734775850599,2.7658613530212848,1.4579440257594518,0.23467288638649983
SVR_CompositeKernel,"(1, 2, 3, 4, 5, 6, 12)","{'gamma_lag': 0.5, 'gamma_local': 0.1, 'gamma_macro': 0.1, 'gamma_spatial': 0.1, 'hidden_dim': 128, 'weight_decay': 0.0}",5,38645.64588692247,8227.029596451777,78903.94080634342,8279.981757094043,12.85778574833976,2.9112041342875177,1.5361522084339039,0.3379537071600622
SVR_CompositeKernel,"(1, 12)","{'gamma_lag': 0.5, 'gamma_local': 1.0, 'gamma_macro': 0.05, 'gamma_spatial': 0.1, 'hidden_dim': 128, 'weight_decay': 0.0}",5,36549.43385770975,3381.387016283491,78905.3887927934,5459.801184855773,11.293364710989644,1.3454626580200801,1.4530000207413796,0.16643810069591003
SVR_CompositeKernel,"(1, 12, 24)","{'gamma_lag': 0.5, 'gamma_local': 0.5, 'gamma_macro': 0.2, 'gamma_spatial': 0.5, 'hidden_dim': 128, 'weight_decay': 0.0}",5,37891.27063182044,1778.275333813537,78932.29979153196,5338.7916324393445,11.656172376211419,0.9407833904403412,1.4113406852262125,0.1468193970061178
SVR_CompositeKernel,"(1, 2, 3, 12, 24)","{'gamma_lag': 0.1, 'gamma_local': 0.5, 'gamma_macro': 0.1, 'gamma_spatial': 0.1, 'hidden_dim': 128, 'weight_decay': 0.0}",5,37125.951850818456,5103.644785515363,78933.87353132092,7346.4733119173015,12.371794878754722,2.385015683989879,1.388332417399678,0.2599996941440429
SVR_CompositeKernel,"(1, 12, 24)","{'gamma_lag': 0.1, 'gamma_local': 1.0, 'gamma_macro': 0.1, 'gamma_spatial': 0.1, 'hidden_dim': 128, 'weight_decay': 0.0001}",5,37942.299444621596,2707.2966736541357,78936.97163267019,6595.091657723809,13.614516817010514,0.9416565928163199,1.4161442308109655,0.18788385009725914
SVR_CompositeKernel,"(1, 2, 12, 24)","{'gamma_lag': 0.5, 'gamma_local': 0.5, 'gamma_macro': 0.1, 'gamma_spatial': 1.0, 'hidden_dim': 128, 'weight_decay': 0.0}",5,37435.72747085813,3063.351255412953,78942.1067078078,6082.315071130787,11.540414771320389,1.025260107037619,1.3980522009079706,0.20041686736005696
SVR_CompositeKernel,"(1, 2, 12, 24)","{'gamma_lag': 1.0, 'gamma_local': 0.1, 'gamma_macro': 0.05, 'gamma_spatial': 0.5, 'hidden_dim': 128, 'weight_decay': 0.0}",5,37653.27549204578,9371.462560393342,78947.20006718623,12690.396379180647,12.234401287154798,3.1809054888808825,1.4121729748136862,0.4139006421103965
SVR_CompositeKernel,"(1, 2, 3, 4, 5, 6, 12, 24)","{'gamma_lag': 0.5, 'gamma_local': 0.1, 'gamma_macro': 0.1, 'gamma_spatial': 0.1, 'hidden_dim': 128, 'weight_decay': 0.0}",5,40686.74400820224,9400.992738640169,78973.36598218427,8733.647119009614,13.633484872453872,3.683260792337381,1.5237479226485797,0.4123773483178892
SVR_CompositeKernel,"(1, 12)","{'gamma_lag': 1.0, 'gamma_local': 0.1, 'gamma_macro': 0.1, 'gamma_spatial': 1.0, 'hidden_dim': 128, 'weight_decay': 0.0}",5,37581.70018246882,7376.320344687477,78973.7916916186,7134.733036613334,11.97271589731462,2.847795282843049,1.4929958152156133,0.29633631705089897
SVR_CompositeKernel,"(1, 2, 12, 24)","{'gamma_lag': 0.1, 'gamma_local': 1.0, 'gamma_macro': 0.05, 'gamma_spatial': 0.1, 'hidden_dim': 128, 'weight_decay': 0.0001}",5,38939.06804182611,4058.5776153162474,78985.86654241552,6415.082531576462,13.119456250470027,1.8997831592013155,1.455512818980914,0.23826786096251076
SVR_CompositeKernel,"(1, 2, 3, 12)","{'gamma_lag': 0.5, 'gamma_local': 0.1, 'gamma_macro': 0.2, 'gamma_spatial': 0.1, 'hidden_dim': 128, 'weight_decay': 0.0}",5,36386.038404372164,6551.132872407185,79003.05288137533,6810.812266181404,11.937470460930907,2.589090494884945,1.4444673279832465,0.26095022978746857
SVR_CompositeKernel,"(1, 12, 24)","{'gamma_lag': 0.5, 'gamma_local': 0.5, 'gamma_macro': 0.2, 'gamma_spatial': 1.0, 'hidden_dim': 128, 'weight_decay': 0.0}",5,37188.01602315406,2937.004305098487,79018.97348942196,5995.755118181703,11.3790523985214,1.0232713231792028,1.3879868992906863,0.18975333750852816
SVR_CompositeKernel,"(1, 2, 12, 24)","{'gamma_lag': 0.5, 'gamma_local': 0.5, 'gamma_macro': 0.1, 'gamma_spatial': 0.5, 'hidden_dim': 128, 'weight_decay': 0.0001}",5,37356.21390527565,2693.1176322631636,79027.994982706,6575.186491918401,11.643190513925157,0.8673019524748432,1.3938118013609624,0.18338001914606
SVR_CompositeKernel,"(1, 12)","{'gamma_lag': 1.0, 'gamma_local': 0.1, 'gamma_macro': 0.1, 'gamma_spatial': 0.1, 'hidden_dim': 128, 'weight_decay': 0.0001}",5,37622.97486049107,8572.429816998663,79032.63242406878,8720.533066763232,12.3446432898984,3.172321993522661,1.4946621870345516,0.3426796046178572
SVR_CompositeKernel,"(1, 12)","{'gamma_lag': 0.1, 'gamma_local': 1.0, 'gamma_macro': 0.2, 'gamma_spatial': 1.0, 'hidden_dim': 128, 'weight_decay': 0.0001}",5,37250.28046919288,5824.538736240628,79040.74641518295,6692.631259863763,12.507566911691992,2.6617484950197827,1.480768796212334,0.24792244803749353
SVR_CompositeKernel,"(1, 12)","{'gamma_lag': 0.5, 'gamma_local': 0.5, 'gamma_macro': 0.1, 'gamma_spatial': 1.0, 'hidden_dim': 128, 'weight_decay': 0.0001}",5,35156.701170103464,4893.75634362292,79049.70067470548,5602.702474262306,10.670737338606248,1.8207829318287587,1.3969556097672637,0.20587901007141865
SVR_CompositeKernel,"(1, 2, 3, 4, 5, 6, 12, 24)","{'gamma_lag': 0.5, 'gamma_local': 0.1, 'gamma_macro': 0.2, 'gamma_spatial': 1.0, 'hidden_dim': 128, 'weight_decay': 0.0}",5,40202.174275439334,6039.396308748232,79067.8010163866,6219.727383744361,13.259923516757954,2.389105307007999,1.4996085915310156,0.2769407670196059
SVR_CompositeKernel,"(1, 2, 3, 4, 5, 6, 12, 24)","{'gamma_lag': 0.1, 'gamma_local': 1.0, 'gamma_macro': 0.1, 'gamma_spatial': 0.5, 'hidden_dim': 128, 'weight_decay': 0.0}",5,35872.578825201956,3751.5956618381515,79089.22629187714,6159.166295556332,11.119374132983847,1.6462143337437347,1.340503429017549,0.21418452462425264
SVR_CompositeKernel,"(1, 2, 3, 12, 24)","{'gamma_lag': 0.1, 'gamma_local': 1.0, 'gamma_macro': 0.1, 'gamma_spatial': 0.1, 'hidden_dim': 128, 'weight_decay': 0.0}",5,36931.26207438705,3689.8730990182808,79093.96457050368,4917.802273893748,12.244744662977572,1.6905724059001408,1.381855957368305,0.23103995176549108
SVR_CompositeKernel,"(1, 2, 3, 12)","{'gamma_lag': 0.5, 'gamma_local': 0.5, 'gamma_macro': 0.05, 'gamma_spatial': 0.5, 'hidden_dim': 128, 'weight_decay': 0.0001}",5,36523.16340304351,4122.9677775729215,79093.96559526437,7734.306158907159,11.174686622219909,1.270754765457805,1.4522608588111752,0.188148866289206
SVR_CompositeKernel,"(1, 12)","{'gamma_lag': 0.1, 'gamma_local': 1.0, 'gamma_macro': 0.1, 'gamma_spatial': 0.5, 'hidden_dim': 128, 'weight_decay': 0.0}",5,39180.83831579507,7738.547678291978,79094.93696253288,7682.362975617128,14.015252059161076,3.83736255820458,1.5564958976292682,0.3144059895488283
SVR_CompositeKernel,"(1, 2, 12)","{'gamma_lag': 1.0, 'gamma_local': 0.1, 'gamma_macro': 0.2, 'gamma_spatial': 0.1, 'hidden_dim': 128, 'weight_decay': 0.0001}",5,37962.17037184666,5815.60499757498,79096.14202019082,5409.771320351547,12.575961428668503,2.450025421807495,1.5058761199182464,0.22635403831915288
SVR_CompositeKernel,"(1, 12, 24)","{'gamma_lag': 0.1, 'gamma_local': 1.0, 'gamma_macro': 0.2, 'gamma_spatial': 0.1, 'hidden_dim': 128, 'weight_decay': 0.0001}",5,36865.78881891299,2105.720801113091,79108.260928718,4303.20386494022,12.452426117607192,1.0157176219377684,1.3741133888887374,0.15904716449312856
SVR_CompositeKernel,"(1, 12)","{'gamma_lag': 0.5, 'gamma_local': 1.0, 'gamma_macro': 0.05, 'gamma_spatial': 0.5, 'hidden_dim': 128, 'weight_decay': 0.0}",5,35274.10018734056,3678.807988506553,79108.73761105961,7002.6724973243,10.612689481928019,1.461090197763836,1.4029632098174134,0.17477535288829296
SVR_CompositeKernel,"(1, 2, 3, 12)","{'gamma_lag': 0.1, 'gamma_local': 1.0, 'gamma_macro': 0.05, 'gamma_spatial': 0.1, 'hidden_dim': 128, 'weight_decay': 0.0001}",5,37881.761641687925,5001.271105804712,79123.83355007581,7416.112742387025,12.937555697010747,1.8813270476642658,1.5075227080438487,0.23095569799696386
SVR_CompositeKernel,"(1, 2, 12, 24)","{'gamma_lag': 1.0, 'gamma_local': 0.1, 'gamma_macro': 0.1, 'gamma_spatial': 0.1, 'hidden_dim': 128, 'weight_decay': 0.0001}",5,40807.08433514031,11508.781490123765,79125.87540162881,11128.556714425746,13.847145940404635,4.4063718221815025,1.5312754186887756,0.4964662262654227
SVR_CompositeKernel,"(1, 12)","{'gamma_lag': 0.1, 'gamma_local': 0.1, 'gamma_macro': 0.05, 'gamma_spatial': 0.1, 'hidden_dim': 64, 'weight_decay': 0.0001}",5,33921.81935055272,3817.1934785288095,79137.41773337695,7146.788932819976,11.900516676437451,1.5383366694044733,1.3468827850824137,0.16208773707277455
SVR_CompositeKernel,"(1, 2, 3, 4, 5, 6, 12, 24)","{'gamma_lag': 0.5, 'gamma_local': 0.1, 'gamma_macro': 0.05, 'gamma_spatial': 0.5, 'hidden_dim': 128, 'weight_decay': 0.0}",5,38381.8418517928,9359.571547266723,79137.6058770223,11852.968104170444,12.601282798220955,3.361627883664708,1.441371818269878,0.41968316324662375
SVR_CompositeKernel,"(1, 12)","{'gamma_lag': 1.0, 'gamma_local': 0.5, 'gamma_macro': 0.05, 'gamma_spatial': 0.5, 'hidden_dim': 128, 'weight_decay': 0.0}",5,36748.114841757015,3732.4741327159522,79139.53788105596,5922.161231790325,11.23324170178521,1.2486279165080405,1.4623586092163179,0.1856631006013772
SVR_CompositeKernel,"(1, 12, 24)","{'gamma_lag': 0.1, 'gamma_local': 0.1, 'gamma_macro': 0.05, 'gamma_spatial': 0.5, 'hidden_dim': 64, 'weight_decay': 0.0}",5,37379.35893742913,4497.791818895864,79147.82405316977,5666.366878612275,13.14584536689631,2.0180767539509676,1.3982186584488425,0.25131079430726394
SVR_CompositeKernel,"(1, 2, 3, 12)","{'gamma_lag': 0.5, 'gamma_local': 0.1, 'gamma_macro': 0.1, 'gamma_spatial': 1.0, 'hidden_dim': 128, 'weight_decay': 0.0001}",5,37168.41725880456,10288.006228009339,79153.85809533257,12737.27792046349,11.908342588142776,3.8140543418268513,1.474080566128918,0.39916967115122004
SVR_CompositeKernel,"(1, 2, 3, 4, 5, 6, 12)","{'gamma_lag': 0.1, 'gamma_local': 1.0, 'gamma_macro': 0.05, 'gamma_spatial': 0.5, 'hidden_dim': 128, 'weight_decay': 0.0001}",5,37555.38212425596,6573.24230578506,79157.76972222223,6067.76603820623,11.991563489100532,2.7620439520119837,1.4936184863838293,0.277273119765608
SVR_CompositeKernel,"(1, 2, 3, 4, 5, 6, 12, 24)","{'gamma_lag': 0.5, 'gamma_local': 0.1, 'gamma_macro': 0.2, 'gamma_spatial': 0.1, 'hidden_dim': 128, 'weight_decay': 0.0}",5,38990.53143379747,7052.350324469235,79193.09727092287,7421.992701915981,12.80451964273764,2.4057159774242534,1.4613951790771584,0.3393665089257448
SVR_CompositeKernel,"(1, 12)","{'gamma_lag': 0.1, 'gamma_local': 0.5, 'gamma_macro': 0.1, 'gamma_spatial': 1.0, 'hidden_dim': 128, 'weight_decay': 0.0001}",5,38478.019695117626,11048.893250406278,79215.82336787865,8760.477275272628,13.831719570745275,5.865515859812762,1.5256417803123243,0.42718212312842685
SVR_CompositeKernel,"(1, 12)","{'gamma_lag': 0.5, 'gamma_local': 0.5, 'gamma_macro': 0.1, 'gamma_spatial': 0.5, 'hidden_dim': 128, 'weight_decay': 0.0}",5,34947.01645718183,4044.3403114807656,79249.4689419136,6154.518318939062,10.60223834713793,1.7990921533571715,1.3889511787924205,0.17920400507332795
SVR_CompositeKernel,"(1, 2, 3, 4, 5, 6, 12)","{'gamma_lag': 0.1, 'gamma_local': 1.0, 'gamma_macro': 0.1, 'gamma_spatial': 0.5, 'hidden_dim': 128, 'weight_decay': 0.0001}",5,34650.22064112103,3256.7804316768684,79253.103292799,6056.557945921572,10.35364403745082,1.1971647719107381,1.3787884316825383,0.16668629000052804
SVR_CompositeKernel,"(1, 12, 24)","{'gamma_lag': 0.1, 'gamma_local': 1.0, 'gamma_macro': 0.2, 'gamma_spatial': 0.5, 'hidden_dim': 128, 'weight_decay': 0.0001}",5,38289.37164602821,4898.8961740183995,79258.75359777693,6313.650469979198,13.06200190592024,2.25894536545395,1.4328408131903,0.26448461931967693
SVR_CompositeKernel,"(1, 12)","{'gamma_lag': 0.1, 'gamma_local': 1.0, 'gamma_macro': 0.1, 'gamma_spatial': 0.1, 'hidden_dim': 128, 'weight_decay': 0.0001}",5,36566.707981239364,4762.879962279424,79262.05188636834,5648.922869909203,12.843815881780117,2.4107788059114865,1.452530035220633,0.20254887323049825
SVR_CompositeKernel,"(1, 2, 3, 4, 5, 6, 12, 24)","{'gamma_lag': 0.1, 'gamma_local': 1.0, 'gamma_macro': 0.05, 'gamma_spatial': 0.1, 'hidden_dim': 128, 'weight_decay': 0.0}",5,37691.405127728176,4762.672745302346,79267.1994007878,6859.528003713442,11.955815459429502,1.6207902688339193,1.4130075952456114,0.2747325919700008
SVR_CompositeKernel,"(1, 12)","{'gamma_lag': 0.5, 'gamma_local': 0.5, 'gamma_macro': 0.1, 'gamma_spatial': 0.5, 'hidden_dim': 128, 'weight_decay': 0.0001}",5,35076.168084786,3233.8325654827286,79277.20899177382,7624.469319485064,10.714802105664955,1.264634153451182,1.3960729693981753,0.16940284875907927
SVR_CompositeKernel,"(1, 2, 3, 12)","{'gamma_lag': 0.1, 'gamma_local': 0.5, 'gamma_macro': 0.2, 'gamma_spatial': 0.1, 'hidden_dim': 128, 'weight_decay': 0.0001}",5,37161.199934895834,7161.260462120371,79285.15159030593,8296.684556513886,12.7190611138676,3.14840209822478,1.4793856920653863,0.3090318440851886
SVR_CompositeKernel,"(1, 12, 24)","{'gamma_lag': 0.5, 'gamma_local': 1.0, 'gamma_macro': 0.1, 'gamma_spatial': 1.0, 'hidden_dim': 128, 'weight_decay': 0.0}",5,38074.8855805343,2628.8879067435428,79286.22043719524,6962.562783425997,11.675269338982064,0.9033216926115648,1.4197288077009806,0.1746217679855869
SVR_CompositeKernel,"(1, 2, 3, 12, 24)","{'gamma_lag': 1.0, 'gamma_local': 0.1, 'gamma_macro': 0.05, 'gamma_spatial': 0.5, 'hidden_dim': 128, 'weight_decay': 0.0001}",5,38779.564296786426,9249.744300445362,79305.70890626573,10121.156799934444,12.810655213009898,3.4944766029571963,1.4552223652757168,0.4150510035854795
SVR_CompositeKernel,"(1, 2, 3, 12, 24)","{'gamma_lag': 0.5, 'gamma_local': 0.5, 'gamma_macro': 0.05, 'gamma_spatial': 1.0, 'hidden_dim': 128, 'weight_decay': 0.0001}",5,37907.42801117843,4742.425949875835,79324.51859775459,4808.425595885547,11.771707093077797,1.8544900469561965,1.4199152492153582,0.2696065610256892
SVR_CompositeKernel,"(1, 2, 12, 24)","{'gamma_lag': 0.1, 'gamma_local': 0.1, 'gamma_macro': 0.05, 'gamma_spatial': 0.5, 'hidden_dim': 64, 'weight_decay': 0.0001}",5,37389.94480716766,6954.04654453166,79333.23226046318,6706.05568413677,13.039296036434905,3.284713233095965,1.4018315441665057,0.33421144908424655
SVR_CompositeKernel,"(1, 12)","{'gamma_lag': 1.0, 'gamma_local': 0.1, 'gamma_macro': 0.2, 'gamma_spatial': 1.0, 'hidden_dim': 128, 'weight_decay': 0.0001}",5,37217.21240787982,6592.924371801802,79344.4274559716,7346.103662208586,11.831886987825039,2.536189307645622,1.4790015192453918,0.2720271555516747
SVR_CompositeKernel,"(1, 2, 12)","{'gamma_lag': 0.1, 'gamma_local': 0.5, 'gamma_macro': 0.05, 'gamma_spatial': 0.1, 'hidden_dim': 128, 'weight_decay': 0.0}",5,39318.047515412414,9367.930368219975,79345.60091993111,9477.38564690742,14.055412155009089,4.125722400297632,1.5670286028479048,0.3988180115096186
SVR_CompositeKernel,"(1, 2, 3, 4, 5, 6, 12)","{'gamma_lag': 0.1, 'gamma_local': 1.0, 'gamma_macro': 0.1, 'gamma_spatial': 1.0, 'hidden_dim': 128, 'weight_decay': 0.0001}",5,36053.30325742277,3490.0238271945836,79357.83503611255,5735.789929009221,11.068106921337389,1.2917990101722063,1.4342800267967777,0.17228962487515564
SVR_CompositeKernel,"(1, 2, 3, 4, 5, 6, 12)","{'gamma_lag': 0.5, 'gamma_local': 0.1, 'gamma_macro': 0.1, 'gamma_spatial': 0.5, 'hidden_dim': 128, 'weight_decay': 0.0}",5,38326.38431963931,6145.260362789791,79376.70972925276,7088.287927316056,12.444564243673545,2.2588536207358523,1.5230989590208215,0.25602291497436314
SVR_CompositeKernel,"(1, 2, 12)","{'gamma_lag': 1.0, 'gamma_local': 0.1, 'gamma_macro': 0.1, 'gamma_spatial': 0.1, 'hidden_dim': 128, 'weight_decay': 0.0001}",5,39546.99080525439,8033.700896227117,79399.76064453981,8396.380652430735,13.220429171424026,3.183242974694635,1.5719851982536368,0.3257915511020355
SVR_CompositeKernel,"(1, 12, 24)","{'gamma_lag': 1.0, 'gamma_local': 0.1, 'gamma_macro': 0.05, 'gamma_spatial': 1.0, 'hidden_dim': 128, 'weight_decay': 0.0}",5,37879.35899854734,9267.688833414464,79400.18701199423,12786.157552866625,12.087802721897157,3.2488783860599466,1.4190378976149598,0.4050708377533529
SVR_CompositeKernel,"(1, 2, 3, 12)","{'gamma_lag': 1.0, 'gamma_local': 0.1, 'gamma_macro': 0.1, 'gamma_spatial': 1.0, 'hidden_dim': 128, 'weight_decay': 0.0001}",5,38548.48299984056,10124.590842170363,79426.86093075122,12287.616161771224,12.483199225042473,3.5548519424985714,1.529288161721734,0.3964721898417084
SVR_CompositeKernel,"(1, 12, 24)","{'gamma_lag': 0.5, 'gamma_local': 0.5, 'gamma_macro': 0.1, 'gamma_spatial': 0.5, 'hidden_dim': 128, 'weight_decay': 0.0}",5,36022.08732816043,2696.5241603114678,79428.87765498662,5338.7080708942985,10.898807739166767,1.1689787966675265,1.3443767252477832,0.18186193392687333
SVR_CompositeKernel,"(1, 2, 3, 4, 5, 6, 12)","{'gamma_lag': 0.1, 'gamma_local': 0.5, 'gamma_macro': 0.2, 'gamma_spatial': 0.5, 'hidden_dim': 128, 'weight_decay': 0.0001}",5,35538.71970308957,4920.165202398127,79449.90931457705,7179.87145492385,11.028412137466947,2.049444516157316,1.4136577001461843,0.21768732144688915
SVR_CompositeKernel,"(1, 2, 3, 12)","{'gamma_lag': 0.5, 'gamma_local': 0.1, 'gamma_macro': 0.2, 'gamma_spatial': 0.5, 'hidden_dim': 128, 'weight_decay': 0.0001}",5,35098.860923327666,3711.3151856635814,79459.4864081917,4644.614686360753,10.89635098998055,1.3563824353329916,1.3945152113673018,0.16576463334798072
SVR_CompositeKernel,"(1, 12)","{'gamma_lag': 0.1, 'gamma_local': 1.0, 'gamma_macro': 0.2, 'gamma_spatial': 0.5, 'hidden_dim': 128, 'weight_decay': 0.0}",5,36196.82781409439,3105.56400899116,79462.1038864349,5653.296820239274,12.003890108517803,1.4245632140716298,1.4391132995552547,0.1533415331433817
SVR_CompositeKernel,"(1, 2, 12)","{'gamma_lag': 0.1, 'gamma_local': 1.0, 'gamma_macro': 0.2, 'gamma_spatial': 1.0, 'hidden_dim': 128, 'weight_decay': 0.0001}",5,37374.63639765802,5452.272660587565,79469.85269660252,5265.901141046886,12.325405547977217,2.6597826249786984,1.4839103409583096,0.21917304542095242
SVR_CompositeKernel,"(1, 2, 3, 12, 24)","{'gamma_lag': 0.5, 'gamma_local': 0.5, 'gamma_macro': 0.1, 'gamma_spatial': 1.0, 'hidden_dim': 128, 'weight_decay': 0.0}",5,39155.142084307685,4021.146795847753,79491.34894676306,4760.091822559961,12.233559591204278,1.526841001879077,1.463226675338776,0.23623896789974566
SVR_CompositeKernel,"(1, 2, 12)","{'gamma_lag': 0.1, 'gamma_local': 1.0, 'gamma_macro': 0.2, 'gamma_spatial': 0.5, 'hidden_dim': 128, 'weight_decay': 0.0001}",5,36380.116808832914,5036.243813960973,79494.94468820453,6782.113293686381,12.012008803670074,1.9172733978059024,1.4491648789058371,0.24185763328170362
SVR_CompositeKernel,"(1, 2, 3, 12, 24)","{'gamma_lag': 1.0, 'gamma_local': 0.5, 'gamma_macro': 0.05, 'gamma_spatial': 0.5, 'hidden_dim': 128, 'weight_decay': 0.0}",5,39945.09903805272,5359.286428324945,79503.00807571659,6907.332337155639,12.827968873025082,1.9005946043274633,1.4953016557518417,0.2873199085225449
SVR_CompositeKernel,"(1, 2, 3, 4, 5, 6, 12)","{'gamma_lag': 0.1, 'gamma_local': 0.5, 'gamma_macro': 0.1, 'gamma_spatial': 0.5, 'hidden_dim': 128, 'weight_decay': 0.0001}",5,35635.46502710458,4539.048019654852,79504.39428740539,6289.63457366031,11.03032051781355,1.7395768079354097,1.4182652565466074,0.20976329844018224
SVR_CompositeKernel,"(1, 2, 3, 12, 24)","{'gamma_lag': 0.5, 'gamma_local': 0.5, 'gamma_macro': 0.05, 'gamma_spatial': 0.5, 'hidden_dim': 128, 'weight_decay': 0.0}",5,37470.98827017786,2938.1963837554745,79510.12981125186,7128.998946093992,11.58479420339036,1.006744822505474,1.3994182840627183,0.19713031080932425
SVR_CompositeKernel,"(1, 2, 12)","{'gamma_lag': 0.5, 'gamma_local': 0.1, 'gamma_macro': 0.1, 'gamma_spatial': 0.5, 'hidden_dim': 128, 'weight_decay': 0.0001}",5,36228.366985101326,9262.54903285852,79516.52383146176,14471.757331340237,11.555821769446656,3.305305438472023,1.4378304137592945,0.36313768458039236
SVR_CompositeKernel,"(1, 2, 3, 12)","{'gamma_lag': 0.1, 'gamma_local': 0.5, 'gamma_macro': 0.1, 'gamma_spatial': 0.1, 'hidden_dim': 128, 'weight_decay': 0.0}",5,35346.97154416454,5368.386412431218,79536.19630157566,7333.912851796936,11.782387877441451,2.197795378496295,1.407152158163911,0.24199456065503225
SVR_CompositeKernel,"(1, 2, 3, 12, 24)","{'gamma_lag': 0.1, 'gamma_local': 0.5, 'gamma_macro': 0.2, 'gamma_spatial': 0.1, 'hidden_dim': 128, 'weight_decay': 0.0001}",5,35430.89395328444,3597.9439105169736,79537.87339946318,6533.649273046666,11.388207692225519,1.2788900903692015,1.3255432285976994,0.219323065822374
SVR_CompositeKernel,"(1, 2, 3, 12)","{'gamma_lag': 0.1, 'gamma_local': 1.0, 'gamma_macro': 0.2, 'gamma_spatial': 1.0, 'hidden_dim': 128, 'weight_decay': 0.0}",5,36528.062398579226,4423.140545861122,79538.25258343073,6360.291307174683,11.612931517098126,1.7439812063311748,1.4523241385637706,0.19819017078882295
SVR_CompositeKernel,"(1, 2, 3, 12, 24)","{'gamma_lag': 1.0, 'gamma_local': 0.1, 'gamma_macro': 0.2, 'gamma_spatial': 0.1, 'hidden_dim': 128, 'weight_decay': 0.0}",5,38638.26183345734,8949.799316991503,79543.93830857062,7501.569468770089,12.862967268666557,3.3006272482038024,1.4507097865098444,0.406954033865183
SVR_CompositeKernel,"(1, 2, 3, 12)","{'gamma_lag': 0.1, 'gamma_local': 0.5, 'gamma_macro': 0.2, 'gamma_spatial': 0.1, 'hidden_dim': 128, 'weight_decay': 0.0}",5,33552.92073456987,4048.7270545368306,79557.99013606302,5915.279271817103,10.8826833176938,1.6564731551490808,1.3341181901400891,0.18423154468845288
SVR_CompositeKernel,"(1, 12, 24)","{'gamma_lag': 0.5, 'gamma_local': 1.0, 'gamma_macro': 0.1, 'gamma_spatial': 0.5, 'hidden_dim': 128, 'weight_decay': 0.0001}",5,36975.22846690759,1961.1875838843594,79569.37887977283,5353.717894954082,11.207416757481178,0.7149775203420685,1.3790122408771432,0.16280428931072874
SVR_CompositeKernel,"(1, 2, 3, 4, 5, 6, 12, 24)","{'gamma_lag': 0.1, 'gamma_local': 0.1, 'gamma_macro': 0.05, 'gamma_spatial': 1.0, 'hidden_dim': 64, 'weight_decay': 0.0}",5,36559.67223285147,6302.768950668547,79582.27787542682,9071.510634010867,12.131218629423554,2.3246361155337607,1.3696394511742493,0.30440749779373155
SVR_CompositeKernel,"(1, 2, 3, 4, 5, 6, 12, 24)","{'gamma_lag': 0.5, 'gamma_local': 0.1, 'gamma_macro': 0.1, 'gamma_spatial': 1.0, 'hidden_dim': 128, 'weight_decay': 0.0001}",5,38734.3425263074,10495.730489221856,79588.63124125663,12147.805394990713,12.666225571747177,3.8534750958732165,1.453468181043187,0.45613995966586374
SVR_CompositeKernel,"(1, 12)","{'gamma_lag': 1.0, 'gamma_local': 0.1, 'gamma_macro': 0.1, 'gamma_spatial': 0.5, 'hidden_dim': 128, 'weight_decay': 0.0001}",5,36998.73622714711,8629.431801149558,79594.7702585266,12024.988687891147,11.74702360760919,3.1584052874240482,1.4671304209102303,0.33341018803213857
SVR_CompositeKernel,"(1, 2, 3, 4, 5, 6, 12, 24)","{'gamma_lag': 0.5, 'gamma_local': 0.5, 'gamma_macro': 0.05, 'gamma_spatial': 0.5, 'hidden_dim': 128, 'weight_decay': 0.0}",5,40267.91119171627,5194.389903570242,79600.12545239175,5728.543707445417,12.647995724004039,1.7817052642561229,1.5078029888571693,0.2887958587549604
SVR_CompositeKernel,"(1, 12)","{'gamma_lag': 0.1, 'gamma_local': 1.0, 'gamma_macro': 0.1, 'gamma_spatial': 0.1, 'hidden_dim': 128, 'weight_decay': 0.0}",5,37337.960765660435,7893.311791526698,79602.7737660887,10249.65859024716,12.807562763492125,3.444720426074677,1.4909452042419982,0.36174283885944564
SVR_CompositeKernel,"(1, 12, 24)","{'gamma_lag': 0.5, 'gamma_local': 0.5, 'gamma_macro': 0.05, 'gamma_spatial': 0.1, 'hidden_dim': 128, 'weight_decay': 0.0001}",5,37859.58345158376,2858.8520924842,79607.98898749617,5100.718138845353,11.539735384139014,1.0586631742202253,1.4132293849450073,0.19170868173200206
SVR_CompositeKernel,"(1, 2, 12)","{'gamma_lag': 0.1, 'gamma_local': 0.1, 'gamma_macro': 0.05, 'gamma_spatial': 0.1, 'hidden_dim': 64, 'weight_decay': 0.0}",5,34553.66956092333,5440.235950352143,79656.45494481035,6266.278262165409,12.128522277851,2.2138128235901684,1.3726608354410517,0.22688579249004623
SVR_CompositeKernel,"(1, 2, 3, 4, 5, 6, 12)","{'gamma_lag': 0.1, 'gamma_local': 0.5, 'gamma_macro': 0.1, 'gamma_spatial': 0.1, 'hidden_dim': 128, 'weight_decay': 0.0001}",5,35674.87302030188,5449.131796255157,79672.2526030351,6909.77882556706,11.174506881739507,1.8556788356615097,1.4210010780677875,0.2531593836211115
SVR_CompositeKernel,"(1, 12, 24)","{'gamma_lag': 1.0, 'gamma_local': 0.5, 'gamma_macro': 0.1, 'gamma_spatial': 0.5, 'hidden_dim': 128, 'weight_decay': 0.0}",5,38260.46149730725,4205.407771046555,79686.95452916925,7015.969321669681,11.948181808783284,1.6235983753841794,1.4313902567612384,0.24575121349551204
SVR_CompositeKernel,"(1, 12)","{'gamma_lag': 0.5, 'gamma_local': 0.5, 'gamma_macro': 0.2, 'gamma_spatial': 1.0, 'hidden_dim': 128, 'weight_decay': 0.0001}",5,35438.87659793084,4007.10386999289,79702.4549995838,5914.055708732833,10.604977054958422,1.5547194529204478,1.4098936008437777,0.19095272315439285
SVR_CompositeKernel,"(1, 2, 3, 12, 24)","{'gamma_lag': 1.0, 'gamma_local': 0.1, 'gamma_macro': 0.05, 'gamma_spatial': 0.1, 'hidden_dim': 128, 'weight_decay': 0.0}",5,40216.39381200397,12152.423779650268,79721.51714327736,15496.869622692928,13.265133344534235,4.154660067530991,1.5146876177755597,0.5297808009765852
SVR_CompositeKernel,"(1, 2, 12, 24)","{'gamma_lag': 0.5, 'gamma_local': 1.0, 'gamma_macro': 0.05, 'gamma_spatial': 0.5, 'hidden_dim': 128, 'weight_decay': 0.0001}",5,37225.748681972786,2519.887894743606,79729.05856859936,6334.254024276302,11.362998185870998,0.7153361825296196,1.3899016085004798,0.1889207026087102
SVR_CompositeKernel,"(1, 2, 12)","{'gamma_lag': 0.1, 'gamma_local': 1.0, 'gamma_macro': 0.1, 'gamma_spatial': 0.5, 'hidden_dim': 128, 'weight_decay': 0.0}",5,37918.832937836596,5646.690883901183,79744.73446497585,6776.179467648147,12.887133231403885,2.3972352880245698,1.5074718128449676,0.2418065629772116
SVR_CompositeKernel,"(1, 12)","{'gamma_lag': 0.5, 'gamma_local': 0.5, 'gamma_macro': 0.2, 'gamma_spatial': 0.1, 'hidden_dim': 128, 'weight_decay': 0.0001}",5,34078.372736855155,3682.9863045992824,79747.95159086135,6984.828231987633,10.59534579860605,1.3893653429942026,1.3559772067731792,0.17808540945348808
SVR_CompositeKernel,"(1, 12, 24)","{'gamma_lag': 0.5, 'gamma_local': 0.1, 'gamma_macro': 0.05, 'gamma_spatial': 0.5, 'hidden_dim': 64, 'weight_decay': 0.0001}",5,35590.93096256732,6482.271899053963,79755.95165056307,5752.90707662456,11.5730307650507,2.699877623830441,1.3325228596454177,0.30663920966861746
SVR_CompositeKernel,"(1, 2, 12, 24)","{'gamma_lag': 0.5, 'gamma_local': 1.0, 'gamma_macro': 0.05, 'gamma_spatial': 1.0, 'hidden_dim': 128, 'weight_decay': 0.0001}",5,39136.173946818315,3658.3487416109183,79757.0529276858,6991.603274282238,12.081592454103449,1.4032843936565824,1.4627746590963884,0.22720989292192148
SVR_CompositeKernel,"(1, 12, 24)","{'gamma_lag': 0.1, 'gamma_local': 0.5, 'gamma_macro': 0.05, 'gamma_spatial': 1.0, 'hidden_dim': 64, 'weight_decay': 0.0001}",5,36416.374847204504,4367.89568695946,79770.70928009864,3470.7641644925607,12.042620440787159,2.199666934355684,1.3622746875327394,0.24372228292587528
SVR_CompositeKernel,"(1, 2, 3, 4, 5, 6, 12)","{'gamma_lag': 0.1, 'gamma_local': 0.5, 'gamma_macro': 0.2, 'gamma_spatial': 1.0, 'hidden_dim': 128, 'weight_decay': 0.0001}",5,35716.7035125248,3103.799718652457,79779.66907773683,5788.157432675818,10.874543005698829,1.1264536991267566,1.420905734360775,0.16122621470478485
SVR_CompositeKernel,"(1, 2, 3, 4, 5, 6, 12, 24)","{'gamma_lag': 0.5, 'gamma_local': 0.5, 'gamma_macro': 0.05, 'gamma_spatial': 1.0, 'hidden_dim': 128, 'weight_decay': 0.0}",5,40651.148325449976,4555.039532778781,79782.64806567258,5264.966818284206,13.017920012231977,1.6789707354041425,1.5209321134765599,0.2659661549511154
SVR_CompositeKernel,"(1, 2, 12, 24)","{'gamma_lag': 0.5, 'gamma_local': 0.5, 'gamma_macro': 0.1, 'gamma_spatial': 0.5, 'hidden_dim': 128, 'weight_decay': 0.0}",5,36877.36558868339,3748.5555866445698,79786.80176033537,6241.017800629835,11.328176720152722,1.4582163237262105,1.3793466619440395,0.22785943741305995
SVR_CompositeKernel,"(1, 2, 3, 12, 24)","{'gamma_lag': 0.5, 'gamma_local': 0.5, 'gamma_macro': 0.1, 'gamma_spatial': 0.5, 'hidden_dim': 128, 'weight_decay': 0.0}",5,38789.73523198342,2960.4942438622015,79799.31747765039,5023.416217804899,12.068281029825323,1.0321380796393116,1.44893223631624,0.2061842456059265
SVR_CompositeKernel,"(1, 2, 12)","{'gamma_lag': 0.5, 'gamma_local': 0.1, 'gamma_macro': 0.1, 'gamma_spatial': 1.0, 'hidden_dim': 128, 'weight_decay': 0.0}",5,35183.36382865646,8377.007933573761,79802.04542184997,11530.692917126013,11.041695738193773,3.1680371469303243,1.39571357408789,0.32551081693323786
SVR_CompositeKernel,"(1, 12, 24)","{'gamma_lag': 0.1, 'gamma_local': 1.0, 'gamma_macro': 0.2, 'gamma_spatial': 1.0, 'hidden_dim': 128, 'weight_decay': 0.0}",5,37563.482090153775,4136.829715692962,79838.48223287328,6655.024396064083,12.40881056412933,2.0081681456185345,1.4042776586499996,0.2347250193890418
SVR_CompositeKernel,"(1, 2, 3, 4, 5, 6, 12)","{'gamma_lag': 1.0, 'gamma_local': 0.1, 'gamma_macro': 0.1, 'gamma_spatial': 0.1, 'hidden_dim': 128, 'weight_decay': 0.0}",5,39590.698400297624,9292.461067193288,79840.67539030596,9296.750164827481,13.131337405316268,3.2542113298755266,1.572356172822046,0.36978371490003864
SVR_CompositeKernel,"(1, 2, 3, 12)","{'gamma_lag': 0.5, 'gamma_local': 0.5, 'gamma_macro': 0.05, 'gamma_spatial': 0.5, 'hidden_dim': 128, 'weight_decay': 0.0}",5,37172.83645036139,3125.008055360055,79846.43956079727,3858.0834908369693,11.453572185640292,1.2886357700626327,1.4760724535312195,0.1384421895982246
SVR_CompositeKernel,"(1, 2, 3, 12)","{'gamma_lag': 1.0, 'gamma_local': 0.5, 'gamma_macro': 0.05, 'gamma_spatial': 0.5, 'hidden_dim': 128, 'weight_decay': 0.0}",5,40288.56287733843,5121.674735009893,79861.79351659279,5922.961262075843,12.633661249386895,1.904230465841874,1.6025254547936612,0.23229424745729293
SVR_CompositeKernel,"(1, 2, 3, 12)","{'gamma_lag': 0.5, 'gamma_local': 1.0, 'gamma_macro': 0.05, 'gamma_spatial': 0.5, 'hidden_dim': 128, 'weight_decay': 0.0001}",5,37826.182374929136,3567.643158963523,79865.37316179581,6734.802523604279,11.57315946032893,1.2497357052429146,1.5055181813212735,0.1864560053939957
SVR_CompositeKernel,"(1, 2, 3, 12)","{'gamma_lag': 0.1, 'gamma_local': 1.0, 'gamma_macro': 0.1, 'gamma_spatial': 0.5, 'hidden_dim': 128, 'weight_decay': 0.0}",5,36962.90031001984,6039.831287289841,79885.55339335417,5260.408075832857,12.25338336199968,2.731635373344071,1.4695547463915166,0.2542357794472686
SVR_CompositeKernel,"(1, 2, 3, 4, 5, 6, 12, 24)","{'gamma_lag': 0.1, 'gamma_local': 0.5, 'gamma_macro': 0.05, 'gamma_spatial': 1.0, 'hidden_dim': 64, 'weight_decay': 0.0001}",5,37055.160028698985,6133.18823668485,79891.44658153561,7567.011650900564,11.999709478154347,2.6425227794067245,1.388404226129871,0.302450983936754
SVR_CompositeKernel,"(1, 2, 3, 12, 24)","{'gamma_lag': 0.1, 'gamma_local': 1.0, 'gamma_macro': 0.2, 'gamma_spatial': 1.0, 'hidden_dim': 128, 'weight_decay': 0.0}",5,37167.197393176015,4603.95515113262,79896.35927816553,5999.137416585112,11.730326222225994,2.060873828965888,1.3923017168716716,0.26152291901957164
SVR_CompositeKernel,"(1, 2, 3, 12)","{'gamma_lag': 1.0, 'gamma_local': 0.1, 'gamma_macro': 0.2, 'gamma_spatial': 0.1, 'hidden_dim': 128, 'weight_decay': 0.0001}",5,37276.22747661565,6405.981926265402,79897.58867701322,6649.555502206718,12.186974507725347,2.3921383793535327,1.4796881252571432,0.256475485731861
SVR_CompositeKernel,"(1, 12, 24)","{'gamma_lag': 0.5, 'gamma_local': 0.1, 'gamma_macro': 0.05, 'gamma_spatial': 1.0, 'hidden_dim': 64, 'weight_decay': 0.0001}",5,36626.53976358772,5420.9542780757865,79911.62715454909,6817.252644282883,11.740572876698348,2.2219958723587925,1.3729757387296992,0.28619924049800927
SVR_CompositeKernel,"(1, 2, 3, 12, 24)","{'gamma_lag': 0.1, 'gamma_local': 0.5, 'gamma_macro': 0.2, 'gamma_spatial': 0.1, 'hidden_dim': 128, 'weight_decay': 0.0}",5,36236.35780851403,4267.371886850283,79913.41651733074,7110.221579711663,11.665280234145115,1.7214934056825046,1.3565520078183533,0.24335711747790847
SVR_CompositeKernel,"(1, 12, 24)","{'gamma_lag': 0.1, 'gamma_local': 0.1, 'gamma_macro': 0.1, 'gamma_spatial': 0.5, 'hidden_dim': 64, 'weight_decay': 0.0}",5,36275.40842412486,6167.3635047560565,79919.47962585188,7270.036165404283,12.429703572984327,3.0235452843651975,1.3574110693945372,0.2929697653143445
SVR_CompositeKernel,"(1, 2, 3, 4, 5, 6, 12)","{'gamma_lag': 0.1, 'gamma_local': 1.0, 'gamma_macro': 0.2, 'gamma_spatial': 0.5, 'hidden_dim': 128, 'weight_decay': 0.0001}",5,35487.00443682681,4132.088394149474,79947.57589746096,6154.651747884388,10.943985716935495,1.4027742243680892,1.4133485665069558,0.2051910665666586
SVR_CompositeKernel,"(1, 2, 12, 24)","{'gamma_lag': 1.0, 'gamma_local': 0.5, 'gamma_macro': 0.05, 'gamma_spatial': 0.5, 'hidden_dim': 128, 'weight_decay': 0.0001}",5,39713.692837213006,5186.552432426041,79947.82052630845,7891.978858805392,12.496716430579667,1.8669845003588978,1.4851711269000423,0.2739106662594228
SVR_CompositeKernel,"(1, 2, 3, 4, 5, 6, 12)","{'gamma_lag': 0.5, 'gamma_local': 0.1, 'gamma_macro': 0.2, 'gamma_spatial': 0.1, 'hidden_dim': 128, 'weight_decay': 0.0001}",5,38925.43448749291,4539.59139544554,79951.70985886086,4883.1819181448045,12.770748602443737,1.9365812957119453,1.5440709395734349,0.1771128247298877
SVR_CompositeKernel,"(1, 2, 3, 4, 5, 6, 12)","{'gamma_lag': 0.5, 'gamma_local': 0.1, 'gamma_macro': 0.2, 'gamma_spatial': 0.5, 'hidden_dim': 128, 'weight_decay': 0.0}",5,38517.13080622874,6783.778241190428,79960.2765223479,6181.371307441177,12.444708958531901,2.4962333232009275,1.5296217076412408,0.2739985030116086
SVR_CompositeKernel,"(1, 2, 12)","{'gamma_lag': 0.5, 'gamma_local': 1.0, 'gamma_macro': 0.05, 'gamma_spatial': 0.5, 'hidden_dim': 128, 'weight_decay': 0.0}",5,36640.90561135913,4774.840343946377,79969.20366674545,4891.370805781215,11.08662571218954,2.0781154819267327,1.455941724178815,0.20425670455389028
SVR_CompositeKernel,"(1, 2, 3, 12, 24)","{'gamma_lag': 1.0, 'gamma_local': 0.5, 'gamma_macro': 0.05, 'gamma_spatial': 1.0, 'hidden_dim': 128, 'weight_decay': 0.0001}",5,39809.71849268353,5497.61631361795,79980.96235716906,8077.9203089952625,12.521451478638085,2.0292141344578627,1.4911313068081575,0.2939548110016622
SVR_CompositeKernel,"(1, 2, 3, 12)","{'gamma_lag': 0.1, 'gamma_local': 1.0, 'gamma_macro': 0.2, 'gamma_spatial': 0.1, 'hidden_dim': 128, 'weight_decay': 0.0}",5,36126.3033172123,4274.376535474868,79985.5221435929,6215.291695993147,11.876775080670598,1.7033080444133264,1.4367891179878225,0.19657036177730008
SVR_CompositeKernel,"(1, 12)","{'gamma_lag': 0.1, 'gamma_local': 0.5, 'gamma_macro': 0.2, 'gamma_spatial': 0.1, 'hidden_dim': 128, 'weight_decay': 0.0001}",5,36343.77357213719,5458.947757002176,79987.88351962084,5592.826421904913,12.757580990241483,2.6644065853804517,1.4469015786678576,0.24654140023987137
SVR_CompositeKernel,"(1, 12, 24)","{'gamma_lag': 0.5, 'gamma_local': 0.5, 'gamma_macro': 0.2, 'gamma_spatial': 0.1, 'hidden_dim': 128, 'weight_decay': 0.0001}",5,36667.72944214144,3194.3449407172125,79996.19904738925,6211.54542329617,11.112484529510574,0.9886330950890329,1.3704662961384428,0.20986176054054678
SVR_CompositeKernel,"(1, 12)","{'gamma_lag': 0.5, 'gamma_local': 1.0, 'gamma_macro': 0.1, 'gamma_spatial': 0.5, 'hidden_dim': 128, 'weight_decay': 0.0}",5,35129.37725650156,3021.488168249472,79998.2041796599,5867.9615317084,10.693661021076474,1.0888403438191192,1.3969296914088134,0.15271623099725595
SVR_CompositeKernel,"(1, 2, 12, 24)","{'gamma_lag': 1.0, 'gamma_local': 0.5, 'gamma_macro': 0.05, 'gamma_spatial': 1.0, 'hidden_dim': 128, 'weight_decay': 0.0}",5,39916.75671192956,6198.5552070081685,80031.16355785879,8780.646702706037,12.479838926226245,2.1578816730066497,1.4943883732319698,0.31128807281726484
SVR_CompositeKernel,"(1, 2, 12)","{'gamma_lag': 1.0, 'gamma_local': 0.1, 'gamma_macro': 0.2, 'gamma_spatial': 0.5, 'hidden_dim': 128, 'weight_decay': 0.0}",5,38685.79700033659,6828.556165499405,80049.80943891667,6537.9010806082715,12.463287882618364,2.715796530965166,1.5354622664188897,0.26989222602294155
SVR_CompositeKernel,"(1, 2, 12)","{'gamma_lag': 0.5, 'gamma_local': 0.5, 'gamma_macro': 0.05, 'gamma_spatial': 0.1, 'hidden_dim': 128, 'weight_decay': 0.0001}",5,37103.82229441255,4765.355849897693,80053.60347477412,8174.619783124277,11.491932203405403,1.6152950852384538,1.4779414112622455,0.22977351703199322
SVR_CompositeKernel,"(1, 2, 3, 4, 5, 6, 12, 24)","{'gamma_lag': 0.1, 'gamma_local': 1.0, 'gamma_macro': 0.2, 'gamma_spatial': 0.5, 'hidden_dim': 128, 'weight_decay': 0.0}",5,35033.46120677438,2819.5806202904887,80056.06337149067,6028.445174940153,10.585747103119687,1.0449319781282662,1.3081577522340049,0.18415626624865214
SVR_CompositeKernel,"(1, 12)","{'gamma_lag': 0.1, 'gamma_local': 1.0, 'gamma_macro': 0.2, 'gamma_spatial': 0.5, 'hidden_dim': 128, 'weight_decay': 0.0001}",5,36316.618778344666,5671.81063078987,80084.53817827531,5759.639822913835,12.562721504941853,2.7727602205327995,1.4436991085162956,0.24308539745608745
SVR_CompositeKernel,"(1, 2, 3, 4, 5, 6, 12, 24)","{'gamma_lag': 1.0, 'gamma_local': 0.1, 'gamma_macro': 0.05, 'gamma_spatial': 1.0, 'hidden_dim': 128, 'weight_decay': 0.0001}",5,41383.983140235265,12531.516115839191,80092.83658845192,15603.300016330884,13.902147744563417,4.656048123963319,1.5554628464958555,0.5394129183870596
SVR_CompositeKernel,"(1, 2, 12, 24)","{'gamma_lag': 1.0, 'gamma_local': 0.1, 'gamma_macro': 0.2, 'gamma_spatial': 0.1, 'hidden_dim': 128, 'weight_decay': 0.0001}",5,39501.47484897605,6388.36665208259,80103.83610745882,4244.2127201928515,13.135531198609936,2.55713196027551,1.4745584050690517,0.295865755076069
SVR_CompositeKernel,"(1, 2, 3, 4, 5, 6, 12)","{'gamma_lag': 0.1, 'gamma_local': 1.0, 'gamma_macro': 0.2, 'gamma_spatial': 1.0, 'hidden_dim': 128, 'weight_decay': 0.0001}",5,36615.894165426595,4230.8575860734845,80106.67980036636,6615.557714792021,11.118118755218699,1.6176880773115012,1.4561415081705733,0.19546716169816444
SVR_CompositeKernel,"(1, 12)","{'gamma_lag': 0.1, 'gamma_local': 0.1, 'gamma_macro': 0.05, 'gamma_spatial': 1.0, 'hidden_dim': 64, 'weight_decay': 0.0}",5,35863.05252046131,8046.561303247579,80110.08400731046,8410.782577605762,12.411257598477627,3.5486348741053133,1.4255598697321965,0.3246870126377801
SVR_CompositeKernel,"(1, 12)","{'gamma_lag': 0.5, 'gamma_local': 0.5, 'gamma_macro': 0.1, 'gamma_spatial': 1.0, 'hidden_dim': 128, 'weight_decay': 0.0}",5,37193.16608560091,6290.197622830203,80116.97092894514,6446.529365510611,11.541431777517353,2.8520545909425006,1.4787656032799161,0.2621446734046606
SVR_CompositeKernel,"(1, 2, 3, 4, 5, 6, 12, 24)","{'gamma_lag': 0.1, 'gamma_local': 1.0, 'gamma_macro': 0.2, 'gamma_spatial': 1.0, 'hidden_dim': 128, 'weight_decay': 0.0001}",5,37085.760918455926,3258.474817979222,80128.92714535401,6126.939088152866,11.32935752978608,1.3551301112123495,1.3849703263144586,0.20135177045618574
SVR_CompositeKernel,"(1, 2, 3, 12)","{'gamma_lag': 0.5, 'gamma_local': 0.1, 'gamma_macro': 0.2, 'gamma_spatial': 0.5, 'hidden_dim': 128, 'weight_decay': 0.0}",5,38740.309414859694,7401.8574039933355,80135.71173164026,7003.388278098112,12.341219383196645,2.799875952629763,1.5378775575545578,0.292254049422329
SVR_CompositeKernel,"(1, 2, 12, 24)","{'gamma_lag': 0.5, 'gamma_local': 0.1, 'gamma_macro': 0.2, 'gamma_spatial': 0.1, 'hidden_dim': 128, 'weight_decay': 0.0001}",5,37992.424025651926,6274.920192183461,80165.51899398719,7698.351066700037,12.36227879978313,2.3983565521112413,1.4192686405385921,0.2889549055897194
SVR_CompositeKernel,"(1, 2, 12)","{'gamma_lag': 0.1, 'gamma_local': 0.5, 'gamma_macro': 0.2, 'gamma_spatial': 0.1, 'hidden_dim': 128, 'weight_decay': 0.0}",5,35320.623325892855,3408.6541093769674,80166.58747786409,5341.013377020625,11.991775432201297,1.450757103731208,1.4039582053533497,0.16282173199201525
SVR_CompositeKernel,"(1, 2, 3, 12, 24)","{'gamma_lag': 1.0, 'gamma_local': 0.5, 'gamma_macro': 0.05, 'gamma_spatial': 1.0, 'hidden_dim': 128, 'weight_decay': 0.0}",5,40936.890760080074,5532.370019876518,80174.02260741654,6860.449311842178,13.071782980935598,2.04454195493072,1.531103932258652,0.2883056405407332
SVR_CompositeKernel,"(1, 12, 24)","{'gamma_lag': 0.5, 'gamma_local': 1.0, 'gamma_macro': 0.1, 'gamma_spatial': 0.5, 'hidden_dim': 128, 'weight_decay': 0.0}",5,37380.60757599915,1916.832888422744,80186.73825367245,3114.7084472514275,11.269448431844998,0.6996516309557944,1.3933273632124674,0.15826005742872745
SVR_CompositeKernel,"(1, 2, 3, 12)","{'gamma_lag': 0.1, 'gamma_local': 0.5, 'gamma_macro': 0.2, 'gamma_spatial': 1.0, 'hidden_dim': 128, 'weight_decay': 0.0}",5,37313.55928730868,5781.834131936779,80187.68059768974,7118.684328163116,11.999093383732955,2.325401343188177,1.482468061190958,0.23981623094313037
SVR_CompositeKernel,"(1, 12, 24)","{'gamma_lag': 1.0, 'gamma_local': 1.0, 'gamma_macro': 0.05, 'gamma_spatial': 1.0, 'hidden_dim': 128, 'weight_decay': 0.0}",5,39144.40137781676,3216.9592046947623,80190.24844561963,5369.835678837265,12.38551045264634,1.1515098957359506,1.4627397195080147,0.21651721075975142
SVR_CompositeKernel,"(1, 12, 24)","{'gamma_lag': 0.5, 'gamma_local': 0.1, 'gamma_macro': 0.05, 'gamma_spatial': 1.0, 'hidden_dim': 64, 'weight_decay': 0.0}",5,37603.07660191681,5893.5165827837,80198.2342631751,8040.696452397227,12.260107197951559,2.1584310335852197,1.4087045366783966,0.29761295267686766
SVR_CompositeKernel,"(1, 2, 3, 4, 5, 6, 12)","{'gamma_lag': 1.0, 'gamma_local': 0.1, 'gamma_macro': 0.05, 'gamma_spatial': 1.0, 'hidden_dim': 128, 'weight_decay': 0.0001}",5,40454.59868285856,11411.75174432614,80199.5034955149,14511.293367549622,13.382235674383761,4.1235343169424254,1.603456887582339,0.44100940494298996
SVR_CompositeKernel,"(1, 2, 12, 24)","{'gamma_lag': 1.0, 'gamma_local': 0.5, 'gamma_macro': 0.05, 'gamma_spatial': 0.5, 'hidden_dim': 128, 'weight_decay': 0.0}",5,39942.17175984977,4915.701484546872,80206.99277081068,6140.372890090465,12.54359066009047,1.6616381115541934,1.4949838922549776,0.27517995136092244
SVR_CompositeKernel,"(1, 2, 12)","{'gamma_lag': 0.1, 'gamma_local': 1.0, 'gamma_macro': 0.1, 'gamma_spatial': 0.1, 'hidden_dim': 128, 'weight_decay': 0.0001}",5,36077.600315334465,4739.4807062574655,80207.05201209038,6607.198167345428,12.130532008084076,2.116064091488294,1.4362624940867927,0.222110533615648
SVR_CompositeKernel,"(1, 2, 12)","{'gamma_lag': 1.0, 'gamma_local': 0.5, 'gamma_macro': 0.05, 'gamma_spatial': 0.5, 'hidden_dim': 128, 'weight_decay': 0.0}",5,39430.19102271117,3594.787719710943,80209.70255611898,5218.755323383619,12.172341658321525,1.3902870109664969,1.5649986828702782,0.15289246144396781
SVR_CompositeKernel,"(1, 2, 3, 12, 24)","{'gamma_lag': 0.5, 'gamma_local': 0.5, 'gamma_macro': 0.05, 'gamma_spatial': 0.1, 'hidden_dim': 128, 'weight_decay': 0.0001}",5,38677.201678536,4761.280659186512,80217.74042037016,6553.888580194103,11.926573262190162,1.6007438290129157,1.4482078240104739,0.2687866661459786
SVR_CompositeKernel,"(1, 2, 12)","{'gamma_lag': 0.5, 'gamma_local': 0.5, 'gamma_macro': 0.1, 'gamma_spatial': 1.0, 'hidden_dim': 128, 'weight_decay': 0.0}",5,36746.195673008784,4111.599615384334,80219.49535923044,4910.273201923262,11.16438859536921,1.4292564746941032,1.461380801014235,0.19280832065424847
SVR_CompositeKernel,"(1, 2, 3, 12)","{'gamma_lag': 0.5, 'gamma_local': 1.0, 'gamma_macro': 0.05, 'gamma_spatial': 1.0, 'hidden_dim': 128, 'weight_decay': 0.0}",5,38250.32464259141,4324.251533734475,80219.54618342206,6869.635323592171,11.630284684733097,1.5371726404004489,1.5202748463522682,0.19360058585069712
SVR_CompositeKernel,"(1, 12)","{'gamma_lag': 0.5, 'gamma_local': 0.5, 'gamma_macro': 0.05, 'gamma_spatial': 0.1, 'hidden_dim': 128, 'weight_decay': 0.0001}",5,36522.8280975411,5957.2977037778855,80225.4615980571,8096.642544691328,11.549116998522205,2.322034585024752,1.453629435607382,0.2631166205481058
SVR_CompositeKernel,"(1, 2, 3, 12)","{'gamma_lag': 0.1, 'gamma_local': 1.0, 'gamma_macro': 0.2, 'gamma_spatial': 0.5, 'hidden_dim': 128, 'weight_decay': 0.0}",5,35634.22437597435,3823.6948882991196,80249.91523933466,6145.449968510326,11.309425026139754,1.585301283993367,1.4180905393259184,0.1863978120318516
SVR_CompositeKernel,"(1, 2, 3, 12)","{'gamma_lag': 0.5, 'gamma_local': 1.0, 'gamma_macro': 0.05, 'gamma_spatial': 1.0, 'hidden_dim': 128, 'weight_decay': 0.0001}",5,38228.51896878543,3885.8603245253526,80249.96585164274,5109.545662569204,11.803834704473008,1.3370771689789067,1.5194685250021063,0.17877714049293017
SVR_CompositeKernel,"(1, 2, 3, 4, 5, 6, 12, 24)","{'gamma_lag': 0.1, 'gamma_local': 1.0, 'gamma_macro': 0.2, 'gamma_spatial': 1.0, 'hidden_dim': 128, 'weight_decay': 0.0}",5,37579.60945826247,4487.640160295323,80262.66786464895,7051.5652412787995,11.45728555322966,1.480042710117654,1.406426777784873,0.25268808869683884
SVR_CompositeKernel,"(1, 2, 3, 4, 5, 6, 12, 24)","{'gamma_lag': 1.0, 'gamma_local': 0.1, 'gamma_macro': 0.05, 'gamma_spatial': 0.1, 'hidden_dim': 128, 'weight_decay': 0.0001}",5,41817.59153822987,10622.177615009146,80269.14305624121,12970.127927100088,14.231391764758968,3.8311637971698427,1.56736331575262,0.4635383027623064
SVR_CompositeKernel,"(1, 2, 3, 12, 24)","{'gamma_lag': 0.1, 'gamma_local': 0.1, 'gamma_macro': 0.1, 'gamma_spatial': 0.1, 'hidden_dim': 64, 'weight_decay': 0.0001}",5,36136.15131271259,6442.470049243892,80310.91048771862,6545.7040990484475,12.243417461561787,2.350145933259855,1.3554158402821177,0.31862582445508714
SVR_CompositeKernel,"(1, 2, 3, 12)","{'gamma_lag': 0.5, 'gamma_local': 0.5, 'gamma_macro': 0.05, 'gamma_spatial': 1.0, 'hidden_dim': 128, 'weight_decay': 0.0}",5,37960.53995712868,4392.799048002444,80322.55546413305,6620.221617352074,11.716678873061333,1.6219017957143351,1.5088824950739073,0.1953031956915153
SVR_CompositeKernel,"(1, 2, 3, 12)","{'gamma_lag': 1.0, 'gamma_local': 0.1, 'gamma_macro': 0.2, 'gamma_spatial': 1.0, 'hidden_dim': 128, 'weight_decay': 0.0}",5,39097.08645567602,7504.475330349864,80346.30090394148,7133.091480626746,12.644030925813473,2.7663989547942647,1.5526635295114941,0.30087911087123564
SVR_CompositeKernel,"(1, 2, 3, 12, 24)","{'gamma_lag': 1.0, 'gamma_local': 0.1, 'gamma_macro': 0.2, 'gamma_spatial': 1.0, 'hidden_dim': 128, 'weight_decay': 0.0001}",5,41183.58524039824,8446.206208285392,80357.04498628594,8188.799675195829,13.698604633601217,3.2215835124405263,1.5423825583864472,0.3843163705582028
SVR_CompositeKernel,"(1, 2, 3, 12, 24)","{'gamma_lag': 0.1, 'gamma_local': 0.1, 'gamma_macro': 0.05, 'gamma_spatial': 0.5, 'hidden_dim': 64, 'weight_decay': 0.0001}",5,36864.15263251134,4327.637193788999,80359.21561295951,6130.6375037105445,12.545641782564289,1.8955080940507045,1.375336492515682,0.22234740133159625
SVR_CompositeKernel,"(1, 12)","{'gamma_lag': 0.5, 'gamma_local': 0.5, 'gamma_macro': 0.2, 'gamma_spatial': 1.0, 'hidden_dim': 128, 'weight_decay': 0.0}",5,35971.287063757794,2138.4965051202703,80359.73570537468,4979.946961649026,10.851842885772813,0.9156091517233973,1.4297299676948207,0.12091947520089971
SVR_CompositeKernel,"(1, 2, 12)","{'gamma_lag': 0.1, 'gamma_local': 1.0, 'gamma_macro': 0.1, 'gamma_spatial': 0.5, 'hidden_dim': 128, 'weight_decay': 0.0001}",5,37194.38084874574,5577.000609792303,80364.90931542081,6693.230148003534,12.52345609660716,2.3254540113383286,1.4790614439245584,0.24370351771888735
SVR_CompositeKernel,"(1, 12)","{'gamma_lag': 0.1, 'gamma_local': 0.1, 'gamma_macro': 0.05, 'gamma_spatial': 0.1, 'hidden_dim': 64, 'weight_decay': 0.0}",5,35097.85910882582,5516.536167509305,80367.02240701707,6432.680371144623,12.095457816774223,2.24997202728729,1.3951494848375365,0.23146130119569716
SVR_CompositeKernel,"(1, 2, 12)","{'gamma_lag': 1.0, 'gamma_local': 0.5, 'gamma_macro': 0.05, 'gamma_spatial': 1.0, 'hidden_dim': 128, 'weight_decay': 0.0}",5,38799.386296237244,4536.220860854685,80367.82189705642,4771.089832988403,12.05426221659047,1.7935334885409444,1.540760999624454,0.19145062899753046
SVR_CompositeKernel,"(1, 12)","{'gamma_lag': 0.5, 'gamma_local': 0.5, 'gamma_macro': 0.2, 'gamma_spatial': 0.5, 'hidden_dim': 128, 'weight_decay': 0.0}",5,35530.786872431265,2745.3699144731972,80394.37365768696,6185.01803439468,10.77474525827034,0.9486219961258426,1.4133310215883559,0.1485323104754472
SVR_CompositeKernel,"(1, 2, 3, 4, 5, 6, 12, 24)","{'gamma_lag': 0.1, 'gamma_local': 0.1, 'gamma_macro': 0.1, 'gamma_spatial': 0.5, 'hidden_dim': 64, 'weight_decay': 0.0}",5,37263.95475614725,5449.686019933526,80394.6234889871,6156.583859283631,12.329272495172813,2.2825043107800154,1.392555835979547,0.26626029684329433
SVR_CompositeKernel,"(1, 12, 24)","{'gamma_lag': 0.1, 'gamma_local': 0.1, 'gamma_macro': 0.05, 'gamma_spatial': 0.1, 'hidden_dim': 64, 'weight_decay': 0.0}",5,36891.80645549887,4100.18166332133,80402.73834412503,5262.937321467638,12.906422323826646,1.8426661384666119,1.3808670878660951,0.24236610559085697
SVR_CompositeKernel,"(1, 2, 3, 4, 5, 6, 12)","{'gamma_lag': 0.1, 'gamma_local': 1.0, 'gamma_macro': 0.2, 'gamma_spatial': 0.1, 'hidden_dim': 128, 'weight_decay': 0.0001}",5,36160.284094653485,4049.168204197352,80402.87149145038,7938.065341298086,11.21165695403896,1.3644879859569692,1.4401586816204872,0.20478917762750376
SVR_CompositeKernel,"(1, 2, 3, 12)","{'gamma_lag': 1.0, 'gamma_local': 0.1, 'gamma_macro': 0.05, 'gamma_spatial': 1.0, 'hidden_dim': 128, 'weight_decay': 0.0}",5,39445.91213461947,10839.956758105778,80415.50413566819,14697.775509953643,12.83070846007215,3.9079670351665476,1.5681165866460463,0.432881836297871
SVR_CompositeKernel,"(1, 12)","{'gamma_lag': 1.0, 'gamma_local': 0.5, 'gamma_macro': 0.1, 'gamma_spatial': 1.0, 'hidden_dim': 128, 'weight_decay': 0.0}",5,37410.4821105265,3266.880640032782,80439.01123306298,5188.893684120474,11.423383174672464,1.026276216725063,1.4867361353895012,0.1562540795819324
SVR_CompositeKernel,"(1, 2, 12, 24)","{'gamma_lag': 0.5, 'gamma_local': 0.5, 'gamma_macro': 0.1, 'gamma_spatial': 1.0, 'hidden_dim': 128, 'weight_decay': 0.0001}",5,38180.66331889527,3296.7554777129544,80452.21956855892,4971.956736530298,11.92329800070502,1.2103506814965606,1.4249678815115416,0.20227971246555182
SVR_CompositeKernel,"(1, 2, 12)","{'gamma_lag': 0.1, 'gamma_local': 1.0, 'gamma_macro': 0.2, 'gamma_spatial': 0.1, 'hidden_dim': 128, 'weight_decay': 0.0001}",5,36620.65929040887,5667.13878628484,80453.47318714092,7957.472423311705,12.783527555051426,2.357417357795991,1.457761801497796,0.2533591793367685
SVR_CompositeKernel,"(1, 2, 3, 12)","{'gamma_lag': 0.1, 'gamma_local': 1.0, 'gamma_macro': 0.05, 'gamma_spatial': 0.1, 'hidden_dim': 128, 'weight_decay': 0.0}",5,38084.624622218675,7550.095008736593,80455.91448807123,8859.399050028856,13.062400828392407,2.8049718640554078,1.5179951295685825,0.33799950620960817
SVR_CompositeKernel,"(1, 12)","{'gamma_lag': 0.5, 'gamma_local': 0.5, 'gamma_macro': 0.1, 'gamma_spatial': 0.1, 'hidden_dim': 128, 'weight_decay': 0.0001}",5,35172.51427552792,5959.446436133804,80477.91300990144,8430.876658378584,10.91681338146338,2.618531933804444,1.3998843454910002,0.2593908708277993
SVR_CompositeKernel,"(1, 2, 12, 24)","{'gamma_lag': 0.5, 'gamma_local': 0.5, 'gamma_macro': 0.05, 'gamma_spatial': 0.1, 'hidden_dim': 128, 'weight_decay': 0.0001}",5,38631.960909598216,4018.092025351734,80489.70720440436,5908.011182579634,11.888089410932427,1.2277454431668156,1.4460830292154259,0.24903415185496747
SVR_CompositeKernel,"(1, 2, 3, 4, 5, 6, 12, 24)","{'gamma_lag': 0.1, 'gamma_local': 0.1, 'gamma_macro': 0.05, 'gamma_spatial': 0.5, 'hidden_dim': 64, 'weight_decay': 0.0}",5,35897.22310710743,4936.746093623701,80495.86360584959,5719.892477235046,11.890238384743771,2.1655708960687163,1.342325495296382,0.25352886674874575
SVR_CompositeKernel,"(1, 2, 3, 12, 24)","{'gamma_lag': 0.5, 'gamma_local': 1.0, 'gamma_macro': 0.05, 'gamma_spatial': 1.0, 'hidden_dim': 128, 'weight_decay': 0.0}",5,39990.79279115292,3010.8079825100504,80500.33709738971,6371.56938224912,12.50911937980108,0.8805632998208824,1.493180358797363,0.2084718865939861
SVR_CompositeKernel,"(1, 2, 3, 4, 5, 6, 12)","{'gamma_lag': 0.1, 'gamma_local': 0.5, 'gamma_macro': 0.2, 'gamma_spatial': 0.1, 'hidden_dim': 128, 'weight_decay': 0.0001}",5,36171.7891174178,5873.170524817992,80522.78672118839,7573.252665078427,11.581009141571055,2.1198509424964693,1.4418698803313905,0.27339136251744234
SVR_CompositeKernel,"(1, 12, 24)","{'gamma_lag': 1.0, 'gamma_local': 0.5, 'gamma_macro': 0.1, 'gamma_spatial': 0.5, 'hidden_dim': 128, 'weight_decay': 0.0001}",5,38988.774494667654,3119.3916245204728,80527.12703724044,4025.9347809043743,12.100762056890636,1.229176393643622,1.455625792847064,0.2039741253261534
SVR_CompositeKernel,"(1, 2, 3, 4, 5, 6, 12)","{'gamma_lag': 0.1, 'gamma_local': 1.0, 'gamma_macro': 0.05, 'gamma_spatial': 0.1, 'hidden_dim': 128, 'weight_decay': 0.0}",5,38410.1904633468,4523.584063776517,80536.72919756941,7056.990801901407,12.393417883732573,1.8308702315747465,1.5282441978710477,0.21455944682741385
SVR_CompositeKernel,"(1, 2, 12, 24)","{'gamma_lag': 0.1, 'gamma_local': 0.1, 'gamma_macro': 0.05, 'gamma_spatial': 0.1, 'hidden_dim': 64, 'weight_decay': 0.0}",5,36580.76149022109,3523.400851528196,80547.87829566715,4827.168583575394,12.736409912057947,1.6365920484755716,1.367123139205534,0.21521094371056598
SVR_CompositeKernel,"(1, 2, 12, 24)","{'gamma_lag': 0.5, 'gamma_local': 0.5, 'gamma_macro': 0.05, 'gamma_spatial': 0.1, 'hidden_dim': 128, 'weight_decay': 0.0}",5,38395.07844077735,3987.203632886277,80559.09501304806,7479.157691752604,11.897796123658875,1.4029944722867915,1.4345285392504148,0.2297579470141503
SVR_CompositeKernel,"(1, 2, 3, 4, 5, 6, 12, 24)","{'gamma_lag': 0.5, 'gamma_local': 0.1, 'gamma_macro': 0.2, 'gamma_spatial': 0.1, 'hidden_dim': 128, 'weight_decay': 0.0001}",5,40893.82538088151,7810.115338129582,80569.2376608292,7512.216851550254,13.746654917617192,3.0436169380639995,1.5314947704581663,0.36480511867964216
SVR_CompositeKernel,"(1, 12, 24)","{'gamma_lag': 1.0, 'gamma_local': 1.0, 'gamma_macro': 0.05, 'gamma_spatial': 1.0, 'hidden_dim': 128, 'weight_decay': 0.0001}",5,40376.203671077805,3542.9157308584763,80587.55560120638,6274.871754359882,12.55907845345488,1.2539044615556953,1.508442809698154,0.22573892916303295
SVR_CompositeKernel,"(1, 2, 3, 12, 24)","{'gamma_lag': 0.5, 'gamma_local': 0.1, 'gamma_macro': 0.05, 'gamma_spatial': 1.0, 'hidden_dim': 64, 'weight_decay': 0.0001}",5,38250.78329258786,6007.981453919633,80592.23708738801,7467.812811830228,12.40306300107456,2.341548393043172,1.4306716275344225,0.29230238111451373
SVR_CompositeKernel,"(1, 2, 3, 4, 5, 6, 12)","{'gamma_lag': 1.0, 'gamma_local': 0.1, 'gamma_macro': 0.2, 'gamma_spatial': 0.5, 'hidden_dim': 128, 'weight_decay': 0.0}",5,41629.91694568453,5641.354975706482,80593.27945992691,7852.299786379204,13.965372208274598,2.1186602893043673,1.6549630080207265,0.24235581016054383
SVR_CompositeKernel,"(1, 12)","{'gamma_lag': 0.5, 'gamma_local': 1.0, 'gamma_macro': 0.1, 'gamma_spatial': 1.0, 'hidden_dim': 128, 'weight_decay': 0.0}",5,36309.05987191752,3304.2871356390747,80593.99372465482,4719.496339435867,11.058068074049366,1.1798366667226852,1.44300439808058,0.15557137171472663
SVR_CompositeKernel,"(1, 2, 3, 12, 24)","{'gamma_lag': 1.0, 'gamma_local': 0.1, 'gamma_macro': 0.05, 'gamma_spatial': 0.5, 'hidden_dim': 64, 'weight_decay': 0.0}",5,40350.945935197,8584.893560966733,80617.45642547024,7926.4710406475715,13.613496828285268,3.3091332307359855,1.5096586817814028,0.3836137028156022
SVR_CompositeKernel,"(1, 2, 3, 12)","{'gamma_lag': 1.0, 'gamma_local': 0.5, 'gamma_macro': 0.05, 'gamma_spatial': 1.0, 'hidden_dim': 128, 'weight_decay': 0.0}",5,40053.381876682965,6280.001774286001,80618.10908997085,8643.511068989466,12.613650126270937,2.09887298704671,1.5919474782952696,0.2637143150101699
SVR_CompositeKernel,"(1, 2, 3, 12)","{'gamma_lag': 0.1, 'gamma_local': 0.5, 'gamma_macro': 0.05, 'gamma_spatial': 0.1, 'hidden_dim': 128, 'weight_decay': 0.0001}",5,38080.67133246528,5745.023286878629,80631.81473324305,7730.511795862359,13.101013319681357,2.564383307940752,1.5152532768452427,0.2520379035371679
SVR_CompositeKernel,"(1, 12)","{'gamma_lag': 1.0, 'gamma_local': 0.5, 'gamma_macro': 0.1, 'gamma_spatial': 0.5, 'hidden_dim': 128, 'weight_decay': 0.0}",5,37278.35382343041,3690.949719353401,80637.24302725556,7595.125952471374,11.236896666465565,1.4679185278449445,1.4817413651637987,0.1706335298641519
SVR_CompositeKernel,"(1, 12, 24)","{'gamma_lag': 0.5, 'gamma_local': 0.5, 'gamma_macro': 0.2, 'gamma_spatial': 0.5, 'hidden_dim': 128, 'weight_decay': 0.0001}",5,36940.636073465845,2646.250606523975,80642.08728119238,7305.98427076424,11.304582864659809,0.8602040555193655,1.3774482060417248,0.17098945529363238
SVR_CompositeKernel,"(1, 12)","{'gamma_lag': 0.1, 'gamma_local': 1.0, 'gamma_macro': 0.2, 'gamma_spatial': 0.1, 'hidden_dim': 128, 'weight_decay': 0.0001}",5,37136.99310383007,2791.6958512767546,80660.64473517076,6370.089612435721,13.340074491814367,1.1403196822683903,1.4763361395021792,0.14432716342498186
SVR_CompositeKernel,"(1, 2, 3, 12, 24)","{'gamma_lag': 0.1, 'gamma_local': 0.1, 'gamma_macro': 0.1, 'gamma_spatial': 1.0, 'hidden_dim': 64, 'weight_decay': 0.0001}",5,37909.74591925312,7922.919546841845,80665.22433048165,6777.86643513679,12.995309889095513,3.4520975169527555,1.4234587505185128,0.3736790394119453
SVR_CompositeKernel,"(1, 2, 3, 12)","{'gamma_lag': 0.5, 'gamma_local': 1.0, 'gamma_macro': 0.1, 'gamma_spatial': 1.0, 'hidden_dim': 128, 'weight_decay': 0.0001}",5,38225.430966110405,3424.3404257008156,80690.8711767594,5710.615615310424,11.84052877398009,1.2121050696154219,1.520294178246793,0.1738199537478531
SVR_CompositeKernel,"(1, 2, 12, 24)","{'gamma_lag': 0.5, 'gamma_local': 0.5, 'gamma_macro': 0.2, 'gamma_spatial': 0.5, 'hidden_dim': 128, 'weight_decay': 0.0}",5,37289.98032171202,2828.3637265500424,80702.05141506961,5847.271310590691,11.504857049646079,1.06294305176403,1.3924368375735807,0.19272174934865352
SVR_CompositeKernel,"(1, 2, 3, 12, 24)","{'gamma_lag': 0.5, 'gamma_local': 0.5, 'gamma_macro': 0.1, 'gamma_spatial': 1.0, 'hidden_dim': 128, 'weight_decay': 0.0001}",5,39355.7177154195,4592.254006615717,80705.47587756653,5171.9578361575,12.242566579891397,1.5662628030086931,1.4731686208552446,0.2655604033249035
SVR_CompositeKernel,"(1, 2, 3, 4, 5, 6, 12, 24)","{'gamma_lag': 0.1, 'gamma_local': 1.0, 'gamma_macro': 0.05, 'gamma_spatial': 0.1, 'hidden_dim': 128, 'weight_decay': 0.0001}",5,38382.93560445011,3474.1492085483983,80708.24041712351,5872.217885982149,12.019312345281733,1.3750442535953298,1.435229803107608,0.22545208237178474
SVR_CompositeKernel,"(1, 2, 3, 4, 5, 6, 12)","{'gamma_lag': 0.1, 'gamma_local': 1.0, 'gamma_macro': 0.1, 'gamma_spatial': 1.0, 'hidden_dim': 128, 'weight_decay': 0.0}",5,36622.98206668084,4509.596515788737,80726.00937828128,6422.076043641855,11.214320770411843,1.6960823758094403,1.4576813259372936,0.21386482597537454
SVR_CompositeKernel,"(1, 12, 24)","{'gamma_lag': 1.0, 'gamma_local': 0.1, 'gamma_macro': 0.05, 'gamma_spatial': 0.5, 'hidden_dim': 64, 'weight_decay': 0.0}",5,39327.193213222796,6770.606077063735,80729.76468221618,7917.573459555914,12.919092380297514,2.707394828490255,1.4718196497568907,0.3222440091887133
SVR_CompositeKernel,"(1, 2, 3, 12)","{'gamma_lag': 0.1, 'gamma_local': 1.0, 'gamma_macro': 0.2, 'gamma_spatial': 0.5, 'hidden_dim': 128, 'weight_decay': 0.0001}",5,36387.88381829295,3911.38180938633,80732.34221549901,5751.782431144675,11.522822110778334,1.6764832522626198,1.4471849964741472,0.18519518078165031
SVR_CompositeKernel,"(1, 2, 3, 4, 5, 6, 12, 24)","{'gamma_lag': 0.5, 'gamma_local': 0.5, 'gamma_macro': 0.05, 'gamma_spatial': 0.5, 'hidden_dim': 128, 'weight_decay': 0.0001}",5,40728.73799868906,5477.745321836334,80735.06706785856,6713.963884087826,12.830822600210473,1.7022177928610205,1.5275837449357297,0.3089262200154208
SVR_CompositeKernel,"(1, 12, 24)","{'gamma_lag': 0.5, 'gamma_local': 0.1, 'gamma_macro': 0.05, 'gamma_spatial': 0.1, 'hidden_dim': 64, 'weight_decay': 0.0001}",5,37425.88428110828,6384.358020766636,80742.14848337226,6627.513986618776,12.390699549075737,2.6419239169442834,1.3976642067784055,0.2933275588264068
SVR_CompositeKernel,"(1, 2, 12, 24)","{'gamma_lag': 0.5, 'gamma_local': 1.0, 'gamma_macro': 0.05, 'gamma_spatial': 0.5, 'hidden_dim': 128, 'weight_decay': 0.0}",5,38746.09235048185,4468.985796831319,80753.51875500368,6732.857403342415,11.908987885331879,1.5312564736341558,1.4510898791736708,0.2657620385567463
SVR_CompositeKernel,"(1, 2, 3, 4, 5, 6, 12, 24)","{'gamma_lag': 0.5, 'gamma_local': 0.1, 'gamma_macro': 0.2, 'gamma_spatial': 0.5, 'hidden_dim': 128, 'weight_decay': 0.0}",5,39046.19641351332,9468.334300648437,80762.44813521352,13140.426457403115,12.696089892954053,3.1887939882123275,1.4635278468532893,0.41784451185143806
SVR_CompositeKernel,"(1, 2, 3, 4, 5, 6, 12, 24)","{'gamma_lag': 1.0, 'gamma_local': 0.1, 'gamma_macro': 0.1, 'gamma_spatial': 1.0, 'hidden_dim': 128, 'weight_decay': 0.0001}",5,41949.00552853954,8842.86109282066,80764.9709579813,7966.336918754093,14.200567988132297,3.5853955996933786,1.5706418976983254,0.39878481703333885
SVR_CompositeKernel,"(1, 2, 12)","{'gamma_lag': 0.1, 'gamma_local': 1.0, 'gamma_macro': 0.1, 'gamma_spatial': 1.0, 'hidden_dim': 128, 'weight_decay': 0.0001}",5,38782.15238626701,7907.145204937418,80773.31303686454,6942.930050710417,12.898750249111961,3.5313813927578708,1.5424864987554208,0.32960945686802545
SVR_CompositeKernel,"(1, 2, 3, 4, 5, 6, 12)","{'gamma_lag': 1.0, 'gamma_local': 0.1, 'gamma_macro': 0.2, 'gamma_spatial': 1.0, 'hidden_dim': 128, 'weight_decay': 0.0001}",5,40810.27641413336,4969.133867705262,80774.28151577452,5856.35918379924,13.59741566942338,2.077183907118066,1.621120854854734,0.20908631723252502
SVR_CompositeKernel,"(1, 2, 3, 12, 24)","{'gamma_lag': 1.0, 'gamma_local': 0.1, 'gamma_macro': 0.1, 'gamma_spatial': 1.0, 'hidden_dim': 128, 'weight_decay': 0.0}",5,40709.776716181266,12512.572774178176,80785.1028693729,15052.704122824929,13.342552965513045,4.493168391703289,1.5330305629425294,0.5431381496734251
SVR_CompositeKernel,"(1, 2, 12)","{'gamma_lag': 0.1, 'gamma_local': 0.1, 'gamma_macro': 0.05, 'gamma_spatial': 0.1, 'hidden_dim': 64, 'weight_decay': 0.0001}",5,36073.899027866355,4241.26425695061,80785.63094674578,4342.9792792791795,13.026761590044988,2.0682146204965375,1.432940230493069,0.1798101297352169
SVR_CompositeKernel,"(1, 2, 3, 4, 5, 6, 12)","{'gamma_lag': 1.0, 'gamma_local': 0.1, 'gamma_macro': 0.1, 'gamma_spatial': 0.1, 'hidden_dim': 128, 'weight_decay': 0.0001}",5,40278.303029336734,8221.125330599922,80800.16038692344,7140.3676259155945,13.601931887582982,3.430457261352696,1.5987228863715992,0.32490138139544344
SVR_CompositeKernel,"(1, 2, 12)","{'gamma_lag': 0.5, 'gamma_local': 0.5, 'gamma_macro': 0.05, 'gamma_spatial': 0.1, 'hidden_dim': 128, 'weight_decay': 0.0}",5,38123.217848285145,5451.025568881628,80809.17095878706,7631.247002459257,11.842720702423708,2.0257118845680466,1.5161998140313302,0.23987095307920664
SVR_CompositeKernel,"(1, 2, 3, 12, 24)","{'gamma_lag': 0.5, 'gamma_local': 0.5, 'gamma_macro': 0.2, 'gamma_spatial': 1.0, 'hidden_dim': 128, 'weight_decay': 0.0001}",5,38649.53514384921,3232.2884577668246,80815.38903269517,5325.568129727398,12.049803378306121,1.1878994184944438,1.443963534963599,0.2123613944972722
SVR_CompositeKernel,"(1, 12, 24)","{'gamma_lag': 0.5, 'gamma_local': 0.5, 'gamma_macro': 0.1, 'gamma_spatial': 0.1, 'hidden_dim': 128, 'weight_decay': 0.0001}",5,36247.66123821925,4469.427012921278,80818.35390088288,6838.0388273714525,10.982597806947632,1.067397545229593,1.3561949789466201,0.2485925775434515
SVR_CompositeKernel,"(1, 2, 3, 12, 24)","{'gamma_lag': 0.1, 'gamma_local': 1.0, 'gamma_macro': 0.2, 'gamma_spatial': 0.1, 'hidden_dim': 128, 'weight_decay': 0.0}",5,36528.73471513605,4343.4264438876335,80821.54233673123,7465.843098121832,11.483894109375788,1.472430823719575,1.3684997923197177,0.25427609993009437
SVR_CompositeKernel,"(1, 2, 3, 4, 5, 6, 12, 24)","{'gamma_lag': 0.5, 'gamma_local': 0.5, 'gamma_macro': 0.1, 'gamma_spatial': 1.0, 'hidden_dim': 128, 'weight_decay': 0.0}",5,40969.202458457345,6443.930772640271,80825.25561203019,6197.092774831859,13.12217672523796,2.428138576268974,1.5352370576644847,0.3294911360123754
SVR_CompositeKernel,"(1, 2, 12)","{'gamma_lag': 0.5, 'gamma_local': 0.5, 'gamma_macro': 0.1, 'gamma_spatial': 1.0, 'hidden_dim': 128, 'weight_decay': 0.0001}",5,38280.58310879039,4177.579515737562,80842.21821672625,5598.59936134721,11.720381425006135,1.471546179445279,1.5220134779544683,0.19247441720994715
SVR_CompositeKernel,"(1, 2, 12)","{'gamma_lag': 1.0, 'gamma_local': 0.1, 'gamma_macro': 0.1, 'gamma_spatial': 0.1, 'hidden_dim': 128, 'weight_decay': 0.0}",5,38467.87505757511,7801.199474573095,80857.1845848769,9004.64222162032,12.656945115204879,2.982061040336782,1.5289078381446315,0.3166513388921741
SVR_CompositeKernel,"(1, 2, 12)","{'gamma_lag': 0.5, 'gamma_local': 0.5, 'gamma_macro': 0.1, 'gamma_spatial': 0.5, 'hidden_dim': 128, 'weight_decay': 0.0001}",5,36255.35279372166,3008.643513933989,80880.66661140035,5031.8534332151885,10.872907974835638,1.1842429427454433,1.4407338056018708,0.14493245752518322
SVR_CompositeKernel,"(1, 2, 3, 12, 24)","{'gamma_lag': 1.0, 'gamma_local': 0.5, 'gamma_macro': 0.05, 'gamma_spatial': 0.5, 'hidden_dim': 128, 'weight_decay': 0.0001}",5,40861.01220370961,5740.192375041923,80884.01129495565,5424.208782599745,13.011124076326354,2.197845702902167,1.5299863812704781,0.30391007482203025
SVR_CompositeKernel,"(1, 2, 3, 4, 5, 6, 12)","{'gamma_lag': 0.1, 'gamma_local': 1.0, 'gamma_macro': 0.2, 'gamma_spatial': 0.5, 'hidden_dim': 128, 'weight_decay': 0.0}",5,35795.81730132157,4138.541732336671,80886.22723557144,7935.152503364861,10.903523112488221,1.2995351863189757,1.4267413840921128,0.2149075809177331
SVR_CompositeKernel,"(1, 2, 12)","{'gamma_lag': 0.5, 'gamma_local': 0.5, 'gamma_macro': 0.2, 'gamma_spatial': 0.5, 'hidden_dim': 128, 'weight_decay': 0.0001}",5,36657.824209449405,1916.468483647332,80890.3885916759,5924.709700697515,11.283823954930435,0.5654985377475139,1.4570407936206813,0.11808829291588199
SVR_CompositeKernel,"(1, 2, 3, 12, 24)","{'gamma_lag': 0.5, 'gamma_local': 1.0, 'gamma_macro': 0.05, 'gamma_spatial': 0.5, 'hidden_dim': 128, 'weight_decay': 0.0}",5,39706.69727581136,3351.1654395227997,80897.53992324925,7519.744911525751,12.234752227626906,1.010914078255367,1.484093482961875,0.2244962030527841
SVR_CompositeKernel,"(1, 2, 12, 24)","{'gamma_lag': 0.1, 'gamma_local': 0.5, 'gamma_macro': 0.05, 'gamma_spatial': 1.0, 'hidden_dim': 64, 'weight_decay': 0.0001}",5,36737.015706490936,3968.4001520556126,80901.42762154032,5482.3713374377585,12.159276959903256,1.839785525373883,1.3746428555604606,0.2352828098202951
SVR_CompositeKernel,"(1, 2, 12, 24)","{'gamma_lag': 0.1, 'gamma_local': 0.1, 'gamma_macro': 0.05, 'gamma_spatial': 0.1, 'hidden_dim': 64, 'weight_decay': 0.0001}",5,36681.1433137578,2999.7054502991136,80913.65807096256,5406.26241053024,12.908637397396134,1.3013444070801667,1.3694066561461522,0.1934020780249711
SVR_CompositeKernel,"(1, 12)","{'gamma_lag': 0.1, 'gamma_local': 1.0, 'gamma_macro': 0.2, 'gamma_spatial': 1.0, 'hidden_dim': 128, 'weight_decay': 0.0}",5,37983.8782286352,6450.268887517669,80915.12282762432,5522.537046953059,13.115193253888858,3.3435815240990445,1.5077322392779817,0.2556538351243807
SVR_CompositeKernel,"(1, 2, 3, 4, 5, 6, 12)","{'gamma_lag': 0.1, 'gamma_local': 0.5, 'gamma_macro': 0.1, 'gamma_spatial': 0.1, 'hidden_dim': 128, 'weight_decay': 0.0}",5,37595.16911538053,6487.659358392577,80916.42721436099,8656.89864493765,12.163883214751944,2.7094590276811994,1.4979549912515473,0.2901511617727387
SVR_CompositeKernel,"(1, 2, 3, 12, 24)","{'gamma_lag': 1.0, 'gamma_local': 0.1, 'gamma_macro': 0.2, 'gamma_spatial': 0.1, 'hidden_dim': 128, 'weight_decay': 0.0001}",5,40705.252747218685,10100.332632447564,80925.43629593748,8985.962113385745,13.712917195265524,3.677618178149748,1.5240900930358143,0.43935158572008093
SVR_CompositeKernel,"(1, 2, 12, 24)","{'gamma_lag': 0.5, 'gamma_local': 1.0, 'gamma_macro': 0.1, 'gamma_spatial': 0.5, 'hidden_dim': 128, 'weight_decay': 0.0}",5,38188.11211203232,2125.361226349605,80930.65544399625,4008.7217727047,11.78848528423211,0.6601460252154997,1.424043236289084,0.17193836248124975
SVR_CompositeKernel,"(1, 12, 24)","{'gamma_lag': 1.0, 'gamma_local': 1.0, 'gamma_macro': 0.05, 'gamma_spatial': 0.5, 'hidden_dim': 128, 'weight_decay': 0.0}",5,40209.76840322067,3530.845068485728,80934.81977226185,6062.610665401366,12.6003503722844,1.2515192412301503,1.5024347794095492,0.22619196972103034
SVR_CompositeKernel,"(1, 12, 24)","{'gamma_lag': 0.5, 'gamma_local': 1.0, 'gamma_macro': 0.05, 'gamma_spatial': 0.1, 'hidden_dim': 128, 'weight_decay': 0.0001}",5,38344.37812588577,3214.544729220899,80936.7732944997,5760.451193351955,11.569324389092788,0.8867753781184774,1.4327518417916831,0.21754513978454923
SVR_CompositeKernel,"(1, 2, 12)","{'gamma_lag': 1.0, 'gamma_local': 0.5, 'gamma_macro': 0.05, 'gamma_spatial': 0.1, 'hidden_dim': 128, 'weight_decay': 0.0}",5,38427.5625916773,2964.6440165575646,80941.15896382474,6364.766321751749,11.795337197524399,0.7851901893335121,1.5275320663339165,0.1536117422552344
SVR_CompositeKernel,"(1, 2, 12)","{'gamma_lag': 0.5, 'gamma_local': 0.5, 'gamma_macro': 0.2, 'gamma_spatial': 1.0, 'hidden_dim': 128, 'weight_decay': 0.0001}",5,37728.676194019274,3984.422952762705,80946.32106609218,6005.602311450426,11.526834130956127,1.4953838751068889,1.4996885080859426,0.18094987460219383
SVR_CompositeKernel,"(1, 2, 3, 12)","{'gamma_lag': 1.0, 'gamma_local': 0.1, 'gamma_macro': 0.05, 'gamma_spatial': 0.5, 'hidden_dim': 128, 'weight_decay': 0.0}",5,39306.0123777636,11158.96484951923,80961.44961350488,12555.004256448046,12.714073746033622,4.1854933970994255,1.559114517955427,0.4350300496049643
SVR_CompositeKernel,"(1, 2, 12)","{'gamma_lag': 0.1, 'gamma_local': 1.0, 'gamma_macro': 0.1, 'gamma_spatial': 0.1, 'hidden_dim': 128, 'weight_decay': 0.0}",5,38245.36559311224,7516.162541786432,80963.96737796962,8425.020709656119,13.409032704004915,3.9170398037864365,1.521283650428387,0.31230547150708965
SVR_CompositeKernel,"(1, 12, 24)","{'gamma_lag': 1.0, 'gamma_local': 0.5, 'gamma_macro': 0.2, 'gamma_spatial': 1.0, 'hidden_dim': 128, 'weight_decay': 0.0001}",5,39732.49627223285,2593.460734237634,80971.64592816867,5669.698988625488,12.441162254785304,0.7442565641331026,1.4819959068526578,0.1867309845444395
SVR_CompositeKernel,"(1, 2, 3, 12, 24)","{'gamma_lag': 0.1, 'gamma_local': 1.0, 'gamma_macro': 0.1, 'gamma_spatial': 0.1, 'hidden_dim': 128, 'weight_decay': 0.0001}",5,38508.867622856436,4517.828935313052,80982.93944362494,6468.157224691846,12.601304759416536,1.8157970327515118,1.4420419390638728,0.2633851083596156
SVR_CompositeKernel,"(1, 12, 24)","{'gamma_lag': 0.5, 'gamma_local': 1.0, 'gamma_macro': 0.2, 'gamma_spatial': 1.0, 'hidden_dim': 128, 'weight_decay': 0.0}",5,38269.4328005421,2989.667054402313,80989.87177262778,5748.643703737589,11.613650174774751,0.9566237719756365,1.4296056607965124,0.20421905224081063
SVR_CompositeKernel,"(1, 12, 24)","{'gamma_lag': 1.0, 'gamma_local': 1.0, 'gamma_macro': 0.1, 'gamma_spatial': 0.5, 'hidden_dim': 128, 'weight_decay': 0.0001}",5,40333.90990026219,3185.68626418661,80993.48152937344,6143.2226606808645,12.575438845930837,0.8713410965630134,1.5067859147708362,0.21850346568861426
SVR_CompositeKernel,"(1, 12)","{'gamma_lag': 0.5, 'gamma_local': 1.0, 'gamma_macro': 0.1, 'gamma_spatial': 0.5, 'hidden_dim': 128, 'weight_decay': 0.0001}",5,35798.019966606436,3451.7254612056618,80996.50819357196,7466.542798315306,10.769673339775963,1.14131600855424,1.4248630925503059,0.17854073382953625
SVR_CompositeKernel,"(1, 2, 3, 12, 24)","{'gamma_lag': 1.0, 'gamma_local': 1.0, 'gamma_macro': 0.05, 'gamma_spatial': 1.0, 'hidden_dim': 128, 'weight_decay': 0.0}",5,41558.04574829932,4227.704403815192,81014.4429469377,5721.57867380972,13.256592625725073,1.384485522472243,1.5541371638495707,0.2568589792488795
SVR_CompositeKernel,"(1, 12)","{'gamma_lag': 1.0, 'gamma_local': 0.5, 'gamma_macro': 0.2, 'gamma_spatial': 0.5, 'hidden_dim': 128, 'weight_decay': 0.0}",5,37824.6790834042,3418.687343242848,81016.07993385509,6427.970890568349,11.580528971404226,1.2064084394717436,1.503890058826099,0.16580023534370228
SVR_CompositeKernel,"(1, 2, 12, 24)","{'gamma_lag': 0.1, 'gamma_local': 0.1, 'gamma_macro': 0.05, 'gamma_spatial': 1.0, 'hidden_dim': 64, 'weight_decay': 0.0}",5,38269.48243649022,6031.608230626698,81021.33183159932,7971.408938325421,13.203932232108443,2.5135062335191445,1.4291453111176584,0.2826773220232139
SVR_CompositeKernel,"(1, 2, 3, 12)","{'gamma_lag': 0.5, 'gamma_local': 0.5, 'gamma_macro': 0.05, 'gamma_spatial': 0.1, 'hidden_dim': 128, 'weight_decay': 0.0001}",5,37367.44083537061,4333.8721314332315,81027.71495764567,7899.672484526358,11.534847955495902,1.4042505225293245,1.488031969503051,0.21252369227654633
SVR_CompositeKernel,"(1, 2, 12)","{'gamma_lag': 0.5, 'gamma_local': 0.1, 'gamma_macro': 0.05, 'gamma_spatial': 1.0, 'hidden_dim': 64, 'weight_decay': 0.0001}",5,36474.92416870395,7540.8963564432615,81035.23202587519,5805.556850796491,11.53259131662481,3.1448914528101755,1.4480242123256146,0.29793792100597283
SVR_CompositeKernel,"(1, 12, 24)","{'gamma_lag': 0.1, 'gamma_local': 1.0, 'gamma_macro': 0.2, 'gamma_spatial': 0.1, 'hidden_dim': 128, 'weight_decay': 0.0}",5,39406.94608799249,4463.783675705447,81040.11327633998,5926.482310200142,13.954753760739143,2.465282806764485,1.4703906802602336,0.22796534606766047
SVR_CompositeKernel,"(1, 2, 3, 12)","{'gamma_lag': 1.0, 'gamma_local': 0.1, 'gamma_macro': 0.2, 'gamma_spatial': 0.1, 'hidden_dim': 128, 'weight_decay': 0.0}",5,38742.31956889526,6781.0723531490175,81042.4552083651,6182.383810230324,12.636268089845823,2.613439358961567,1.5374178727377528,0.2675539593584678
SVR_CompositeKernel,"(1, 2, 12)","{'gamma_lag': 1.0, 'gamma_local': 0.5, 'gamma_macro': 0.1, 'gamma_spatial': 0.5, 'hidden_dim': 128, 'weight_decay': 0.0}",5,39698.57059240363,3466.2080226930675,81052.8695796895,7269.930805327347,12.345613760680848,1.1042580061106837,1.578673788795409,0.17314625662877825
SVR_CompositeKernel,"(1, 2, 3, 4, 5, 6, 12, 24)","{'gamma_lag': 0.5, 'gamma_local': 0.5, 'gamma_macro': 0.05, 'gamma_spatial': 1.0, 'hidden_dim': 128, 'weight_decay': 0.0001}",5,39951.26693594104,6094.94076467207,81060.28318117715,9433.599542439451,12.578872259525031,2.054262095964581,1.4971275926943555,0.31401983887310764
SVR_CompositeKernel,"(1, 12)","{'gamma_lag': 1.0, 'gamma_local': 0.5, 'gamma_macro': 0.05, 'gamma_spatial': 0.1, 'hidden_dim': 128, 'weight_decay': 0.0001}",5,38214.03511284722,4646.781515131248,81061.09602629996,4360.345725417986,11.963707022409043,1.6968778669272362,1.5207019972348395,0.21882583720389878
SVR_CompositeKernel,"(1, 2, 3, 12, 24)","{'gamma_lag': 1.0, 'gamma_local': 0.5, 'gamma_macro': 0.1, 'gamma_spatial': 0.5, 'hidden_dim': 128, 'weight_decay': 0.0001}",5,40299.911995110546,5458.668016165007,81073.68728326133,5801.334851437463,12.7823072671379,1.8745191254275366,1.5100337140476578,0.299665523880955
SVR_CompositeKernel,"(1, 2, 3, 12, 24)","{'gamma_lag': 0.5, 'gamma_local': 1.0, 'gamma_macro': 0.05, 'gamma_spatial': 0.5, 'hidden_dim': 128, 'weight_decay': 0.0001}",5,38832.45014792375,2916.322711459737,81094.35050101593,5620.337278443469,12.036610359630489,0.9612749037528162,1.4496512387925706,0.19824505214327587
SVR_CompositeKernel,"(1, 12, 24)","{'gamma_lag': 0.5, 'gamma_local': 1.0, 'gamma_macro': 0.1, 'gamma_spatial': 1.0, 'hidden_dim': 128, 'weight_decay': 0.0001}",5,37343.301316698555,3761.516635192978,81102.53621679802,6446.5628720655,11.270735512004055,1.137704659509556,1.3954324157281541,0.22014821679167232
SVR_CompositeKernel,"(1, 2, 12)","{'gamma_lag': 0.5, 'gamma_local': 1.0, 'gamma_macro': 0.1, 'gamma_spatial': 1.0, 'hidden_dim': 128, 'weight_decay': 0.0}",5,38544.46966854451,3251.8804409192026,81108.5880500291,4522.900731341294,11.878141178115241,1.186468940922961,1.5300069810179977,0.1388993959990737
SVR_CompositeKernel,"(1, 2, 3, 4, 5, 6, 12)","{'gamma_lag': 0.5, 'gamma_local': 0.1, 'gamma_macro': 0.2, 'gamma_spatial': 0.1, 'hidden_dim': 128, 'weight_decay': 0.0}",5,39724.646650899944,5609.425090734348,81121.01998856715,6646.22516470665,12.819640284673719,1.7848845364061328,1.579180270636193,0.24177108689895568
SVR_CompositeKernel,"(1, 2, 3, 4, 5, 6, 12)","{'gamma_lag': 0.5, 'gamma_local': 0.1, 'gamma_macro': 0.1, 'gamma_spatial': 1.0, 'hidden_dim': 128, 'weight_decay': 0.0}",5,39444.68460530045,10083.102838734983,81127.73107755103,13280.972429671492,12.729133873559194,3.5183211013553883,1.565906296881497,0.39636977853286554
SVR_CompositeKernel,"(1, 12)","{'gamma_lag': 0.1, 'gamma_local': 1.0, 'gamma_macro': 0.1, 'gamma_spatial': 1.0, 'hidden_dim': 128, 'weight_decay': 0.0001}",5,38470.169862528346,5598.645516634979,81143.42703890672,6040.407880334121,13.187805549231362,2.4656732221948454,1.5277317844294884,0.2307762284030658
SVR_CompositeKernel,"(1, 2, 3, 12, 24)","{'gamma_lag': 0.5, 'gamma_local': 0.5, 'gamma_macro': 0.1, 'gamma_spatial': 0.5, 'hidden_dim': 128, 'weight_decay': 0.0001}",5,38358.164017325675,4533.403690202476,81144.1337521991,3839.510299848278,11.876220114410716,1.6902005323458151,1.4355103082682734,0.25798225032596006
SVR_CompositeKernel,"(1, 12)","{'gamma_lag': 1.0, 'gamma_local': 0.5, 'gamma_macro': 0.2, 'gamma_spatial': 1.0, 'hidden_dim': 128, 'weight_decay': 0.0001}",5,38775.621697845796,1902.6061584948523,81144.60987685362,4023.7893625470992,12.002045073018936,0.5614659604906497,1.5408225373758184,0.11718235851882562
SVR_CompositeKernel,"(1, 2, 12, 24)","{'gamma_lag': 0.1, 'gamma_local': 1.0, 'gamma_macro': 0.1, 'gamma_spatial': 0.1, 'hidden_dim': 128, 'weight_decay': 0.0001}",5,38693.57703594459,5039.091193789444,81156.95543881165,7088.478916421028,12.804829551684112,2.090434284178382,1.4496715310573378,0.27912824807800374
SVR_CompositeKernel,"(1, 2, 3, 4, 5, 6, 12)","{'gamma_lag': 1.0, 'gamma_local': 0.1, 'gamma_macro': 0.2, 'gamma_spatial': 0.5, 'hidden_dim': 128, 'weight_decay': 0.0001}",5,40982.25849454365,5626.208078147292,81172.47133827464,4723.277228301001,13.61934895460054,2.3024952424834573,1.6282398958339352,0.2362860638221028
SVR_CompositeKernel,"(1, 12)","{'gamma_lag': 0.5, 'gamma_local': 0.5, 'gamma_macro': 0.1, 'gamma_spatial': 0.1, 'hidden_dim': 128, 'weight_decay': 0.0}",5,35430.52921804138,5755.467075775869,81173.46492733672,6622.2620803215605,10.834310564407476,2.414936111970845,1.4089452561998825,0.24458867538621612
SVR_CompositeKernel,"(1, 12)","{'gamma_lag': 0.1, 'gamma_local': 0.1, 'gamma_macro': 0.2, 'gamma_spatial': 0.1, 'hidden_dim': 64, 'weight_decay': 0.0}",5,34208.580327912416,5829.625053918154,81178.75432597936,5222.456578461515,11.876870355802343,2.767377314250843,1.3572690802479728,0.22860606649050744
SVR_CompositeKernel,"(1, 12)","{'gamma_lag': 0.1, 'gamma_local': 0.1, 'gamma_macro': 0.1, 'gamma_spatial': 0.1, 'hidden_dim': 64, 'weight_decay': 0.0}",5,33943.30546077806,4504.284102363293,81183.20855709907,9855.03005377917,11.650667348219796,1.8433202606329815,1.3498806099197076,0.1981628912686106
SVR_CompositeKernel,"(1, 2, 12, 24)","{'gamma_lag': 0.1, 'gamma_local': 0.5, 'gamma_macro': 0.05, 'gamma_spatial': 0.5, 'hidden_dim': 64, 'weight_decay': 0.0}",5,37195.81425205499,4063.720397742571,81186.42765692473,5822.146826425207,12.315767004271265,1.9017201164568343,1.3915870720906807,0.23953094852256335
SVR_CompositeKernel,"(1, 12)","{'gamma_lag': 1.0, 'gamma_local': 1.0, 'gamma_macro': 0.05, 'gamma_spatial': 1.0, 'hidden_dim': 128, 'weight_decay': 0.0}",5,38631.86650899944,5372.977294106304,81216.93961977016,9733.625861735023,11.759288669928704,1.8482844579397808,1.5354566339577596,0.22938819300450897
SVR_CompositeKernel,"(1, 2, 3, 12)","{'gamma_lag': 0.5, 'gamma_local': 0.1, 'gamma_macro': 0.05, 'gamma_spatial': 1.0, 'hidden_dim': 64, 'weight_decay': 0.0001}",5,38305.84769433816,7143.152528029824,81222.27739699543,8004.3698065347735,12.323855349176128,2.7485968147541477,1.5220351528797353,0.29098164306098256
SVR_CompositeKernel,"(1, 12, 24)","{'gamma_lag': 1.0, 'gamma_local': 0.5, 'gamma_macro': 0.1, 'gamma_spatial': 1.0, 'hidden_dim': 128, 'weight_decay': 0.0}",5,39640.14169766865,3940.6900740835945,81226.04830562026,5305.240135899856,12.365002658515259,1.470531780982927,1.4799903460664208,0.22601338289717765
SVR_CompositeKernel,"(1, 2, 3, 12)","{'gamma_lag': 0.1, 'gamma_local': 1.0, 'gamma_macro': 0.1, 'gamma_spatial': 0.1, 'hidden_dim': 128, 'weight_decay': 0.0}",5,37716.95196419714,3424.3032927571603,81227.59748134091,7450.8731855005135,12.603778578072141,1.5073801016853294,1.49917312964129,0.16240714009959012
SVR_CompositeKernel,"(1, 12, 24)","{'gamma_lag': 0.1, 'gamma_local': 0.1, 'gamma_macro': 0.1, 'gamma_spatial': 0.1, 'hidden_dim': 64, 'weight_decay': 0.0}",5,36048.14829931973,6017.583770226361,81227.98981151762,6554.544845732198,12.617892266707276,2.5643488421535037,1.3502183544565622,0.29365990394815733
SVR_CompositeKernel,"(1, 12)","{'gamma_lag': 0.1, 'gamma_local': 1.0, 'gamma_macro': 0.05, 'gamma_spatial': 0.5, 'hidden_dim': 128, 'weight_decay': 0.0001}",5,38340.714028840695,6700.044652086361,81233.1096398317,8842.796649043934,13.273167060506236,2.5624484758748194,1.525917071989827,0.29213347852558347
SVR_CompositeKernel,"(1, 2, 12, 24)","{'gamma_lag': 1.0, 'gamma_local': 0.1, 'gamma_macro': 0.2, 'gamma_spatial': 1.0, 'hidden_dim': 128, 'weight_decay': 0.0001}",5,39487.614159049044,8764.183065002835,81235.24411211387,10947.25368962675,12.711317218822575,3.0903075815114875,1.4801734286496226,0.3962579884315374
SVR_CompositeKernel,"(1, 12)","{'gamma_lag': 1.0, 'gamma_local': 0.5, 'gamma_macro': 0.05, 'gamma_spatial': 0.1, 'hidden_dim': 128, 'weight_decay': 0.0}",5,38239.029710087154,4272.512091345684,81254.37045198669,7449.334367923556,11.833381088999767,1.7089636479631531,1.5214040528324435,0.20306412657505915
SVR_CompositeKernel,"(1, 2, 12)","{'gamma_lag': 0.5, 'gamma_local': 1.0, 'gamma_macro': 0.05, 'gamma_spatial': 0.5, 'hidden_dim': 128, 'weight_decay': 0.0001}",5,37317.76440440759,3086.941513863428,81266.63489739472,6130.764331245698,11.372362317860107,1.2481353047964412,1.4835207161988457,0.15425708940875985
SVR_CompositeKernel,"(1, 2, 3, 12)","{'gamma_lag': 0.1, 'gamma_local': 0.1, 'gamma_macro': 0.05, 'gamma_spatial': 0.5, 'hidden_dim': 64, 'weight_decay': 0.0}",5,37817.963494277916,8085.242409500422,81269.950234271,7132.920582063781,13.123082360651818,3.7943586343730624,1.5009232195979822,0.31743256120492275
SVR_CompositeKernel,"(1, 12, 24)","{'gamma_lag': 0.5, 'gamma_local': 1.0, 'gamma_macro': 0.2, 'gamma_spatial': 0.5, 'hidden_dim': 128, 'weight_decay': 0.0001}",5,36680.34418137047,3259.403277149867,81275.27370685972,7132.638356021825,11.153035312032431,1.0600647756103723,1.3688967270114492,0.19188126138282988
SVR_CompositeKernel,"(1, 2, 3, 4, 5, 6, 12, 24)","{'gamma_lag': 0.1, 'gamma_local': 1.0, 'gamma_macro': 0.1, 'gamma_spatial': 0.1, 'hidden_dim': 128, 'weight_decay': 0.0}",5,37136.87842084751,4237.1801630981,81278.4773456787,8539.619109217978,11.63560471359526,1.272399963450304,1.3897224337143523,0.24273543488649882
SVR_CompositeKernel,"(1, 12)","{'gamma_lag': 1.0, 'gamma_local': 1.0, 'gamma_macro': 0.1, 'gamma_spatial': 1.0, 'hidden_dim': 128, 'weight_decay': 0.0}",5,39143.45187872024,3533.625321875602,81285.10681845155,5613.507893301157,12.091823184706517,1.1828434051728483,1.5563003083433105,0.1738623043320796
SVR_CompositeKernel,"(1, 2, 3, 12)","{'gamma_lag': 0.5, 'gamma_local': 0.5, 'gamma_macro': 0.1, 'gamma_spatial': 1.0, 'hidden_dim': 128, 'weight_decay': 0.0001}",5,39201.642383255385,5410.38224978569,81295.0646192513,7642.678452041031,12.167062305258694,1.9879452069484844,1.5608273115838263,0.2489783389885177
SVR_CompositeKernel,"(1, 2, 3, 4, 5, 6, 12, 24)","{'gamma_lag': 0.1, 'gamma_local': 0.1, 'gamma_macro': 0.05, 'gamma_spatial': 0.1, 'hidden_dim': 64, 'weight_decay': 0.0001}",5,36489.009332482994,3859.819443578025,81307.54746123396,6418.889870458076,12.29746687948444,1.697481654188721,1.3648475118184116,0.22942180950428295
SVR_CompositeKernel,"(1, 12)","{'gamma_lag': 1.0, 'gamma_local': 0.5, 'gamma_macro': 0.05, 'gamma_spatial': 1.0, 'hidden_dim': 128, 'weight_decay': 0.0001}",5,37872.114439838435,4395.787280385577,81333.5354112235,6127.832136265234,11.550246082916974,1.7400471055919056,1.5040964640771812,0.18542460288578527
SVR_CompositeKernel,"(1, 12, 24)","{'gamma_lag': 1.0, 'gamma_local': 0.1, 'gamma_macro': 0.05, 'gamma_spatial': 1.0, 'hidden_dim': 64, 'weight_decay': 0.0}",5,39139.77287459255,5009.406206410742,81349.98635505818,8085.185640302398,12.683601675829902,1.893873720780812,1.4638727714301312,0.26586534284987745
SVR_CompositeKernel,"(1, 12)","{'gamma_lag': 0.5, 'gamma_local': 1.0, 'gamma_macro': 0.2, 'gamma_spatial': 0.5, 'hidden_dim': 128, 'weight_decay': 0.0001}",5,36000.028950095664,2143.718838294284,81377.17707833707,5848.5151543421425,10.702336370778918,0.6415922488052282,1.4321934644509753,0.13783125305230048
SVR_CompositeKernel,"(1, 2, 3, 4, 5, 6, 12)","{'gamma_lag': 1.0, 'gamma_local': 0.1, 'gamma_macro': 0.1, 'gamma_spatial': 1.0, 'hidden_dim': 128, 'weight_decay': 0.0}",5,40576.76071871457,9233.994154215272,81381.71734933692,12195.166485914751,13.455896514053853,3.3066503921658588,1.6089886728722156,0.3565709740738592
SVR_CompositeKernel,"(1, 2, 12, 24)","{'gamma_lag': 1.0, 'gamma_local': 1.0, 'gamma_macro': 0.05, 'gamma_spatial': 1.0, 'hidden_dim': 128, 'weight_decay': 0.0001}",5,40905.94538867631,4612.190344722147,81385.11523929631,7235.732217418285,13.022643841280953,1.517280452715415,1.5301092060466694,0.2652654306038445
SVR_CompositeKernel,"(1, 12, 24)","{'gamma_lag': 0.5, 'gamma_local': 0.1, 'gamma_macro': 0.05, 'gamma_spatial': 0.1, 'hidden_dim': 64, 'weight_decay': 0.0}",5,38212.17753773384,5679.721732195399,81399.949185431,7060.346784772378,12.62909994087722,2.2548293893981493,1.429102336657956,0.28280800985824806
SVR_CompositeKernel,"(1, 2, 3, 12)","{'gamma_lag': 0.5, 'gamma_local': 1.0, 'gamma_macro': 0.05, 'gamma_spatial': 0.5, 'hidden_dim': 128, 'weight_decay': 0.0}",5,38257.68324342758,3833.2753007464817,81405.2903497308,5365.648272280856,11.543384329027205,1.3721469580035424,1.5212987830373224,0.18443659943618287
SVR_CompositeKernel,"(1, 2, 12)","{'gamma_lag': 1.0, 'gamma_local': 0.5, 'gamma_macro': 0.1, 'gamma_spatial': 1.0, 'hidden_dim': 128, 'weight_decay': 0.0001}",5,39272.9021484375,4070.7648143950655,81417.58818100425,8134.94271202381,12.196768528719165,1.5330886934002859,1.5620727229704614,0.1941467931628352
SVR_CompositeKernel,"(1, 12)","{'gamma_lag': 0.5, 'gamma_local': 0.5, 'gamma_macro': 0.05, 'gamma_spatial': 0.1, 'hidden_dim': 128, 'weight_decay': 0.0}",5,37739.48708235899,5112.767131664293,81436.25420722507,6896.3350803783505,12.004351485927868,2.3537667419274535,1.4996002613536261,0.21706593507218738
SVR_CompositeKernel,"(1, 12, 24)","{'gamma_lag': 0.5, 'gamma_local': 0.1, 'gamma_macro': 0.2, 'gamma_spatial': 1.0, 'hidden_dim': 64, 'weight_decay': 0.0001}",5,36811.85219095451,7028.8678795382975,81436.47844946597,8065.133222623513,11.706417924702205,2.7700219572708162,1.3784032682131722,0.3261884463965168
SVR_CompositeKernel,"(1, 2, 3, 4, 5, 6, 12, 24)","{'gamma_lag': 1.0, 'gamma_local': 0.1, 'gamma_macro': 0.1, 'gamma_spatial': 1.0, 'hidden_dim': 128, 'weight_decay': 0.0}",5,41482.11172627906,10747.429947310953,81449.6940992629,13186.501555387715,13.863080863232238,3.8996150887930496,1.5593744476122224,0.47982500964943603
SVR_CompositeKernel,"(1, 2, 12, 24)","{'gamma_lag': 0.5, 'gamma_local': 1.0, 'gamma_macro': 0.1, 'gamma_spatial': 1.0, 'hidden_dim': 128, 'weight_decay': 0.0001}",5,39568.87631979875,2606.9890982063093,81451.18915213377,5445.951565950402,12.243994799550133,0.9835905039731472,1.475506981347418,0.18033103527595043
SVR_CompositeKernel,"(1, 2, 12, 24)","{'gamma_lag': 0.1, 'gamma_local': 1.0, 'gamma_macro': 0.1, 'gamma_spatial': 0.1, 'hidden_dim': 128, 'weight_decay': 0.0}",5,38300.476317141445,2751.646422541574,81460.38544556916,7006.577898093875,12.870375266014708,1.4847934857036282,1.4304922386654482,0.19872994472628555
SVR_CompositeKernel,"(1, 12)","{'gamma_lag': 0.5, 'gamma_local': 0.1, 'gamma_macro': 0.05, 'gamma_spatial': 1.0, 'hidden_dim': 64, 'weight_decay': 0.0001}",5,37108.71076698908,9044.123148328978,81482.75749953862,9873.36215984835,12.050529375893184,3.950852399791932,1.4748397491143033,0.36106247918136847
SVR_CompositeKernel,"(1, 2, 12, 24)","{'gamma_lag': 0.5, 'gamma_local': 0.1, 'gamma_macro': 0.05, 'gamma_spatial': 0.1, 'hidden_dim': 64, 'weight_decay': 0.0}",5,38936.675856097645,7493.089585866438,81488.34393953337,6232.031135894013,13.052241676839907,3.1260757453734764,1.4581894652921679,0.34919666017715456
SVR_CompositeKernel,"(1, 2, 12)","{'gamma_lag': 1.0, 'gamma_local': 0.5, 'gamma_macro': 0.1, 'gamma_spatial': 1.0, 'hidden_dim': 128, 'weight_decay': 0.0}",5,38902.13178146259,3449.636857851035,81538.71862574079,6436.037913711705,12.175911319365913,1.1093265417058678,1.5461830450509901,0.16630694249575198
SVR_CompositeKernel,"(1, 2, 12)","{'gamma_lag': 0.5, 'gamma_local': 0.5, 'gamma_macro': 0.2, 'gamma_spatial': 0.5, 'hidden_dim': 128, 'weight_decay': 0.0}",5,35690.07155922265,3247.439678373748,81539.81424778665,6300.611857342972,10.87136620476455,1.1819001725260159,1.419032944704191,0.1588319218958974
SVR_CompositeKernel,"(1, 2, 3, 12)","{'gamma_lag': 0.5, 'gamma_local': 0.5, 'gamma_macro': 0.1, 'gamma_spatial': 0.1, 'hidden_dim': 128, 'weight_decay': 0.0}",5,38006.5727780435,5062.676719663776,81565.2131542066,6145.716120404746,11.745093733826792,2.0989958287233437,1.5097496123985201,0.2115002877021112
SVR_CompositeKernel,"(1, 2, 3, 4, 5, 6, 12)","{'gamma_lag': 0.1, 'gamma_local': 1.0, 'gamma_macro': 0.05, 'gamma_spatial': 0.1, 'hidden_dim': 128, 'weight_decay': 0.0001}",5,38670.978169288544,5186.115124457699,81572.17456001492,7645.681732506993,12.579232948001676,1.7017503305692736,1.5391706551145354,0.24137500557440988
SVR_CompositeKernel,"(1, 12)","{'gamma_lag': 1.0, 'gamma_local': 1.0, 'gamma_macro': 0.1, 'gamma_spatial': 1.0, 'hidden_dim': 128, 'weight_decay': 0.0001}",5,39184.300020815615,2436.190839051403,81574.83675464147,5759.7442416286485,12.100366324258095,0.6886240596715149,1.557118267504696,0.13239510080946212
SVR_CompositeKernel,"(1, 2, 3, 4, 5, 6, 12)","{'gamma_lag': 0.5, 'gamma_local': 0.5, 'gamma_macro': 0.05, 'gamma_spatial': 0.5, 'hidden_dim': 128, 'weight_decay': 0.0001}",5,39497.73842651644,5076.474127692137,81577.57405545085,6701.741828626231,12.40476350960319,1.9874426433385237,1.570400440671524,0.22493299125307917
SVR_CompositeKernel,"(1, 12, 24)","{'gamma_lag': 1.0, 'gamma_local': 1.0, 'gamma_macro': 0.05, 'gamma_spatial': 0.5, 'hidden_dim': 128, 'weight_decay': 0.0001}",5,39788.388308708905,2609.4865364540406,81578.61986816689,5006.616530893704,12.171176235592364,0.8169887886873937,1.4854611620204579,0.1994411124886309
SVR_CompositeKernel,"(1, 2, 3, 12, 24)","{'gamma_lag': 0.1, 'gamma_local': 1.0, 'gamma_macro': 0.2, 'gamma_spatial': 0.1, 'hidden_dim': 128, 'weight_decay': 0.0001}",5,38496.56480654761,5099.79208925019,81607.6601920821,7772.764235491788,12.765496736353624,1.9890911356217895,1.4420606783456944,0.2802314999407723
SVR_CompositeKernel,"(1, 2, 3, 4, 5, 6, 12, 24)","{'gamma_lag': 0.5, 'gamma_local': 0.5, 'gamma_macro': 0.1, 'gamma_spatial': 0.5, 'hidden_dim': 128, 'weight_decay': 0.0001}",5,41869.27023588081,5344.339880613068,81640.74561822946,6625.1507009126535,13.378627933240006,1.8377268860191118,1.5693273686196338,0.30403961484287956
SVR_CompositeKernel,"(1, 2, 12, 24)","{'gamma_lag': 1.0, 'gamma_local': 0.1, 'gamma_macro': 0.2, 'gamma_spatial': 0.1, 'hidden_dim': 128, 'weight_decay': 0.0}",5,39488.403717137895,8238.141284358631,81646.58697241501,8908.998737709942,12.991338712939257,3.341944768532695,1.4815768841495551,0.3840283100383372
SVR_CompositeKernel,"(1, 12, 24)","{'gamma_lag': 1.0, 'gamma_local': 0.5, 'gamma_macro': 0.2, 'gamma_spatial': 1.0, 'hidden_dim': 128, 'weight_decay': 0.0}",5,39474.34000451743,4027.309797945081,81657.56053281897,5702.973060603054,12.345987942911908,1.4360213218414704,1.47468579303788,0.23212552975407644
SVR_CompositeKernel,"(1, 2, 3, 4, 5, 6, 12, 24)","{'gamma_lag': 1.0, 'gamma_local': 0.1, 'gamma_macro': 0.2, 'gamma_spatial': 1.0, 'hidden_dim': 128, 'weight_decay': 0.0001}",5,41578.550858754956,11153.825334333724,81657.73691475282,11872.173219109924,13.875386534309204,4.092743191911007,1.5619557612379231,0.4914274965849145
SVR_CompositeKernel,"(1, 2, 3, 4, 5, 6, 12)","{'gamma_lag': 1.0, 'gamma_local': 0.1, 'gamma_macro': 0.1, 'gamma_spatial': 0.5, 'hidden_dim': 128, 'weight_decay': 0.0001}",5,40997.787616035996,9884.408037738216,81676.37512738872,12921.110350566243,13.58824949662933,3.2573354025911763,1.6272946258044552,0.39043433750977946
SVR_CompositeKernel,"(1, 12)","{'gamma_lag': 1.0, 'gamma_local': 1.0, 'gamma_macro': 0.1, 'gamma_spatial': 0.5, 'hidden_dim': 128, 'weight_decay': 0.0001}",5,37422.997613732994,3065.6992164511325,81676.44049354509,5575.517200471045,11.254798936282853,0.7981555793666699,1.4883187745428894,0.16336548024323386
SVR_CompositeKernel,"(1, 2, 3, 12)","{'gamma_lag': 0.5, 'gamma_local': 1.0, 'gamma_macro': 0.1, 'gamma_spatial': 0.5, 'hidden_dim': 128, 'weight_decay': 0.0001}",5,38975.89912175808,3597.8341912024994,81677.3656726974,5898.4605803489385,12.001497753280585,0.9550240394282694,1.551745089911579,0.1937563157022349
SVR_CompositeKernel,"(1, 2, 3, 12)","{'gamma_lag': 0.1, 'gamma_local': 1.0, 'gamma_macro': 0.1, 'gamma_spatial': 0.1, 'hidden_dim': 128, 'weight_decay': 0.0001}",5,37647.327118321286,6409.364669321555,81681.29504960086,7171.355832756393,12.918639088131915,2.93593862168591,1.497822499264076,0.2770344947818481
SVR_CompositeKernel,"(1, 2, 12)","{'gamma_lag': 0.5, 'gamma_local': 0.5, 'gamma_macro': 0.1, 'gamma_spatial': 0.1, 'hidden_dim': 128, 'weight_decay': 0.0001}",5,36954.38501718395,4284.068368165704,81681.66578244386,7073.5897685271975,11.344874547960742,1.7450089808677314,1.4687937528627768,0.1916889543051365
SVR_CompositeKernel,"(1, 2, 12, 24)","{'gamma_lag': 0.5, 'gamma_local': 0.5, 'gamma_macro': 0.2, 'gamma_spatial': 1.0, 'hidden_dim': 128, 'weight_decay': 0.0001}",5,38878.113339268006,4187.1467305419455,81687.11017194999,6778.2745136862395,12.021728171069695,1.4605839476606752,1.4541536223808331,0.2438349161218768
SVR_CompositeKernel,"(1, 2, 3, 4, 5, 6, 12, 24)","{'gamma_lag': 0.1, 'gamma_local': 0.5, 'gamma_macro': 0.1, 'gamma_spatial': 0.1, 'hidden_dim': 128, 'weight_decay': 0.0001}",5,37308.5556304032,4054.013458467763,81697.80817732704,7331.141786751311,11.720519675610788,1.515127093211405,1.396276420140193,0.24311448463225327
SVR_CompositeKernel,"(1, 12)","{'gamma_lag': 1.0, 'gamma_local': 1.0, 'gamma_macro': 0.05, 'gamma_spatial': 1.0, 'hidden_dim': 128, 'weight_decay': 0.0001}",5,38484.05901426977,4886.764238926481,81699.2072965857,8258.351480735539,11.642222027920946,1.5610755587124305,1.5300079570932177,0.21522208469569526
SVR_CompositeKernel,"(1, 12)","{'gamma_lag': 0.1, 'gamma_local': 0.1, 'gamma_macro': 0.05, 'gamma_spatial': 1.0, 'hidden_dim': 64, 'weight_decay': 0.0001}",5,38221.220714640025,9910.40513453316,81712.62694931662,6304.217531230092,13.471129870549822,5.1183900072987845,1.5151555318202354,0.3822338867317884
SVR_CompositeKernel,"(1, 2, 12, 24)","{'gamma_lag': 0.5, 'gamma_local': 0.1, 'gamma_macro': 0.05, 'gamma_spatial': 1.0, 'hidden_dim': 64, 'weight_decay': 0.0}",5,38802.12480601615,7503.928099151394,81735.88143539583,8425.320927157349,12.516728431017857,3.048494613874093,1.4518103528856123,0.34372886379064804
SVR_CompositeKernel,"(1, 2, 3, 12)","{'gamma_lag': 0.5, 'gamma_local': 0.5, 'gamma_macro': 0.1, 'gamma_spatial': 0.5, 'hidden_dim': 128, 'weight_decay': 0.0}",5,38102.483946286855,3266.0180203587684,81741.68020005469,5893.472480790757,11.646392208912667,1.1223172297405681,1.515106900705941,0.1657032402898761
SVR_CompositeKernel,"(1, 12)","{'gamma_lag': 0.1, 'gamma_local': 0.1, 'gamma_macro': 0.1, 'gamma_spatial': 0.1, 'hidden_dim': 64, 'weight_decay': 0.0001}",5,34522.21697757228,5125.692513393363,81743.12024040704,9161.78533419401,11.80293040451041,2.1430292311803374,1.3723256665439787,0.21739430233615556
SVR_CompositeKernel,"(1, 12)","{'gamma_lag': 0.5, 'gamma_local': 1.0, 'gamma_macro': 0.2, 'gamma_spatial': 1.0, 'hidden_dim': 128, 'weight_decay': 0.0}",5,36975.073772321426,4665.344810851192,81744.9899463375,7302.507817308479,11.048126744736402,1.3870234383480675,1.472085198244733,0.2237755452740411
SVR_CompositeKernel,"(1, 2, 12, 24)","{'gamma_lag': 0.5, 'gamma_local': 0.5, 'gamma_macro': 0.1, 'gamma_spatial': 0.1, 'hidden_dim': 128, 'weight_decay': 0.0}",5,38193.38995757157,2790.961623259929,81758.9772779595,4798.456300885624,11.794095293404764,1.1914015280505823,1.4249769559000343,0.18871693794085656
SVR_CompositeKernel,"(1, 2, 12, 24)","{'gamma_lag': 0.5, 'gamma_local': 1.0, 'gamma_macro': 0.1, 'gamma_spatial': 1.0, 'hidden_dim': 128, 'weight_decay': 0.0}",5,37900.22053305698,3114.6905818768723,81780.47543978668,5948.785064671556,11.57887426190984,1.0582647288204299,1.41597606094832,0.21064581812134286
SVR_CompositeKernel,"(1, 2, 3, 4, 5, 6, 12)","{'gamma_lag': 0.1, 'gamma_local': 0.1, 'gamma_macro': 0.1, 'gamma_spatial': 1.0, 'hidden_dim': 64, 'weight_decay': 0.0}",5,36766.446104379254,6375.821059767437,81805.12744442225,5642.414701251699,12.012964458359487,2.835075385043434,1.460107374778862,0.25697775941827905
SVR_CompositeKernel,"(1, 2, 12)","{'gamma_lag': 1.0, 'gamma_local': 1.0, 'gamma_macro': 0.05, 'gamma_spatial': 1.0, 'hidden_dim': 128, 'weight_decay': 0.0001}",5,39495.89549231151,4976.2600203346465,81806.9122976419,7387.169058082627,12.137329545618547,1.7134178040104502,1.5706139273668052,0.2232106585145747
SVR_CompositeKernel,"(1, 2, 3, 12)","{'gamma_lag': 0.1, 'gamma_local': 1.0, 'gamma_macro': 0.2, 'gamma_spatial': 0.1, 'hidden_dim': 128, 'weight_decay': 0.0001}",5,36970.959320525086,5834.445073718124,81827.84696265594,7485.331423907552,12.362894772520477,2.314908858944284,1.4711084757513757,0.2566966375850455
SVR_CompositeKernel,"(1, 2, 3, 12)","{'gamma_lag': 0.1, 'gamma_local': 0.5, 'gamma_macro': 0.05, 'gamma_spatial': 1.0, 'hidden_dim': 64, 'weight_decay': 0.0}",5,35925.161617772115,3348.0952536476116,81828.13474397686,4721.211158190868,11.637612226975508,1.4282283040534447,1.4281448798845788,0.16080312882731143
SVR_CompositeKernel,"(1, 2, 12, 24)","{'gamma_lag': 1.0, 'gamma_local': 0.5, 'gamma_macro': 0.05, 'gamma_spatial': 0.1, 'hidden_dim': 128, 'weight_decay': 0.0}",5,42053.33394805839,6326.624172136613,81853.18449993886,9221.122564063002,13.254394545168816,2.1126612165995784,1.577416091237178,0.3344775610477883
SVR_CompositeKernel,"(1, 2, 3, 12)","{'gamma_lag': 1.0, 'gamma_local': 0.1, 'gamma_macro': 0.05, 'gamma_spatial': 0.5, 'hidden_dim': 64, 'weight_decay': 0.0001}",5,40892.07835884354,7646.549653535638,81853.41256706955,8383.645431418385,13.577228232120131,2.8339382777251045,1.6216973470240195,0.29465318734139617
SVR_CompositeKernel,"(1, 2, 3, 4, 5, 6, 12, 24)","{'gamma_lag': 1.0, 'gamma_local': 0.1, 'gamma_macro': 0.2, 'gamma_spatial': 0.5, 'hidden_dim': 128, 'weight_decay': 0.0}",5,41376.98571029975,9808.262080777633,81889.98822683733,11572.512318645686,13.888063093745803,3.4207254578153816,1.5513309929984576,0.4370584797662432
SVR_CompositeKernel,"(1, 2, 3, 12)","{'gamma_lag': 0.5, 'gamma_local': 0.1, 'gamma_macro': 0.2, 'gamma_spatial': 1.0, 'hidden_dim': 128, 'weight_decay': 0.0001}",5,37074.889212195296,8679.060905880142,81890.76349260964,10351.019749744008,11.576501732515402,3.181075329614156,1.4709118825918535,0.3382405779452987
SVR_CompositeKernel,"(1, 2, 3, 12, 24)","{'gamma_lag': 0.5, 'gamma_local': 0.5, 'gamma_macro': 0.05, 'gamma_spatial': 0.1, 'hidden_dim': 128, 'weight_decay': 0.0}",5,40800.2821136267,5298.6374511006115,81895.73309339816,7965.452790000519,12.618667603035302,1.6845177394223536,1.5294141160458423,0.2995743691299428
SVR_CompositeKernel,"(1, 2, 12)","{'gamma_lag': 1.0, 'gamma_local': 0.1, 'gamma_macro': 0.2, 'gamma_spatial': 1.0, 'hidden_dim': 128, 'weight_decay': 0.0001}",5,39229.9563722364,7442.956712651887,81896.7409464977,11167.884415598335,12.508971387716903,2.5588513553865018,1.5580628626923372,0.29816732707002763
SVR_CompositeKernel,"(1, 2, 3, 12)","{'gamma_lag': 1.0, 'gamma_local': 0.5, 'gamma_macro': 0.2, 'gamma_spatial': 1.0, 'hidden_dim': 128, 'weight_decay': 0.0001}",5,40111.305563527494,4154.784291002239,81908.06278612438,6775.7466871807665,12.771429566244361,1.556905431311276,1.594036361035021,0.18794811796860508
SVR_CompositeKernel,"(1, 2, 12, 24)","{'gamma_lag': 1.0, 'gamma_local': 0.5, 'gamma_macro': 0.1, 'gamma_spatial': 1.0, 'hidden_dim': 128, 'weight_decay': 0.0}",5,41010.52883671698,4530.027146205566,81924.8189947597,6490.285444481483,13.104730657239253,1.567569009110627,1.5331864571268365,0.25805094375128224
SVR_CompositeKernel,"(1, 12, 24)","{'gamma_lag': 0.1, 'gamma_local': 0.1, 'gamma_macro': 0.1, 'gamma_spatial': 1.0, 'hidden_dim': 64, 'weight_decay': 0.0}",5,37270.461224932675,4217.690954421815,81929.96606723718,5858.261389924576,12.594016068298496,1.9311819359926334,1.3950142371979912,0.24597931121408098
SVR_CompositeKernel,"(1, 2, 3, 4, 5, 6, 12)","{'gamma_lag': 0.5, 'gamma_local': 0.1, 'gamma_macro': 0.05, 'gamma_spatial': 0.5, 'hidden_dim': 64, 'weight_decay': 0.0}",5,39285.43277662628,5463.881147064046,81943.68631273226,6118.591888341013,12.997571419410514,2.141197658533563,1.5611595197202353,0.23226714298018236
SVR_CompositeKernel,"(1, 2, 12, 24)","{'gamma_lag': 1.0, 'gamma_local': 0.5, 'gamma_macro': 0.1, 'gamma_spatial': 0.5, 'hidden_dim': 128, 'weight_decay': 0.0}",5,40165.556040072275,4560.035712614039,81950.40318053638,4862.3714994555985,12.696141030672852,1.6425639271182555,1.5004948765374226,0.25013551346097435
SVR_CompositeKernel,"(1, 12, 24)","{'gamma_lag': 0.5, 'gamma_local': 0.5, 'gamma_macro': 0.2, 'gamma_spatial': 0.1, 'hidden_dim': 128, 'weight_decay': 0.0}",5,36997.207917906744,2401.8078141939072,81958.58183186916,5287.472977409759,11.111552956367074,0.9766344929052749,1.3802367360939543,0.1747760877116436
SVR_CompositeKernel,"(1, 2, 3, 4, 5, 6, 12)","{'gamma_lag': 1.0, 'gamma_local': 0.1, 'gamma_macro': 0.2, 'gamma_spatial': 1.0, 'hidden_dim': 128, 'weight_decay': 0.0}",5,43247.72056228742,7537.748665576186,81977.95589460505,6380.309271851998,14.493728667355251,2.8632742012819175,1.7166021381261323,0.3015748821953751
SVR_CompositeKernel,"(1, 12)","{'gamma_lag': 0.5, 'gamma_local': 0.5, 'gamma_macro': 0.2, 'gamma_spatial': 0.1, 'hidden_dim': 128, 'weight_decay': 0.0}",5,35311.414814962445,2933.3017073762694,81993.76826268272,4279.081451694071,10.771414648239414,1.0903045481297031,1.403356703389401,0.14433910436740138
SVR_CompositeKernel,"(1, 2, 3, 12, 24)","{'gamma_lag': 0.1, 'gamma_local': 0.5, 'gamma_macro': 0.05, 'gamma_spatial': 0.1, 'hidden_dim': 64, 'weight_decay': 0.0}",5,37833.3877869898,5403.246620902455,81995.93850042178,8670.754396615055,12.859042881415084,2.121491158258099,1.419735982444255,0.297109459501218
SVR_CompositeKernel,"(1, 2, 12, 24)","{'gamma_lag': 1.0, 'gamma_local': 0.5, 'gamma_macro': 0.1, 'gamma_spatial': 1.0, 'hidden_dim': 128, 'weight_decay': 0.0001}",5,41261.32426082411,4803.929084990018,82006.2094210107,6129.06733108475,13.124716283479339,1.7498590564067602,1.5430671608087905,0.2681454584832424
SVR_CompositeKernel,"(1, 2, 12)","{'gamma_lag': 1.0, 'gamma_local': 0.5, 'gamma_macro': 0.1, 'gamma_spatial': 0.5, 'hidden_dim': 128, 'weight_decay': 0.0001}",5,39421.3101744083,4306.7419741681715,82009.68952636204,2634.4869512840564,12.211310262458799,1.6756733067018328,1.5649561626529684,0.1802577146286078
SVR_CompositeKernel,"(1, 12, 24)","{'gamma_lag': 0.1, 'gamma_local': 0.1, 'gamma_macro': 0.2, 'gamma_spatial': 0.1, 'hidden_dim': 64, 'weight_decay': 0.0}",5,35632.53316813705,3238.52236712682,82011.98845731305,7627.397101040213,12.364076556933068,1.2710399370160748,1.3300004132165653,0.18915627208312108
SVR_CompositeKernel,"(1, 12, 24)","{'gamma_lag': 0.1, 'gamma_local': 0.5, 'gamma_macro': 0.05, 'gamma_spatial': 0.5, 'hidden_dim': 64, 'weight_decay': 0.0}",5,39688.75599268354,4984.650416213595,82016.09407606447,5670.098508379088,14.025414783527776,2.6440128317198406,1.4807544648542381,0.24712063576099588
SVR_CompositeKernel,"(1, 2, 3, 12)","{'gamma_lag': 0.5, 'gamma_local': 0.5, 'gamma_macro': 0.1, 'gamma_spatial': 1.0, 'hidden_dim': 128, 'weight_decay': 0.0}",5,39059.912247112385,5054.5339031481635,82031.44097963159,7726.4094750214945,12.05801701699967,1.69154358460343,1.5562423167347952,0.24576699426127524
SVR_CompositeKernel,"(1, 12)","{'gamma_lag': 0.1, 'gamma_local': 0.1, 'gamma_macro': 0.1, 'gamma_spatial': 0.5, 'hidden_dim': 64, 'weight_decay': 0.0}",5,35708.97812234268,7358.10113046385,82035.94311910712,5974.229121487442,12.236578438939882,3.4463026991279224,1.4161262082674522,0.2844233127473526
SVR_CompositeKernel,"(1, 12)","{'gamma_lag': 0.5, 'gamma_local': 1.0, 'gamma_macro': 0.2, 'gamma_spatial': 0.5, 'hidden_dim': 128, 'weight_decay': 0.0}",5,36621.84321322279,2791.1358041784247,82053.89477004924,5836.546084704688,10.938613232237739,1.107537457883711,1.4560242809161656,0.14452059536793901
SVR_CompositeKernel,"(1, 2, 3, 4, 5, 6, 12)","{'gamma_lag': 1.0, 'gamma_local': 0.5, 'gamma_macro': 0.1, 'gamma_spatial': 1.0, 'hidden_dim': 128, 'weight_decay': 0.0001}",5,42695.250702416386,5939.629605827495,82065.41528315184,6858.699516070885,14.063894231932363,2.2263022861999167,1.6971597078262044,0.25545432437931975
SVR_CompositeKernel,"(1, 2, 12, 24)","{'gamma_lag': 0.1, 'gamma_local': 0.5, 'gamma_macro': 0.05, 'gamma_spatial': 0.5, 'hidden_dim': 64, 'weight_decay': 0.0001}",5,38105.98514429209,5509.854916460604,82070.56547811988,6508.891421368274,12.642566761759285,2.836359093173437,1.4248532233117903,0.27567991705113376
SVR_CompositeKernel,"(1, 12, 24)","{'gamma_lag': 1.0, 'gamma_local': 0.5, 'gamma_macro': 0.05, 'gamma_spatial': 0.1, 'hidden_dim': 128, 'weight_decay': 0.0}",5,39797.64732231434,4394.110596302832,82072.0786984757,5203.84848417034,12.270002773212322,1.52538653994646,1.4874229100333118,0.24916996937003213
SVR_CompositeKernel,"(1, 2, 12)","{'gamma_lag': 0.1, 'gamma_local': 0.1, 'gamma_macro': 0.05, 'gamma_spatial': 1.0, 'hidden_dim': 64, 'weight_decay': 0.0001}",5,37938.47869809383,6841.560515601576,82075.20865974715,5081.486340700364,13.193720467623752,3.028368059524071,1.5054984150811705,0.27108963176820455
SVR_CompositeKernel,"(1, 2, 3, 12, 24)","{'gamma_lag': 0.5, 'gamma_local': 0.1, 'gamma_macro': 0.1, 'gamma_spatial': 1.0, 'hidden_dim': 128, 'weight_decay': 0.0}",5,39587.75510026928,9415.054290364687,82077.27781934729,11813.506523025366,12.712828437074425,3.268111836925954,1.487772027547077,0.42862084843771125
SVR_CompositeKernel,"(1, 12, 24)","{'gamma_lag': 1.0, 'gamma_local': 0.5, 'gamma_macro': 0.1, 'gamma_spatial': 1.0, 'hidden_dim': 128, 'weight_decay': 0.0001}",5,40488.46083607922,4080.9714838976356,82098.17133232078,6383.6607854261765,12.69694841609963,1.3721691607163045,1.5125168379287934,0.23809336570546102
SVR_CompositeKernel,"(1, 2, 12, 24)","{'gamma_lag': 1.0, 'gamma_local': 0.5, 'gamma_macro': 0.2, 'gamma_spatial': 0.5, 'hidden_dim': 128, 'weight_decay': 0.0001}",5,39433.33149845876,3022.0495119052816,82098.72231597794,5672.702900933451,12.354612468105085,0.8763609361067104,1.472712674878412,0.20683889608337178
SVR_CompositeKernel,"(1, 12, 24)","{'gamma_lag': 0.5, 'gamma_local': 1.0, 'gamma_macro': 0.1, 'gamma_spatial': 0.1, 'hidden_dim': 128, 'weight_decay': 0.0001}",5,38434.5048216943,3491.483960461356,82100.67165830475,5523.9511422084,11.62617990241107,1.1246253229277763,1.4372725484472526,0.23054865334965144
SVR_CompositeKernel,"(1, 2, 3, 4, 5, 6, 12)","{'gamma_lag': 0.1, 'gamma_local': 1.0, 'gamma_macro': 0.1, 'gamma_spatial': 0.1, 'hidden_dim': 128, 'weight_decay': 0.0}",5,37574.81838506235,5603.306397347111,82105.19380035679,8578.563573587588,11.748533117504767,1.9745595875391753,1.496063509549714,0.2572462078216967
SVR_CompositeKernel,"(1, 2, 12, 24)","{'gamma_lag': 0.5, 'gamma_local': 0.5, 'gamma_macro': 0.1, 'gamma_spatial': 0.1, 'hidden_dim': 128, 'weight_decay': 0.0001}",5,37623.91618967899,4476.551661872738,82135.3863290058,5989.515060891824,11.41568395786982,1.5943445980716249,1.4091446029022556,0.2597778489072706
SVR_CompositeKernel,"(1, 12)","{'gamma_lag': 0.5, 'gamma_local': 1.0, 'gamma_macro': 0.2, 'gamma_spatial': 1.0, 'hidden_dim': 128, 'weight_decay': 0.0001}",5,37765.09610349348,2176.430227210015,82136.99388839523,5766.610963575343,11.423304964434198,0.7814457951177392,1.5011525355337774,0.12728571442906414
SVR_CompositeKernel,"(1, 2, 12, 24)","{'gamma_lag': 0.5, 'gamma_local': 0.1, 'gamma_macro': 0.1, 'gamma_spatial': 0.5, 'hidden_dim': 64, 'weight_decay': 0.0001}",5,38185.5520142432,4166.655599968455,82142.03240158052,5552.239285595754,12.407874183036956,1.8017066918052305,1.423725788869899,0.21391861121709435
SVR_CompositeKernel,"(1, 12)","{'gamma_lag': 0.1, 'gamma_local': 0.5, 'gamma_macro': 0.1, 'gamma_spatial': 0.1, 'hidden_dim': 64, 'weight_decay': 0.0001}",5,34327.87182141086,3445.421202785524,82151.20452580597,7870.531571269342,11.286222829095342,1.5624170530412962,1.3643786474246258,0.16021314018540822
SVR_CompositeKernel,"(1, 2, 3, 12)","{'gamma_lag': 0.1, 'gamma_local': 0.1, 'gamma_macro': 0.05, 'gamma_spatial': 1.0, 'hidden_dim': 64, 'weight_decay': 0.0001}",5,37464.25574909652,5367.802838774985,82183.5012790877,6107.536814547091,12.780031880138903,2.1548334700980707,1.488027941705564,0.22280224560159329
SVR_CompositeKernel,"(1, 2, 12)","{'gamma_lag': 0.5, 'gamma_local': 1.0, 'gamma_macro': 0.1, 'gamma_spatial': 1.0, 'hidden_dim': 128, 'weight_decay': 0.0001}",5,37872.534791312355,2714.3923392189026,82185.71406202432,5399.650875874181,11.40598347886138,0.9658362828255436,1.5053564292205683,0.14226495879220893
SVR_CompositeKernel,"(1, 2, 12, 24)","{'gamma_lag': 1.0, 'gamma_local': 1.0, 'gamma_macro': 0.05, 'gamma_spatial': 0.5, 'hidden_dim': 128, 'weight_decay': 0.0001}",5,40744.08996997236,4660.214911214276,82190.26236952275,4275.952807604892,12.695455898806362,1.5982648430921838,1.524697887777687,0.2715703594732638
SVR_CompositeKernel,"(1, 12, 24)","{'gamma_lag': 1.0, 'gamma_local': 1.0, 'gamma_macro': 0.1, 'gamma_spatial': 1.0, 'hidden_dim': 128, 'weight_decay': 0.0001}",5,40656.66010221797,3117.0032200264527,82197.83285538916,5889.136940628981,12.738587066921237,0.8322164845423513,1.5190138597216698,0.21859024122331766
SVR_CompositeKernel,"(1, 2, 3, 12, 24)","{'gamma_lag': 0.5, 'gamma_local': 0.5, 'gamma_macro': 0.2, 'gamma_spatial': 1.0, 'hidden_dim': 128, 'weight_decay': 0.0}",5,40243.55110012755,3071.9482115067394,82201.44608299361,6329.51147275312,12.698544158589664,1.0619164310171434,1.5024494132944968,0.20701632893552782
SVR_CompositeKernel,"(1, 2, 3, 12)","{'gamma_lag': 1.0, 'gamma_local': 0.5, 'gamma_macro': 0.1, 'gamma_spatial': 1.0, 'hidden_dim': 128, 'weight_decay': 0.0001}",5,41194.889958900225,3068.1458933674808,82204.16237209275,4866.339279240501,13.248398956342205,1.021825021150161,1.6371173459718702,0.15602143722099165
SVR_CompositeKernel,"(1, 12, 24)","{'gamma_lag': 1.0, 'gamma_local': 1.0, 'gamma_macro': 0.1, 'gamma_spatial': 0.5, 'hidden_dim': 128, 'weight_decay': 0.0}",5,40846.372378117914,2020.4977877027522,82235.15649028803,3560.4977230831128,12.88479398466176,0.8720868727533488,1.521319638160564,0.16004310705729202
SVR_CompositeKernel,"(1, 2, 12, 24)","{'gamma_lag': 0.1, 'gamma_local': 0.5, 'gamma_macro': 0.05, 'gamma_spatial': 1.0, 'hidden_dim': 64, 'weight_decay': 0.0}",5,38534.31193177792,3375.0318856663366,82236.65917273737,5638.207833419129,12.994600686504437,1.747617514664114,1.436752838606276,0.1942148334717637
SVR_CompositeKernel,"(1, 2, 3, 12, 24)","{'gamma_lag': 0.5, 'gamma_local': 1.0, 'gamma_macro': 0.1, 'gamma_spatial': 0.5, 'hidden_dim': 128, 'weight_decay': 0.0}",5,40004.27147197421,3069.5326763447083,82239.85227505208,5211.040783566354,12.225144961001472,0.909015596832242,1.4945053640791297,0.21645628029082123
SVR_CompositeKernel,"(1, 2, 3, 4, 5, 6, 12, 24)","{'gamma_lag': 1.0, 'gamma_local': 0.1, 'gamma_macro': 0.2, 'gamma_spatial': 0.1, 'hidden_dim': 128, 'weight_decay': 0.0}",5,42195.1961823271,9984.240268685147,82244.76835408484,7630.148675151752,14.24911106168608,3.6760418448178553,1.5810173043390205,0.44165162100705974
SVR_CompositeKernel,"(1, 2, 12, 24)","{'gamma_lag': 0.1, 'gamma_local': 0.1, 'gamma_macro': 0.1, 'gamma_spatial': 0.1, 'hidden_dim': 64, 'weight_decay': 0.0001}",5,38804.926962868485,7869.336791190684,82253.17257251349,6524.042673065701,13.393557121072405,3.638757135351041,1.4529066812682525,0.3595179209004023
SVR_CompositeKernel,"(1, 2, 3, 12)","{'gamma_lag': 0.5, 'gamma_local': 0.5, 'gamma_macro': 0.2, 'gamma_spatial': 0.5, 'hidden_dim': 128, 'weight_decay': 0.0001}",5,38214.95738245819,3586.8052362349504,82262.93593318274,6053.902225521271,11.826844207397686,1.2786178716370784,1.5205444347962829,0.182753943048478
SVR_CompositeKernel,"(1, 2, 3, 12, 24)","{'gamma_lag': 0.1, 'gamma_local': 0.1, 'gamma_macro': 0.05, 'gamma_spatial': 1.0, 'hidden_dim': 64, 'weight_decay': 0.0}",5,37279.37766882795,5790.7090919195025,82263.85503177934,7387.307533279232,12.518837789824612,2.3379317892343066,1.3934038481736084,0.27873415170875226
SVR_CompositeKernel,"(1, 12, 24)","{'gamma_lag': 1.0, 'gamma_local': 0.5, 'gamma_macro': 0.2, 'gamma_spatial': 0.5, 'hidden_dim': 128, 'weight_decay': 0.0001}",5,39742.4192442602,4234.401188892458,82278.05554807189,5012.649446898778,12.506440762713718,1.4333384014284967,1.4868173138679823,0.25493678963293825
SVR_CompositeKernel,"(1, 2, 12, 24)","{'gamma_lag': 0.1, 'gamma_local': 0.1, 'gamma_macro': 0.05, 'gamma_spatial': 1.0, 'hidden_dim': 64, 'weight_decay': 0.0001}",5,40039.05744357639,8883.909311722899,82278.28000883767,9451.074845888998,14.202298588188148,3.9269334041523,1.5049019552544438,0.41174758594135513
SVR_CompositeKernel,"(1, 2, 12, 24)","{'gamma_lag': 0.5, 'gamma_local': 0.5, 'gamma_macro': 0.2, 'gamma_spatial': 1.0, 'hidden_dim': 128, 'weight_decay': 0.0}",5,39576.58308354592,3215.6508126953468,82302.21181754263,5852.436978485187,12.283754047408825,1.2042507886382308,1.476948031673094,0.2019997546480166
SVR_CompositeKernel,"(1, 2, 3, 12, 24)","{'gamma_lag': 0.5, 'gamma_local': 1.0, 'gamma_macro': 0.1, 'gamma_spatial': 1.0, 'hidden_dim': 128, 'weight_decay': 0.0}",5,40807.175133751414,4466.007518482148,82325.81363079134,5277.653724946912,12.797657158415985,1.7442155043122056,1.5256826081757002,0.2570200461877179
SVR_CompositeKernel,"(1, 12)","{'gamma_lag': 1.0, 'gamma_local': 0.5, 'gamma_macro': 0.1, 'gamma_spatial': 1.0, 'hidden_dim': 128, 'weight_decay': 0.0001}",5,39408.78774491567,5257.659097052241,82348.5751453304,8476.34072019889,12.122362712053766,1.7699487573810468,1.5688504182402538,0.2433287962763669
SVR_CompositeKernel,"(1, 2, 3, 12)","{'gamma_lag': 1.0, 'gamma_local': 0.5, 'gamma_macro': 0.05, 'gamma_spatial': 0.5, 'hidden_dim': 128, 'weight_decay': 0.0001}",5,39782.3559080924,5828.356777075578,82369.36473982732,6032.242308263644,12.457981086856238,2.2285203885819707,1.5809423505980729,0.24684787711589393
SVR_CompositeKernel,"(1, 12, 24)","{'gamma_lag': 0.5, 'gamma_local': 0.1, 'gamma_macro': 0.05, 'gamma_spatial': 0.5, 'hidden_dim': 64, 'weight_decay': 0.0}",5,36940.01830578585,7834.2126272958085,82371.95665577665,9661.126239407182,11.835842474534374,2.96322655503649,1.3856572685325144,0.36097914087938376
SVR_CompositeKernel,"(1, 2, 3, 12, 24)","{'gamma_lag': 0.1, 'gamma_local': 0.1, 'gamma_macro': 0.1, 'gamma_spatial': 0.5, 'hidden_dim': 64, 'weight_decay': 0.0001}",5,36999.45805520124,5449.386495880325,82372.90833815746,9211.352443731359,12.571807417893517,2.59689786594397,1.3808102181295068,0.2524515903391286
SVR_CompositeKernel,"(1, 2, 3, 4, 5, 6, 12)","{'gamma_lag': 0.1, 'gamma_local': 0.1, 'gamma_macro': 0.05, 'gamma_spatial': 0.5, 'hidden_dim': 64, 'weight_decay': 0.0}",5,38582.442253489935,7484.910760879075,82380.70613435472,7144.665065120363,13.081466198894313,3.1554366086987486,1.5329002079096485,0.30236189496258037
SVR_CompositeKernel,"(1, 12)","{'gamma_lag': 0.5, 'gamma_local': 0.1, 'gamma_macro': 0.05, 'gamma_spatial': 1.0, 'hidden_dim': 64, 'weight_decay': 0.0}",5,38517.230934665524,7353.418281025715,82396.7698263736,7429.402413955885,12.834396199459983,3.2442159232179333,1.5278572658290213,0.28531663594144
SVR_CompositeKernel,"(1, 2, 12, 24)","{'gamma_lag': 0.5, 'gamma_local': 1.0, 'gamma_macro': 0.2, 'gamma_spatial': 1.0, 'hidden_dim': 128, 'weight_decay': 0.0}",5,39839.570214622305,1463.2782301796492,82396.78119180145,5338.45449357016,12.451815346331964,0.4637436192826631,1.4846312402471058,0.15629772655284485
SVR_CompositeKernel,"(1, 2, 3, 4, 5, 6, 12)","{'gamma_lag': 0.1, 'gamma_local': 1.0, 'gamma_macro': 0.1, 'gamma_spatial': 0.1, 'hidden_dim': 128, 'weight_decay': 0.0001}",5,38695.45754942602,5726.868332668656,82400.14525212944,7588.808153834899,12.447877525441907,1.9585941206983215,1.540818353850847,0.265488974001103
SVR_CompositeKernel,"(1, 2, 12)","{'gamma_lag': 0.5, 'gamma_local': 0.1, 'gamma_macro': 0.05, 'gamma_spatial': 1.0, 'hidden_dim': 64, 'weight_decay': 0.0}",5,38505.03717757936,8376.748764842352,82406.56135275953,7333.078328425577,12.61345548403962,3.6814856569873626,1.5278801136208515,0.32725404864514906
SVR_CompositeKernel,"(1, 2, 3, 4, 5, 6, 12)","{'gamma_lag': 0.1, 'gamma_local': 1.0, 'gamma_macro': 0.2, 'gamma_spatial': 0.1, 'hidden_dim': 128, 'weight_decay': 0.0}",5,37951.83146878543,4791.700004159881,82408.81048842918,7142.0737850476135,12.039438990364447,1.6749655319740877,1.5118711639352551,0.23572966379980104
SVR_CompositeKernel,"(1, 2, 3, 4, 5, 6, 12, 24)","{'gamma_lag': 0.1, 'gamma_local': 0.1, 'gamma_macro': 0.1, 'gamma_spatial': 1.0, 'hidden_dim': 64, 'weight_decay': 0.0001}",5,36737.07646240788,6166.936513170725,82409.57324002504,5316.967481397826,11.872241306922124,2.599904147672816,1.373595532374946,0.29180323976460093
SVR_CompositeKernel,"(1, 2, 3, 12, 24)","{'gamma_lag': 0.1, 'gamma_local': 0.1, 'gamma_macro': 0.2, 'gamma_spatial': 1.0, 'hidden_dim': 64, 'weight_decay': 0.0001}",5,36499.06253454507,6368.946306057177,82416.3028242172,6323.351623961705,11.836824586206474,2.71077059512247,1.365435666867823,0.2997962191010714
SVR_CompositeKernel,"(1, 2, 3, 4, 5, 6, 12)","{'gamma_lag': 1.0, 'gamma_local': 0.5, 'gamma_macro': 0.05, 'gamma_spatial': 0.5, 'hidden_dim': 128, 'weight_decay': 0.0}",5,42260.464685196996,7328.165183856658,82416.96827442832,6594.147279059026,13.6749589776387,2.5218323577740387,1.67980926647189,0.30651106209253415
SVR_CompositeKernel,"(1, 12)","{'gamma_lag': 0.1, 'gamma_local': 0.1, 'gamma_macro': 0.1, 'gamma_spatial': 1.0, 'hidden_dim': 64, 'weight_decay': 0.0001}",5,37262.51386497307,7872.835133670093,82418.37255748344,7237.075496137186,12.85463606232704,3.6627279568139164,1.478621336850857,0.3077791871208992
SVR_CompositeKernel,"(1, 12)","{'gamma_lag': 0.5, 'gamma_local': 1.0, 'gamma_macro': 0.2, 'gamma_spatial': 0.1, 'hidden_dim': 128, 'weight_decay': 0.0}",5,36434.49211575255,2684.14961839866,82424.62650675044,5813.049389209226,10.981875389512187,0.7728158178237321,1.4500015857278024,0.15809090218266073
SVR_CompositeKernel,"(1, 2, 3, 12)","{'gamma_lag': 1.0, 'gamma_local': 0.5, 'gamma_macro': 0.05, 'gamma_spatial': 1.0, 'hidden_dim': 128, 'weight_decay': 0.0001}",5,40335.54421458687,5323.9221144648145,82425.2151460648,7161.291256260355,12.721519825152066,1.8992450047087779,1.6034202405577413,0.23045805729017463
SVR_CompositeKernel,"(1, 2, 3, 12, 24)","{'gamma_lag': 0.5, 'gamma_local': 0.1, 'gamma_macro': 0.1, 'gamma_spatial': 0.5, 'hidden_dim': 64, 'weight_decay': 0.0001}",5,38729.22563864087,5337.656013361992,82426.71480605075,6966.656673135216,12.59381400221332,2.1159884027617717,1.4491621433167607,0.2771459677234677
SVR_CompositeKernel,"(1, 2, 3, 4, 5, 6, 12)","{'gamma_lag': 0.5, 'gamma_local': 0.5, 'gamma_macro': 0.05, 'gamma_spatial': 1.0, 'hidden_dim': 128, 'weight_decay': 0.0001}",5,41635.16038787911,7002.147744135334,82440.76131823134,7905.581433850287,13.15310544662951,2.4658084731608487,1.657033601575386,0.3037469164269912
SVR_CompositeKernel,"(1, 12)","{'gamma_lag': 0.5, 'gamma_local': 1.0, 'gamma_macro': 0.1, 'gamma_spatial': 0.1, 'hidden_dim': 128, 'weight_decay': 0.0001}",5,37127.67123060162,5560.17655506758,82456.55494815006,6271.121872217046,11.277736222337575,1.8036027529368623,1.4796704457914949,0.26532397697655524
SVR_CompositeKernel,"(1, 2, 12, 24)","{'gamma_lag': 0.5, 'gamma_local': 0.1, 'gamma_macro': 0.05, 'gamma_spatial': 0.5, 'hidden_dim': 64, 'weight_decay': 0.0}",5,37707.62705454578,5499.557731923021,82465.30970284165,6028.428855148238,12.14307183081444,2.238422494204198,1.4093353714496488,0.2719583744226282
SVR_CompositeKernel,"(1, 2, 12)","{'gamma_lag': 1.0, 'gamma_local': 0.5, 'gamma_macro': 0.2, 'gamma_spatial': 1.0, 'hidden_dim': 128, 'weight_decay': 0.0}",5,40641.36113679847,3670.4130149213256,82469.64754264499,7953.598450453473,12.662123492218868,1.3287603812741575,1.6170912449264616,0.18988882847270516
SVR_CompositeKernel,"(1, 2, 3, 4, 5, 6, 12, 24)","{'gamma_lag': 0.5, 'gamma_local': 0.5, 'gamma_macro': 0.1, 'gamma_spatial': 1.0, 'hidden_dim': 128, 'weight_decay': 0.0001}",5,41680.22565458475,5943.686293060085,82470.12616813343,7356.883597510361,13.344271439118398,2.033672956579133,1.5592234311380433,0.30310866499392725
SVR_CompositeKernel,"(1, 2, 3, 4, 5, 6, 12)","{'gamma_lag': 0.5, 'gamma_local': 0.5, 'gamma_macro': 0.05, 'gamma_spatial': 1.0, 'hidden_dim': 128, 'weight_decay': 0.0}",5,40744.19495863449,6028.550306091251,82477.50953596603,6589.666709787317,12.752884999893691,2.061932039778588,1.6194708448604078,0.2570400648120143
SVR_CompositeKernel,"(1, 12, 24)","{'gamma_lag': 0.1, 'gamma_local': 0.1, 'gamma_macro': 0.2, 'gamma_spatial': 0.5, 'hidden_dim': 64, 'weight_decay': 0.0}",5,36761.61947500354,4225.505708075506,82478.92430107109,7242.339544374239,12.678746071528078,2.095738148511359,1.3755439255659525,0.24346356102456154
SVR_CompositeKernel,"(1, 2, 3, 4, 5, 6, 12)","{'gamma_lag': 0.5, 'gamma_local': 0.5, 'gamma_macro': 0.1, 'gamma_spatial': 1.0, 'hidden_dim': 128, 'weight_decay': 0.0001}",5,41849.88024730726,6215.610523192609,82485.69296184069,6601.8972257178875,13.309402836196677,2.1377420080568363,1.6668716248885869,0.28758017401662156
SVR_CompositeKernel,"(1, 2, 3, 12, 24)","{'gamma_lag': 0.1, 'gamma_local': 0.5, 'gamma_macro': 0.1, 'gamma_spatial': 0.5, 'hidden_dim': 64, 'weight_decay': 0.0001}",5,37719.50840419501,2742.5488017764674,82488.22445369804,6768.226970588158,12.626778151423874,1.2815599457669549,1.4057186038917329,0.170311395468678
SVR_CompositeKernel,"(1, 2, 3, 12, 24)","{'gamma_lag': 0.1, 'gamma_local': 1.0, 'gamma_macro': 0.05, 'gamma_spatial': 1.0, 'hidden_dim': 64, 'weight_decay': 0.0}",5,38324.908850623586,3524.2269046051315,82510.2177181346,5450.526438208648,12.58908087205973,1.6114526458021698,1.4289261359545002,0.19617877387148394
SVR_CompositeKernel,"(1, 2, 3, 4, 5, 6, 12, 24)","{'gamma_lag': 0.5, 'gamma_local': 0.5, 'gamma_macro': 0.05, 'gamma_spatial': 0.1, 'hidden_dim': 128, 'weight_decay': 0.0}",5,42423.049319285004,6894.008525380632,82523.37114546662,6274.826291820002,13.461267365223998,2.393835333346273,1.5902441975458015,0.34778624693235405
SVR_CompositeKernel,"(1, 2, 3, 4, 5, 6, 12)","{'gamma_lag': 1.0, 'gamma_local': 0.1, 'gamma_macro': 0.2, 'gamma_spatial': 0.1, 'hidden_dim': 128, 'weight_decay': 0.0}",5,42081.59021488804,9423.882229327395,82532.07166130576,9160.715993368769,14.300829976409734,3.603376459466905,1.6703395776739935,0.3699625805346072
SVR_CompositeKernel,"(1, 2, 12, 24)","{'gamma_lag': 0.5, 'gamma_local': 1.0, 'gamma_macro': 0.1, 'gamma_spatial': 0.5, 'hidden_dim': 128, 'weight_decay': 0.0001}",5,39280.651666578095,3148.1432276183027,82532.78363370165,6695.082901155611,11.958774054849568,1.1391642883630355,1.4674308858619702,0.21139670855464904
SVR_CompositeKernel,"(1, 12, 24)","{'gamma_lag': 0.1, 'gamma_local': 0.5, 'gamma_macro': 0.05, 'gamma_spatial': 0.5, 'hidden_dim': 64, 'weight_decay': 0.0001}",5,38119.43353838931,5551.65466641757,82536.90845400232,8015.091594794085,13.197506470176965,2.8479775346451164,1.4279846651856576,0.2870531481104354
SVR_CompositeKernel,"(1, 2, 12)","{'gamma_lag': 0.1, 'gamma_local': 0.1, 'gamma_macro': 0.1, 'gamma_spatial': 0.1, 'hidden_dim': 64, 'weight_decay': 0.0}",5,35927.78571915745,3897.327830061639,82549.21387255494,5296.994871006976,12.406625345667806,1.8467524040753214,1.4272952397977716,0.16966311276137758
SVR_CompositeKernel,"(1, 12)","{'gamma_lag': 0.5, 'gamma_local': 1.0, 'gamma_macro': 0.2, 'gamma_spatial': 0.1, 'hidden_dim': 128, 'weight_decay': 0.0001}",5,35912.903824316185,2520.0396428971694,82562.40249551319,5634.51163113233,10.818051679639279,0.9825952851806732,1.427709129792319,0.13769423767273034
SVR_CompositeKernel,"(1, 2, 3, 4, 5, 6, 12, 24)","{'gamma_lag': 0.1, 'gamma_local': 1.0, 'gamma_macro': 0.1, 'gamma_spatial': 0.1, 'hidden_dim': 128, 'weight_decay': 0.0001}",5,38321.49963904833,3082.0428656625895,82563.0540470938,6281.490508640421,11.9073239314619,0.8309896240022862,1.4296760416944594,0.19428538156277844
SVR_CompositeKernel,"(1, 2, 3, 12)","{'gamma_lag': 0.1, 'gamma_local': 0.1, 'gamma_macro': 0.05, 'gamma_spatial': 0.1, 'hidden_dim': 64, 'weight_decay': 0.0}",5,38443.233554333194,5422.185064694253,82565.7196856781,6718.544533201637,13.547372859734306,2.280294785016343,1.5284516369534453,0.2368722387278831
SVR_CompositeKernel,"(1, 2, 3, 4, 5, 6, 12, 24)","{'gamma_lag': 0.1, 'gamma_local': 1.0, 'gamma_macro': 0.05, 'gamma_spatial': 1.0, 'hidden_dim': 64, 'weight_decay': 0.0}",5,38164.91704489087,3507.5595867183915,82571.49363800349,5356.018313904651,11.980138531006537,1.4817055243371242,1.4272489314280106,0.22852843851865287
SVR_CompositeKernel,"(1, 2, 3, 12, 24)","{'gamma_lag': 0.1, 'gamma_local': 0.1, 'gamma_macro': 0.05, 'gamma_spatial': 0.5, 'hidden_dim': 64, 'weight_decay': 0.0}",5,38397.177190954506,6116.465902950856,82574.186814644,8424.406679764867,13.318116268623493,2.61808537630125,1.4374428238564103,0.30259133683159983
SVR_CompositeKernel,"(1, 12)","{'gamma_lag': 1.0, 'gamma_local': 0.1, 'gamma_macro': 0.05, 'gamma_spatial': 0.5, 'hidden_dim': 64, 'weight_decay': 0.0001}",5,38787.262969015734,6996.10082568995,82583.14250486343,5762.837415911813,12.718770007625992,3.1294353020053434,1.538237755735917,0.2701742700232572
SVR_CompositeKernel,"(1, 12, 24)","{'gamma_lag': 0.5, 'gamma_local': 1.0, 'gamma_macro': 0.2, 'gamma_spatial': 0.5, 'hidden_dim': 128, 'weight_decay': 0.0}",5,38362.657227448275,2276.1896227691495,82595.09176401579,6715.6079064778,11.605448446114046,0.7377162503444767,1.4296666910982307,0.16343812750363151
SVR_CompositeKernel,"(1, 2, 3, 4, 5, 6, 12, 24)","{'gamma_lag': 1.0, 'gamma_local': 0.5, 'gamma_macro': 0.05, 'gamma_spatial': 0.5, 'hidden_dim': 128, 'weight_decay': 0.0001}",5,44955.060280700825,6262.462102702411,82596.90356663956,6066.950044401034,14.838275873458448,2.240999583836523,1.6842051509511264,0.33434785645442144
SVR_CompositeKernel,"(1, 12, 24)","{'gamma_lag': 1.0, 'gamma_local': 0.1, 'gamma_macro': 0.05, 'gamma_spatial': 1.0, 'hidden_dim': 64, 'weight_decay': 0.0001}",5,39469.73380589215,6056.990417372478,82626.80458835152,6433.228690567626,12.875815542674697,2.1974776720576377,1.4760557397404408,0.2973794934343194
SVR_CompositeKernel,"(1, 2, 3, 4, 5, 6, 12, 24)","{'gamma_lag': 0.5, 'gamma_local': 0.5, 'gamma_macro': 0.1, 'gamma_spatial': 0.5, 'hidden_dim': 128, 'weight_decay': 0.0}",5,41570.85463612528,6190.8422405237225,82628.2286896859,7199.685108350983,13.24055240771224,2.3607539736032583,1.5567395767714782,0.3162112561374699
SVR_CompositeKernel,"(1, 2, 3, 4, 5, 6, 12, 24)","{'gamma_lag': 1.0, 'gamma_local': 0.1, 'gamma_macro': 0.05, 'gamma_spatial': 0.5, 'hidden_dim': 64, 'weight_decay': 0.0001}",5,42630.40884663762,12426.469423489782,82640.08080831656,10469.50993894291,14.679750430825731,4.799722310009296,1.6016895466744434,0.537250253044284
SVR_CompositeKernel,"(1, 2, 3, 4, 5, 6, 12, 24)","{'gamma_lag': 0.1, 'gamma_local': 1.0, 'gamma_macro': 0.2, 'gamma_spatial': 0.1, 'hidden_dim': 128, 'weight_decay': 0.0}",5,37883.677256501556,3701.67021248291,82643.18737543032,6352.849743233946,11.789891514271766,1.1148109106367703,1.4171578261298046,0.2345481967968971
SVR_CompositeKernel,"(1, 2, 3, 4, 5, 6, 12, 24)","{'gamma_lag': 0.5, 'gamma_local': 0.1, 'gamma_macro': 0.05, 'gamma_spatial': 0.5, 'hidden_dim': 64, 'weight_decay': 0.0001}",5,40506.664003153346,7390.138672769666,82657.21694367922,6914.712418816765,13.439523735360192,2.8335031499022065,1.5177794301982128,0.35367082854702636
SVR_CompositeKernel,"(1, 2, 3, 4, 5, 6, 12, 24)","{'gamma_lag': 0.1, 'gamma_local': 0.1, 'gamma_macro': 0.2, 'gamma_spatial': 0.5, 'hidden_dim': 64, 'weight_decay': 0.0}",5,36710.51303854875,5642.481447022072,82658.36925823627,5062.393065267753,11.947626262999666,2.4465386655124295,1.3767705905955734,0.2951074292690341
SVR_CompositeKernel,"(1, 2, 12)","{'gamma_lag': 0.5, 'gamma_local': 1.0, 'gamma_macro': 0.2, 'gamma_spatial': 1.0, 'hidden_dim': 128, 'weight_decay': 0.0}",5,38669.311802012475,3405.624854616558,82666.20951064325,6581.4308313878755,11.845334349326828,1.1371822739716784,1.5381083830888138,0.17444884336026806
SVR_CompositeKernel,"(1, 2, 3, 4, 5, 6, 12)","{'gamma_lag': 0.5, 'gamma_local': 1.0, 'gamma_macro': 0.05, 'gamma_spatial': 1.0, 'hidden_dim': 128, 'weight_decay': 0.0}",5,40707.39763543438,5509.535084255845,82668.41634621282,7861.977878254607,12.746794566034996,1.8159826738520082,1.6194392056598166,0.246972814125477
SVR_CompositeKernel,"(1, 2, 3, 12, 24)","{'gamma_lag': 0.5, 'gamma_local': 0.1, 'gamma_macro': 0.05, 'gamma_spatial': 0.5, 'hidden_dim': 64, 'weight_decay': 0.0}",5,38751.45174231151,7079.843933664195,82674.80178503876,6065.894743136678,12.552652977148485,2.9028106762193477,1.4506942773002043,0.3330904355771183
SVR_CompositeKernel,"(1, 12)","{'gamma_lag': 0.1, 'gamma_local': 0.1, 'gamma_macro': 0.2, 'gamma_spatial': 0.1, 'hidden_dim': 64, 'weight_decay': 0.0001}",5,33297.85319630457,5386.580736786742,82686.11685652156,8311.901343776513,11.185097061785001,1.9649505913337186,1.3239560725573658,0.22951705109238577
SVR_CompositeKernel,"(1, 2, 12, 24)","{'gamma_lag': 0.5, 'gamma_local': 0.1, 'gamma_macro': 0.05, 'gamma_spatial': 0.5, 'hidden_dim': 64, 'weight_decay': 0.0001}",5,39841.37735836522,6067.061380982083,82699.11917705664,6166.612175605541,13.384940896885931,2.4178066977972934,1.489029261481408,0.29379401773812924
SVR_CompositeKernel,"(1, 2, 3, 4, 5, 6, 12, 24)","{'gamma_lag': 0.1, 'gamma_local': 0.1, 'gamma_macro': 0.05, 'gamma_spatial': 0.5, 'hidden_dim': 64, 'weight_decay': 0.0001}",5,37355.40187827735,4827.748018110484,82706.73420591725,4786.05547721671,12.190195334288543,1.7340552261948794,1.3975745107766697,0.25951077951394647
SVR_CompositeKernel,"(1, 2, 12, 24)","{'gamma_lag': 0.5, 'gamma_local': 0.1, 'gamma_macro': 0.05, 'gamma_spatial': 0.1, 'hidden_dim': 64, 'weight_decay': 0.0001}",5,38591.875946446286,6872.790447961745,82709.4661302199,7608.323795276395,12.685531109223728,2.7448262609285194,1.4451037068554808,0.32786465153368555
SVR_CompositeKernel,"(1, 2, 12, 24)","{'gamma_lag': 0.5, 'gamma_local': 0.5, 'gamma_macro': 0.2, 'gamma_spatial': 0.1, 'hidden_dim': 128, 'weight_decay': 0.0001}",5,39020.29515749008,3512.5494637515358,82709.74484371755,7268.189118673425,12.106058648171473,1.0123674348236593,1.4573493233906567,0.21497844406465816
SVR_CompositeKernel,"(1, 2, 3, 12, 24)","{'gamma_lag': 0.5, 'gamma_local': 0.5, 'gamma_macro': 0.1, 'gamma_spatial': 0.1, 'hidden_dim': 128, 'weight_decay': 0.0001}",5,39476.93156887755,4161.365129453191,82718.44308966711,5858.7556085025135,12.198220080912623,1.4032997215816112,1.4757308266945532,0.2435258863335708
SVR_CompositeKernel,"(1, 2, 3, 4, 5, 6, 12, 24)","{'gamma_lag': 1.0, 'gamma_local': 0.5, 'gamma_macro': 0.05, 'gamma_spatial': 1.0, 'hidden_dim': 128, 'weight_decay': 0.0001}",5,43618.28702832696,7782.469899962969,82728.7231050896,9465.94703010288,14.214442584175305,2.6164806759371335,1.637238423071095,0.3872388046235205
SVR_CompositeKernel,"(1, 12)","{'gamma_lag': 0.5, 'gamma_local': 0.1, 'gamma_macro': 0.05, 'gamma_spatial': 0.5, 'hidden_dim': 64, 'weight_decay': 0.0}",5,37038.58865460247,4516.046887355584,82737.97096879498,5472.359690944872,12.05782173290061,1.9297453387965777,1.4700741922094214,0.18261227526530668
SVR_CompositeKernel,"(1, 2, 3, 12, 24)","{'gamma_lag': 0.1, 'gamma_local': 0.1, 'gamma_macro': 0.05, 'gamma_spatial': 0.1, 'hidden_dim': 64, 'weight_decay': 0.0}",5,38406.70527122307,3120.6811338383427,82757.29905053767,7812.750408287445,13.679641052298347,1.1628941120448713,1.433583954947877,0.19853378922830894
SVR_CompositeKernel,"(1, 2, 12, 24)","{'gamma_lag': 0.5, 'gamma_local': 0.5, 'gamma_macro': 0.2, 'gamma_spatial': 0.5, 'hidden_dim': 128, 'weight_decay': 0.0001}",5,39077.73553225978,2471.3976339915307,82759.00721545304,6537.251397107049,12.136785332062171,0.8477550267815807,1.4571774060045046,0.1766440664819824
SVR_CompositeKernel,"(1, 2, 3, 4, 5, 6, 12)","{'gamma_lag': 0.1, 'gamma_local': 0.1, 'gamma_macro': 0.05, 'gamma_spatial': 1.0, 'hidden_dim': 64, 'weight_decay': 0.0}",5,38031.20435002126,6400.83468591894,82760.61584160294,6676.578186704671,12.56039112860536,2.5006053569459348,1.512355128953835,0.2712064348173525
SVR_CompositeKernel,"(1, 2, 12)","{'gamma_lag': 0.1, 'gamma_local': 0.1, 'gamma_macro': 0.1, 'gamma_spatial': 0.5, 'hidden_dim': 64, 'weight_decay': 0.0}",5,37290.14799992913,6015.816458266474,82761.62724769415,5716.71259942962,13.097811940270052,2.87029827804769,1.479319592119149,0.23303058175964325
SVR_CompositeKernel,"(1, 2, 3, 12)","{'gamma_lag': 0.5, 'gamma_local': 0.5, 'gamma_macro': 0.1, 'gamma_spatial': 0.5, 'hidden_dim': 128, 'weight_decay': 0.0001}",5,38178.57885841837,4335.786547892249,82767.58892720679,6046.029474551376,11.662127298774317,1.4106528779174667,1.516801528154248,0.18708459840073255
SVR_CompositeKernel,"(1, 2, 12)","{'gamma_lag': 0.1, 'gamma_local': 1.0, 'gamma_macro': 0.2, 'gamma_spatial': 1.0, 'hidden_dim': 128, 'weight_decay': 0.0}",5,40769.324188633786,7176.957999996709,82769.06049692191,4439.444669537181,13.942341201380122,3.6156570559525907,1.6167690456347859,0.2762327628566422
SVR_CompositeKernel,"(1, 2, 3, 4, 5, 6, 12, 24)","{'gamma_lag': 0.1, 'gamma_local': 0.1, 'gamma_macro': 0.1, 'gamma_spatial': 1.0, 'hidden_dim': 64, 'weight_decay': 0.0}",5,37712.0247497697,6587.047921579506,82784.12526395786,6594.092985038885,12.293478346835133,2.8343296817745127,1.4129038928619149,0.31905347847509646
SVR_CompositeKernel,"(1, 2, 12)","{'gamma_lag': 0.5, 'gamma_local': 0.5, 'gamma_macro': 0.2, 'gamma_spatial': 1.0, 'hidden_dim': 128, 'weight_decay': 0.0}",5,38505.93027520904,3290.5642492784555,82784.14166133765,7172.096785941945,11.69825461179541,1.218872755194975,1.5310577697475352,0.1645042046440993
SVR_CompositeKernel,"(1, 2, 3, 4, 5, 6, 12)","{'gamma_lag': 0.1, 'gamma_local': 0.5, 'gamma_macro': 0.2, 'gamma_spatial': 0.1, 'hidden_dim': 128, 'weight_decay': 0.0}",5,36209.701547884775,4831.3172950103035,82786.26385072288,6487.940752666317,11.495219808384176,1.9475948277197803,1.441187251756345,0.22307091496126905
SVR_CompositeKernel,"(1, 2, 3, 12, 24)","{'gamma_lag': 1.0, 'gamma_local': 0.5, 'gamma_macro': 0.1, 'gamma_spatial': 1.0, 'hidden_dim': 128, 'weight_decay': 0.0}",5,42904.12218546272,5961.694877788893,82790.39300625348,6951.499950430002,14.016962258591956,2.3182087946039722,1.6051926192303962,0.30729809491888
SVR_CompositeKernel,"(1, 2, 12, 24)","{'gamma_lag': 1.0, 'gamma_local': 1.0, 'gamma_macro': 0.05, 'gamma_spatial': 1.0, 'hidden_dim': 128, 'weight_decay': 0.0}",5,41895.67063359197,4375.450262248637,82791.29710931506,6644.821867563764,13.196081879272743,1.4254196933179941,1.567043420680431,0.26376943238418676
SVR_CompositeKernel,"(1, 2, 3, 4, 5, 6, 12, 24)","{'gamma_lag': 0.1, 'gamma_local': 0.1, 'gamma_macro': 0.1, 'gamma_spatial': 0.5, 'hidden_dim': 64, 'weight_decay': 0.0001}",5,38406.67274394132,5367.42253757465,82791.62709783102,7196.305427478061,12.82837896708718,2.203321239010745,1.4356906641613474,0.26860543036718676
SVR_CompositeKernel,"(1, 2, 12, 24)","{'gamma_lag': 1.0, 'gamma_local': 1.0, 'gamma_macro': 0.1, 'gamma_spatial': 1.0, 'hidden_dim': 128, 'weight_decay': 0.0001}",5,41722.52889827806,4095.6547776633734,82799.32721975175,4485.976864713963,13.268575577580688,1.3208626362166762,1.558823169150616,0.24403785017096788
SVR_CompositeKernel,"(1, 2, 12, 24)","{'gamma_lag': 0.1, 'gamma_local': 0.1, 'gamma_macro': 0.05, 'gamma_spatial': 0.5, 'hidden_dim': 64, 'weight_decay': 0.0}",5,39237.14074856505,8747.047703416401,82803.22740147306,7607.563202172063,13.963276742984046,4.1047697780649495,1.468202998409413,0.38559608080735813
SVR_CompositeKernel,"(1, 2, 12, 24)","{'gamma_lag': 0.1, 'gamma_local': 1.0, 'gamma_macro': 0.05, 'gamma_spatial': 1.0, 'hidden_dim': 64, 'weight_decay': 0.0001}",5,38515.67368905896,3631.591514735762,82807.661727125,5296.344530721218,12.614416890734011,1.4956492609842977,1.440341373822648,0.23087356332069275
SVR_CompositeKernel,"(1, 2, 3, 4, 5, 6, 12)","{'gamma_lag': 0.5, 'gamma_local': 0.5, 'gamma_macro': 0.1, 'gamma_spatial': 0.5, 'hidden_dim': 128, 'weight_decay': 0.0001}",5,41295.89581030329,5391.835162072138,82829.43734097318,6546.070799921906,12.937963206940541,1.9486469345271387,1.6428572659689251,0.24528754105227532
SVR_CompositeKernel,"(1, 12)","{'gamma_lag': 0.1, 'gamma_local': 0.5, 'gamma_macro': 0.05, 'gamma_spatial': 1.0, 'hidden_dim': 64, 'weight_decay': 0.0001}",5,38169.78050683815,3907.780704639514,82839.44622837301,6698.37539985638,13.152774975824371,1.4921455114285624,1.5171707501898541,0.17784333105023176
SVR_CompositeKernel,"(1, 2, 3, 4, 5, 6, 12, 24)","{'gamma_lag': 1.0, 'gamma_local': 0.5, 'gamma_macro': 0.05, 'gamma_spatial': 0.5, 'hidden_dim': 128, 'weight_decay': 0.0}",5,42432.43388428288,7893.908418770962,82843.56031184818,10171.324400297484,13.668278944135096,2.433580904698717,1.5939540950828106,0.39238031444342647
SVR_CompositeKernel,"(1, 2, 3, 4, 5, 6, 12)","{'gamma_lag': 0.5, 'gamma_local': 0.5, 'gamma_macro': 0.05, 'gamma_spatial': 0.5, 'hidden_dim': 128, 'weight_decay': 0.0}",5,40548.37029567035,5035.137778747012,82849.94191274862,6961.885892786093,12.618853893431705,1.7347479132955441,1.6101329834863205,0.21042688672597148
SVR_CompositeKernel,"(1, 2, 3, 4, 5, 6, 12, 24)","{'gamma_lag': 0.1, 'gamma_local': 0.5, 'gamma_macro': 0.05, 'gamma_spatial': 0.5, 'hidden_dim': 64, 'weight_decay': 0.0}",5,36531.157000248015,2787.638751361729,82862.96344446459,5886.947624051196,11.476560946311718,1.0829878329610403,1.3647481460741555,0.19619699314612332
SVR_CompositeKernel,"(1, 2, 3, 4, 5, 6, 12)","{'gamma_lag': 0.1, 'gamma_local': 0.1, 'gamma_macro': 0.1, 'gamma_spatial': 1.0, 'hidden_dim': 64, 'weight_decay': 0.0001}",5,36368.11722913124,5834.372354249583,82866.85342160298,8115.8165994363835,11.600355852614856,2.3079560423000887,1.4456437940110196,0.24411662291754407
SVR_CompositeKernel,"(1, 2, 3, 12, 24)","{'gamma_lag': 0.1, 'gamma_local': 0.5, 'gamma_macro': 0.05, 'gamma_spatial': 1.0, 'hidden_dim': 64, 'weight_decay': 0.0001}",5,38562.46535085388,4437.266317256378,82886.37217604664,8256.253531277345,12.568498284056965,2.0081895499657803,1.441512028693945,0.24138715966942192
SVR_CompositeKernel,"(1, 2, 3, 12)","{'gamma_lag': 0.5, 'gamma_local': 1.0, 'gamma_macro': 0.1, 'gamma_spatial': 0.5, 'hidden_dim': 128, 'weight_decay': 0.0}",5,39077.353708280185,3388.413023545423,82886.67404975927,6533.973845582419,12.003589893933183,1.0285412970964385,1.5548582050882582,0.18091487001380213
SVR_CompositeKernel,"(1, 12)","{'gamma_lag': 0.5, 'gamma_local': 0.1, 'gamma_macro': 0.1, 'gamma_spatial': 0.5, 'hidden_dim': 64, 'weight_decay': 0.0001}",5,36809.07104636125,7867.252240099087,82891.39381135229,6134.153708400068,11.947337572808514,3.497865483334288,1.4606771018980416,0.30815521867673945
SVR_CompositeKernel,"(1, 2, 3, 12, 24)","{'gamma_lag': 0.5, 'gamma_local': 1.0, 'gamma_macro': 0.1, 'gamma_spatial': 1.0, 'hidden_dim': 128, 'weight_decay': 0.0001}",5,40979.887853422624,3226.5777688684534,82910.42442117838,6608.429995363323,12.897497446722458,1.1051806747059387,1.5276796896173912,0.1926464018510027
SVR_CompositeKernel,"(1, 2, 3, 4, 5, 6, 12, 24)","{'gamma_lag': 0.1, 'gamma_local': 1.0, 'gamma_macro': 0.2, 'gamma_spatial': 0.1, 'hidden_dim': 128, 'weight_decay': 0.0001}",5,37147.380509495466,4279.1707130600225,82915.51282702826,6933.16941649597,11.397817384757067,1.3055725000910563,1.3909792011938245,0.25484039782307827
SVR_CompositeKernel,"(1, 2, 3, 4, 5, 6, 12)","{'gamma_lag': 0.1, 'gamma_local': 0.1, 'gamma_macro': 0.05, 'gamma_spatial': 0.5, 'hidden_dim': 64, 'weight_decay': 0.0001}",5,39062.30727749433,8980.66382280782,82926.78533531376,8861.316952669129,13.152765209231564,3.9256178169327764,1.5499434515911346,0.3505887319100531
SVR_CompositeKernel,"(1, 2, 3, 12, 24)","{'gamma_lag': 0.5, 'gamma_local': 0.1, 'gamma_macro': 0.1, 'gamma_spatial': 0.5, 'hidden_dim': 64, 'weight_decay': 0.0}",5,39143.61585308603,6808.175751442827,82929.47894802915,7403.312437445816,12.629077325697509,2.613527593859825,1.4675495120891522,0.3353141190240089
SVR_CompositeKernel,"(1, 12, 24)","{'gamma_lag': 1.0, 'gamma_local': 1.0, 'gamma_macro': 0.1, 'gamma_spatial': 1.0, 'hidden_dim': 128, 'weight_decay': 0.0}",5,41939.60265997024,3144.406228180731,82939.03731561183,4936.8554748439665,13.310572484800483,1.1950474539128912,1.5646998792934579,0.2065201827680116
SVR_CompositeKernel,"(1, 2, 3, 12)","{'gamma_lag': 1.0, 'gamma_local': 0.5, 'gamma_macro': 0.1, 'gamma_spatial': 0.5, 'hidden_dim': 128, 'weight_decay': 0.0001}",5,39929.023909615935,4104.874949239994,82940.92485124704,5531.985195299143,12.351044692133117,1.34554165879171,1.5886969587052462,0.20378136173494615
SVR_CompositeKernel,"(1, 2, 12, 24)","{'gamma_lag': 1.0, 'gamma_local': 1.0, 'gamma_macro': 0.05, 'gamma_spatial': 0.5, 'hidden_dim': 128, 'weight_decay': 0.0}",5,41150.72987616922,4059.5338337305984,82954.56609151809,5975.500817372822,12.751493637551992,1.4716038197404282,1.538848064989123,0.25085601691234166
SVR_CompositeKernel,"(1, 2, 12)","{'gamma_lag': 0.5, 'gamma_local': 0.5, 'gamma_macro': 0.1, 'gamma_spatial': 0.1, 'hidden_dim': 128, 'weight_decay': 0.0}",5,37762.69734977324,4633.547812767325,82955.70719536494,5705.837414937603,11.531843853232319,1.7666822406406368,1.5034163030756933,0.2221503918363674
SVR_CompositeKernel,"(1, 2, 3, 4, 5, 6, 12, 24)","{'gamma_lag': 0.1, 'gamma_local': 0.1, 'gamma_macro': 0.2, 'gamma_spatial': 1.0, 'hidden_dim': 64, 'weight_decay': 0.0}",5,38457.327604609556,9454.704403910799,82961.36135976452,8696.028817344839,12.498079515046928,3.854925163070763,1.4431314231857926,0.4197351883264573
SVR_CompositeKernel,"(1, 2, 3, 12)","{'gamma_lag': 0.1, 'gamma_local': 0.1, 'gamma_macro': 0.05, 'gamma_spatial': 1.0, 'hidden_dim': 64, 'weight_decay': 0.0}",5,38248.11319931618,8117.822998201474,82973.1407710235,6028.65434117378,13.087096698118064,3.837316509362961,1.51643985867646,0.3125145330972634
SVR_CompositeKernel,"(1, 2, 3, 12)","{'gamma_lag': 0.5, 'gamma_local': 0.5, 'gamma_macro': 0.05, 'gamma_spatial': 0.1, 'hidden_dim': 128, 'weight_decay': 0.0}",5,39979.43451495182,6133.145217863096,82980.00914568732,8536.17634913896,12.354929595403155,2.169883045860265,1.593282820252076,0.2836678340581872
SVR_CompositeKernel,"(1, 2, 12, 24)","{'gamma_lag': 0.1, 'gamma_local': 0.1, 'gamma_macro': 0.1, 'gamma_spatial': 0.5, 'hidden_dim': 64, 'weight_decay': 0.0001}",5,36828.354001027496,5401.670751276927,82982.55966005345,7748.497522185746,12.510774305520048,2.0517535297518883,1.3733196487560189,0.2506185589074446
SVR_CompositeKernel,"(1, 2, 12)","{'gamma_lag': 0.5, 'gamma_local': 1.0, 'gamma_macro': 0.1, 'gamma_spatial': 0.5, 'hidden_dim': 128, 'weight_decay': 0.0}",5,38456.46146896259,3436.774360757484,82984.42844340806,6904.981855838883,11.58349175343413,1.0670444638943952,1.529078771414532,0.16884037722109893
SVR_CompositeKernel,"(1, 2, 3, 12)","{'gamma_lag': 1.0, 'gamma_local': 0.5, 'gamma_macro': 0.05, 'gamma_spatial': 0.1, 'hidden_dim': 128, 'weight_decay': 0.0001}",5,41306.31149022109,3015.348980095281,82998.1386852007,5416.193597746063,12.968873759260358,1.096910271277708,1.639693567369174,0.13446443167063266
SVR_CompositeKernel,"(1, 2, 3, 4, 5, 6, 12, 24)","{'gamma_lag': 0.1, 'gamma_local': 0.1, 'gamma_macro': 0.05, 'gamma_spatial': 0.1, 'hidden_dim': 64, 'weight_decay': 0.0}",5,38385.59396258503,4868.326194768017,83019.71510449526,7607.839542023344,13.191481575636606,1.690146563060018,1.4359759476580303,0.2608643142604561
SVR_CompositeKernel,"(1, 2, 3, 4, 5, 6, 12)","{'gamma_lag': 0.5, 'gamma_local': 0.5, 'gamma_macro': 0.05, 'gamma_spatial': 0.1, 'hidden_dim': 128, 'weight_decay': 0.0001}",5,41466.52915825185,4612.384356056303,83026.08583037175,7142.992015938107,12.778316654508927,1.616442956971744,1.6479080911409827,0.20768239919815223
SVR_CompositeKernel,"(1, 2, 3, 4, 5, 6, 12, 24)","{'gamma_lag': 0.1, 'gamma_local': 0.5, 'gamma_macro': 0.05, 'gamma_spatial': 0.5, 'hidden_dim': 64, 'weight_decay': 0.0001}",5,37149.283371864374,4114.4955092255195,83027.73365435412,5459.71058102956,11.835029342588271,1.6916658937666478,1.3895448936071628,0.2377171700514348
SVR_CompositeKernel,"(1, 2, 12)","{'gamma_lag': 1.0, 'gamma_local': 1.0, 'gamma_macro': 0.05, 'gamma_spatial': 0.5, 'hidden_dim': 128, 'weight_decay': 0.0}",5,40003.31551915037,4949.050949562327,83035.31333461232,6968.279637913164,12.359422346413668,1.6573243532207746,1.5911855159123725,0.2281411898977634
SVR_CompositeKernel,"(1, 2, 3, 4, 5, 6, 12, 24)","{'gamma_lag': 0.5, 'gamma_local': 0.5, 'gamma_macro': 0.05, 'gamma_spatial': 0.1, 'hidden_dim': 128, 'weight_decay': 0.0001}",5,41267.012947757226,5261.030851738074,83036.33354591911,7799.1309742804715,12.929538955075273,1.7449805096693027,1.545995848752787,0.29623863009462925
SVR_CompositeKernel,"(1, 12)","{'gamma_lag': 0.1, 'gamma_local': 0.1, 'gamma_macro': 0.05, 'gamma_spatial': 0.5, 'hidden_dim': 64, 'weight_decay': 0.0}",5,38077.466057256235,6977.714812000364,83058.30743419146,7131.194952847013,13.684610469697073,3.275646838007394,1.5120311862141818,0.2822740023503089
SVR_CompositeKernel,"(1, 2, 12, 24)","{'gamma_lag': 0.5, 'gamma_local': 0.1, 'gamma_macro': 0.05, 'gamma_spatial': 1.0, 'hidden_dim': 64, 'weight_decay': 0.0001}",5,39447.563059807246,7889.889965263376,83068.863916832,6433.344076511868,12.78048754946117,3.1402493024217244,1.4758202046630593,0.3580969258424281
SVR_CompositeKernel,"(1, 2, 12)","{'gamma_lag': 0.1, 'gamma_local': 0.5, 'gamma_macro': 0.05, 'gamma_spatial': 0.5, 'hidden_dim': 64, 'weight_decay': 0.0}",5,38426.13812756874,6293.670432379276,83089.01363100189,4775.665519353755,13.326660760892599,2.904560491957475,1.5283932420101958,0.27236288529431735
SVR_CompositeKernel,"(1, 12, 24)","{'gamma_lag': 1.0, 'gamma_local': 0.5, 'gamma_macro': 0.2, 'gamma_spatial': 0.5, 'hidden_dim': 128, 'weight_decay': 0.0}",5,39733.21418695083,3405.0710427499976,83091.73568557171,6431.933008137804,12.190109280067528,1.3172361982502012,1.4829982063711094,0.20927428786417943
SVR_CompositeKernel,"(1, 2, 3, 4, 5, 6, 12, 24)","{'gamma_lag': 1.0, 'gamma_local': 1.0, 'gamma_macro': 0.05, 'gamma_spatial': 1.0, 'hidden_dim': 128, 'weight_decay': 0.0001}",5,45028.38953151573,6909.9492644447755,83092.90326905239,5510.974830003122,14.870038246386505,2.4586433613729395,1.6873367317290495,0.3568208474348997
SVR_CompositeKernel,"(1, 2, 3, 12, 24)","{'gamma_lag': 0.5, 'gamma_local': 0.1, 'gamma_macro': 0.05, 'gamma_spatial': 0.5, 'hidden_dim': 64, 'weight_decay': 0.0001}",5,39553.73244003331,7399.445594943223,83096.5341771845,5782.791086396389,12.945442544390266,2.976666701319723,1.483350759060779,0.3564194910391623
SVR_CompositeKernel,"(1, 2, 3, 12, 24)","{'gamma_lag': 1.0, 'gamma_local': 1.0, 'gamma_macro': 0.05, 'gamma_spatial': 1.0, 'hidden_dim': 128, 'weight_decay': 0.0001}",5,43053.95356788549,4684.365855434311,83096.5935492869,5579.226358605566,13.737334895571616,1.8013153442251018,1.6089104958064453,0.265219020768739
SVR_CompositeKernel,"(1, 12)","{'gamma_lag': 1.0, 'gamma_local': 1.0, 'gamma_macro': 0.05, 'gamma_spatial': 0.1, 'hidden_dim': 128, 'weight_decay': 0.0}",5,39873.27108090632,3979.1915284727415,83106.04590647825,6902.387471470479,12.311607717130626,1.1759606704804986,1.5880451561128626,0.2110287765456731
SVR_CompositeKernel,"(1, 2, 3, 4, 5, 6, 12, 24)","{'gamma_lag': 0.5, 'gamma_local': 0.1, 'gamma_macro': 0.05, 'gamma_spatial': 0.5, 'hidden_dim': 64, 'weight_decay': 0.0}",5,40857.35853484623,7261.976711866785,83136.46308076812,6127.353996953846,13.623527029179717,2.753638558471687,1.5301764903473236,0.34792780272509016
SVR_CompositeKernel,"(1, 2, 12, 24)","{'gamma_lag': 1.0, 'gamma_local': 0.1, 'gamma_macro': 0.05, 'gamma_spatial': 0.5, 'hidden_dim': 64, 'weight_decay': 0.0001}",5,39590.26918668509,7295.378241340171,83138.82718637184,6564.96447473492,12.991092057840188,2.9769999039465724,1.4805304323504487,0.33604657042436764
SVR_CompositeKernel,"(1, 2, 3, 12)","{'gamma_lag': 1.0, 'gamma_local': 0.1, 'gamma_macro': 0.05, 'gamma_spatial': 1.0, 'hidden_dim': 64, 'weight_decay': 0.0}",5,40106.77675249787,6562.946946118882,83144.53388957033,5684.615244200341,13.242120179697835,2.556751002096947,1.5909333498896197,0.25749341984578866
SVR_CompositeKernel,"(1, 2, 12, 24)","{'gamma_lag': 0.1, 'gamma_local': 0.1, 'gamma_macro': 0.1, 'gamma_spatial': 1.0, 'hidden_dim': 64, 'weight_decay': 0.0001}",5,38195.32669137967,5091.044994008711,83146.01448370545,4069.765856054894,12.857509913743034,2.1944174412785533,1.4276850975953992,0.26165393139481957
SVR_CompositeKernel,"(1, 12)","{'gamma_lag': 0.1, 'gamma_local': 0.5, 'gamma_macro': 0.05, 'gamma_spatial': 0.1, 'hidden_dim': 64, 'weight_decay': 0.0}",5,37011.253198518985,5446.514367879227,83153.13497896532,4842.1873349477855,12.905274310378626,2.631615614699814,1.4692941362851473,0.2195981623452545
SVR_CompositeKernel,"(1, 2, 12, 24)","{'gamma_lag': 1.0, 'gamma_local': 0.5, 'gamma_macro': 0.1, 'gamma_spatial': 0.5, 'hidden_dim': 128, 'weight_decay': 0.0001}",5,41214.62402388039,5192.281927774268,83172.4804157576,7259.95498420725,13.085622330146117,1.9257200524252178,1.543810663561206,0.2936301961642778
SVR_CompositeKernel,"(1, 2, 12, 24)","{'gamma_lag': 0.1, 'gamma_local': 0.1, 'gamma_macro': 0.1, 'gamma_spatial': 0.1, 'hidden_dim': 64, 'weight_decay': 0.0}",5,37250.310495500285,4521.30064940066,83178.08976085426,6524.550409151683,12.713692024116362,1.8219525827181853,1.3932372250206728,0.24754640275836776
SVR_CompositeKernel,"(1, 2, 3, 4, 5, 6, 12)","{'gamma_lag': 0.5, 'gamma_local': 1.0, 'gamma_macro': 0.05, 'gamma_spatial': 0.5, 'hidden_dim': 128, 'weight_decay': 0.0001}",5,41471.97182495394,4136.4838221729815,83181.23742709523,4668.564325984986,13.092940801558246,1.297219295751632,1.6492867203961008,0.20137992338865515
SVR_CompositeKernel,"(1, 12, 24)","{'gamma_lag': 1.0, 'gamma_local': 0.1, 'gamma_macro': 0.1, 'gamma_spatial': 1.0, 'hidden_dim': 64, 'weight_decay': 0.0001}",5,40001.22618560445,6183.019405735424,83183.97820800694,7167.321282750792,13.082008412712975,2.3174258346718615,1.495654699853129,0.3012630523209513
SVR_CompositeKernel,"(1, 2, 3, 4, 5, 6, 12)","{'gamma_lag': 1.0, 'gamma_local': 0.1, 'gamma_macro': 0.2, 'gamma_spatial': 0.1, 'hidden_dim': 128, 'weight_decay': 0.0001}",5,42206.534867045775,10455.123812709093,83191.03352197344,9455.450078992577,14.353416335037974,4.14082881665496,1.6743083206108054,0.40756774049391953
SVR_CompositeKernel,"(1, 2, 3, 12, 24)","{'gamma_lag': 1.0, 'gamma_local': 0.1, 'gamma_macro': 0.1, 'gamma_spatial': 0.5, 'hidden_dim': 128, 'weight_decay': 0.0}",5,41880.124245323124,9175.649404048554,83194.33054039841,12243.252847909494,13.790486823943533,3.240280348097249,1.5653061985743597,0.3960138750081166
SVR_CompositeKernel,"(1, 2, 12, 24)","{'gamma_lag': 1.0, 'gamma_local': 0.1, 'gamma_macro': 0.05, 'gamma_spatial': 1.0, 'hidden_dim': 64, 'weight_decay': 0.0001}",5,40291.815771595095,6374.062623457295,83198.31095860213,8102.987383558558,13.154885210182163,2.3102386923630687,1.5101664057573383,0.32467112431536166
SVR_CompositeKernel,"(1, 12)","{'gamma_lag': 1.0, 'gamma_local': 0.5, 'gamma_macro': 0.2, 'gamma_spatial': 0.5, 'hidden_dim': 128, 'weight_decay': 0.0001}",5,38002.15965357497,2267.1925530993203,83204.82226447503,7525.9363815468605,11.726421277552081,0.9645700598595203,1.511164004853382,0.13721646597429224
SVR_CompositeKernel,"(1, 2, 12)","{'gamma_lag': 1.0, 'gamma_local': 0.5, 'gamma_macro': 0.05, 'gamma_spatial': 0.1, 'hidden_dim': 128, 'weight_decay': 0.0001}",5,39715.21313421202,4413.569764299382,83217.21126260042,5297.35060443502,12.440206546042695,1.5380063067116214,1.5785023745172873,0.19865652214112228
SVR_CompositeKernel,"(1, 2, 3, 4, 5, 6, 12)","{'gamma_lag': 0.1, 'gamma_local': 0.5, 'gamma_macro': 0.1, 'gamma_spatial': 1.0, 'hidden_dim': 64, 'weight_decay': 0.0}",5,38306.63543526786,5436.3777980854575,83221.9225158431,9518.048820567437,12.137580899535829,2.098278381019245,1.5246510389335624,0.24345290830157365
SVR_CompositeKernel,"(1, 2, 3, 12)","{'gamma_lag': 0.5, 'gamma_local': 1.0, 'gamma_macro': 0.05, 'gamma_spatial': 0.1, 'hidden_dim': 128, 'weight_decay': 0.0001}",5,38698.80976341057,3768.220619371778,83225.11949827071,7159.656893487836,11.645772813422138,1.5484335517543468,1.538290398290903,0.17835694583810957
SVR_CompositeKernel,"(1, 12)","{'gamma_lag': 0.5, 'gamma_local': 1.0, 'gamma_macro': 0.05, 'gamma_spatial': 0.1, 'hidden_dim': 128, 'weight_decay': 0.0001}",5,38394.740913761336,5604.94263407619,83236.33196471636,7378.886569776117,12.121008276325053,2.384329512511872,1.5266162588863064,0.24190470912963483
SVR_CompositeKernel,"(1, 2, 3, 4, 5, 6, 12, 24)","{'gamma_lag': 0.5, 'gamma_local': 0.1, 'gamma_macro': 0.05, 'gamma_spatial': 1.0, 'hidden_dim': 64, 'weight_decay': 0.0001}",5,40856.34844458617,7125.670284660264,83237.41380484156,7812.231189065297,13.60040644550809,2.5172026987736302,1.5294090524569142,0.33966054890116365
SVR_CompositeKernel,"(1, 2, 3, 4, 5, 6, 12, 24)","{'gamma_lag': 0.5, 'gamma_local': 1.0, 'gamma_macro': 0.05, 'gamma_spatial': 1.0, 'hidden_dim': 128, 'weight_decay': 0.0001}",5,42576.49714560304,4105.632941128832,83248.25190243663,7522.194300835143,13.610006694343616,1.1672134601170518,1.5920742550693947,0.25580005978662645
SVR_CompositeKernel,"(1, 2, 12)","{'gamma_lag': 0.5, 'gamma_local': 1.0, 'gamma_macro': 0.2, 'gamma_spatial': 0.5, 'hidden_dim': 128, 'weight_decay': 0.0}",5,38365.82654611323,2964.272833207675,83249.4777637597,5385.442673347094,11.81780571211192,0.9856905472913653,1.5256110505773226,0.15630624543062852
SVR_CompositeKernel,"(1, 2, 3, 12, 24)","{'gamma_lag': 0.5, 'gamma_local': 1.0, 'gamma_macro': 0.05, 'gamma_spatial': 1.0, 'hidden_dim': 128, 'weight_decay': 0.0001}",5,40483.47849215207,4089.8741083479426,83258.71334296344,6332.685565594692,12.577866027219915,1.447682382573269,1.511403454542806,0.2324455581159396
SVR_CompositeKernel,"(1, 2, 12)","{'gamma_lag': 0.5, 'gamma_local': 0.5, 'gamma_macro': 0.2, 'gamma_spatial': 0.1, 'hidden_dim': 128, 'weight_decay': 0.0}",5,35946.601702451815,3559.4947564946583,83260.02336536473,5544.584952033723,10.84850032770031,1.164267052488117,1.4291237846582878,0.1688188257616644
SVR_CompositeKernel,"(1, 2, 12, 24)","{'gamma_lag': 0.1, 'gamma_local': 0.1, 'gamma_macro': 0.1, 'gamma_spatial': 0.5, 'hidden_dim': 64, 'weight_decay': 0.0}",5,38144.807265536416,7018.727098802517,83260.82551804383,7044.058822907784,13.227787636512943,3.2311802557897633,1.4304307431713872,0.33763426714378514
SVR_CompositeKernel,"(1, 12)","{'gamma_lag': 1.0, 'gamma_local': 0.5, 'gamma_macro': 0.2, 'gamma_spatial': 1.0, 'hidden_dim': 128, 'weight_decay': 0.0}",5,39303.76700015944,4115.903121282902,83270.18842140438,5678.839372108957,12.07500070204912,1.3428702713529697,1.5622665834971499,0.1863328225690737
SVR_CompositeKernel,"(1, 2, 3, 12, 24)","{'gamma_lag': 0.5, 'gamma_local': 0.5, 'gamma_macro': 0.2, 'gamma_spatial': 0.5, 'hidden_dim': 128, 'weight_decay': 0.0001}",5,40069.39818682681,3351.023986039644,83271.0863121276,4448.578465554572,12.583633391157722,1.265769404341722,1.495336572721892,0.20905442836888793
SVR_CompositeKernel,"(1, 2, 12)","{'gamma_lag': 1.0, 'gamma_local': 0.1, 'gamma_macro': 0.05, 'gamma_spatial': 0.5, 'hidden_dim': 64, 'weight_decay': 0.0001}",5,39687.8850065547,6843.324235173546,83272.63283304618,7286.0822122340005,13.142892890683152,3.011377050457648,1.5753063545049883,0.2716901655759659
SVR_CompositeKernel,"(1, 12)","{'gamma_lag': 0.5, 'gamma_local': 0.1, 'gamma_macro': 0.2, 'gamma_spatial': 0.5, 'hidden_dim': 64, 'weight_decay': 0.0}",5,36677.07120801445,6849.149975916877,83272.76000690149,6997.553981983921,11.758821795548446,2.940527490435515,1.4578114256854728,0.280820749253402
SVR_CompositeKernel,"(1, 12, 24)","{'gamma_lag': 0.1, 'gamma_local': 0.1, 'gamma_macro': 0.05, 'gamma_spatial': 0.5, 'hidden_dim': 64, 'weight_decay': 0.0001}",5,39649.34585016299,7582.5397724518525,83293.42553345459,6125.262476245196,13.993814956597665,4.014645832291239,1.4844761151812833,0.35247935480075104
SVR_CompositeKernel,"(1, 2, 3, 12)","{'gamma_lag': 1.0, 'gamma_local': 0.1, 'gamma_macro': 0.05, 'gamma_spatial': 1.0, 'hidden_dim': 64, 'weight_decay': 0.0001}",5,41067.992977164824,8064.354475255753,83297.67526674236,7567.883884704985,13.459938061362323,3.008427874586753,1.6313701881865668,0.3238525230068164
SVR_CompositeKernel,"(1, 2, 3, 4, 5, 6, 12)","{'gamma_lag': 1.0, 'gamma_local': 0.1, 'gamma_macro': 0.1, 'gamma_spatial': 0.5, 'hidden_dim': 128, 'weight_decay': 0.0}",5,41019.51289239654,11032.73528730472,83303.3596982959,12647.472842252715,13.581439766761775,4.022966229156198,1.6275931439298899,0.4311048516459821
SVR_CompositeKernel,"(1, 12)","{'gamma_lag': 1.0, 'gamma_local': 1.0, 'gamma_macro': 0.1, 'gamma_spatial': 0.5, 'hidden_dim': 128, 'weight_decay': 0.0}",5,38333.236007475905,2490.0711107931243,83304.3678161434,5950.592762232678,11.535822687502554,0.6431217339406742,1.5236489060462115,0.13827923029114111
SVR_CompositeKernel,"(1, 2, 3, 12, 24)","{'gamma_lag': 0.5, 'gamma_local': 0.1, 'gamma_macro': 0.2, 'gamma_spatial': 1.0, 'hidden_dim': 64, 'weight_decay': 0.0001}",5,39665.61850907029,6618.047505071295,83310.84735165759,6179.012423705292,12.825663682155687,2.770283285212092,1.4851000159003114,0.32116163692979893
SVR_CompositeKernel,"(1, 2, 3, 12, 24)","{'gamma_lag': 1.0, 'gamma_local': 0.1, 'gamma_macro': 0.05, 'gamma_spatial': 1.0, 'hidden_dim': 64, 'weight_decay': 0.0001}",5,41193.46452752976,9639.155011921304,83322.13184247556,7377.485591581871,13.696658097923352,3.6919784491521273,1.544049166806793,0.42962655713951947
SVR_CompositeKernel,"(1, 2, 12)","{'gamma_lag': 0.1, 'gamma_local': 0.1, 'gamma_macro': 0.05, 'gamma_spatial': 0.5, 'hidden_dim': 64, 'weight_decay': 0.0001}",5,37210.13386302437,5268.994880441282,83328.95451751641,6995.130587107115,12.8833409518766,2.2792514787607154,1.4764628690307782,0.20796059651264748
SVR_CompositeKernel,"(1, 2, 3, 4, 5, 6, 12, 24)","{'gamma_lag': 1.0, 'gamma_local': 0.1, 'gamma_macro': 0.1, 'gamma_spatial': 0.1, 'hidden_dim': 128, 'weight_decay': 0.0}",5,42977.51970707554,12902.113192926248,83333.93238710228,10358.75412437719,14.534075408059204,4.764802296745364,1.6175175511399325,0.5616050773426147
SVR_CompositeKernel,"(1, 2, 12)","{'gamma_lag': 1.0, 'gamma_local': 0.5, 'gamma_macro': 0.05, 'gamma_spatial': 0.5, 'hidden_dim': 128, 'weight_decay': 0.0001}",5,39651.74650474773,5940.78217902848,83337.88641737837,8952.993553891827,12.182892840081186,2.034557899276358,1.5771560876691333,0.25667041364010545
SVR_CompositeKernel,"(1, 12)","{'gamma_lag': 0.1, 'gamma_local': 0.5, 'gamma_macro': 0.1, 'gamma_spatial': 0.5, 'hidden_dim': 64, 'weight_decay': 0.0}",5,37971.18755447492,4342.202338952884,83340.12124257826,7057.985578024263,13.054913168177777,2.18171655208937,1.5066139612579437,0.17107853286875147
SVR_CompositeKernel,"(1, 2, 3, 12, 24)","{'gamma_lag': 0.5, 'gamma_local': 0.5, 'gamma_macro': 0.1, 'gamma_spatial': 0.1, 'hidden_dim': 128, 'weight_decay': 0.0}",5,39887.906030771686,4408.710126914074,83353.23709696325,5642.079938391773,12.30403518247908,1.4670842151734844,1.4925508703133952,0.25758253948509247
SVR_CompositeKernel,"(1, 12, 24)","{'gamma_lag': 0.5, 'gamma_local': 1.0, 'gamma_macro': 0.05, 'gamma_spatial': 0.1, 'hidden_dim': 128, 'weight_decay': 0.0}",5,39883.62969104308,2592.6051702337268,83355.46393472489,6206.279745298102,11.961158637707841,1.0313195165789646,1.4886834983118058,0.19445814651264598
SVR_CompositeKernel,"(1, 2, 3, 12)","{'gamma_lag': 0.5, 'gamma_local': 0.1, 'gamma_macro': 0.05, 'gamma_spatial': 0.1, 'hidden_dim': 64, 'weight_decay': 0.0001}",5,38078.883889154626,5071.236627981357,83359.21718532193,6440.1106871071015,12.52785569858722,1.9280282170007772,1.5145818771226864,0.22780077513363206
SVR_CompositeKernel,"(1, 2, 3, 12, 24)","{'gamma_lag': 0.1, 'gamma_local': 0.1, 'gamma_macro': 0.1, 'gamma_spatial': 1.0, 'hidden_dim': 64, 'weight_decay': 0.0}",5,39053.91458820507,6071.37576871406,83372.07532369092,5195.112491828529,13.407848458383345,2.8280854943157565,1.4597761782142966,0.2925188320579235
SVR_CompositeKernel,"(1, 2, 3, 12)","{'gamma_lag': 1.0, 'gamma_local': 1.0, 'gamma_macro': 0.05, 'gamma_spatial': 1.0, 'hidden_dim': 128, 'weight_decay': 0.0}",5,41516.62835485756,4244.024744416273,83387.47247259803,6760.783172516031,13.001712307780966,1.3701203579799521,1.6503907323319993,0.199638454213142
SVR_CompositeKernel,"(1, 2, 3, 4, 5, 6, 12, 24)","{'gamma_lag': 1.0, 'gamma_local': 0.1, 'gamma_macro': 0.2, 'gamma_spatial': 1.0, 'hidden_dim': 128, 'weight_decay': 0.0}",5,42302.89958988804,10917.533922728026,83390.91703275798,13075.717573816954,14.11356077667063,3.9568647108716672,1.5846719975673746,0.4727649037720131
SVR_CompositeKernel,"(1, 2, 3, 12)","{'gamma_lag': 1.0, 'gamma_local': 0.1, 'gamma_macro': 0.1, 'gamma_spatial': 0.5, 'hidden_dim': 128, 'weight_decay': 0.0}",5,40918.30030426233,9571.819939166448,83395.46354466912,13277.198257327915,13.328825304015831,3.3642274611739604,1.6263828054444889,0.38566079902096045
SVR_CompositeKernel,"(1, 2, 3, 4, 5, 6, 12, 24)","{'gamma_lag': 0.5, 'gamma_local': 1.0, 'gamma_macro': 0.05, 'gamma_spatial': 1.0, 'hidden_dim': 128, 'weight_decay': 0.0}",5,42438.308006040956,6339.946787623294,83426.32326493035,8875.834062114156,13.38199135478213,2.1441435033664584,1.5916308044743932,0.3361348337958782
SVR_CompositeKernel,"(1, 2, 3, 4, 5, 6, 12)","{'gamma_lag': 0.5, 'gamma_local': 0.1, 'gamma_macro': 0.2, 'gamma_spatial': 1.0, 'hidden_dim': 128, 'weight_decay': 0.0}",5,40015.321724418936,9138.951187344155,83429.5183571188,11200.191916482856,12.77865058106072,3.2797498965088594,1.5887814702292886,0.361022453251639
SVR_CompositeKernel,"(1, 12)","{'gamma_lag': 0.1, 'gamma_local': 1.0, 'gamma_macro': 0.05, 'gamma_spatial': 0.5, 'hidden_dim': 64, 'weight_decay': 0.0}",5,37831.241121031744,2421.419472777949,83430.13901122814,5333.784326820756,13.049948893885603,1.1191714974277631,1.5022748470234908,0.11763965471923826
SVR_CompositeKernel,"(1, 12)","{'gamma_lag': 1.0, 'gamma_local': 1.0, 'gamma_macro': 0.05, 'gamma_spatial': 0.5, 'hidden_dim': 128, 'weight_decay': 0.0001}",5,38666.89441964286,6336.291024491967,83442.464449548,9705.725875669852,11.683459203423071,2.1818617144291306,1.5371007549464113,0.2658304023676512
SVR_CompositeKernel,"(1, 12, 24)","{'gamma_lag': 0.1, 'gamma_local': 0.1, 'gamma_macro': 0.2, 'gamma_spatial': 0.1, 'hidden_dim': 64, 'weight_decay': 0.0001}",5,36796.39337620465,6356.510110374012,83458.94032556136,4429.443008676498,12.72989708361323,2.980029923867682,1.376480213528024,0.3015016055338372
SVR_CompositeKernel,"(1, 2, 3, 4, 5, 6, 12)","{'gamma_lag': 1.0, 'gamma_local': 0.1, 'gamma_macro': 0.05, 'gamma_spatial': 1.0, 'hidden_dim': 128, 'weight_decay': 0.0}",5,43756.39883831136,15655.594037640398,83458.96567897961,17377.683497662485,14.744087270583048,6.038123851229727,1.7361741417763845,0.6100514031057735
SVR_CompositeKernel,"(1, 2, 12, 24)","{'gamma_lag': 1.0, 'gamma_local': 0.5, 'gamma_macro': 0.2, 'gamma_spatial': 1.0, 'hidden_dim': 128, 'weight_decay': 0.0}",5,41004.6819944905,5270.716725955479,83464.06819763912,6258.249326118229,13.049509110838391,2.005216621412611,1.5328247995807822,0.2771332221164474
SVR_CompositeKernel,"(1, 12)","{'gamma_lag': 1.0, 'gamma_local': 0.5, 'gamma_macro': 0.2, 'gamma_spatial': 0.1, 'hidden_dim': 128, 'weight_decay': 0.0001}",5,37996.044695560515,3951.431039576803,83465.21658184586,7481.717960564983,11.768504770846913,1.2377546691413306,1.5121321525267615,0.19509311714562694
SVR_CompositeKernel,"(1, 12)","{'gamma_lag': 1.0, 'gamma_local': 0.5, 'gamma_macro': 0.1, 'gamma_spatial': 0.5, 'hidden_dim': 128, 'weight_decay': 0.0001}",5,38319.329090047475,3114.8605685323187,83470.43832293978,5659.27077675711,11.704975447731696,1.1865451531472477,1.522571541833801,0.1476527929883776
SVR_CompositeKernel,"(1, 2, 12)","{'gamma_lag': 0.5, 'gamma_local': 1.0, 'gamma_macro': 0.2, 'gamma_spatial': 1.0, 'hidden_dim': 128, 'weight_decay': 0.0001}",5,39647.30350499575,2255.5550994472696,83490.22631469327,6133.489591959494,12.257918241807747,0.6246046580175441,1.5762198422542526,0.1370478526496864
SVR_CompositeKernel,"(1, 2, 3, 12, 24)","{'gamma_lag': 0.1, 'gamma_local': 0.1, 'gamma_macro': 0.05, 'gamma_spatial': 0.1, 'hidden_dim': 64, 'weight_decay': 0.0001}",5,40582.33444010417,7344.050674744438,83510.68634842418,7770.854709239695,14.473107326345064,2.845168451271083,1.5251469698505318,0.373101645926023
SVR_CompositeKernel,"(1, 12)","{'gamma_lag': 0.5, 'gamma_local': 0.1, 'gamma_macro': 0.05, 'gamma_spatial': 0.5, 'hidden_dim': 64, 'weight_decay': 0.0001}",5,37711.9183474171,6921.31267727926,83521.41867784811,7830.286020850652,12.4843690457908,3.1031999246351325,1.4985726731183624,0.2822370326843576
SVR_CompositeKernel,"(1, 2, 3, 4, 5, 6, 12, 24)","{'gamma_lag': 0.1, 'gamma_local': 0.5, 'gamma_macro': 0.05, 'gamma_spatial': 1.0, 'hidden_dim': 64, 'weight_decay': 0.0}",5,39046.20109569869,5169.577801087166,83529.99298186092,8654.969596180394,12.569389128995422,1.894593653515806,1.460513714916224,0.2698455688039218
SVR_CompositeKernel,"(1, 12)","{'gamma_lag': 0.1, 'gamma_local': 0.5, 'gamma_macro': 0.05, 'gamma_spatial': 0.5, 'hidden_dim': 64, 'weight_decay': 0.0}",5,39293.32580339427,8106.032456938516,83539.09443508291,7182.045745886617,13.71586717338297,4.124506756368027,1.5605745774480408,0.3269668096789524
SVR_CompositeKernel,"(1, 2, 3, 4, 5, 6, 12)","{'gamma_lag': 1.0, 'gamma_local': 0.5, 'gamma_macro': 0.05, 'gamma_spatial': 1.0, 'hidden_dim': 128, 'weight_decay': 0.0001}",5,43154.29388685162,7089.333287559135,83546.14170505517,9201.150449431248,13.991203798530986,2.51767870297812,1.7141232387549965,0.2906397512016867
SVR_CompositeKernel,"(1, 12, 24)","{'gamma_lag': 1.0, 'gamma_local': 0.5, 'gamma_macro': 0.05, 'gamma_spatial': 0.1, 'hidden_dim': 128, 'weight_decay': 0.0001}",5,40778.28598267432,5298.796068846568,83548.8880916392,7396.494960548352,12.63571375887599,1.757832719882453,1.5274343873529943,0.29347611623938824
SVR_CompositeKernel,"(1, 12, 24)","{'gamma_lag': 0.5, 'gamma_local': 0.5, 'gamma_macro': 0.05, 'gamma_spatial': 1.0, 'hidden_dim': 64, 'weight_decay': 0.0}",5,37360.55188004889,3703.369193335687,83555.21550320646,7055.440513742416,11.30484926199242,1.177243805775306,1.3971401166918282,0.22681893165789785
SVR_CompositeKernel,"(1, 2, 12, 24)","{'gamma_lag': 0.1, 'gamma_local': 1.0, 'gamma_macro': 0.05, 'gamma_spatial': 1.0, 'hidden_dim': 64, 'weight_decay': 0.0}",5,38613.135313917235,2720.246255871033,83563.51188624713,5961.82180217161,12.68829387431671,1.3169132029941746,1.441030386789385,0.19117210194219253
SVR_CompositeKernel,"(1, 2, 3, 4, 5, 6, 12)","{'gamma_lag': 0.5, 'gamma_local': 0.1, 'gamma_macro': 0.1, 'gamma_spatial': 0.5, 'hidden_dim': 128, 'weight_decay': 0.0001}",5,40529.27077487245,8398.298406249192,83570.75933491826,11044.130053657478,13.222515777295948,2.877322659381915,1.6081722137117453,0.3285833016724592
SVR_CompositeKernel,"(1, 2, 3, 12, 24)","{'gamma_lag': 0.5, 'gamma_local': 1.0, 'gamma_macro': 0.2, 'gamma_spatial': 1.0, 'hidden_dim': 128, 'weight_decay': 0.0}",5,41098.261526980576,3466.5848206720443,83583.6250149457,5972.436067736651,12.967525337150317,1.0411177061716899,1.5340179493931765,0.21619417130568283
SVR_CompositeKernel,"(1, 2, 12, 24)","{'gamma_lag': 0.5, 'gamma_local': 1.0, 'gamma_macro': 0.2, 'gamma_spatial': 1.0, 'hidden_dim': 128, 'weight_decay': 0.0001}",5,39858.30902556335,2289.778536181325,83589.43699644368,5238.704984273566,12.19355137184986,0.7095630716787835,1.4871995250962136,0.1860495866352342
SVR_CompositeKernel,"(1, 2, 3, 12, 24)","{'gamma_lag': 0.1, 'gamma_local': 0.5, 'gamma_macro': 0.05, 'gamma_spatial': 0.5, 'hidden_dim': 64, 'weight_decay': 0.0}",5,39615.7831083475,7171.367869436117,83589.79805190211,9020.208310549273,13.192193873217288,2.870711738516333,1.490310570975601,0.3708635934949236
SVR_CompositeKernel,"(1, 2, 3, 12)","{'gamma_lag': 0.5, 'gamma_local': 0.5, 'gamma_macro': 0.2, 'gamma_spatial': 0.5, 'hidden_dim': 128, 'weight_decay': 0.0}",5,38392.67623122166,3152.143765262088,83590.7466538604,7279.67051160475,11.703828816931436,1.1927749813826902,1.5272625949124958,0.16754927205566814
SVR_CompositeKernel,"(1, 2, 3, 4, 5, 6, 12)","{'gamma_lag': 0.1, 'gamma_local': 0.1, 'gamma_macro': 0.05, 'gamma_spatial': 0.1, 'hidden_dim': 64, 'weight_decay': 0.0}",5,38765.14217067035,6775.494898858892,83593.61031445293,6524.014706434934,13.366784038179764,2.8481920294469174,1.5434194400112993,0.3020391514986394
SVR_CompositeKernel,"(1, 2, 3, 12, 24)","{'gamma_lag': 1.0, 'gamma_local': 0.5, 'gamma_macro': 0.1, 'gamma_spatial': 0.5, 'hidden_dim': 128, 'weight_decay': 0.0}",5,42061.16502267574,5988.230556104571,83597.21213072306,7049.629737233874,13.605899679971253,2.222727960930589,1.5729694497452906,0.30332168171541085
SVR_CompositeKernel,"(1, 12)","{'gamma_lag': 1.0, 'gamma_local': 1.0, 'gamma_macro': 0.2, 'gamma_spatial': 1.0, 'hidden_dim': 128, 'weight_decay': 0.0}",5,39890.005036050876,3838.831811564544,83599.10155456094,6140.4344237775185,12.244251694373391,1.1937567826530755,1.587172106745158,0.1936181730582047
SVR_CompositeKernel,"(1, 2, 3, 12)","{'gamma_lag': 0.1, 'gamma_local': 0.5, 'gamma_macro': 0.05, 'gamma_spatial': 0.5, 'hidden_dim': 64, 'weight_decay': 0.0001}",5,37840.17927650227,5668.303965576527,83613.72721507473,3704.3209264753873,12.631294835260984,2.9460797628057223,1.5024493394793865,0.2334088505178237
SVR_CompositeKernel,"(1, 2, 12)","{'gamma_lag': 0.1, 'gamma_local': 0.5, 'gamma_macro': 0.05, 'gamma_spatial': 1.0, 'hidden_dim': 64, 'weight_decay': 0.0001}",5,37505.208004269414,6129.474530376181,83620.63800941086,5189.720621106114,12.607235234850355,3.1000242904439466,1.489437021758866,0.24875421263443676
SVR_CompositeKernel,"(1, 2, 3, 12, 24)","{'gamma_lag': 0.1, 'gamma_local': 0.5, 'gamma_macro': 0.2, 'gamma_spatial': 0.5, 'hidden_dim': 64, 'weight_decay': 0.0}",5,37740.3021484375,4263.6320994624875,83626.19117760505,6815.622338485839,12.332565471859521,1.8426202040697852,1.4121485914818739,0.2450440159557048
SVR_CompositeKernel,"(1, 2, 12)","{'gamma_lag': 0.1, 'gamma_local': 0.1, 'gamma_macro': 0.2, 'gamma_spatial': 1.0, 'hidden_dim': 64, 'weight_decay': 0.0001}",5,36981.73373635913,6757.731900227056,83627.30854356653,5793.027734890067,12.29628125828716,3.0524823464376243,1.4684935613496253,0.2702997442536103
SVR_CompositeKernel,"(1, 2, 12, 24)","{'gamma_lag': 0.5, 'gamma_local': 0.1, 'gamma_macro': 0.2, 'gamma_spatial': 1.0, 'hidden_dim': 64, 'weight_decay': 0.0001}",5,38686.88864795918,5358.83944028186,83632.5887738652,6037.762478777312,12.34433560636704,2.1929331829907577,1.4436237549776216,0.25853192200943065
SVR_CompositeKernel,"(1, 2, 3, 12, 24)","{'gamma_lag': 0.1, 'gamma_local': 0.5, 'gamma_macro': 0.05, 'gamma_spatial': 1.0, 'hidden_dim': 64, 'weight_decay': 0.0}",5,38221.65443594105,5777.874999216222,83633.27335459951,6184.0831688435055,12.3755744472597,2.3456257316559004,1.4335874585361916,0.3055946060972483
SVR_CompositeKernel,"(1, 2, 12)","{'gamma_lag': 1.0, 'gamma_local': 0.5, 'gamma_macro': 0.2, 'gamma_spatial': 1.0, 'hidden_dim': 128, 'weight_decay': 0.0001}",5,40699.221626098355,3559.980183713412,83642.5638745358,7187.7122057314145,12.752670300579409,1.2468326427307868,1.6184435695186778,0.17677521357333165
SVR_CompositeKernel,"(1, 12, 24)","{'gamma_lag': 0.5, 'gamma_local': 0.1, 'gamma_macro': 0.1, 'gamma_spatial': 1.0, 'hidden_dim': 64, 'weight_decay': 0.0}",5,38131.553128100204,6425.9379578566795,83652.34755304773,5819.257868971879,12.201523504721271,2.5416281780417087,1.4279335565101607,0.3129379025584066
SVR_CompositeKernel,"(1, 2, 3, 4, 5, 6, 12)","{'gamma_lag': 0.5, 'gamma_local': 1.0, 'gamma_macro': 0.05, 'gamma_spatial': 0.5, 'hidden_dim': 128, 'weight_decay': 0.0}",5,40800.353459378544,4297.043849415016,83663.04049910368,4980.028798941619,12.8430795490832,1.4194102909328177,1.622952938222093,0.20831954076793158
SVR_CompositeKernel,"(1, 2, 3, 4, 5, 6, 12, 24)","{'gamma_lag': 0.1, 'gamma_local': 0.1, 'gamma_macro': 0.2, 'gamma_spatial': 0.5, 'hidden_dim': 64, 'weight_decay': 0.0001}",5,36612.37666702097,7160.386614244805,83665.17842830617,5982.163913727922,11.689877931755593,2.8661471556638927,1.3736203144613999,0.3406103357321208
SVR_CompositeKernel,"(1, 2, 12)","{'gamma_lag': 1.0, 'gamma_local': 0.5, 'gamma_macro': 0.2, 'gamma_spatial': 0.5, 'hidden_dim': 128, 'weight_decay': 0.0001}",5,40574.450139066044,3703.198016161713,83672.26133224604,8492.909051796325,12.681676360317047,1.1918712773551368,1.6143657646522638,0.18911719073046732
SVR_CompositeKernel,"(1, 2, 3, 4, 5, 6, 12, 24)","{'gamma_lag': 0.1, 'gamma_local': 0.1, 'gamma_macro': 0.2, 'gamma_spatial': 1.0, 'hidden_dim': 64, 'weight_decay': 0.0001}",5,36966.0911223604,6523.161179907359,83686.38171080667,6710.643427694315,11.725327204179308,2.523340135138605,1.3811823728849908,0.2983830435976741
SVR_CompositeKernel,"(1, 2, 3, 12)","{'gamma_lag': 0.1, 'gamma_local': 0.1, 'gamma_macro': 0.05, 'gamma_spatial': 0.1, 'hidden_dim': 64, 'weight_decay': 0.0001}",5,38470.49104574121,6013.564345880743,83691.55495337531,7833.690745431829,13.363407510993733,2.3470797592494037,1.5300206058249395,0.2605551360660422
SVR_CompositeKernel,"(1, 2, 12)","{'gamma_lag': 0.5, 'gamma_local': 0.1, 'gamma_macro': 0.05, 'gamma_spatial': 0.1, 'hidden_dim': 64, 'weight_decay': 0.0}",5,38201.75138534581,6042.663283485572,83696.19849950346,7357.205367222386,12.548068315656414,2.3746955894368127,1.5197192624136056,0.2608094093159026
SVR_CompositeKernel,"(1, 2, 12, 24)","{'gamma_lag': 0.5, 'gamma_local': 0.1, 'gamma_macro': 0.1, 'gamma_spatial': 0.5, 'hidden_dim': 64, 'weight_decay': 0.0}",5,38172.941426622725,5089.782205589425,83699.74818315014,8182.669395366396,12.14687383603361,2.035171295782596,1.4288587704366649,0.270418938181662
SVR_CompositeKernel,"(1, 2, 12, 24)","{'gamma_lag': 0.1, 'gamma_local': 1.0, 'gamma_macro': 0.05, 'gamma_spatial': 0.5, 'hidden_dim': 64, 'weight_decay': 0.0001}",5,40996.911288265306,4280.3303778054205,83700.57733395867,6552.803629955541,14.216025789903068,2.308755193442871,1.5265988694747654,0.2038077476900219
SVR_CompositeKernel,"(1, 2, 3, 4, 5, 6, 12, 24)","{'gamma_lag': 1.0, 'gamma_local': 0.1, 'gamma_macro': 0.2, 'gamma_spatial': 0.1, 'hidden_dim': 128, 'weight_decay': 0.0001}",5,43015.920496740364,12112.747906825927,83701.69125484457,14263.568838981373,14.648098785320295,4.353684039607402,1.6111216808052309,0.5133785360327898
SVR_CompositeKernel,"(1, 2, 3, 4, 5, 6, 12, 24)","{'gamma_lag': 0.5, 'gamma_local': 0.5, 'gamma_macro': 0.2, 'gamma_spatial': 1.0, 'hidden_dim': 128, 'weight_decay': 0.0001}",5,42424.452304776074,5615.877092361277,83706.28626368925,5438.464330085328,13.777097536754258,1.997418851825534,1.5880352780261588,0.30217504151534424
SVR_CompositeKernel,"(1, 2, 12, 24)","{'gamma_lag': 1.0, 'gamma_local': 0.1, 'gamma_macro': 0.1, 'gamma_spatial': 1.0, 'hidden_dim': 64, 'weight_decay': 0.0}",5,40308.29673947704,5989.859461436108,83707.93029298824,5958.820107015913,13.402401416825665,2.3508924820349475,1.5048798967646153,0.2866497998579374
SVR_CompositeKernel,"(1, 2, 3, 12)","{'gamma_lag': 0.1, 'gamma_local': 0.5, 'gamma_macro': 0.1, 'gamma_spatial': 0.5, 'hidden_dim': 64, 'weight_decay': 0.0001}",5,36806.567407614086,3122.4333418538345,83712.9089189781,5191.947859066704,12.101963274119617,1.5265275564504404,1.461953758235491,0.14154937285778446
SVR_CompositeKernel,"(1, 12, 24)","{'gamma_lag': 0.5, 'gamma_local': 1.0, 'gamma_macro': 0.2, 'gamma_spatial': 1.0, 'hidden_dim': 128, 'weight_decay': 0.0001}",5,38749.02181432469,2410.4277244039945,83713.77779241854,6588.4500837219575,11.589801755433887,0.8364716489789005,1.445305491297331,0.17806686010787864
SVR_CompositeKernel,"(1, 2, 3, 4, 5, 6, 12, 24)","{'gamma_lag': 0.5, 'gamma_local': 0.5, 'gamma_macro': 0.2, 'gamma_spatial': 1.0, 'hidden_dim': 128, 'weight_decay': 0.0}",5,42090.11869331066,5216.780734638555,83718.32160701494,4539.495043754001,13.494690494303674,1.924890055681643,1.5759952764361458,0.2924859321535278
SVR_CompositeKernel,"(1, 2, 3, 4, 5, 6, 12, 24)","{'gamma_lag': 0.5, 'gamma_local': 0.1, 'gamma_macro': 0.1, 'gamma_spatial': 1.0, 'hidden_dim': 64, 'weight_decay': 0.0}",5,41113.64098683744,8692.979731072583,83719.32497640386,6931.7940561919395,13.606207103018814,3.267356124061426,1.5420384535401255,0.4013279342872728
SVR_CompositeKernel,"(1, 2, 3, 12, 24)","{'gamma_lag': 0.5, 'gamma_local': 1.0, 'gamma_macro': 0.1, 'gamma_spatial': 0.5, 'hidden_dim': 128, 'weight_decay': 0.0001}",5,40259.093847877695,3166.3265370722816,83734.51679388466,4775.709353298657,12.542738073215727,1.180705855524119,1.503880326051188,0.21547876406054628
SVR_CompositeKernel,"(1, 2, 12, 24)","{'gamma_lag': 0.5, 'gamma_local': 0.1, 'gamma_macro': 0.1, 'gamma_spatial': 0.1, 'hidden_dim': 64, 'weight_decay': 0.0001}",5,38317.10924124859,5883.055220700784,83735.93274621532,5613.33898879275,12.491109848449543,2.2758772408538044,1.4358677850406933,0.3023591646121807
SVR_CompositeKernel,"(1, 2, 3, 12)","{'gamma_lag': 0.1, 'gamma_local': 0.1, 'gamma_macro': 0.1, 'gamma_spatial': 0.1, 'hidden_dim': 64, 'weight_decay': 0.0001}",5,36087.91438137755,3477.803664262035,83740.9113985455,3489.4245135424108,12.25718178219327,1.4958514019536469,1.4329910402145707,0.14987315453929273
SVR_CompositeKernel,"(1, 2, 12, 24)","{'gamma_lag': 0.1, 'gamma_local': 0.1, 'gamma_macro': 0.2, 'gamma_spatial': 0.1, 'hidden_dim': 64, 'weight_decay': 0.0001}",5,36941.78048557965,3165.219608284793,83742.4086167876,6939.812631538305,12.513039548220334,1.3910752841188563,1.3779205516879112,0.18730246102074732
SVR_CompositeKernel,"(1, 2, 3, 12, 24)","{'gamma_lag': 1.0, 'gamma_local': 0.5, 'gamma_macro': 0.2, 'gamma_spatial': 1.0, 'hidden_dim': 128, 'weight_decay': 0.0001}",5,43418.01015890732,5446.9637639518105,83745.4920827326,7802.373657940741,13.99689120494842,1.9090542175733032,1.6239702635244224,0.29173019116706406
SVR_CompositeKernel,"(1, 2, 3, 12, 24)","{'gamma_lag': 1.0, 'gamma_local': 0.5, 'gamma_macro': 0.2, 'gamma_spatial': 1.0, 'hidden_dim': 128, 'weight_decay': 0.0}",5,42949.98296352396,4759.650438712038,83745.73483436901,6500.777146985447,14.002365981138336,1.8147589083432605,1.605569450412372,0.2673847942946155
SVR_CompositeKernel,"(1, 2, 12, 24)","{'gamma_lag': 0.1, 'gamma_local': 1.0, 'gamma_macro': 0.05, 'gamma_spatial': 0.5, 'hidden_dim': 64, 'weight_decay': 0.0}",5,39630.940402228596,2555.8076958279357,83748.2400373376,5698.845468296794,13.36998634865802,1.0687195666585187,1.4793638025448161,0.1958615241659169
SVR_CompositeKernel,"(1, 12)","{'gamma_lag': 1.0, 'gamma_local': 1.0, 'gamma_macro': 0.2, 'gamma_spatial': 0.5, 'hidden_dim': 128, 'weight_decay': 0.0001}",5,38242.321860827666,2227.536267710461,83749.2059466172,4483.36365936329,11.639741691769647,0.6292195168718483,1.5207109739856224,0.1371818614459699
SVR_CompositeKernel,"(1, 2, 3, 12, 24)","{'gamma_lag': 0.1, 'gamma_local': 1.0, 'gamma_macro': 0.05, 'gamma_spatial': 1.0, 'hidden_dim': 64, 'weight_decay': 0.0001}",5,38414.830710122595,2256.1533332733916,83759.55753421491,6395.360662101917,12.420468266417748,0.800804705750222,1.4336354806837526,0.18195560299778904
SVR_CompositeKernel,"(1, 2, 3, 4, 5, 6, 12, 24)","{'gamma_lag': 0.1, 'gamma_local': 0.1, 'gamma_macro': 0.05, 'gamma_spatial': 1.0, 'hidden_dim': 64, 'weight_decay': 0.0001}",5,39821.29987289187,8177.164621159563,83768.00836797137,9555.037701467894,13.284704127745021,3.1926528780417924,1.4971553800906614,0.396049650178557
SVR_CompositeKernel,"(1, 12)","{'gamma_lag': 1.0, 'gamma_local': 0.1, 'gamma_macro': 0.05, 'gamma_spatial': 1.0, 'hidden_dim': 64, 'weight_decay': 0.0}",5,40373.74353741497,5647.367881166704,83782.41694835291,5551.747413385758,13.277311051580416,2.3179181618515137,1.603803165159404,0.23448998742854765
SVR_CompositeKernel,"(1, 2, 3, 12)","{'gamma_lag': 1.0, 'gamma_local': 0.5, 'gamma_macro': 0.1, 'gamma_spatial': 0.5, 'hidden_dim': 128, 'weight_decay': 0.0}",5,41653.05764863237,6346.626049370109,83783.49602125413,5636.144345181779,13.138949752487955,2.4475017676911004,1.654816778183227,0.2635108537002436
SVR_CompositeKernel,"(1, 2, 3, 4, 5, 6, 12, 24)","{'gamma_lag': 0.1, 'gamma_local': 1.0, 'gamma_macro': 0.05, 'gamma_spatial': 1.0, 'hidden_dim': 64, 'weight_decay': 0.0001}",5,39018.05942504606,2051.802652698732,83783.50298435519,4589.021759387947,12.451884891926323,0.7736176070649603,1.453461345058678,0.15668209027634103
SVR_CompositeKernel,"(1, 2, 3, 12)","{'gamma_lag': 0.5, 'gamma_local': 0.5, 'gamma_macro': 0.2, 'gamma_spatial': 0.1, 'hidden_dim': 128, 'weight_decay': 0.0}",5,37965.36551737883,4139.038386579263,83789.34418591773,6912.614844332441,11.509475684541432,1.435255118164432,1.5103747278845507,0.20060853750548144
SVR_CompositeKernel,"(1, 12, 24)","{'gamma_lag': 0.1, 'gamma_local': 0.5, 'gamma_macro': 0.05, 'gamma_spatial': 0.1, 'hidden_dim': 64, 'weight_decay': 0.0}",5,36452.92549957483,1708.9477369178173,83792.93689605678,4558.842819874425,12.297723526701708,0.5867213035726144,1.358246535964597,0.14956015746745643
SVR_CompositeKernel,"(1, 12, 24)","{'gamma_lag': 0.1, 'gamma_local': 1.0, 'gamma_macro': 0.05, 'gamma_spatial': 0.5, 'hidden_dim': 64, 'weight_decay': 0.0001}",5,38496.51716934169,3530.5583941996792,83793.32850509885,5567.733795655796,12.921514961526444,1.8093586073611383,1.4372192961195984,0.21134215652104324
SVR_CompositeKernel,"(1, 2, 3, 12, 24)","{'gamma_lag': 1.0, 'gamma_local': 0.5, 'gamma_macro': 0.1, 'gamma_spatial': 1.0, 'hidden_dim': 128, 'weight_decay': 0.0001}",5,42664.54421015802,5666.489937026803,83816.54892735483,7388.35519561784,13.761927558183032,2.0931292522136067,1.5958157624448386,0.29890995408136606
SVR_CompositeKernel,"(1, 2, 3, 12)","{'gamma_lag': 0.5, 'gamma_local': 1.0, 'gamma_macro': 0.05, 'gamma_spatial': 0.1, 'hidden_dim': 128, 'weight_decay': 0.0}",5,38919.03241921769,3834.1607811346753,83822.1775262381,6294.394318114508,11.884051198755609,1.270986611876734,1.5474061993841268,0.18521804368038358
SVR_CompositeKernel,"(1, 12)","{'gamma_lag': 0.1, 'gamma_local': 0.1, 'gamma_macro': 0.2, 'gamma_spatial': 0.5, 'hidden_dim': 64, 'weight_decay': 0.0}",5,38419.70864689626,9041.482261898158,83828.66794699307,6342.99224911098,13.760006773620455,4.479986333446046,1.5244795758229432,0.35367471837615383
SVR_CompositeKernel,"(1, 12)","{'gamma_lag': 0.1, 'gamma_local': 0.5, 'gamma_macro': 0.1, 'gamma_spatial': 1.0, 'hidden_dim': 64, 'weight_decay': 0.0}",5,37398.699984056126,5076.217303885209,83841.95412060272,3755.9348525975242,12.491306059778678,2.3511673573800715,1.4845614462404546,0.2055666273138069
SVR_CompositeKernel,"(1, 2, 12, 24)","{'gamma_lag': 0.5, 'gamma_local': 1.0, 'gamma_macro': 0.05, 'gamma_spatial': 0.1, 'hidden_dim': 128, 'weight_decay': 0.0}",5,40231.16137949971,2555.8055896656965,83842.73217259739,5287.997077511397,12.406082593356823,1.002738837266241,1.5016082946802292,0.19440264549880334
SVR_CompositeKernel,"(1, 2, 3, 12)","{'gamma_lag': 1.0, 'gamma_local': 0.5, 'gamma_macro': 0.2, 'gamma_spatial': 0.5, 'hidden_dim': 128, 'weight_decay': 0.0}",5,40774.03534934807,5151.000533347312,83867.98795525816,6235.53038426285,12.76765272135541,1.8101308844506598,1.620783300006131,0.22515787749686544
SVR_CompositeKernel,"(1, 2, 3, 4, 5, 6, 12, 24)","{'gamma_lag': 0.1, 'gamma_local': 0.1, 'gamma_macro': 0.1, 'gamma_spatial': 0.1, 'hidden_dim': 64, 'weight_decay': 0.0001}",5,38300.19862306902,6574.2906307217345,83868.43055185051,5378.666395118825,12.93410204879946,2.6635490641543984,1.4329602289871075,0.312127112470846
SVR_CompositeKernel,"(1, 2, 3, 4, 5, 6, 12, 24)","{'gamma_lag': 1.0, 'gamma_local': 0.5, 'gamma_macro': 0.1, 'gamma_spatial': 0.5, 'hidden_dim': 128, 'weight_decay': 0.0001}",5,44331.18367346939,7153.445360531524,83871.67095297694,7988.758239790433,14.43495388193492,2.542586219923757,1.6623849723828095,0.36673045837559043
SVR_CompositeKernel,"(1, 12, 24)","{'gamma_lag': 0.5, 'gamma_local': 0.1, 'gamma_macro': 0.2, 'gamma_spatial': 0.5, 'hidden_dim': 64, 'weight_decay': 0.0}",5,38074.354516989086,7144.021683704091,83873.3846798636,7687.115060121125,12.288565641685112,2.799029141210837,1.4246646776313336,0.32912216689665325
SVR_CompositeKernel,"(1, 2, 12, 24)","{'gamma_lag': 1.0, 'gamma_local': 0.1, 'gamma_macro': 0.05, 'gamma_spatial': 0.1, 'hidden_dim': 64, 'weight_decay': 0.0}",5,41729.20811543367,9038.726706149137,83888.0635491723,8440.655279169974,14.070189518018186,3.8106094304501053,1.5618290597969895,0.40370969043739097
SVR_CompositeKernel,"(1, 12, 24)","{'gamma_lag': 0.1, 'gamma_local': 0.1, 'gamma_macro': 0.2, 'gamma_spatial': 1.0, 'hidden_dim': 64, 'weight_decay': 0.0001}",5,37365.81640536423,6369.81327654798,83901.45066644084,6506.947329366778,12.80871161000852,3.3575389392034443,1.3953363190459893,0.290704884613076
SVR_CompositeKernel,"(1, 12, 24)","{'gamma_lag': 0.1, 'gamma_local': 0.1, 'gamma_macro': 0.2, 'gamma_spatial': 1.0, 'hidden_dim': 64, 'weight_decay': 0.0}",5,38587.192703461595,6473.433495985797,83939.48919919599,7232.125096815924,13.091298317318913,2.817017412535992,1.438936167383538,0.2901803075654992
SVR_CompositeKernel,"(1, 2, 12)","{'gamma_lag': 1.0, 'gamma_local': 0.1, 'gamma_macro': 0.05, 'gamma_spatial': 0.5, 'hidden_dim': 64, 'weight_decay': 0.0}",5,40682.67892617985,9587.252461708717,83941.42489843305,9017.843117327138,13.227554613439683,3.7223905858874597,1.6149863508049198,0.3777964915121762
SVR_CompositeKernel,"(1, 2, 3, 4, 5, 6, 12)","{'gamma_lag': 1.0, 'gamma_local': 1.0, 'gamma_macro': 0.05, 'gamma_spatial': 1.0, 'hidden_dim': 128, 'weight_decay': 0.0001}",5,43811.308548575675,6542.190294173859,83947.25853659782,7123.16359568201,14.212469167698652,2.23823746825614,1.742178630227818,0.2846756018604064
SVR_CompositeKernel,"(1, 2, 3, 12, 24)","{'gamma_lag': 1.0, 'gamma_local': 0.5, 'gamma_macro': 0.05, 'gamma_spatial': 0.1, 'hidden_dim': 128, 'weight_decay': 0.0001}",5,44455.25766634779,5268.405072924775,83947.45916058663,6714.4277666749,14.287831071093084,1.8445901065300274,1.6606973280587578,0.2818814260221415
SVR_CompositeKernel,"(1, 12, 24)","{'gamma_lag': 0.1, 'gamma_local': 0.1, 'gamma_macro': 0.1, 'gamma_spatial': 1.0, 'hidden_dim': 64, 'weight_decay': 0.0001}",5,39223.29598214286,8126.719564529743,83950.97799581339,7103.461054916795,13.525631998201565,3.7871402954914317,1.4703447269437748,0.3748587856030146
SVR_CompositeKernel,"(1, 2, 12)","{'gamma_lag': 0.5, 'gamma_local': 1.0, 'gamma_macro': 0.1, 'gamma_spatial': 0.5, 'hidden_dim': 128, 'weight_decay': 0.0001}",5,38185.365125425174,3347.3786734316614,83969.13935431647,5493.180454894061,11.46268041694927,1.1489978722415126,1.5184518938627427,0.16801339816141622
SVR_CompositeKernel,"(1, 12)","{'gamma_lag': 1.0, 'gamma_local': 0.5, 'gamma_macro': 0.1, 'gamma_spatial': 0.1, 'hidden_dim': 128, 'weight_decay': 0.0}",5,39588.4710051729,6873.544696928832,84004.82900826324,7595.805481454166,11.971118957968773,1.754269096144883,1.578002281012111,0.3195671215103676
SVR_CompositeKernel,"(1, 2, 12, 24)","{'gamma_lag': 0.1, 'gamma_local': 0.1, 'gamma_macro': 0.1, 'gamma_spatial': 1.0, 'hidden_dim': 64, 'weight_decay': 0.0}",5,37815.9015381413,8311.383180438406,84011.42992736593,7027.549308639523,12.823425112247403,3.8945778039597885,1.4151474576442056,0.36901152702253404
SVR_CompositeKernel,"(1, 2, 12)","{'gamma_lag': 0.1, 'gamma_local': 1.0, 'gamma_macro': 0.05, 'gamma_spatial': 1.0, 'hidden_dim': 64, 'weight_decay': 0.0}",5,39422.53505438634,5337.623031056197,84012.20594973268,6989.711074074894,13.602345224791112,2.400091613773737,1.5668900976671316,0.22948635464527412
SVR_CompositeKernel,"(1, 2, 3, 12)","{'gamma_lag': 0.1, 'gamma_local': 0.5, 'gamma_macro': 0.05, 'gamma_spatial': 1.0, 'hidden_dim': 64, 'weight_decay': 0.0001}",5,38405.39995659722,4178.741168980837,84013.01627752397,5363.264034361581,12.796386508340927,2.061375900428054,1.5242954279219312,0.1682283530802486
SVR_CompositeKernel,"(1, 2, 3, 4, 5, 6, 12)","{'gamma_lag': 0.5, 'gamma_local': 0.1, 'gamma_macro': 0.05, 'gamma_spatial': 0.5, 'hidden_dim': 64, 'weight_decay': 0.0001}",5,40039.254203869044,7885.469720077397,84013.28494929985,6423.449322878424,13.07377093403251,2.9805167792138465,1.5904373019891378,0.3170613292895746
SVR_CompositeKernel,"(1, 2, 12)","{'gamma_lag': 0.1, 'gamma_local': 1.0, 'gamma_macro': 0.05, 'gamma_spatial': 1.0, 'hidden_dim': 64, 'weight_decay': 0.0001}",5,39728.11162352962,5263.389608536132,84016.20362747941,5251.806748522545,13.52343685002621,2.2254496524273217,1.5777827009196237,0.21863184486962747
SVR_CompositeKernel,"(1, 2, 3, 12)","{'gamma_lag': 0.5, 'gamma_local': 1.0, 'gamma_macro': 0.1, 'gamma_spatial': 1.0, 'hidden_dim': 128, 'weight_decay': 0.0}",5,39982.458077788404,4113.370076276887,84041.91094882533,6643.63824516917,12.189419277355105,1.3335901708289546,1.5908777019609188,0.20256794529774408
SVR_CompositeKernel,"(1, 12)","{'gamma_lag': 0.1, 'gamma_local': 0.1, 'gamma_macro': 0.05, 'gamma_spatial': 0.5, 'hidden_dim': 64, 'weight_decay': 0.0001}",5,37941.41127365008,7994.850527087663,84046.11485920574,6781.034378817321,13.482520782553895,3.780390121133969,1.506172463042942,0.3183436137668561
SVR_CompositeKernel,"(1, 12)","{'gamma_lag': 0.1, 'gamma_local': 0.5, 'gamma_macro': 0.05, 'gamma_spatial': 1.0, 'hidden_dim': 64, 'weight_decay': 0.0}",5,38156.924543827954,4010.745645517718,84046.56641610847,6438.673631695921,13.041750194532842,1.8705858050392417,1.5176893571327499,0.1915864523492592
SVR_CompositeKernel,"(1, 2, 3, 4, 5, 6, 12)","{'gamma_lag': 0.5, 'gamma_local': 0.5, 'gamma_macro': 0.1, 'gamma_spatial': 0.5, 'hidden_dim': 128, 'weight_decay': 0.0}",5,40978.7955140129,4801.176519855235,84073.9908239044,5989.4979624115,12.883351486718771,1.773040539708331,1.6291535449216101,0.21591877802332327
SVR_CompositeKernel,"(1, 12)","{'gamma_lag': 1.0, 'gamma_local': 1.0, 'gamma_macro': 0.05, 'gamma_spatial': 0.1, 'hidden_dim': 128, 'weight_decay': 0.0001}",5,39807.601925223214,4243.532641700915,84078.972517207,6711.609380967049,12.138385046452665,1.473029679449105,1.5839214054589121,0.20924439550478702
SVR_CompositeKernel,"(1, 2, 3, 12, 24)","{'gamma_lag': 0.1, 'gamma_local': 0.5, 'gamma_macro': 0.05, 'gamma_spatial': 0.5, 'hidden_dim': 64, 'weight_decay': 0.0001}",5,39376.66947101757,3930.4199171362393,84080.33849057756,8418.999358815612,13.2686129486215,1.6600957602749313,1.472159777672657,0.23785060241964798
SVR_CompositeKernel,"(1, 12, 24)","{'gamma_lag': 1.0, 'gamma_local': 0.1, 'gamma_macro': 0.05, 'gamma_spatial': 0.1, 'hidden_dim': 64, 'weight_decay': 0.0}",5,41664.712188208614,10014.322561848207,84105.4202312701,6820.599603721623,14.063154281834759,4.107737904173342,1.5602223388111514,0.4391783492088591
SVR_CompositeKernel,"(1, 12, 24)","{'gamma_lag': 0.5, 'gamma_local': 1.0, 'gamma_macro': 0.05, 'gamma_spatial': 1.0, 'hidden_dim': 64, 'weight_decay': 0.0001}",5,39367.73320888251,3263.763773203755,84105.60775458545,3648.310699311273,12.325617270921986,1.2989759865343247,1.4697251922927315,0.20874243046560664
SVR_CompositeKernel,"(1, 12)","{'gamma_lag': 1.0, 'gamma_local': 1.0, 'gamma_macro': 0.05, 'gamma_spatial': 0.5, 'hidden_dim': 128, 'weight_decay': 0.0}",5,38829.68996598639,4868.1527877815815,84106.76965903793,7967.691900766746,11.838232890325802,1.7082787804713409,1.5417896356105063,0.20020856439212031
SVR_CompositeKernel,"(1, 12, 24)","{'gamma_lag': 0.1, 'gamma_local': 0.5, 'gamma_macro': 0.1, 'gamma_spatial': 1.0, 'hidden_dim': 64, 'weight_decay': 0.0001}",5,38577.61404345592,4096.845317783914,84117.77753189794,7990.447024599186,12.673607213395517,1.5922606355625528,1.4428900953468722,0.24129643916261023
SVR_CompositeKernel,"(1, 2, 3, 12, 24)","{'gamma_lag': 0.5, 'gamma_local': 0.1, 'gamma_macro': 0.2, 'gamma_spatial': 0.5, 'hidden_dim': 64, 'weight_decay': 0.0}",5,38624.831017928,5871.676171289404,84120.4611753277,6963.377737807176,12.432725834204245,2.062947025694741,1.4469422818532112,0.30051164426564164
SVR_CompositeKernel,"(1, 2, 3, 12, 24)","{'gamma_lag': 0.5, 'gamma_local': 0.5, 'gamma_macro': 0.2, 'gamma_spatial': 0.5, 'hidden_dim': 128, 'weight_decay': 0.0}",5,41142.197620376275,4091.6441488524715,84123.1400025666,5836.147301929264,12.997245552563811,1.4741431886975171,1.5380301609295242,0.24641354473999247
SVR_CompositeKernel,"(1, 12)","{'gamma_lag': 0.1, 'gamma_local': 0.1, 'gamma_macro': 0.2, 'gamma_spatial': 0.5, 'hidden_dim': 64, 'weight_decay': 0.0001}",5,36101.90389916384,7054.526228888575,84128.25482528596,6533.775970014339,12.450001900927548,3.2757778641525688,1.4351753192113716,0.2878456479709618
SVR_CompositeKernel,"(1, 2, 3, 12, 24)","{'gamma_lag': 0.5, 'gamma_local': 1.0, 'gamma_macro': 0.05, 'gamma_spatial': 0.1, 'hidden_dim': 128, 'weight_decay': 0.0001}",5,41028.95719998937,3911.286156655791,84134.99095444045,5943.0715606670365,12.569766425169997,1.1080640823971086,1.5345172210381128,0.25198882312862037
SVR_CompositeKernel,"(1, 2, 12)","{'gamma_lag': 0.5, 'gamma_local': 1.0, 'gamma_macro': 0.05, 'gamma_spatial': 0.1, 'hidden_dim': 128, 'weight_decay': 0.0001}",5,39919.56436941965,4267.234366951886,84149.35724546804,7081.801278945128,12.237574430498679,1.3811054757616645,1.5878782967483032,0.20680645503595546
SVR_CompositeKernel,"(1, 12, 24)","{'gamma_lag': 0.1, 'gamma_local': 0.1, 'gamma_macro': 0.05, 'gamma_spatial': 0.1, 'hidden_dim': 64, 'weight_decay': 0.0001}",5,37584.639837992494,3119.230873877834,84162.4528730814,6412.917701628064,12.929646116613256,1.7952311108030106,1.4023818551055296,0.19264445911407221
SVR_CompositeKernel,"(1, 12, 24)","{'gamma_lag': 0.1, 'gamma_local': 0.5, 'gamma_macro': 0.05, 'gamma_spatial': 1.0, 'hidden_dim': 64, 'weight_decay': 0.0}",5,40582.562932699126,5339.642259098731,84165.59628450013,8003.746367992318,13.808844681521814,2.3033176247710507,1.5204287091880633,0.2960269266251858
SVR_CompositeKernel,"(1, 2, 12, 24)","{'gamma_lag': 1.0, 'gamma_local': 0.5, 'gamma_macro': 0.05, 'gamma_spatial': 0.1, 'hidden_dim': 128, 'weight_decay': 0.0001}",5,40830.14490593113,4999.887893544018,84169.23966229563,5959.8754665967535,12.649496635016579,1.6889115780931088,1.5273289872607203,0.2766086448613364
SVR_CompositeKernel,"(1, 2, 3, 4, 5, 6, 12, 24)","{'gamma_lag': 1.0, 'gamma_local': 0.5, 'gamma_macro': 0.05, 'gamma_spatial': 1.0, 'hidden_dim': 128, 'weight_decay': 0.0}",5,43413.051356115364,6808.956946638859,84169.75737866729,8860.875440635898,13.920395692374262,2.3884246273276903,1.626260334086945,0.3429363767754879
SVR_CompositeKernel,"(1, 2, 12, 24)","{'gamma_lag': 0.5, 'gamma_local': 0.1, 'gamma_macro': 0.1, 'gamma_spatial': 1.0, 'hidden_dim': 64, 'weight_decay': 0.0}",5,38916.19738077522,5073.717043158069,84171.05208772825,5610.122620673863,12.480697328310624,2.2712630360393713,1.4541908601323688,0.26251309561287683
SVR_CompositeKernel,"(1, 2, 12, 24)","{'gamma_lag': 0.1, 'gamma_local': 0.1, 'gamma_macro': 0.2, 'gamma_spatial': 0.1, 'hidden_dim': 64, 'weight_decay': 0.0}",5,35724.32324971656,1465.2802699344088,84175.68555520293,6483.7179306705375,12.011602001123808,0.4263802687291509,1.331372136273243,0.1433994454797034
SVR_CompositeKernel,"(1, 2, 3, 4, 5, 6, 12, 24)","{'gamma_lag': 0.1, 'gamma_local': 0.1, 'gamma_macro': 0.2, 'gamma_spatial': 0.1, 'hidden_dim': 64, 'weight_decay': 0.0}",5,38217.264167906746,5436.36752412897,84176.36194440008,5467.76842114639,12.621982172834667,2.1469637996364446,1.4315098236291086,0.28567590310112984
SVR_CompositeKernel,"(1, 2, 3, 12)","{'gamma_lag': 0.5, 'gamma_local': 0.5, 'gamma_macro': 0.1, 'gamma_spatial': 0.1, 'hidden_dim': 128, 'weight_decay': 0.0001}",5,38166.30546122095,4029.1394116222573,84183.41166777854,6072.517162337862,11.711975317085425,1.3076183322842792,1.517958091504131,0.19196256028686515
SVR_CompositeKernel,"(1, 2, 3, 4, 5, 6, 12)","{'gamma_lag': 0.5, 'gamma_local': 1.0, 'gamma_macro': 0.05, 'gamma_spatial': 1.0, 'hidden_dim': 128, 'weight_decay': 0.0001}",5,42861.946302791956,4426.829707119168,84202.48135513748,6354.228469560835,13.600664720093278,1.4824053981137484,1.7032002222874507,0.20025331999322415
SVR_CompositeKernel,"(1, 2, 3, 12)","{'gamma_lag': 1.0, 'gamma_local': 0.1, 'gamma_macro': 0.1, 'gamma_spatial': 1.0, 'hidden_dim': 64, 'weight_decay': 0.0001}",5,41658.07583129606,8130.737448180396,84219.58804876122,8555.059936888765,13.779026341784615,3.180006121177465,1.6540484448432298,0.32489863703737115
SVR_CompositeKernel,"(1, 12)","{'gamma_lag': 0.1, 'gamma_local': 0.5, 'gamma_macro': 0.05, 'gamma_spatial': 0.1, 'hidden_dim': 64, 'weight_decay': 0.0001}",5,36525.13939112103,3862.408138133275,84228.76379530081,9290.82681187638,12.401095273621312,1.5107129921829137,1.4515288886496696,0.17176676793538173
SVR_CompositeKernel,"(1, 2, 12)","{'gamma_lag': 1.0, 'gamma_local': 1.0, 'gamma_macro': 0.1, 'gamma_spatial': 0.5, 'hidden_dim': 128, 'weight_decay': 0.0}",5,41481.02591455854,2925.733690730264,84232.30488303411,5461.746501981704,13.118831339090889,0.8881834657886447,1.6494343539890017,0.1613456851794772
SVR_CompositeKernel,"(1, 12, 24)","{'gamma_lag': 0.5, 'gamma_local': 0.1, 'gamma_macro': 0.1, 'gamma_spatial': 1.0, 'hidden_dim': 64, 'weight_decay': 0.0001}",5,38711.57662228953,7184.535865481246,84233.57090261925,8733.248652354167,12.217954482355319,2.4184708919462268,1.4491357393429884,0.33487489230108386
SVR_CompositeKernel,"(1, 2, 3, 4, 5, 6, 12)","{'gamma_lag': 0.5, 'gamma_local': 0.1, 'gamma_macro': 0.2, 'gamma_spatial': 0.5, 'hidden_dim': 128, 'weight_decay': 0.0001}",5,40306.803010735544,9142.961924353585,84233.93668156434,13750.464745679414,12.985876359680947,3.0307812337182183,1.5989712071129585,0.3561556551042638
SVR_CompositeKernel,"(1, 2, 3, 4, 5, 6, 12)","{'gamma_lag': 0.1, 'gamma_local': 0.1, 'gamma_macro': 0.1, 'gamma_spatial': 0.1, 'hidden_dim': 64, 'weight_decay': 0.0}",5,37827.87152556335,5623.385579762486,84242.6372136864,6958.643346114856,12.672387585159676,2.3811081558008977,1.5052506296224801,0.24902079000019553
SVR_CompositeKernel,"(1, 2, 3, 4, 5, 6, 12, 24)","{'gamma_lag': 1.0, 'gamma_local': 0.5, 'gamma_macro': 0.1, 'gamma_spatial': 0.5, 'hidden_dim': 128, 'weight_decay': 0.0}",5,44191.77710370607,7058.390470936687,84243.05205318653,7092.593117500374,14.443783071398684,2.8258268462941047,1.6551331150388218,0.35183843837808293
SVR_CompositeKernel,"(1, 2, 3, 12)","{'gamma_lag': 1.0, 'gamma_local': 1.0, 'gamma_macro': 0.05, 'gamma_spatial': 0.5, 'hidden_dim': 128, 'weight_decay': 0.0001}",5,40829.219478989515,5746.823296906635,84250.22863753131,8729.683447300706,12.64426368254836,1.902140489134727,1.6241959471471816,0.25456793336469363
SVR_CompositeKernel,"(1, 2, 3, 12, 24)","{'gamma_lag': 1.0, 'gamma_local': 0.1, 'gamma_macro': 0.05, 'gamma_spatial': 0.1, 'hidden_dim': 64, 'weight_decay': 0.0001}",5,42314.306055573266,7854.594517912413,84253.37432600485,6805.499423314094,14.447281036177014,3.0624598934144713,1.5814467474617966,0.3580694587860594
SVR_CompositeKernel,"(1, 2, 12)","{'gamma_lag': 1.0, 'gamma_local': 1.0, 'gamma_macro': 0.1, 'gamma_spatial': 1.0, 'hidden_dim': 128, 'weight_decay': 0.0}",5,41684.03913291879,5246.910982448479,84261.6894919954,7489.036577484704,13.079038568762252,1.8200548986403606,1.6564070138260463,0.2262059129636086
SVR_CompositeKernel,"(1, 12)","{'gamma_lag': 0.1, 'gamma_local': 1.0, 'gamma_macro': 0.05, 'gamma_spatial': 1.0, 'hidden_dim': 64, 'weight_decay': 0.0001}",5,38416.176730796484,4455.091992691662,84266.54776375594,7129.809217209195,13.296021447100182,2.00774242998226,1.52713071034639,0.1996567696110361
SVR_CompositeKernel,"(1, 12, 24)","{'gamma_lag': 0.1, 'gamma_local': 0.1, 'gamma_macro': 0.05, 'gamma_spatial': 1.0, 'hidden_dim': 64, 'weight_decay': 0.0001}",5,39913.043473196565,6044.534444779272,84272.62698591054,7682.514052536684,13.804461550863362,2.6314005670178013,1.4920217258186905,0.2935134650597221
SVR_CompositeKernel,"(1, 2, 3, 4, 5, 6, 12, 24)","{'gamma_lag': 1.0, 'gamma_local': 0.5, 'gamma_macro': 0.2, 'gamma_spatial': 0.5, 'hidden_dim': 128, 'weight_decay': 0.0001}",5,43253.383560090704,6982.295212105087,84280.21226451507,9824.356420182654,14.019254704686077,2.2332360362047172,1.6226796901927987,0.35849291713612147
SVR_CompositeKernel,"(1, 12, 24)","{'gamma_lag': 0.5, 'gamma_local': 0.5, 'gamma_macro': 0.05, 'gamma_spatial': 1.0, 'hidden_dim': 64, 'weight_decay': 0.0001}",5,37434.28699378189,2877.2548662081913,84287.92147220188,5764.33995710395,11.435627794424938,1.2065857624949428,1.3971424163774386,0.1891885360932471
SVR_CompositeKernel,"(1, 2, 12)","{'gamma_lag': 0.5, 'gamma_local': 0.1, 'gamma_macro': 0.1, 'gamma_spatial': 1.0, 'hidden_dim': 64, 'weight_decay': 0.0001}",5,38317.8147489725,4366.767034420628,84288.92330072996,8198.718856285011,12.093652233815053,1.8406722830262672,1.5225641866397417,0.1893396770787115
SVR_CompositeKernel,"(1, 2, 3, 12)","{'gamma_lag': 1.0, 'gamma_local': 0.5, 'gamma_macro': 0.1, 'gamma_spatial': 1.0, 'hidden_dim': 128, 'weight_decay': 0.0}",5,42083.21791560374,6910.096714048561,84289.74881982076,8419.627346405121,13.382377611472005,2.6294669432317654,1.6732158753489788,0.2931539563777224
SVR_CompositeKernel,"(1, 12, 24)","{'gamma_lag': 0.1, 'gamma_local': 0.5, 'gamma_macro': 0.1, 'gamma_spatial': 0.5, 'hidden_dim': 64, 'weight_decay': 0.0001}",5,39044.33259681477,4705.637736499193,84306.4962807876,7056.78998980213,13.249068437326613,2.1925882879330274,1.4568004667357421,0.2340065186730037
SVR_CompositeKernel,"(1, 2, 12, 24)","{'gamma_lag': 0.5, 'gamma_local': 1.0, 'gamma_macro': 0.05, 'gamma_spatial': 0.1, 'hidden_dim': 128, 'weight_decay': 0.0001}",5,40781.68084387401,4391.784118793057,84307.39032509376,7727.064110322672,12.509026746108837,1.406308366735295,1.5266505524077014,0.26720093017501206
SVR_CompositeKernel,"(1, 12, 24)","{'gamma_lag': 1.0, 'gamma_local': 0.1, 'gamma_macro': 0.2, 'gamma_spatial': 0.5, 'hidden_dim': 64, 'weight_decay': 0.0001}",5,39135.543069285006,5624.108618110836,84332.09614390087,5957.224582663561,12.624444705713335,2.126657393283084,1.4633452464694758,0.2814375170841887
SVR_CompositeKernel,"(1, 2, 12)","{'gamma_lag': 0.1, 'gamma_local': 0.1, 'gamma_macro': 0.05, 'gamma_spatial': 0.5, 'hidden_dim': 64, 'weight_decay': 0.0}",5,38749.156903256095,7104.630684261889,84333.0213464486,7683.890136350538,13.71715647883577,3.24318212407108,1.5388038688287093,0.28383717325254126
SVR_CompositeKernel,"(1, 12)","{'gamma_lag': 0.5, 'gamma_local': 0.1, 'gamma_macro': 0.05, 'gamma_spatial': 0.1, 'hidden_dim': 64, 'weight_decay': 0.0}",5,39029.75345583547,8364.705011814918,84339.66203677552,6887.903589753484,13.321589556240681,3.336377133401728,1.547866540257229,0.3254044651464017
SVR_CompositeKernel,"(1, 2, 3, 12)","{'gamma_lag': 0.1, 'gamma_local': 1.0, 'gamma_macro': 0.05, 'gamma_spatial': 1.0, 'hidden_dim': 64, 'weight_decay': 0.0001}",5,38847.60659545068,5322.961131257232,84351.06363310966,7765.645903662546,12.742913459177856,2.0749976756826727,1.5459089878977879,0.2413039780550061
SVR_CompositeKernel,"(1, 12, 24)","{'gamma_lag': 0.5, 'gamma_local': 0.5, 'gamma_macro': 0.05, 'gamma_spatial': 0.5, 'hidden_dim': 64, 'weight_decay': 0.0}",5,37743.525711274095,3375.587362985406,84363.66301833166,5901.164437920103,11.707327550008234,1.3909645852498884,1.4104864364886596,0.2145852879997511
SVR_CompositeKernel,"(1, 12, 24)","{'gamma_lag': 0.5, 'gamma_local': 0.5, 'gamma_macro': 0.1, 'gamma_spatial': 1.0, 'hidden_dim': 64, 'weight_decay': 0.0}",5,38438.014636922475,3365.0828007646187,84364.07300113121,6503.220060502815,11.93759274185325,1.1961715717210115,1.4351345285390305,0.20739317417527664
SVR_CompositeKernel,"(1, 2, 12)","{'gamma_lag': 1.0, 'gamma_local': 0.1, 'gamma_macro': 0.05, 'gamma_spatial': 1.0, 'hidden_dim': 64, 'weight_decay': 0.0001}",5,40130.09779177296,6898.926337737161,84364.99444966987,4575.936270445491,13.039620945354963,2.8002982081610055,1.5929723926043518,0.27430356798131783
SVR_CompositeKernel,"(1, 2, 3, 4, 5, 6, 12)","{'gamma_lag': 1.0, 'gamma_local': 0.5, 'gamma_macro': 0.1, 'gamma_spatial': 0.5, 'hidden_dim': 128, 'weight_decay': 0.0001}",5,43278.367706561796,5439.599716735299,84366.73536379835,6719.0852274826475,14.071383999643214,1.8813267427506029,1.719449604453636,0.23318925457279438
SVR_CompositeKernel,"(1, 2, 3, 12)","{'gamma_lag': 0.5, 'gamma_local': 0.5, 'gamma_macro': 0.2, 'gamma_spatial': 1.0, 'hidden_dim': 128, 'weight_decay': 0.0}",5,39758.621195170774,3257.7505326723567,84367.38249607643,5593.816132851615,12.18535421616575,1.1004890283172077,1.5798562365866555,0.1587181758301881
SVR_CompositeKernel,"(1, 2, 3, 4, 5, 6, 12, 24)","{'gamma_lag': 0.1, 'gamma_local': 0.5, 'gamma_macro': 0.1, 'gamma_spatial': 0.5, 'hidden_dim': 64, 'weight_decay': 0.0001}",5,37345.84204046202,4798.155997535209,84375.00792542638,6248.9359058430355,11.672092285932871,1.9115874447810886,1.3997778794087998,0.27208134235149656
SVR_CompositeKernel,"(1, 12)","{'gamma_lag': 1.0, 'gamma_local': 0.1, 'gamma_macro': 0.1, 'gamma_spatial': 0.1, 'hidden_dim': 64, 'weight_decay': 0.0001}",5,38220.21251372945,5797.684067901218,84384.34887633772,5604.701644413259,12.350332267582337,2.4368082078165814,1.5182160112867793,0.24027755975063766
SVR_CompositeKernel,"(1, 2, 3, 12)","{'gamma_lag': 0.5, 'gamma_local': 0.1, 'gamma_macro': 0.05, 'gamma_spatial': 1.0, 'hidden_dim': 64, 'weight_decay': 0.0}",5,40588.38598134566,6787.039918120639,84385.4603828207,8931.546889238996,13.245282168787554,2.5271414841461977,1.6161422218970312,0.30191091787140795
SVR_CompositeKernel,"(1, 12)","{'gamma_lag': 0.1, 'gamma_local': 1.0, 'gamma_macro': 0.05, 'gamma_spatial': 0.1, 'hidden_dim': 64, 'weight_decay': 0.0001}",5,37535.14307105654,3385.4962421132627,84386.50957818152,5270.074483790972,12.911958021220968,1.6745110624618997,1.490445839404612,0.14882325357995788
SVR_CompositeKernel,"(1, 12, 24)","{'gamma_lag': 1.0, 'gamma_local': 0.1, 'gamma_macro': 0.05, 'gamma_spatial': 0.5, 'hidden_dim': 64, 'weight_decay': 0.0001}",5,40791.90309089782,9474.688014193058,84386.59510279536,10194.318970672799,13.402744971834863,3.4866830648042924,1.528913518519643,0.42300416310778366
SVR_CompositeKernel,"(1, 12)","{'gamma_lag': 0.1, 'gamma_local': 1.0, 'gamma_macro': 0.1, 'gamma_spatial': 0.5, 'hidden_dim': 64, 'weight_decay': 0.0}",5,37763.22394947562,4473.732967369455,84389.82965990645,5952.806013813656,12.79707161313803,1.7526738293455182,1.5019322750794584,0.2080966674397034
SVR_CompositeKernel,"(1, 2, 3, 12, 24)","{'gamma_lag': 0.1, 'gamma_local': 0.5, 'gamma_macro': 0.2, 'gamma_spatial': 1.0, 'hidden_dim': 64, 'weight_decay': 0.0001}",5,38065.22760638109,5094.558956442199,84390.05387183282,6788.82580824547,12.092825986849451,2.1419462696323266,1.4251576432788078,0.2715636867775256
SVR_CompositeKernel,"(1, 2, 3, 4, 5, 6, 12)","{'gamma_lag': 0.5, 'gamma_local': 0.5, 'gamma_macro': 0.2, 'gamma_spatial': 1.0, 'hidden_dim': 128, 'weight_decay': 0.0}",5,42624.081663212164,3649.347466513291,84401.3755635017,6617.4129020527225,13.665841636668437,1.0543591161772574,1.695579729007834,0.19026139108063914
SVR_CompositeKernel,"(1, 12)","{'gamma_lag': 0.5, 'gamma_local': 0.1, 'gamma_macro': 0.1, 'gamma_spatial': 0.1, 'hidden_dim': 64, 'weight_decay': 0.0001}",5,37886.280518353175,6468.882576358327,84412.29053934569,8427.942886220611,12.488300596720268,2.823413711784854,1.5055842669445456,0.26623538256362433
SVR_CompositeKernel,"(1, 2, 3, 4, 5, 6, 12, 24)","{'gamma_lag': 1.0, 'gamma_local': 0.1, 'gamma_macro': 0.05, 'gamma_spatial': 0.5, 'hidden_dim': 64, 'weight_decay': 0.0}",5,43499.29497413549,7001.115051263898,84418.79149004557,6828.914944528725,15.003412555753348,2.708728541543206,1.627539624564358,0.3414273399879681
SVR_CompositeKernel,"(1, 2, 3, 12, 24)","{'gamma_lag': 0.1, 'gamma_local': 0.1, 'gamma_macro': 0.2, 'gamma_spatial': 0.5, 'hidden_dim': 64, 'weight_decay': 0.0}",5,37528.92228599773,5929.619838582879,84420.76080702283,6853.248195572952,12.440576571295397,2.484111514078854,1.4032046278376016,0.28633749887743504
SVR_CompositeKernel,"(1, 12, 24)","{'gamma_lag': 0.5, 'gamma_local': 0.1, 'gamma_macro': 0.1, 'gamma_spatial': 0.5, 'hidden_dim': 64, 'weight_decay': 0.0001}",5,38069.242607355445,5656.024422610979,84425.53481200305,6925.529723523517,12.200416084841828,2.283649898780431,1.4219023411603469,0.2722229997754691
SVR_CompositeKernel,"(1, 2, 12, 24)","{'gamma_lag': 1.0, 'gamma_local': 0.5, 'gamma_macro': 0.2, 'gamma_spatial': 0.5, 'hidden_dim': 128, 'weight_decay': 0.0}",5,42724.78891811933,2904.1036330284865,84428.35998354174,6209.1013352912505,13.638798993790065,0.952467084272259,1.5943168202186841,0.2093838186692283
SVR_CompositeKernel,"(1, 2, 12)","{'gamma_lag': 1.0, 'gamma_local': 1.0, 'gamma_macro': 0.05, 'gamma_spatial': 1.0, 'hidden_dim': 128, 'weight_decay': 0.0}",5,41031.744140625,4177.208147749398,84435.1858224421,6208.080786257989,12.772300917019386,1.2528357439212248,1.6308008683774429,0.19320449561367425
SVR_CompositeKernel,"(1, 2, 3, 4, 5, 6, 12)","{'gamma_lag': 0.1, 'gamma_local': 0.1, 'gamma_macro': 0.05, 'gamma_spatial': 0.1, 'hidden_dim': 64, 'weight_decay': 0.0001}",5,40102.9070742099,6440.465011858256,84438.43619883701,7184.8571833337555,14.298668743155224,2.8584248610097025,1.591756907955991,0.26110505948450086
SVR_CompositeKernel,"(1, 2, 3, 12, 24)","{'gamma_lag': 1.0, 'gamma_local': 0.1, 'gamma_macro': 0.05, 'gamma_spatial': 0.1, 'hidden_dim': 64, 'weight_decay': 0.0}",5,42327.57535519417,9827.364581907375,84444.41207493794,9143.419807815717,14.274732022527925,3.780788581094151,1.5867905500980766,0.4388562151787815
SVR_CompositeKernel,"(1, 12, 24)","{'gamma_lag': 0.5, 'gamma_local': 1.0, 'gamma_macro': 0.1, 'gamma_spatial': 0.1, 'hidden_dim': 128, 'weight_decay': 0.0}",5,39134.369788566466,3644.745913216004,84463.11295879628,6506.585278813541,11.640117492837778,0.9453845468611289,1.4637231570827123,0.2380864639528051
SVR_CompositeKernel,"(1, 2, 3, 12)","{'gamma_lag': 0.5, 'gamma_local': 1.0, 'gamma_macro': 0.2, 'gamma_spatial': 1.0, 'hidden_dim': 128, 'weight_decay': 0.0001}",5,40301.230648118624,4156.267214820632,84464.11539584311,6807.626447533228,12.408405804310217,1.348478703499643,1.6038997871659635,0.2077392187402644
SVR_CompositeKernel,"(1, 2, 12)","{'gamma_lag': 0.1, 'gamma_local': 0.5, 'gamma_macro': 0.05, 'gamma_spatial': 0.5, 'hidden_dim': 64, 'weight_decay': 0.0001}",5,40008.32090198059,6748.756586945717,84469.03851630227,7075.981155672084,13.962685845184982,3.1065150152653342,1.5893305186113362,0.2744560169338499
SVR_CompositeKernel,"(1, 12, 24)","{'gamma_lag': 0.1, 'gamma_local': 0.5, 'gamma_macro': 0.2, 'gamma_spatial': 0.5, 'hidden_dim': 64, 'weight_decay': 0.0001}",5,37942.233528202945,4381.144065475672,84501.72405257149,6408.43984930898,12.694983906521397,2.226390288684624,1.4174546116351585,0.23688406624690933
SVR_CompositeKernel,"(1, 2, 3, 12, 24)","{'gamma_lag': 1.0, 'gamma_local': 0.1, 'gamma_macro': 0.1, 'gamma_spatial': 1.0, 'hidden_dim': 64, 'weight_decay': 0.0001}",5,40913.28121501205,6357.614410801206,84509.44080750519,5913.549826846023,13.451877005101228,2.4874858336309105,1.5281455374735058,0.3024460732460819
SVR_CompositeKernel,"(1, 2, 3, 4, 5, 6, 12)","{'gamma_lag': 1.0, 'gamma_local': 0.5, 'gamma_macro': 0.05, 'gamma_spatial': 1.0, 'hidden_dim': 128, 'weight_decay': 0.0}",5,43182.372574316185,8607.59177377636,84520.84938616314,10905.159244421695,13.716735677140312,3.026122723717632,1.7158187829378382,0.350033463376169
SVR_CompositeKernel,"(1, 2, 12)","{'gamma_lag': 0.5, 'gamma_local': 0.1, 'gamma_macro': 0.05, 'gamma_spatial': 0.5, 'hidden_dim': 64, 'weight_decay': 0.0001}",5,40741.638076636904,9978.415989901032,84526.33034129474,8665.913428437052,13.543253246051602,4.187678198553352,1.61400958993316,0.38009465822141986
SVR_CompositeKernel,"(1, 12, 24)","{'gamma_lag': 0.1, 'gamma_local': 1.0, 'gamma_macro': 0.05, 'gamma_spatial': 1.0, 'hidden_dim': 64, 'weight_decay': 0.0001}",5,38230.88259282879,3799.2261399825834,84543.69633819108,6039.814286834281,12.567972989805527,1.6363368668188596,1.430375860859361,0.23958793423031038
SVR_CompositeKernel,"(1, 12)","{'gamma_lag': 1.0, 'gamma_local': 1.0, 'gamma_macro': 0.2, 'gamma_spatial': 1.0, 'hidden_dim': 128, 'weight_decay': 0.0001}",5,40624.153128100195,4047.827531491841,84544.7144627586,7294.274684567169,12.486847693074756,1.2387250203395535,1.615297757783813,0.1901209792173862
SVR_CompositeKernel,"(1, 2, 3, 12, 24)","{'gamma_lag': 1.0, 'gamma_local': 1.0, 'gamma_macro': 0.05, 'gamma_spatial': 0.5, 'hidden_dim': 128, 'weight_decay': 0.0001}",5,44230.47201716625,6086.114542833788,84557.77578332652,8627.071327160786,14.036346001708703,1.9815932326498251,1.6570317136327724,0.3287329298103795
SVR_CompositeKernel,"(1, 2, 3, 12)","{'gamma_lag': 0.1, 'gamma_local': 1.0, 'gamma_macro': 0.05, 'gamma_spatial': 1.0, 'hidden_dim': 64, 'weight_decay': 0.0}",5,40087.30141546201,6440.817563928804,84559.21847681208,7450.022498435992,13.285130678866187,2.8626487236679785,1.5941545452048183,0.2761423821358215
SVR_CompositeKernel,"(1, 2, 12, 24)","{'gamma_lag': 0.1, 'gamma_local': 0.5, 'gamma_macro': 0.1, 'gamma_spatial': 0.5, 'hidden_dim': 64, 'weight_decay': 0.0001}",5,38561.00548203656,5322.852311341075,84577.35737335525,5819.954564208459,12.906216406927943,2.661596493771659,1.4437457754785759,0.28197363080910154
SVR_CompositeKernel,"(1, 2, 3, 12)","{'gamma_lag': 1.0, 'gamma_local': 1.0, 'gamma_macro': 0.05, 'gamma_spatial': 0.5, 'hidden_dim': 128, 'weight_decay': 0.0}",5,43120.329458528206,4329.0011584114145,84578.07442809365,8310.0849368956,13.508153696600909,1.189395805345216,1.7154085810340831,0.21287820029877044
SVR_CompositeKernel,"(1, 2, 3, 12)","{'gamma_lag': 0.5, 'gamma_local': 0.1, 'gamma_macro': 0.1, 'gamma_spatial': 1.0, 'hidden_dim': 64, 'weight_decay': 0.0}",5,39673.21016732213,7218.654989303521,84579.98832113518,7936.907590737056,12.668726756288168,2.5559947303781074,1.5770036563338792,0.29727326037515195
SVR_CompositeKernel,"(1, 2, 3, 12)","{'gamma_lag': 0.1, 'gamma_local': 1.0, 'gamma_macro': 0.05, 'gamma_spatial': 0.1, 'hidden_dim': 64, 'weight_decay': 0.0001}",5,39385.62921361253,3921.7724456368687,84588.988432941,6428.9270213072305,13.274322602710859,1.7460813183359694,1.5652238749116774,0.18064501731862873
SVR_CompositeKernel,"(1, 2, 3, 4, 5, 6, 12, 24)","{'gamma_lag': 0.5, 'gamma_local': 1.0, 'gamma_macro': 0.1, 'gamma_spatial': 0.5, 'hidden_dim': 128, 'weight_decay': 0.0001}",5,42998.31819240716,3259.070464157049,84589.60227974915,6247.931976941085,13.870701371948215,1.172622708175242,1.6051453173984171,0.2182258641606921
SVR_CompositeKernel,"(1, 2, 3, 4, 5, 6, 12, 24)","{'gamma_lag': 1.0, 'gamma_local': 1.0, 'gamma_macro': 0.05, 'gamma_spatial': 0.5, 'hidden_dim': 128, 'weight_decay': 0.0001}",5,44609.700139066044,6632.94864068336,84595.69277949892,8998.509232427052,14.368351058438458,2.005289241224479,1.672494563729677,0.35045897437213236
SVR_CompositeKernel,"(1, 2, 3, 12, 24)","{'gamma_lag': 1.0, 'gamma_local': 0.1, 'gamma_macro': 0.05, 'gamma_spatial': 0.5, 'hidden_dim': 64, 'weight_decay': 0.0001}",5,41076.52752223285,9082.0517757825,84605.52211234295,9584.122215035984,13.700123994961,3.196983358776669,1.5392006360694708,0.40928854548623667
SVR_CompositeKernel,"(1, 2, 3, 4, 5, 6, 12, 24)","{'gamma_lag': 0.1, 'gamma_local': 1.0, 'gamma_macro': 0.1, 'gamma_spatial': 0.5, 'hidden_dim': 64, 'weight_decay': 0.0}",5,37911.543841677296,3607.7551941741235,84606.49310640561,6337.045830736685,11.847632803146302,1.0692204791220024,1.4172573348829698,0.22816590164687675
SVR_CompositeKernel,"(1, 2, 3, 12, 24)","{'gamma_lag': 0.5, 'gamma_local': 0.1, 'gamma_macro': 0.1, 'gamma_spatial': 1.0, 'hidden_dim': 64, 'weight_decay': 0.0}",5,39532.40223435729,4606.845590001857,84612.00343671991,4715.89524888242,12.807067543020171,1.757911413720113,1.474479388194257,0.23284789710243622
SVR_CompositeKernel,"(1, 2, 3, 12)","{'gamma_lag': 0.5, 'gamma_local': 0.1, 'gamma_macro': 0.05, 'gamma_spatial': 0.5, 'hidden_dim': 64, 'weight_decay': 0.0}",5,39423.76967784509,6970.723134085821,84615.37233264568,7990.145261188842,12.754218098581244,2.7533382205549395,1.5654048591053986,0.2780321683099768
SVR_CompositeKernel,"(1, 2, 12)","{'gamma_lag': 0.1, 'gamma_local': 0.5, 'gamma_macro': 0.05, 'gamma_spatial': 0.1, 'hidden_dim': 64, 'weight_decay': 0.0001}",5,37284.54451486324,3878.668164671771,84617.39753234845,8415.294787487052,12.735145037654656,1.7569387361067001,1.4826700357530684,0.1819966038879336
SVR_CompositeKernel,"(1, 2, 3, 12)","{'gamma_lag': 0.5, 'gamma_local': 0.1, 'gamma_macro': 0.1, 'gamma_spatial': 0.1, 'hidden_dim': 64, 'weight_decay': 0.0001}",5,39015.90825848569,6332.768887732334,84628.07847159826,7302.478336819584,12.893482366037194,2.536562989050067,1.550603673822737,0.2620771910708069
SVR_CompositeKernel,"(1, 2, 3, 4, 5, 6, 12)","{'gamma_lag': 0.5, 'gamma_local': 0.5, 'gamma_macro': 0.1, 'gamma_spatial': 1.0, 'hidden_dim': 128, 'weight_decay': 0.0}",5,41133.03919802296,6691.902972603467,84648.72676284079,8271.035700120021,12.974434287216392,2.3398222346796334,1.6351904054888138,0.2823912531975308
SVR_CompositeKernel,"(1, 2, 12)","{'gamma_lag': 0.5, 'gamma_local': 1.0, 'gamma_macro': 0.05, 'gamma_spatial': 0.1, 'hidden_dim': 128, 'weight_decay': 0.0}",5,39180.263092137895,4927.267840780605,84650.97008464765,5599.141575589653,12.096620801116648,2.069884743727697,1.5584545291767051,0.2229874873210031
SVR_CompositeKernel,"(1, 2, 12, 24)","{'gamma_lag': 0.1, 'gamma_local': 0.5, 'gamma_macro': 0.2, 'gamma_spatial': 1.0, 'hidden_dim': 64, 'weight_decay': 0.0}",5,36685.589886709895,2554.2276126523093,84657.24566657178,6798.662587230159,11.63492909028858,1.197648823478457,1.3686263271939052,0.17517790759956645
SVR_CompositeKernel,"(1, 2, 12, 24)","{'gamma_lag': 0.1, 'gamma_local': 0.1, 'gamma_macro': 0.2, 'gamma_spatial': 1.0, 'hidden_dim': 64, 'weight_decay': 0.0001}",5,39750.748420227465,6743.355320882993,84671.1206933537,4260.0218478193365,13.581041060939944,3.079046213932502,1.4859150134436312,0.3169164137758459
SVR_CompositeKernel,"(1, 12, 24)","{'gamma_lag': 1.0, 'gamma_local': 1.0, 'gamma_macro': 0.1, 'gamma_spatial': 0.1, 'hidden_dim': 128, 'weight_decay': 0.0001}",5,41999.57735659368,3893.919395948019,84695.09935601495,5220.235215543897,12.956283861827066,1.2574247464533737,1.565346945495506,0.2120024812764432
SVR_CompositeKernel,"(1, 2, 3, 12)","{'gamma_lag': 0.1, 'gamma_local': 0.1, 'gamma_macro': 0.2, 'gamma_spatial': 1.0, 'hidden_dim': 64, 'weight_decay': 0.0001}",5,38394.363817141435,8480.370659768338,84705.97435366681,7100.138951118189,12.954081870619722,3.934871017415664,1.5258039555467842,0.3424846798207819
SVR_CompositeKernel,"(1, 2, 12, 24)","{'gamma_lag': 1.0, 'gamma_local': 0.1, 'gamma_macro': 0.1, 'gamma_spatial': 0.5, 'hidden_dim': 64, 'weight_decay': 0.0}",5,40906.25980504181,6943.751595101289,84706.74766018541,5194.961853585787,13.638098481519625,2.6694989124107678,1.5312905864287452,0.33566502059043823
SVR_CompositeKernel,"(1, 2, 12, 24)","{'gamma_lag': 0.5, 'gamma_local': 0.1, 'gamma_macro': 0.1, 'gamma_spatial': 1.0, 'hidden_dim': 64, 'weight_decay': 0.0001}",5,39456.704382794785,7115.768819853334,84719.05683255839,6503.437302518968,12.561728694270354,2.7809373879398605,1.4759491513893583,0.33148330449043156
SVR_CompositeKernel,"(1, 2, 3, 12, 24)","{'gamma_lag': 1.0, 'gamma_local': 0.5, 'gamma_macro': 0.2, 'gamma_spatial': 0.5, 'hidden_dim': 128, 'weight_decay': 0.0001}",5,42417.51666489513,4127.947161232617,84721.15706968933,5901.100741425485,13.592879605963963,1.3796914670456188,1.5868445110918885,0.26097566462054617
SVR_CompositeKernel,"(1, 2, 3, 4, 5, 6, 12, 24)","{'gamma_lag': 1.0, 'gamma_local': 0.5, 'gamma_macro': 0.1, 'gamma_spatial': 1.0, 'hidden_dim': 128, 'weight_decay': 0.0}",5,44614.163896417944,8284.442273851906,84723.70004905388,8613.317474488926,14.564642524550568,3.135287394796372,1.67064918897908,0.3895164318108311
SVR_CompositeKernel,"(1, 2, 12, 24)","{'gamma_lag': 0.1, 'gamma_local': 1.0, 'gamma_macro': 0.1, 'gamma_spatial': 1.0, 'hidden_dim': 64, 'weight_decay': 0.0}",5,39024.83479839852,3400.2492422051337,84724.39903282111,6035.545757677217,12.666852367842736,1.2249082583518687,1.457641626097313,0.2159275746356798
SVR_CompositeKernel,"(1, 2, 12, 24)","{'gamma_lag': 1.0, 'gamma_local': 1.0, 'gamma_macro': 0.2, 'gamma_spatial': 1.0, 'hidden_dim': 128, 'weight_decay': 0.0}",5,42555.05698784722,5217.6435974643255,84728.17355073176,6868.653937621617,13.477071758628284,1.7720886134769687,1.5934822776837274,0.29603234785381044
SVR_CompositeKernel,"(1, 2, 3, 12, 24)","{'gamma_lag': 1.0, 'gamma_local': 1.0, 'gamma_macro': 0.05, 'gamma_spatial': 0.1, 'hidden_dim': 128, 'weight_decay': 0.0001}",5,43015.56710335176,3685.288372118666,84728.42767559977,5838.077208536043,13.702122581607762,1.1038918348066589,1.606138346203337,0.23193019360157854
SVR_CompositeKernel,"(1, 12, 24)","{'gamma_lag': 0.5, 'gamma_local': 0.1, 'gamma_macro': 0.2, 'gamma_spatial': 1.0, 'hidden_dim': 64, 'weight_decay': 0.0}",5,38708.269747378115,6156.968043319836,84732.0295484075,8911.548000794215,12.30337576284963,2.221968496569725,1.4443020086068197,0.28180354847786243
SVR_CompositeKernel,"(1, 2, 3, 4, 5, 6, 12, 24)","{'gamma_lag': 1.0, 'gamma_local': 0.1, 'gamma_macro': 0.05, 'gamma_spatial': 1.0, 'hidden_dim': 64, 'weight_decay': 0.0}",5,43716.28857355442,9771.69074157303,84733.05780077614,8946.630556457672,14.939223136384461,3.692436711661475,1.640795740688271,0.44789960478776797
SVR_CompositeKernel,"(1, 12)","{'gamma_lag': 0.1, 'gamma_local': 1.0, 'gamma_macro': 0.2, 'gamma_spatial': 1.0, 'hidden_dim': 64, 'weight_decay': 0.0}",5,37360.43148915817,3979.539316535653,84736.13009722145,7225.361141302753,12.332795961966104,1.3155728685065902,1.487130745237818,0.20101610563760489
SVR_CompositeKernel,"(1, 2, 3, 12, 24)","{'gamma_lag': 0.5, 'gamma_local': 0.1, 'gamma_macro': 0.05, 'gamma_spatial': 1.0, 'hidden_dim': 64, 'weight_decay': 0.0}",5,40733.9719268176,6542.813444954607,84753.6031697833,8028.912772391582,13.26334243154372,2.571127286079954,1.5236729044128228,0.31517031695280984
SVR_CompositeKernel,"(1, 2, 3, 4, 5, 6, 12, 24)","{'gamma_lag': 0.1, 'gamma_local': 0.5, 'gamma_macro': 0.2, 'gamma_spatial': 1.0, 'hidden_dim': 64, 'weight_decay': 0.0001}",5,37703.30864335318,2907.2741511329978,84755.08003961403,7004.343598751542,11.672007008990843,1.0739599178822157,1.4066717108582516,0.18541775522679912
SVR_CompositeKernel,"(1, 2, 12)","{'gamma_lag': 0.1, 'gamma_local': 0.1, 'gamma_macro': 0.05, 'gamma_spatial': 1.0, 'hidden_dim': 64, 'weight_decay': 0.0}",5,40485.20695595947,10576.578179779612,84759.88588804338,8320.785399436376,14.251290474691382,4.885424070449846,1.6067333166323254,0.41370253578082633
SVR_CompositeKernel,"(1, 2, 12)","{'gamma_lag': 0.1, 'gamma_local': 0.1, 'gamma_macro': 0.1, 'gamma_spatial': 0.1, 'hidden_dim': 64, 'weight_decay': 0.0001}",5,38245.07399154975,6992.726788112835,84761.49350381203,8776.69994062538,13.61234839922528,3.0373273959487537,1.521282324316944,0.29483190228468464
SVR_CompositeKernel,"(1, 2, 3, 12, 24)","{'gamma_lag': 0.5, 'gamma_local': 1.0, 'gamma_macro': 0.2, 'gamma_spatial': 1.0, 'hidden_dim': 128, 'weight_decay': 0.0001}",5,42083.185089374296,3950.7355309185764,84770.06861763528,7009.638850140535,13.318508401732752,1.1668035709690938,1.5734901576762217,0.24890494836905178
SVR_CompositeKernel,"(1, 12)","{'gamma_lag': 0.1, 'gamma_local': 0.5, 'gamma_macro': 0.05, 'gamma_spatial': 0.5, 'hidden_dim': 64, 'weight_decay': 0.0001}",5,37194.11682389102,4270.152475306989,84771.71889325991,7290.752518331365,12.640916020630218,1.8263752454244018,1.4778108096397615,0.18549902574449675
SVR_CompositeKernel,"(1, 12)","{'gamma_lag': 1.0, 'gamma_local': 0.5, 'gamma_macro': 0.1, 'gamma_spatial': 0.1, 'hidden_dim': 128, 'weight_decay': 0.0001}",5,38444.419379340274,4123.579078753084,84779.12852007852,6380.908601588489,11.567371832936939,1.536640994549305,1.52803358900303,0.18622908738939956
SVR_CompositeKernel,"(1, 12)","{'gamma_lag': 0.5, 'gamma_local': 0.1, 'gamma_macro': 0.1, 'gamma_spatial': 0.1, 'hidden_dim': 64, 'weight_decay': 0.0}",5,37467.50695595947,5480.7362769915135,84782.5787642645,6804.321562410184,12.422745067355162,2.168673622651213,1.4881685986229343,0.2253317791312725
SVR_CompositeKernel,"(1, 12, 24)","{'gamma_lag': 0.5, 'gamma_local': 1.0, 'gamma_macro': 0.2, 'gamma_spatial': 0.1, 'hidden_dim': 128, 'weight_decay': 0.0}",5,38222.326709980865,3185.4792088202926,84786.67375746698,6680.260623876463,11.382326137779845,0.6979662109542727,1.4260329624379626,0.20102298583179978
SVR_CompositeKernel,"(1, 12, 24)","{'gamma_lag': 1.0, 'gamma_local': 1.0, 'gamma_macro': 0.05, 'gamma_spatial': 0.1, 'hidden_dim': 128, 'weight_decay': 0.0001}",5,42987.9244322208,6138.261270261898,84788.40405777561,7260.4850263352555,13.076054034790818,1.5940592209460662,1.6129152942646763,0.34318735293281755
SVR_CompositeKernel,"(1, 2, 12, 24)","{'gamma_lag': 1.0, 'gamma_local': 0.1, 'gamma_macro': 0.05, 'gamma_spatial': 0.1, 'hidden_dim': 64, 'weight_decay': 0.0001}",5,40976.22606602537,6925.654425539174,84788.71004631293,6681.135170979983,13.662587215155202,2.5891992629959106,1.5320108609987118,0.32712975247475173
SVR_CompositeKernel,"(1, 12)","{'gamma_lag': 0.1, 'gamma_local': 0.5, 'gamma_macro': 0.2, 'gamma_spatial': 0.5, 'hidden_dim': 64, 'weight_decay': 0.0001}",5,36745.462491585175,5655.802657647382,84804.45711216288,3677.514212761426,12.387560014242363,2.8462057131045593,1.4593609385249775,0.2311881840540375
SVR_CompositeKernel,"(1, 2, 3, 12)","{'gamma_lag': 1.0, 'gamma_local': 1.0, 'gamma_macro': 0.05, 'gamma_spatial': 1.0, 'hidden_dim': 128, 'weight_decay': 0.0001}",5,42583.58360216482,4921.88570983741,84806.77596640412,7117.195445477541,13.43328975133198,1.5079238404505024,1.69263414683224,0.2200019912798419
SVR_CompositeKernel,"(1, 12)","{'gamma_lag': 0.5, 'gamma_local': 0.1, 'gamma_macro': 0.1, 'gamma_spatial': 1.0, 'hidden_dim': 64, 'weight_decay': 0.0}",5,38909.64328142716,7749.639258435051,84820.4522618501,5159.709387634039,12.453843328587823,3.157388154746241,1.5427564683225559,0.2984811784937632
SVR_CompositeKernel,"(1, 2, 3, 12)","{'gamma_lag': 0.5, 'gamma_local': 1.0, 'gamma_macro': 0.2, 'gamma_spatial': 1.0, 'hidden_dim': 128, 'weight_decay': 0.0}",5,39923.836811755944,3302.3572286134845,84823.40293535862,6135.207523817435,12.253985541494083,1.159763584974621,1.5875612853466385,0.1691589934825746
SVR_CompositeKernel,"(1, 2, 3, 12, 24)","{'gamma_lag': 1.0, 'gamma_local': 0.1, 'gamma_macro': 0.1, 'gamma_spatial': 1.0, 'hidden_dim': 64, 'weight_decay': 0.0}",5,42732.61487873796,7911.911380225031,84829.17041553478,6946.841630973812,14.363458311125754,3.1748452711623134,1.6003792101378962,0.3733735759189636
SVR_CompositeKernel,"(1, 12)","{'gamma_lag': 0.5, 'gamma_local': 0.5, 'gamma_macro': 0.05, 'gamma_spatial': 0.5, 'hidden_dim': 64, 'weight_decay': 0.0}",5,36860.99422211592,3321.809450887271,84829.30369144285,5414.857801315428,11.31644566977231,1.4459605559861997,1.4652319958199385,0.1592853395373646
SVR_CompositeKernel,"(1, 2, 3, 12, 24)","{'gamma_lag': 0.1, 'gamma_local': 0.1, 'gamma_macro': 0.2, 'gamma_spatial': 0.5, 'hidden_dim': 64, 'weight_decay': 0.0001}",5,38450.441465153766,7035.663375469241,84830.04508326243,5782.8790193095665,12.949741583937254,3.4455527083078232,1.435180986259493,0.314360199274749
SVR_CompositeKernel,"(1, 2, 12, 24)","{'gamma_lag': 0.5, 'gamma_local': 1.0, 'gamma_macro': 0.2, 'gamma_spatial': 0.5, 'hidden_dim': 128, 'weight_decay': 0.0001}",5,40077.276483666385,3212.5600562710424,84835.05205140119,5407.569938865873,12.51568211191809,1.011965997309003,1.4968342248477764,0.2153235742751312
SVR_CompositeKernel,"(1, 2, 12)","{'gamma_lag': 1.0, 'gamma_local': 0.5, 'gamma_macro': 0.1, 'gamma_spatial': 0.1, 'hidden_dim': 128, 'weight_decay': 0.0}",5,40393.4703306583,3992.803452742085,84837.20266362389,4952.627632346289,12.395079309759616,1.4597047310919082,1.6041092255847957,0.17316620341647596
SVR_CompositeKernel,"(1, 2, 12)","{'gamma_lag': 0.5, 'gamma_local': 0.1, 'gamma_macro': 0.1, 'gamma_spatial': 1.0, 'hidden_dim': 64, 'weight_decay': 0.0}",5,38241.81317805768,7366.6292523182465,84845.21983084762,6162.872567209875,12.105887598073213,2.8945122533848306,1.5178036100965098,0.29009405323331505
SVR_CompositeKernel,"(1, 12, 24)","{'gamma_lag': 0.1, 'gamma_local': 1.0, 'gamma_macro': 0.05, 'gamma_spatial': 0.5, 'hidden_dim': 64, 'weight_decay': 0.0}",5,39078.878358400645,4889.525964565216,84847.76591479464,4677.385391163334,13.115959040028082,2.681747327329495,1.4609037634321136,0.26033420331972024
SVR_CompositeKernel,"(1, 2, 3, 12, 24)","{'gamma_lag': 0.1, 'gamma_local': 0.5, 'gamma_macro': 0.1, 'gamma_spatial': 0.1, 'hidden_dim': 64, 'weight_decay': 0.0001}",5,38610.79136018991,3525.671869262873,84848.88094994305,6136.13373022372,12.755871694518836,1.3433951200138963,1.4438417308413902,0.22796238686948786
SVR_CompositeKernel,"(1, 12, 24)","{'gamma_lag': 0.1, 'gamma_local': 0.1, 'gamma_macro': 0.1, 'gamma_spatial': 0.1, 'hidden_dim': 64, 'weight_decay': 0.0001}",5,40488.17288699334,7969.922110466685,84871.36163597638,6717.254696058776,14.600488137899793,3.490311207208457,1.5169687972887103,0.37031649012595247
SVR_CompositeKernel,"(1, 2, 3, 4, 5, 6, 12, 24)","{'gamma_lag': 0.5, 'gamma_local': 0.1, 'gamma_macro': 0.05, 'gamma_spatial': 0.1, 'hidden_dim': 64, 'weight_decay': 0.0}",5,42105.902179882374,8007.407246691926,84878.06575106361,7033.135644098879,14.194028249530371,3.287028419492686,1.5749990792870856,0.3676419578100355
SVR_CompositeKernel,"(1, 2, 3, 4, 5, 6, 12, 24)","{'gamma_lag': 1.0, 'gamma_local': 0.5, 'gamma_macro': 0.2, 'gamma_spatial': 1.0, 'hidden_dim': 128, 'weight_decay': 0.0001}",5,45314.719944905046,7088.105375193805,84878.12563411922,7760.688043877916,14.923258576821414,2.512054214968274,1.7006700351772779,0.37563067965293195
SVR_CompositeKernel,"(1, 2, 12, 24)","{'gamma_lag': 1.0, 'gamma_local': 0.5, 'gamma_macro': 0.2, 'gamma_spatial': 1.0, 'hidden_dim': 128, 'weight_decay': 0.0001}",5,42284.82604432398,5170.256689765296,84881.47326843298,6074.732520985154,13.348630245231718,1.8539195151362962,1.581516487162788,0.28182492148540117
SVR_CompositeKernel,"(1, 12, 24)","{'gamma_lag': 0.5, 'gamma_local': 1.0, 'gamma_macro': 0.2, 'gamma_spatial': 0.1, 'hidden_dim': 128, 'weight_decay': 0.0001}",5,38636.47539992559,1818.8655659758554,84907.40038050071,4326.089681698508,11.558997423618989,0.7692571939283728,1.4399592921786204,0.15913120569807418
SVR_CompositeKernel,"(1, 2, 12)","{'gamma_lag': 0.5, 'gamma_local': 1.0, 'gamma_macro': 0.1, 'gamma_spatial': 0.1, 'hidden_dim': 128, 'weight_decay': 0.0001}",5,37391.15309311224,3958.222072601966,84908.82714123031,6571.505276859758,11.223547462637551,1.201959164050454,1.4893898429958763,0.20653613585204222
SVR_CompositeKernel,"(1, 2, 3, 4, 5, 6, 12, 24)","{'gamma_lag': 1.0, 'gamma_local': 0.1, 'gamma_macro': 0.1, 'gamma_spatial': 1.0, 'hidden_dim': 64, 'weight_decay': 0.0001}",5,41417.752560321,7187.779871550916,84910.64154868582,6052.152941032494,13.977276251634,2.8088689509881406,1.5505885154660344,0.3454336626044189
SVR_CompositeKernel,"(1, 2, 3, 12, 24)","{'gamma_lag': 0.5, 'gamma_local': 0.5, 'gamma_macro': 0.2, 'gamma_spatial': 0.1, 'hidden_dim': 128, 'weight_decay': 0.0001}",5,40573.594750921206,4790.7340448422465,84911.29174423178,6744.224424901996,12.420241812319462,1.4321974892966505,1.5196394598549368,0.279604283423202
SVR_CompositeKernel,"(1, 2, 12)","{'gamma_lag': 0.5, 'gamma_local': 0.1, 'gamma_macro': 0.2, 'gamma_spatial': 1.0, 'hidden_dim': 64, 'weight_decay': 0.0}",5,39100.9789031498,7262.867801660582,84911.4874366667,7610.044056553354,12.443726603369816,3.007741161173447,1.5517627255653208,0.2850528076506187
SVR_CompositeKernel,"(1, 12)","{'gamma_lag': 0.5, 'gamma_local': 0.1, 'gamma_macro': 0.05, 'gamma_spatial': 0.1, 'hidden_dim': 64, 'weight_decay': 0.0001}",5,38543.78658809878,5759.910535769363,84938.87616066232,6268.043613745404,12.894815786284894,2.1827254321147724,1.5307251045570942,0.2356602464328272
SVR_CompositeKernel,"(1, 2, 3, 4, 5, 6, 12, 24)","{'gamma_lag': 1.0, 'gamma_local': 0.5, 'gamma_macro': 0.1, 'gamma_spatial': 1.0, 'hidden_dim': 128, 'weight_decay': 0.0001}",5,45449.78979148951,7712.418963735553,84946.01068864134,7514.9761591626775,14.974153779526628,2.9320688971097075,1.7037739176447715,0.38265003644770745
SVR_CompositeKernel,"(1, 2, 12, 24)","{'gamma_lag': 0.5, 'gamma_local': 0.1, 'gamma_macro': 0.2, 'gamma_spatial': 0.5, 'hidden_dim': 64, 'weight_decay': 0.0}",5,38980.63608763818,5009.191873103052,84946.93431819582,6405.78463458939,12.474347343892441,1.90166928755604,1.4564522910579538,0.2564309464180147
SVR_CompositeKernel,"(1, 2, 12, 24)","{'gamma_lag': 1.0, 'gamma_local': 1.0, 'gamma_macro': 0.2, 'gamma_spatial': 1.0, 'hidden_dim': 128, 'weight_decay': 0.0001}",5,41341.573698359556,5088.344197139935,84949.91857187715,6810.558400714267,12.968276778129724,1.6508068507542193,1.5464848375322275,0.2785610432703985
SVR_CompositeKernel,"(1, 2, 12, 24)","{'gamma_lag': 0.1, 'gamma_local': 0.5, 'gamma_macro': 0.1, 'gamma_spatial': 0.5, 'hidden_dim': 64, 'weight_decay': 0.0}",5,39443.10037645266,6313.667788669043,84950.18795198516,6494.182319906865,13.165731920089575,2.9776745302501917,1.4771841547770204,0.31371400219525425
SVR_CompositeKernel,"(1, 2, 3, 12, 24)","{'gamma_lag': 0.5, 'gamma_local': 0.1, 'gamma_macro': 0.2, 'gamma_spatial': 0.5, 'hidden_dim': 64, 'weight_decay': 0.0001}",5,39126.23254721159,5185.047421125774,84965.45271943638,6824.573968835073,12.615478437806468,1.9929709255201515,1.462181394405673,0.26369430537423344
SVR_CompositeKernel,"(1, 2, 3, 4, 5, 6, 12, 24)","{'gamma_lag': 0.1, 'gamma_local': 1.0, 'gamma_macro': 0.1, 'gamma_spatial': 1.0, 'hidden_dim': 64, 'weight_decay': 0.0}",5,38243.917548451675,2470.420279420933,84968.00971429917,5675.593088978066,11.764954999217798,0.8772437448114296,1.4276674739108877,0.1883360212764546
SVR_CompositeKernel,"(1, 12, 24)","{'gamma_lag': 1.0, 'gamma_local': 1.0, 'gamma_macro': 0.2, 'gamma_spatial': 1.0, 'hidden_dim': 128, 'weight_decay': 0.0}",5,41267.945095929,4014.619965696181,84974.79683798684,5991.058495614813,12.876814112642549,1.4724806314667669,1.540976136428375,0.23327243825199354
SVR_CompositeKernel,"(1, 2, 3, 4, 5, 6, 12, 24)","{'gamma_lag': 0.5, 'gamma_local': 1.0, 'gamma_macro': 0.05, 'gamma_spatial': 0.5, 'hidden_dim': 128, 'weight_decay': 0.0}",5,42931.904672441895,5220.379764216672,84991.9834260463,8121.851214942782,13.50039119523007,1.449278447351217,1.6082388769727427,0.30228083462090044
SVR_CompositeKernel,"(1, 12, 24)","{'gamma_lag': 1.0, 'gamma_local': 0.1, 'gamma_macro': 0.1, 'gamma_spatial': 0.5, 'hidden_dim': 64, 'weight_decay': 0.0001}",5,40983.57825255102,6065.385549859381,84999.67901867836,6846.632518996044,13.591076371686878,2.4121129966059023,1.532752981932053,0.3023425540675336
SVR_CompositeKernel,"(1, 2, 3, 4, 5, 6, 12, 24)","{'gamma_lag': 0.5, 'gamma_local': 0.1, 'gamma_macro': 0.05, 'gamma_spatial': 1.0, 'hidden_dim': 64, 'weight_decay': 0.0}",5,42834.79865274235,11386.188803318584,85012.27454512342,12100.571926045004,14.152913062782199,4.241871154571115,1.607709034323701,0.4977447319806803
SVR_CompositeKernel,"(1, 2, 3, 4, 5, 6, 12, 24)","{'gamma_lag': 0.5, 'gamma_local': 0.5, 'gamma_macro': 0.2, 'gamma_spatial': 0.5, 'hidden_dim': 128, 'weight_decay': 0.0001}",5,42074.54924399448,6096.590927255745,85013.9381191877,5780.4884829768625,13.191454619509011,2.0286047968567615,1.5765686229438873,0.3213263175114473
SVR_CompositeKernel,"(1, 12)","{'gamma_lag': 1.0, 'gamma_local': 0.1, 'gamma_macro': 0.05, 'gamma_spatial': 0.1, 'hidden_dim': 64, 'weight_decay': 0.0001}",5,38796.76686817956,5244.323227990908,85017.31876271695,5243.014984990419,12.70142156959135,2.1351849738952984,1.5410580396751992,0.21922820152762787
SVR_CompositeKernel,"(1, 2, 3, 12, 24)","{'gamma_lag': 0.1, 'gamma_local': 0.1, 'gamma_macro': 0.2, 'gamma_spatial': 1.0, 'hidden_dim': 64, 'weight_decay': 0.0}",5,36777.65183797477,3875.248950961511,85022.35631196787,5298.590710893046,11.88566802612549,1.705086981038192,1.3735406389906615,0.21612908487499288
SVR_CompositeKernel,"(1, 2, 3, 4, 5, 6, 12)","{'gamma_lag': 0.1, 'gamma_local': 0.1, 'gamma_macro': 0.2, 'gamma_spatial': 0.1, 'hidden_dim': 64, 'weight_decay': 0.0001}",5,36403.39752249858,4625.903315403567,85024.97903841625,8079.266840197255,12.063370151481847,1.665889745506962,1.4496368417438767,0.22223165237336748
SVR_CompositeKernel,"(1, 12, 24)","{'gamma_lag': 0.5, 'gamma_local': 0.1, 'gamma_macro': 0.1, 'gamma_spatial': 0.1, 'hidden_dim': 64, 'weight_decay': 0.0001}",5,39064.19659553926,7443.813425343699,85026.73180613903,8008.126726782522,12.843571189722658,3.014099337240642,1.464577137196938,0.35361757300375585
SVR_CompositeKernel,"(1, 2, 12, 24)","{'gamma_lag': 0.5, 'gamma_local': 1.0, 'gamma_macro': 0.05, 'gamma_spatial': 1.0, 'hidden_dim': 64, 'weight_decay': 0.0001}",5,40771.71784297052,4162.083942752692,85048.75116560313,6658.98157678306,12.709709760294848,1.2480926508101555,1.5255974339998448,0.2570987915351001
SVR_CompositeKernel,"(1, 2, 3, 12, 24)","{'gamma_lag': 1.0, 'gamma_local': 0.5, 'gamma_macro': 0.2, 'gamma_spatial': 0.5, 'hidden_dim': 128, 'weight_decay': 0.0}",5,43217.553623246175,3992.426623031181,85056.61118782382,5648.76896851032,14.063077951568653,1.9614377066251298,1.6104514546384432,0.21466211277694955
SVR_CompositeKernel,"(1, 12)","{'gamma_lag': 1.0, 'gamma_local': 1.0, 'gamma_macro': 0.2, 'gamma_spatial': 0.5, 'hidden_dim': 128, 'weight_decay': 0.0}",5,39108.510961415814,2669.958052995616,85057.36169253793,6472.906964478483,11.819553675860003,0.7283917537488777,1.5559120410419855,0.15847841407583524
SVR_CompositeKernel,"(1, 12)","{'gamma_lag': 0.5, 'gamma_local': 1.0, 'gamma_macro': 0.05, 'gamma_spatial': 1.0, 'hidden_dim': 64, 'weight_decay': 0.0001}",5,38536.357653946994,4148.111364485532,85072.10081965169,6440.745630174309,11.921522501606665,1.5521797430815691,1.5328914127900974,0.19760609583272226
SVR_CompositeKernel,"(1, 2, 12, 24)","{'gamma_lag': 0.5, 'gamma_local': 1.0, 'gamma_macro': 0.2, 'gamma_spatial': 0.5, 'hidden_dim': 128, 'weight_decay': 0.0}",5,41511.875508875426,2223.5454609817543,85076.67372710242,4699.6796874321035,12.84658643931561,1.001479121269433,1.5435768972735502,0.13819070797357932
SVR_CompositeKernel,"(1, 2, 3, 12, 24)","{'gamma_lag': 0.1, 'gamma_local': 1.0, 'gamma_macro': 0.2, 'gamma_spatial': 1.0, 'hidden_dim': 64, 'weight_decay': 0.0001}",5,38800.27040462018,4550.042822442524,85083.32801512799,5348.679641208481,12.368049584949272,2.0571914615569318,1.4496218580955955,0.24339485119561086
SVR_CompositeKernel,"(1, 2, 3, 12)","{'gamma_lag': 0.1, 'gamma_local': 0.1, 'gamma_macro': 0.2, 'gamma_spatial': 0.5, 'hidden_dim': 64, 'weight_decay': 0.0001}",5,37397.64768592333,6157.428935992364,85084.40554098054,5527.367748746314,12.424620031887374,2.9986447511413856,1.4834509187369467,0.24103374790293006
SVR_CompositeKernel,"(1, 2, 12, 24)","{'gamma_lag': 1.0, 'gamma_local': 0.1, 'gamma_macro': 0.2, 'gamma_spatial': 0.5, 'hidden_dim': 64, 'weight_decay': 0.0}",5,40589.14255863804,5393.481680510863,85090.43869564423,7481.970213361115,13.409185592543347,2.3788651071111135,1.51615306776518,0.26960895112362027
SVR_CompositeKernel,"(1, 12)","{'gamma_lag': 1.0, 'gamma_local': 0.1, 'gamma_macro': 0.05, 'gamma_spatial': 0.1, 'hidden_dim': 64, 'weight_decay': 0.0}",5,39529.44586212089,6833.397343223922,85092.06195488488,6345.973053111156,12.961474995833223,2.82691805940091,1.5702038503833033,0.27826193618834566
SVR_CompositeKernel,"(1, 12)","{'gamma_lag': 0.1, 'gamma_local': 1.0, 'gamma_macro': 0.05, 'gamma_spatial': 1.0, 'hidden_dim': 64, 'weight_decay': 0.0}",5,39380.11600145266,6073.454258123618,85094.94398054582,7066.813386046028,13.279395970416875,2.456523367327717,1.5658718619512357,0.26235934556859675
SVR_CompositeKernel,"(1, 2, 3, 12)","{'gamma_lag': 1.0, 'gamma_local': 0.5, 'gamma_macro': 0.2, 'gamma_spatial': 1.0, 'hidden_dim': 128, 'weight_decay': 0.0}",5,43698.89866912911,3534.016364493864,85116.58833654426,4864.155958069119,14.011182707516562,1.2034532860724527,1.7351530907052832,0.15925367303900737
SVR_CompositeKernel,"(1, 2, 3, 4, 5, 6, 12)","{'gamma_lag': 0.5, 'gamma_local': 0.5, 'gamma_macro': 0.05, 'gamma_spatial': 0.1, 'hidden_dim': 128, 'weight_decay': 0.0}",5,41730.442087850766,5752.368272132051,85122.2914281588,6718.009607429461,12.882599666888325,1.8528587948512636,1.659690665957561,0.25853881856597777
SVR_CompositeKernel,"(1, 2, 3, 12, 24)","{'gamma_lag': 0.5, 'gamma_local': 0.5, 'gamma_macro': 0.1, 'gamma_spatial': 0.5, 'hidden_dim': 64, 'weight_decay': 0.0}",5,39751.78715720663,3990.96983334075,85122.66944271214,4864.412853678684,12.446709489696959,1.3997242272933088,1.4858556822303775,0.23807987264976505
SVR_CompositeKernel,"(1, 2, 12, 24)","{'gamma_lag': 0.1, 'gamma_local': 0.1, 'gamma_macro': 0.2, 'gamma_spatial': 0.5, 'hidden_dim': 64, 'weight_decay': 0.0}",5,37406.666632564484,3584.0878857033335,85128.59221865938,4767.2922618049915,12.446903868109228,1.9265042686286287,1.3958358768219803,0.20399807681423887
SVR_CompositeKernel,"(1, 2, 12)","{'gamma_lag': 0.5, 'gamma_local': 0.1, 'gamma_macro': 0.1, 'gamma_spatial': 0.5, 'hidden_dim': 64, 'weight_decay': 0.0}",5,39251.37510806405,6658.217276817115,85172.24555078303,3666.0165168306535,12.493094440250212,2.8568836714837356,1.5580167803715477,0.2640369090897564
SVR_CompositeKernel,"(1, 12, 24)","{'gamma_lag': 0.5, 'gamma_local': 0.1, 'gamma_macro': 0.2, 'gamma_spatial': 0.5, 'hidden_dim': 64, 'weight_decay': 0.0001}",5,38059.19794191114,3605.8697087087594,85172.76209097933,4515.222840169327,11.985462682977062,1.4909793109891056,1.4207892851081563,0.21160190885340763
SVR_CompositeKernel,"(1, 2, 3, 4, 5, 6, 12, 24)","{'gamma_lag': 0.1, 'gamma_local': 0.5, 'gamma_macro': 0.1, 'gamma_spatial': 1.0, 'hidden_dim': 64, 'weight_decay': 0.0001}",5,39665.57724587231,6422.510080375102,85176.22560994334,8328.464315712958,12.473375719007901,2.6545033310150052,1.4891004902764644,0.3334127014657299
SVR_CompositeKernel,"(1, 2, 12, 24)","{'gamma_lag': 0.1, 'gamma_local': 0.5, 'gamma_macro': 0.2, 'gamma_spatial': 1.0, 'hidden_dim': 64, 'weight_decay': 0.0001}",5,38762.32249105371,5888.653238057469,85185.0621390364,8002.040221426701,12.663616727009712,2.67907954285605,1.452874852492139,0.3029794975409528
SVR_CompositeKernel,"(1, 2, 3, 12)","{'gamma_lag': 0.1, 'gamma_local': 0.1, 'gamma_macro': 0.2, 'gamma_spatial': 1.0, 'hidden_dim': 64, 'weight_decay': 0.0}",5,37255.35988254676,6830.429254005086,85185.55073929035,7727.051018270059,12.402994721844362,3.231996749536907,1.4798735621169505,0.2758219351824777
SVR_CompositeKernel,"(1, 12, 24)","{'gamma_lag': 1.0, 'gamma_local': 1.0, 'gamma_macro': 0.05, 'gamma_spatial': 0.1, 'hidden_dim': 128, 'weight_decay': 0.0}",5,42087.85290267148,3499.169607822952,85195.43320503682,4627.54215820958,12.803863096879862,1.2220473426374043,1.5705716807337284,0.21924141575597395
SVR_CompositeKernel,"(1, 12, 24)","{'gamma_lag': 1.0, 'gamma_local': 1.0, 'gamma_macro': 0.2, 'gamma_spatial': 1.0, 'hidden_dim': 128, 'weight_decay': 0.0001}",5,41615.28120748299,2078.867323747965,85198.09082307396,5214.495027325137,13.045938495408478,0.5735010606218389,1.5517793592200644,0.18032361351001852
SVR_CompositeKernel,"(1, 2, 3, 12, 24)","{'gamma_lag': 1.0, 'gamma_local': 0.5, 'gamma_macro': 0.05, 'gamma_spatial': 0.1, 'hidden_dim': 128, 'weight_decay': 0.0}",5,44224.7562132405,5396.277594673241,85201.38141929118,7001.756707703307,14.088784183679929,1.5673887823741173,1.6560142291575979,0.31040245434231556
SVR_CompositeKernel,"(1, 2, 3, 12)","{'gamma_lag': 0.5, 'gamma_local': 1.0, 'gamma_macro': 0.2, 'gamma_spatial': 0.5, 'hidden_dim': 128, 'weight_decay': 0.0001}",5,39544.53709963152,3214.3110396853217,85217.46141189185,6102.127625385021,11.956445804497516,0.9992769707094623,1.573514408279276,0.17787736724573172
SVR_CompositeKernel,"(1, 2, 12)","{'gamma_lag': 0.1, 'gamma_local': 0.5, 'gamma_macro': 0.1, 'gamma_spatial': 0.1, 'hidden_dim': 64, 'weight_decay': 0.0}",5,36628.796829825675,4012.7287411036677,85223.5157743799,7826.779432446275,12.414663981919015,1.6410682525250124,1.4579707242097188,0.19855924897246363
SVR_CompositeKernel,"(1, 2, 3, 12)","{'gamma_lag': 1.0, 'gamma_local': 0.1, 'gamma_macro': 0.05, 'gamma_spatial': 0.1, 'hidden_dim': 64, 'weight_decay': 0.0001}",5,40803.87235375921,6095.992731658322,85227.83839469787,6094.743266581578,13.644604505621752,2.2778374795575114,1.622014164097895,0.25920646843841466
SVR_CompositeKernel,"(1, 12, 24)","{'gamma_lag': 0.1, 'gamma_local': 0.5, 'gamma_macro': 0.05, 'gamma_spatial': 0.1, 'hidden_dim': 64, 'weight_decay': 0.0001}",5,38649.197239051864,4211.396173299541,85248.28378551055,5677.542916421811,13.178130207147756,2.3872577451125987,1.4461066601425885,0.24854673972642172
SVR_CompositeKernel,"(1, 2, 3, 12)","{'gamma_lag': 0.1, 'gamma_local': 0.1, 'gamma_macro': 0.05, 'gamma_spatial': 0.5, 'hidden_dim': 64, 'weight_decay': 0.0001}",5,37722.460847151364,6625.669369647822,85253.21670719092,7823.587576970599,12.835160215370482,2.6399296218736863,1.4990098141736614,0.2734142936404943
SVR_CompositeKernel,"(1, 2, 3, 12, 24)","{'gamma_lag': 1.0, 'gamma_local': 1.0, 'gamma_macro': 0.05, 'gamma_spatial': 0.5, 'hidden_dim': 128, 'weight_decay': 0.0}",5,43403.77538619614,4770.692186987999,85263.9309929404,6773.715931692812,13.711070144692073,1.4920277586612136,1.6236689731389067,0.2785415159953157
SVR_CompositeKernel,"(1, 12)","{'gamma_lag': 0.1, 'gamma_local': 0.5, 'gamma_macro': 0.1, 'gamma_spatial': 0.5, 'hidden_dim': 64, 'weight_decay': 0.0001}",5,38877.20385531816,6270.808052389361,85264.92355148413,8313.447533727165,13.492272477333634,3.0780870860893055,1.5463710628507834,0.2667634048062645
SVR_CompositeKernel,"(1, 2, 3, 4, 5, 6, 12)","{'gamma_lag': 1.0, 'gamma_local': 0.5, 'gamma_macro': 0.2, 'gamma_spatial': 1.0, 'hidden_dim': 128, 'weight_decay': 0.0}",5,44024.10783818735,6308.447600410393,85267.80498618116,6656.391855255245,14.365712695276756,2.1849384874140894,1.7511997787061069,0.2782043010033097
SVR_CompositeKernel,"(1, 12, 24)","{'gamma_lag': 0.1, 'gamma_local': 0.5, 'gamma_macro': 0.1, 'gamma_spatial': 0.1, 'hidden_dim': 64, 'weight_decay': 0.0}",5,37613.46363157242,2635.6929878101723,85271.58872680718,4644.7423270817935,12.388070612007969,0.9983180233822134,1.4041559059585027,0.19152213602031065
SVR_CompositeKernel,"(1, 12)","{'gamma_lag': 0.5, 'gamma_local': 1.0, 'gamma_macro': 0.1, 'gamma_spatial': 0.1, 'hidden_dim': 128, 'weight_decay': 0.0}",5,38113.18916746386,2951.788977646964,85271.83355702886,7027.738149173465,11.933341541491709,1.0101499194613444,1.5154935595110457,0.1546210738252728
SVR_CompositeKernel,"(1, 2, 3, 4, 5, 6, 12, 24)","{'gamma_lag': 1.0, 'gamma_local': 0.1, 'gamma_macro': 0.05, 'gamma_spatial': 0.1, 'hidden_dim': 64, 'weight_decay': 0.0}",5,42487.5087616036,5758.1998114329035,85271.84360832337,5881.378365396538,14.465348530358643,2.075982871390102,1.5897975333391479,0.3033228249368245
SVR_CompositeKernel,"(1, 12, 24)","{'gamma_lag': 1.0, 'gamma_local': 0.5, 'gamma_macro': 0.1, 'gamma_spatial': 0.1, 'hidden_dim': 128, 'weight_decay': 0.0}",5,40604.21875,3590.3603421040266,85281.502814472,4449.412894484854,12.401786546961603,1.2805242723813386,1.5169170769657896,0.23022144793830043
SVR_CompositeKernel,"(1, 2, 3, 12, 24)","{'gamma_lag': 0.1, 'gamma_local': 1.0, 'gamma_macro': 0.1, 'gamma_spatial': 0.5, 'hidden_dim': 64, 'weight_decay': 0.0001}",5,39545.86056370465,3930.118748388376,85282.68832677254,5774.102429388986,12.978365083429537,1.8655357136359885,1.4778920047952315,0.23479030690133326
SVR_CompositeKernel,"(1, 2, 12)","{'gamma_lag': 0.1, 'gamma_local': 0.1, 'gamma_macro': 0.2, 'gamma_spatial': 0.5, 'hidden_dim': 64, 'weight_decay': 0.0}",5,39092.58339932327,8415.115930898117,85287.20548427719,8112.030531719579,13.792712721330577,3.660015262048508,1.5532881172688515,0.3385054489743968
SVR_CompositeKernel,"(1, 2, 3, 4, 5, 6, 12)","{'gamma_lag': 0.1, 'gamma_local': 1.0, 'gamma_macro': 0.1, 'gamma_spatial': 1.0, 'hidden_dim': 64, 'weight_decay': 0.0001}",5,38691.132205304,4446.607646163949,85287.53375344872,5553.5459929744065,12.094605137473554,1.855549507196676,1.5371085043748878,0.18987381112703292
SVR_CompositeKernel,"(1, 2, 12, 24)","{'gamma_lag': 0.1, 'gamma_local': 1.0, 'gamma_macro': 0.05, 'gamma_spatial': 0.1, 'hidden_dim': 64, 'weight_decay': 0.0001}",5,40882.00303465136,2439.666161559699,85296.59721402384,7247.797187693973,14.046544771141253,1.2136218231638438,1.5227588286364107,0.17009782409079055
SVR_CompositeKernel,"(1, 2, 12)","{'gamma_lag': 1.0, 'gamma_local': 0.5, 'gamma_macro': 0.1, 'gamma_spatial': 0.1, 'hidden_dim': 128, 'weight_decay': 0.0001}",5,40896.612309559234,3640.512893814318,85332.70843528332,6597.71398714693,12.587149457729359,1.1203450075591437,1.6256029992735956,0.17804656040807168
SVR_CompositeKernel,"(1, 2, 12)","{'gamma_lag': 0.1, 'gamma_local': 0.5, 'gamma_macro': 0.2, 'gamma_spatial': 0.1, 'hidden_dim': 64, 'weight_decay': 0.0001}",5,37097.76582208404,3426.133739692943,85341.30490445107,6555.827217654208,12.682140717629343,1.6827308511873778,1.474475562641638,0.1607129628754385
SVR_CompositeKernel,"(1, 12, 24)","{'gamma_lag': 1.0, 'gamma_local': 0.1, 'gamma_macro': 0.1, 'gamma_spatial': 1.0, 'hidden_dim': 64, 'weight_decay': 0.0}",5,41007.991505456346,6307.325689265919,85344.3188708028,6480.273442260251,13.26490739347418,2.6129495031362193,1.533571704372676,0.3074375499862293
SVR_CompositeKernel,"(1, 2, 3, 4, 5, 6, 12)","{'gamma_lag': 0.5, 'gamma_local': 0.5, 'gamma_macro': 0.2, 'gamma_spatial': 1.0, 'hidden_dim': 128, 'weight_decay': 0.0001}",5,42133.7683257157,6511.252978523096,85352.46170750824,7044.775183172439,13.494216531219132,2.20395190574874,1.6764463460581236,0.28853021595744416
SVR_CompositeKernel,"(1, 2, 3, 4, 5, 6, 12, 24)","{'gamma_lag': 0.5, 'gamma_local': 0.5, 'gamma_macro': 0.2, 'gamma_spatial': 0.5, 'hidden_dim': 128, 'weight_decay': 0.0}",5,42412.8064909297,6099.067746175635,85354.32629713324,7598.069640047504,13.232389162866165,1.9414253712657552,1.5908372285251184,0.330332754136783
SVR_CompositeKernel,"(1, 2, 3, 12)","{'gamma_lag': 1.0, 'gamma_local': 1.0, 'gamma_macro': 0.1, 'gamma_spatial': 0.5, 'hidden_dim': 128, 'weight_decay': 0.0}",5,42911.56112085459,2921.4977602899467,85361.60169534358,5460.468658298178,13.458641613134528,1.0445620984875605,1.7052835192114049,0.15287416425976483
SVR_CompositeKernel,"(1, 2, 3, 12)","{'gamma_lag': 0.5, 'gamma_local': 0.5, 'gamma_macro': 0.2, 'gamma_spatial': 1.0, 'hidden_dim': 128, 'weight_decay': 0.0001}",5,40131.19028574972,3463.4963171356494,85365.82748003062,5074.894258873484,12.350546589399123,1.2298148971562297,1.5958085816516154,0.17379880396288938
SVR_CompositeKernel,"(1, 12, 24)","{'gamma_lag': 1.0, 'gamma_local': 0.5, 'gamma_macro': 0.1, 'gamma_spatial': 0.1, 'hidden_dim': 128, 'weight_decay': 0.0001}",5,41800.059817885485,5131.500277828093,85369.92649105412,6927.332522093261,12.925445455211307,1.4270602461597945,1.566209568428441,0.30054881223478175
SVR_CompositeKernel,"(1, 12, 24)","{'gamma_lag': 0.5, 'gamma_local': 1.0, 'gamma_macro': 0.1, 'gamma_spatial': 1.0, 'hidden_dim': 64, 'weight_decay': 0.0001}",5,39172.88588081066,2233.072422017856,85380.07923968816,5453.083823570821,12.011702229930297,0.6498061319065135,1.4616156472588728,0.1823144584506288
SVR_CompositeKernel,"(1, 12)","{'gamma_lag': 0.1, 'gamma_local': 0.5, 'gamma_macro': 0.1, 'gamma_spatial': 0.1, 'hidden_dim': 64, 'weight_decay': 0.0}",5,36029.61873139881,4117.045315050105,85383.27102072781,7654.428499962779,12.31129229525201,1.7021832285068224,1.4338394129993257,0.19693759276767558
SVR_CompositeKernel,"(1, 12)","{'gamma_lag': 1.0, 'gamma_local': 0.1, 'gamma_macro': 0.1, 'gamma_spatial': 1.0, 'hidden_dim': 64, 'weight_decay': 0.0}",5,39391.69709112812,6789.2568066609265,85388.09702593515,6611.476240957907,12.526601916638185,2.72287958973325,1.5629128486565729,0.2659535539724898
SVR_CompositeKernel,"(1, 2, 12)","{'gamma_lag': 1.0, 'gamma_local': 1.0, 'gamma_macro': 0.05, 'gamma_spatial': 0.5, 'hidden_dim': 128, 'weight_decay': 0.0001}",5,41211.14101828232,4411.415925662456,85393.99608746191,6672.567376293989,12.60255161538763,1.3469074157006473,1.6371854224444413,0.19382835103734922
SVR_CompositeKernel,"(1, 2, 3, 4, 5, 6, 12, 24)","{'gamma_lag': 1.0, 'gamma_local': 0.5, 'gamma_macro': 0.2, 'gamma_spatial': 1.0, 'hidden_dim': 128, 'weight_decay': 0.0}",5,44098.07071641156,6025.339380484845,85396.64149069983,7138.296883649241,14.354113747418182,2.340197751989412,1.6493750538408236,0.3100080712316804
SVR_CompositeKernel,"(1, 2, 3, 12)","{'gamma_lag': 1.0, 'gamma_local': 1.0, 'gamma_macro': 0.1, 'gamma_spatial': 1.0, 'hidden_dim': 128, 'weight_decay': 0.0}",5,42750.937794518846,4379.284484264183,85398.53558241678,5126.4176820687235,13.697368142585455,1.4465109056781904,1.6982193820596563,0.19641986369585937
SVR_CompositeKernel,"(1, 12, 24)","{'gamma_lag': 0.1, 'gamma_local': 1.0, 'gamma_macro': 0.1, 'gamma_spatial': 0.5, 'hidden_dim': 64, 'weight_decay': 0.0}",5,39860.44717749079,3053.484457042524,85401.33222943525,6922.506116603965,13.485179446704095,1.5100011162033407,1.4852652288304005,0.18178934394236387
SVR_CompositeKernel,"(1, 12, 24)","{'gamma_lag': 1.0, 'gamma_local': 0.5, 'gamma_macro': 0.2, 'gamma_spatial': 0.1, 'hidden_dim': 128, 'weight_decay': 0.0001}",5,40872.75488414116,3363.47752883487,85401.40542508604,5870.623339926038,12.84433505886921,1.0954688626215165,1.5245149108523905,0.20507524454957385
SVR_CompositeKernel,"(1, 2, 12, 24)","{'gamma_lag': 1.0, 'gamma_local': 1.0, 'gamma_macro': 0.1, 'gamma_spatial': 0.5, 'hidden_dim': 128, 'weight_decay': 0.0}",5,43296.67436003047,3815.9196064807466,85402.38774945054,4692.134390948977,13.864701281446667,1.2588196473677529,1.6182826062594322,0.250343437687784
SVR_CompositeKernel,"(1, 12)","{'gamma_lag': 0.5, 'gamma_local': 0.1, 'gamma_macro': 0.2, 'gamma_spatial': 0.1, 'hidden_dim': 64, 'weight_decay': 0.0}",5,36700.20807335955,3619.1234623642613,85416.72777690175,6706.076501150124,11.950634627345087,1.4487686749654645,1.4577103370294913,0.15765644174772805
SVR_CompositeKernel,"(1, 2, 3, 12, 24)","{'gamma_lag': 1.0, 'gamma_local': 1.0, 'gamma_macro': 0.05, 'gamma_spatial': 0.1, 'hidden_dim': 128, 'weight_decay': 0.0}",5,44820.21099064626,3712.9432690507133,85417.99892314344,6611.480211989087,14.191289643291332,1.1822725097644808,1.6751203370308054,0.25091974738831263
SVR_CompositeKernel,"(1, 12)","{'gamma_lag': 0.5, 'gamma_local': 1.0, 'gamma_macro': 0.05, 'gamma_spatial': 0.5, 'hidden_dim': 64, 'weight_decay': 0.0001}",5,39006.442732249154,4775.843659095694,85422.01098599992,7278.176957914955,12.277369289931645,2.313216427929274,1.5498223239286204,0.2043535853572096
SVR_CompositeKernel,"(1, 2, 12)","{'gamma_lag': 1.0, 'gamma_local': 0.5, 'gamma_macro': 0.2, 'gamma_spatial': 0.1, 'hidden_dim': 128, 'weight_decay': 0.0001}",5,39717.55485446783,4149.570109833674,85428.42172888972,5947.535329768779,12.081765412636038,1.297564680062367,1.5797263354922957,0.20151786890251405
SVR_CompositeKernel,"(1, 2, 3, 4, 5, 6, 12)","{'gamma_lag': 1.0, 'gamma_local': 1.0, 'gamma_macro': 0.1, 'gamma_spatial': 1.0, 'hidden_dim': 128, 'weight_decay': 0.0}",5,45056.603720680985,5483.775917932868,85429.93764803049,5210.859344900678,14.746854516108039,2.011236463820992,1.7902109983087318,0.23780530437392575
SVR_CompositeKernel,"(1, 2, 12, 24)","{'gamma_lag': 0.1, 'gamma_local': 0.5, 'gamma_macro': 0.1, 'gamma_spatial': 0.1, 'hidden_dim': 64, 'weight_decay': 0.0}",5,39141.311564182965,4560.235643999219,85435.59253790966,7657.4927951656655,13.529818439448565,2.365045831291046,1.4648148950902442,0.2610513739803377
SVR_CompositeKernel,"(1, 12, 24)","{'gamma_lag': 0.1, 'gamma_local': 0.5, 'gamma_macro': 0.1, 'gamma_spatial': 0.1, 'hidden_dim': 64, 'weight_decay': 0.0001}",5,38014.05787671839,3352.3057077005465,85447.0120678021,6119.9526269896905,12.889851595330654,1.543638582013673,1.4154164008145436,0.17598425628577347
SVR_CompositeKernel,"(1, 12)","{'gamma_lag': 0.1, 'gamma_local': 0.5, 'gamma_macro': 0.2, 'gamma_spatial': 1.0, 'hidden_dim': 64, 'weight_decay': 0.0001}",5,38309.40279327877,5999.539462566186,85449.10143398009,6482.9919290075795,12.931443690058945,3.1667863964131224,1.5208108126321007,0.2402622056690621
SVR_CompositeKernel,"(1, 12, 24)","{'gamma_lag': 0.1, 'gamma_local': 1.0, 'gamma_macro': 0.2, 'gamma_spatial': 0.1, 'hidden_dim': 64, 'weight_decay': 0.0}",5,37100.88556414754,1972.7247680100925,85455.98821087016,5844.509729791275,12.406330286609222,1.1631845691778093,1.3833207634892284,0.16129401304790905
SVR_CompositeKernel,"(1, 2, 12, 24)","{'gamma_lag': 1.0, 'gamma_local': 1.0, 'gamma_macro': 0.2, 'gamma_spatial': 0.5, 'hidden_dim': 128, 'weight_decay': 0.0001}",5,42457.266309700964,2474.1140806572485,85459.55454907173,5072.206563620538,13.583124485067348,0.7725543734522647,1.582352767674612,0.1823010749511265
SVR_CompositeKernel,"(1, 2, 3, 12)","{'gamma_lag': 0.1, 'gamma_local': 0.1, 'gamma_macro': 0.2, 'gamma_spatial': 0.1, 'hidden_dim': 64, 'weight_decay': 0.0}",5,36935.09596752764,5782.671478127459,85459.62952092488,5527.288715418069,12.66588628552157,2.3572951760577285,1.4662237728440064,0.23242528714106195
SVR_CompositeKernel,"(1, 2, 3, 4, 5, 6, 12, 24)","{'gamma_lag': 1.0, 'gamma_local': 0.5, 'gamma_macro': 0.2, 'gamma_spatial': 0.5, 'hidden_dim': 128, 'weight_decay': 0.0}",5,43956.175599224065,6903.641978089992,85461.50453641517,6800.486905638501,14.334912738226873,2.4975984357968386,1.6436752124306218,0.3362452478891304
SVR_CompositeKernel,"(1, 12)","{'gamma_lag': 0.1, 'gamma_local': 1.0, 'gamma_macro': 0.05, 'gamma_spatial': 0.1, 'hidden_dim': 64, 'weight_decay': 0.0}",5,35775.956757546766,3406.0036014219772,85467.30202435007,7122.631620124045,12.06439935574344,1.2833250874624418,1.4233876203027018,0.17534416989741702
SVR_CompositeKernel,"(1, 2, 3, 12, 24)","{'gamma_lag': 0.1, 'gamma_local': 0.5, 'gamma_macro': 0.05, 'gamma_spatial': 0.1, 'hidden_dim': 64, 'weight_decay': 0.0001}",5,38717.20230521896,3758.0865550450876,85468.47623268985,8712.084471179318,12.746360902369922,0.8859583069698448,1.4472882933141262,0.23349346685574768
SVR_CompositeKernel,"(1, 12, 24)","{'gamma_lag': 1.0, 'gamma_local': 1.0, 'gamma_macro': 0.2, 'gamma_spatial': 0.5, 'hidden_dim': 128, 'weight_decay': 0.0001}",5,42103.614591305275,1561.085430917672,85468.62821151722,6253.023462157091,13.35312694667505,0.49942816631627623,1.5685494689583792,0.15917897235126277
SVR_CompositeKernel,"(1, 12, 24)","{'gamma_lag': 0.1, 'gamma_local': 1.0, 'gamma_macro': 0.05, 'gamma_spatial': 0.1, 'hidden_dim': 64, 'weight_decay': 0.0001}",5,38940.42566964285,3182.0453816965614,85470.04145175537,5869.607353955099,13.502455241385366,1.9720257049402883,1.4468249134965174,0.14377000610838706
SVR_CompositeKernel,"(1, 2, 3, 12, 24)","{'gamma_lag': 0.5, 'gamma_local': 0.5, 'gamma_macro': 0.05, 'gamma_spatial': 1.0, 'hidden_dim': 64, 'weight_decay': 0.0001}",5,41234.88035714286,6643.442719680696,85472.77332332844,8179.8889025650005,12.895068185648366,2.1880399545137372,1.5465653633544987,0.34028353931080807
SVR_CompositeKernel,"(1, 2, 3, 12, 24)","{'gamma_lag': 0.1, 'gamma_local': 0.1, 'gamma_macro': 0.2, 'gamma_spatial': 0.1, 'hidden_dim': 64, 'weight_decay': 0.0}",5,37360.73269734977,4308.107710014403,85473.24171262389,9061.779584814698,12.713551668274484,1.6473394846791007,1.3982179536396524,0.2491422547898482
SVR_CompositeKernel,"(1, 12, 24)","{'gamma_lag': 0.5, 'gamma_local': 0.5, 'gamma_macro': 0.05, 'gamma_spatial': 0.5, 'hidden_dim': 64, 'weight_decay': 0.0001}",5,38559.48064457554,3276.9977577237573,85476.38427593696,7642.4443307652455,11.84488445885644,1.3228323231455035,1.4393044517487357,0.20237567131198556
SVR_CompositeKernel,"(1, 12)","{'gamma_lag': 0.1, 'gamma_local': 0.1, 'gamma_macro': 0.2, 'gamma_spatial': 1.0, 'hidden_dim': 64, 'weight_decay': 0.0001}",5,40132.54833209325,6428.471302549175,85490.11139160072,7095.071853003686,14.196478446963718,2.819166065169364,1.595141819029509,0.27058107557660127
SVR_CompositeKernel,"(1, 2, 3, 12, 24)","{'gamma_lag': 0.5, 'gamma_local': 0.5, 'gamma_macro': 0.05, 'gamma_spatial': 1.0, 'hidden_dim': 64, 'weight_decay': 0.0}",5,40770.43802393354,3842.88725812359,85495.36298969957,5685.479480265479,12.9773836393673,1.187157005866473,1.5238698807821234,0.23952066608644054
SVR_CompositeKernel,"(1, 2, 3, 12)","{'gamma_lag': 0.5, 'gamma_local': 1.0, 'gamma_macro': 0.2, 'gamma_spatial': 0.5, 'hidden_dim': 128, 'weight_decay': 0.0}",5,40151.50981168509,3477.5852837809443,85506.72416501319,7885.987070163709,12.414966445012745,1.058446126891764,1.5983166624606535,0.19068447825192994
SVR_CompositeKernel,"(1, 2, 3, 12, 24)","{'gamma_lag': 0.1, 'gamma_local': 1.0, 'gamma_macro': 0.1, 'gamma_spatial': 1.0, 'hidden_dim': 64, 'weight_decay': 0.0}",5,40966.30772436579,4231.906256040984,85508.21656595996,5982.037652891209,13.43623033818723,1.806342215612799,1.531219804599072,0.2476657228509794
SVR_CompositeKernel,"(1, 2, 12)","{'gamma_lag': 0.5, 'gamma_local': 1.0, 'gamma_macro': 0.2, 'gamma_spatial': 0.5, 'hidden_dim': 128, 'weight_decay': 0.0001}",5,37795.31241053713,3111.311357826563,85509.37338685096,5879.459923081719,11.427388726447807,0.8844031743579809,1.504714667671926,0.17726722234103218
SVR_CompositeKernel,"(1, 2, 12)","{'gamma_lag': 0.1, 'gamma_local': 0.1, 'gamma_macro': 0.2, 'gamma_spatial': 0.1, 'hidden_dim': 64, 'weight_decay': 0.0001}",5,34986.055600286985,4791.592068004554,85516.09347097758,5637.233977404181,11.917239158105902,2.1031250955594545,1.3906041386619907,0.2054947324376534
SVR_CompositeKernel,"(1, 2, 12)","{'gamma_lag': 1.0, 'gamma_local': 0.1, 'gamma_macro': 0.1, 'gamma_spatial': 0.5, 'hidden_dim': 64, 'weight_decay': 0.0001}",5,41173.65972443666,7291.212372938249,85522.56479361003,5373.977273784499,13.42043342946491,2.8423562517779715,1.632918762574653,0.2831504446032423
SVR_CompositeKernel,"(1, 2, 12)","{'gamma_lag': 1.0, 'gamma_local': 1.0, 'gamma_macro': 0.2, 'gamma_spatial': 0.5, 'hidden_dim': 128, 'weight_decay': 0.0}",5,41219.63702611253,2432.3404700852825,85537.27655730395,5570.273411097435,12.735908798897094,0.7171016602292265,1.6392635587946784,0.15127808186223007
SVR_CompositeKernel,"(1, 2, 3, 4, 5, 6, 12)","{'gamma_lag': 0.5, 'gamma_local': 0.5, 'gamma_macro': 0.2, 'gamma_spatial': 0.5, 'hidden_dim': 128, 'weight_decay': 0.0001}",5,41003.48690476191,5133.851136424069,85540.43951555267,7057.617618210682,12.898443195565202,1.636127810736425,1.6323950949346138,0.24454188305483368
SVR_CompositeKernel,"(1, 2, 3, 4, 5, 6, 12)","{'gamma_lag': 0.5, 'gamma_local': 0.1, 'gamma_macro': 0.05, 'gamma_spatial': 0.1, 'hidden_dim': 64, 'weight_decay': 0.0}",5,40509.36752719317,6995.221058548705,85544.38734753884,5160.010737045525,13.403410330030368,2.828623071239203,1.6087065703702261,0.28498786163957
SVR_CompositeKernel,"(1, 12)","{'gamma_lag': 0.5, 'gamma_local': 0.1, 'gamma_macro': 0.1, 'gamma_spatial': 1.0, 'hidden_dim': 64, 'weight_decay': 0.0001}",5,40182.888976137336,9144.881399344467,85550.91114346946,8378.566488093998,13.35003663741826,3.5875901731551094,1.5926407199935235,0.3507621624707938
SVR_CompositeKernel,"(1, 2, 12, 24)","{'gamma_lag': 0.1, 'gamma_local': 0.1, 'gamma_macro': 0.2, 'gamma_spatial': 0.5, 'hidden_dim': 64, 'weight_decay': 0.0001}",5,39760.657711522115,8358.95764960134,85551.33514407833,7020.285283388149,13.841529501057982,3.669643822591102,1.4858629209579919,0.3680638591184995
SVR_CompositeKernel,"(1, 2, 3, 12, 24)","{'gamma_lag': 0.5, 'gamma_local': 0.1, 'gamma_macro': 0.1, 'gamma_spatial': 1.0, 'hidden_dim': 64, 'weight_decay': 0.0001}",5,41102.603729095805,7206.543621488354,85561.77811465393,7167.002846519205,13.338872740480616,2.8861513487274864,1.537354658123839,0.33844336294017524
SVR_CompositeKernel,"(1, 12)","{'gamma_lag': 0.1, 'gamma_local': 0.5, 'gamma_macro': 0.2, 'gamma_spatial': 1.0, 'hidden_dim': 64, 'weight_decay': 0.0}",5,38883.14233498087,5027.555309364988,85561.78431131979,7848.364429502997,13.329072287296276,2.254929433164409,1.5472283220825118,0.22897382194033303
SVR_CompositeKernel,"(1, 2, 3, 12, 24)","{'gamma_lag': 0.1, 'gamma_local': 1.0, 'gamma_macro': 0.05, 'gamma_spatial': 0.1, 'hidden_dim': 64, 'weight_decay': 0.0}",5,40642.87999840562,3272.3054738150076,85564.2982514289,5544.703745593671,13.755245018209887,1.2332471734495962,1.5184255426559958,0.22461386504922437
SVR_CompositeKernel,"(1, 12, 24)","{'gamma_lag': 1.0, 'gamma_local': 0.1, 'gamma_macro': 0.1, 'gamma_spatial': 0.1, 'hidden_dim': 64, 'weight_decay': 0.0001}",5,40794.562035413124,8938.75965258137,85574.44884816787,6106.098871791643,13.402036374316197,3.5183781139543635,1.5284997694967526,0.403227689825036
SVR_CompositeKernel,"(1, 12)","{'gamma_lag': 1.0, 'gamma_local': 0.1, 'gamma_macro': 0.05, 'gamma_spatial': 0.5, 'hidden_dim': 64, 'weight_decay': 0.0}",5,39485.92968971442,6487.67786406438,85575.68068698862,6297.728065061602,12.662925319939761,2.722642882810492,1.56720489564715,0.25702027616652084
SVR_CompositeKernel,"(1, 2, 3, 4, 5, 6, 12)","{'gamma_lag': 0.1, 'gamma_local': 0.5, 'gamma_macro': 0.05, 'gamma_spatial': 1.0, 'hidden_dim': 64, 'weight_decay': 0.0001}",5,39558.83939112104,4475.680877204848,85577.02790203183,4389.958678167869,12.675010481913343,1.7399630206373298,1.572657726766945,0.20614107068586016
SVR_CompositeKernel,"(1, 2, 12, 24)","{'gamma_lag': 0.1, 'gamma_local': 0.5, 'gamma_macro': 0.05, 'gamma_spatial': 0.1, 'hidden_dim': 64, 'weight_decay': 0.0001}",5,38614.24068700396,3546.1931033273054,85582.17001569619,5986.005961357318,13.104345569542176,1.7814866604145945,1.4432325925501668,0.22406634190269767
SVR_CompositeKernel,"(1, 2, 3, 4, 5, 6, 12, 24)","{'gamma_lag': 0.5, 'gamma_local': 0.1, 'gamma_macro': 0.1, 'gamma_spatial': 0.1, 'hidden_dim': 64, 'weight_decay': 0.0001}",5,41902.72637737387,7679.0901487099745,85584.33422093121,7962.750503217416,14.02421667803505,2.878721967190225,1.5706710484038668,0.36855428972058424
SVR_CompositeKernel,"(1, 12, 24)","{'gamma_lag': 0.1, 'gamma_local': 1.0, 'gamma_macro': 0.05, 'gamma_spatial': 1.0, 'hidden_dim': 64, 'weight_decay': 0.0}",5,40204.20089197137,5133.631583473807,85586.83393138608,6589.745925034411,13.691262196336435,2.613513203378638,1.5027308433445823,0.2687749079507118
SVR_CompositeKernel,"(1, 2, 3, 4, 5, 6, 12)","{'gamma_lag': 1.0, 'gamma_local': 1.0, 'gamma_macro': 0.05, 'gamma_spatial': 0.5, 'hidden_dim': 128, 'weight_decay': 0.0001}",5,44469.64557291666,5709.916539816053,85595.87871248994,6424.798748978605,14.326202270111542,1.785621789175487,1.7673341966075398,0.24990152609096353
SVR_CompositeKernel,"(1, 12, 24)","{'gamma_lag': 1.0, 'gamma_local': 0.5, 'gamma_macro': 0.05, 'gamma_spatial': 1.0, 'hidden_dim': 64, 'weight_decay': 0.0001}",5,40300.73673380811,2398.0231571246304,85606.62685858135,4564.5138309827225,12.621378312029474,0.8647484249176955,1.5026251607434102,0.18077328123151087
SVR_CompositeKernel,"(1, 2, 12)","{'gamma_lag': 0.5, 'gamma_local': 0.5, 'gamma_macro': 0.05, 'gamma_spatial': 0.5, 'hidden_dim': 64, 'weight_decay': 0.0001}",5,39156.37689599277,4949.988329308455,85613.4720024897,8278.38642088654,11.999784394430947,1.675045584785941,1.5578276885742326,0.22786817745625615
SVR_CompositeKernel,"(1, 2, 3, 4, 5, 6, 12, 24)","{'gamma_lag': 0.5, 'gamma_local': 0.1, 'gamma_macro': 0.05, 'gamma_spatial': 0.1, 'hidden_dim': 64, 'weight_decay': 0.0001}",5,42161.357802313636,8132.083054243989,85622.69741367755,7264.593656920683,14.323879032913643,2.998420188148125,1.5822447844178085,0.39170199874457495
SVR_CompositeKernel,"(1, 2, 12, 24)","{'gamma_lag': 1.0, 'gamma_local': 1.0, 'gamma_macro': 0.1, 'gamma_spatial': 1.0, 'hidden_dim': 128, 'weight_decay': 0.0}",5,43213.85527698058,6289.166337216355,85624.83915491283,7281.2937515740205,13.668509341297067,2.147183242131594,1.6201505436218415,0.3350488220811183
SVR_CompositeKernel,"(1, 12, 24)","{'gamma_lag': 1.0, 'gamma_local': 0.5, 'gamma_macro': 0.05, 'gamma_spatial': 0.5, 'hidden_dim': 64, 'weight_decay': 0.0001}",5,40902.41282684949,4198.658323158165,85640.92833109487,7014.871845428272,12.985946034342671,1.5253291023824072,1.5281822877306825,0.2404178065500025
SVR_CompositeKernel,"(1, 2, 3, 12, 24)","{'gamma_lag': 0.5, 'gamma_local': 0.1, 'gamma_macro': 0.2, 'gamma_spatial': 1.0, 'hidden_dim': 64, 'weight_decay': 0.0}",5,40580.42585964073,7602.692718869363,85643.63733696031,5201.413236237374,13.121735275172455,3.14480295094907,1.5178712676208157,0.3502206205907935
SVR_CompositeKernel,"(1, 12)","{'gamma_lag': 0.5, 'gamma_local': 0.1, 'gamma_macro': 0.2, 'gamma_spatial': 0.5, 'hidden_dim': 64, 'weight_decay': 0.0001}",5,38768.34608843537,7166.114469130466,85667.08592410845,8075.070888459217,12.688503450518727,3.073815735818779,1.5413893806344237,0.2954547301937112
SVR_CompositeKernel,"(1, 2, 3, 12)","{'gamma_lag': 0.1, 'gamma_local': 0.1, 'gamma_macro': 0.1, 'gamma_spatial': 1.0, 'hidden_dim': 64, 'weight_decay': 0.0001}",5,40262.60768937784,6325.649738162262,85674.22831126009,7550.268498709709,13.997766668349376,2.8111738024486974,1.596606252646021,0.2427866294004353
SVR_CompositeKernel,"(1, 2, 12)","{'gamma_lag': 0.1, 'gamma_local': 1.0, 'gamma_macro': 0.05, 'gamma_spatial': 0.1, 'hidden_dim': 64, 'weight_decay': 0.0001}",5,38541.76035687713,3673.249619872106,85677.9251108324,6675.694075954248,13.368527328156668,1.4617598332369277,1.5322145955233752,0.17573902291920715
SVR_CompositeKernel,"(1, 2, 12, 24)","{'gamma_lag': 0.1, 'gamma_local': 0.5, 'gamma_macro': 0.2, 'gamma_spatial': 0.1, 'hidden_dim': 64, 'weight_decay': 0.0}",5,40561.35829037344,4709.354192145726,85692.56110319347,6822.666027789832,14.213970654343205,2.2897308238777856,1.516172627326776,0.25801608684950555
SVR_CompositeKernel,"(1, 2, 3, 12)","{'gamma_lag': 0.5, 'gamma_local': 1.0, 'gamma_macro': 0.1, 'gamma_spatial': 0.1, 'hidden_dim': 128, 'weight_decay': 0.0}",5,39770.09520842192,4884.999722493199,85694.83443293697,6068.138931295601,11.904632745175494,1.3989431053183006,1.5831287945257495,0.23717288097775735
SVR_CompositeKernel,"(1, 2, 3, 12)","{'gamma_lag': 1.0, 'gamma_local': 1.0, 'gamma_macro': 0.1, 'gamma_spatial': 1.0, 'hidden_dim': 128, 'weight_decay': 0.0001}",5,42743.08453266723,3947.519027027751,85695.05908788748,5847.120406968161,13.556904905327325,1.3562244667721448,1.6986815059885783,0.18672692592903536
SVR_CompositeKernel,"(1, 2, 12, 24)","{'gamma_lag': 0.1, 'gamma_local': 0.5, 'gamma_macro': 0.1, 'gamma_spatial': 0.1, 'hidden_dim': 64, 'weight_decay': 0.0001}",5,37580.76106239371,4026.523459262595,85702.34738072047,7453.8391144735515,12.395299876095999,1.6678952187700946,1.406917019644735,0.244888010679306
SVR_CompositeKernel,"(1, 2, 12, 24)","{'gamma_lag': 0.5, 'gamma_local': 0.5, 'gamma_macro': 0.05, 'gamma_spatial': 1.0, 'hidden_dim': 64, 'weight_decay': 0.0001}",5,39441.443548929994,3877.4065663000824,85709.05418964347,8739.33199289271,12.15491963333768,1.0769890245020315,1.4753424575313752,0.24052764586951794
SVR_CompositeKernel,"(1, 2, 12)","{'gamma_lag': 1.0, 'gamma_local': 0.1, 'gamma_macro': 0.05, 'gamma_spatial': 1.0, 'hidden_dim': 64, 'weight_decay': 0.0}",5,40579.910922441886,6674.736786125376,85716.06078055078,7738.420593092339,13.191749437209069,2.550625752767135,1.6113333639326854,0.26754593196932935
SVR_CompositeKernel,"(1, 2, 12)","{'gamma_lag': 0.5, 'gamma_local': 0.5, 'gamma_macro': 0.1, 'gamma_spatial': 1.0, 'hidden_dim': 64, 'weight_decay': 0.0001}",5,38443.85443328373,3547.014745188443,85722.2226046303,6496.251040604053,11.762397740994142,1.3738250561134957,1.5272766056786473,0.1585399312274946
SVR_CompositeKernel,"(1, 12)","{'gamma_lag': 0.1, 'gamma_local': 1.0, 'gamma_macro': 0.1, 'gamma_spatial': 0.1, 'hidden_dim': 64, 'weight_decay': 0.0001}",5,36283.34696844884,3639.9380085175917,85722.27048428892,5101.643765083304,11.983255515578648,1.4187091517320953,1.442350393740209,0.17001223298945545
SVR_CompositeKernel,"(1, 2, 12)","{'gamma_lag': 0.1, 'gamma_local': 0.1, 'gamma_macro': 0.2, 'gamma_spatial': 0.1, 'hidden_dim': 64, 'weight_decay': 0.0}",5,35900.96398278061,5660.6760833027265,85730.62752702636,7672.2811042330795,12.117716228222266,2.4245601501393295,1.4264584446218778,0.23341317383999122
SVR_CompositeKernel,"(1, 2, 3, 4, 5, 6, 12)","{'gamma_lag': 0.5, 'gamma_local': 0.1, 'gamma_macro': 0.05, 'gamma_spatial': 1.0, 'hidden_dim': 64, 'weight_decay': 0.0}",5,41974.63189041241,9914.706400536677,85737.87820911109,11387.55680620018,13.59962166522691,3.4583449922945957,1.6667787956363695,0.3923539356742983
SVR_CompositeKernel,"(1, 2, 12)","{'gamma_lag': 1.0, 'gamma_local': 1.0, 'gamma_macro': 0.1, 'gamma_spatial': 0.5, 'hidden_dim': 128, 'weight_decay': 0.0001}",5,41287.41320905967,4336.979917139081,85738.94977749282,5557.771898678856,12.834193925828401,1.5002598486312744,1.639461131506892,0.18579764577422644
SVR_CompositeKernel,"(1, 2, 12, 24)","{'gamma_lag': 0.5, 'gamma_local': 0.1, 'gamma_macro': 0.2, 'gamma_spatial': 0.1, 'hidden_dim': 64, 'weight_decay': 0.0}",5,40018.14877232142,7420.502088121782,85742.37089528955,6277.712537874807,13.198663193495921,2.9887539069210907,1.4996061414429758,0.35344254866565683
SVR_CompositeKernel,"(1, 2, 3, 4, 5, 6, 12, 24)","{'gamma_lag': 0.5, 'gamma_local': 0.5, 'gamma_macro': 0.1, 'gamma_spatial': 0.1, 'hidden_dim': 128, 'weight_decay': 0.0001}",5,43108.01236093395,5818.771720508772,85753.39665702906,7688.901625878408,13.49234096335797,2.010973442341767,1.6133496099473352,0.3063577597380978
SVR_CompositeKernel,"(1, 12, 24)","{'gamma_lag': 0.1, 'gamma_local': 1.0, 'gamma_macro': 0.1, 'gamma_spatial': 0.1, 'hidden_dim': 64, 'weight_decay': 0.0}",5,38702.48332846159,2315.505505606991,85754.02550965155,6248.0136064919925,13.122576904880571,0.7150014770583638,1.4427342696785235,0.1745319411367053
SVR_CompositeKernel,"(1, 12, 24)","{'gamma_lag': 0.1, 'gamma_local': 1.0, 'gamma_macro': 0.05, 'gamma_spatial': 0.1, 'hidden_dim': 64, 'weight_decay': 0.0}",5,39521.879737988944,2853.2121945242125,85756.00194729588,4662.807450383116,13.592325827349375,1.2648794563754022,1.4736504149247807,0.18850545567017235
SVR_CompositeKernel,"(1, 2, 3, 4, 5, 6, 12, 24)","{'gamma_lag': 1.0, 'gamma_local': 1.0, 'gamma_macro': 0.1, 'gamma_spatial': 1.0, 'hidden_dim': 128, 'weight_decay': 0.0}",5,45254.28082350128,6919.1796744033845,85759.06444339326,6828.119838982431,14.696362624669513,2.4972162501766304,1.6971983334687928,0.36347954994918746
SVR_CompositeKernel,"(1, 2, 3, 12, 24)","{'gamma_lag': 0.5, 'gamma_local': 0.1, 'gamma_macro': 0.05, 'gamma_spatial': 0.1, 'hidden_dim': 64, 'weight_decay': 0.0}",5,41237.91810781604,7338.366480141517,85765.36549335602,4641.387537490856,13.80990700219455,2.9297745042118573,1.5441879336713698,0.3509474356320287
SVR_CompositeKernel,"(1, 2, 12)","{'gamma_lag': 0.5, 'gamma_local': 0.5, 'gamma_macro': 0.2, 'gamma_spatial': 0.1, 'hidden_dim': 128, 'weight_decay': 0.0001}",5,36808.330780984266,3514.8298221589157,85782.56331054153,7845.623393696935,11.07741985964434,1.054377206701537,1.464630168721524,0.1790920604238917
SVR_CompositeKernel,"(1, 12, 24)","{'gamma_lag': 0.1, 'gamma_local': 0.5, 'gamma_macro': 0.1, 'gamma_spatial': 0.5, 'hidden_dim': 64, 'weight_decay': 0.0}",5,39793.89637188209,5202.134429101087,85782.84014204924,6334.267494893193,13.372781464207483,2.50872722961433,1.4847946511864003,0.25513852275487636
SVR_CompositeKernel,"(1, 2, 3, 4, 5, 6, 12, 24)","{'gamma_lag': 1.0, 'gamma_local': 1.0, 'gamma_macro': 0.05, 'gamma_spatial': 0.5, 'hidden_dim': 128, 'weight_decay': 0.0}",5,44931.55051994757,5786.727100866723,85791.18961175023,7003.031590181311,14.450827272909873,2.005603306539562,1.6822236953887546,0.3178589317312099
SVR_CompositeKernel,"(1, 2, 12)","{'gamma_lag': 0.1, 'gamma_local': 0.5, 'gamma_macro': 0.05, 'gamma_spatial': 0.1, 'hidden_dim': 64, 'weight_decay': 0.0}",5,38743.17670156604,4598.818961710801,85791.41410242558,7846.13194300827,13.496656275599998,2.3566136071481245,1.5410890440296534,0.2136619769180225
SVR_CompositeKernel,"(1, 2, 12, 24)","{'gamma_lag': 0.5, 'gamma_local': 1.0, 'gamma_macro': 0.1, 'gamma_spatial': 0.1, 'hidden_dim': 128, 'weight_decay': 0.0001}",5,39938.76072358631,3076.150973431249,85794.55154283543,4657.18098526365,12.00239730669158,0.8320471212888314,1.4915033050732656,0.21428704196539933
SVR_CompositeKernel,"(1, 2, 12)","{'gamma_lag': 0.1, 'gamma_local': 1.0, 'gamma_macro': 0.05, 'gamma_spatial': 0.5, 'hidden_dim': 64, 'weight_decay': 0.0001}",5,39032.50538858773,3753.8911521445993,85796.46511323229,5139.931708030594,13.216752760770394,1.6632006194054008,1.5511345953220215,0.17397479376863284
SVR_CompositeKernel,"(1, 12, 24)","{'gamma_lag': 0.1, 'gamma_local': 0.1, 'gamma_macro': 0.1, 'gamma_spatial': 0.5, 'hidden_dim': 64, 'weight_decay': 0.0001}",5,39468.67788628473,8914.519853457976,85809.78647389667,6145.54183780765,13.869713456830553,4.859549778214848,1.475971080650473,0.38958938669960785
SVR_CompositeKernel,"(1, 12)","{'gamma_lag': 0.1, 'gamma_local': 0.5, 'gamma_macro': 0.1, 'gamma_spatial': 1.0, 'hidden_dim': 64, 'weight_decay': 0.0001}",5,38981.12180236678,8079.890586127493,85817.9081456307,6971.760954884419,13.326518793900757,4.3079672253214385,1.550339882031959,0.33154050688152853
SVR_CompositeKernel,"(1, 2, 3, 4, 5, 6, 12)","{'gamma_lag': 0.5, 'gamma_local': 0.1, 'gamma_macro': 0.05, 'gamma_spatial': 1.0, 'hidden_dim': 64, 'weight_decay': 0.0001}",5,42081.956091004104,6373.225234879896,85818.59126179232,7835.204916281998,13.81248628461272,2.31142250557892,1.6730501334742875,0.2710456070483796
SVR_CompositeKernel,"(1, 2, 12, 24)","{'gamma_lag': 0.5, 'gamma_local': 0.5, 'gamma_macro': 0.2, 'gamma_spatial': 0.1, 'hidden_dim': 128, 'weight_decay': 0.0}",5,39203.401006678716,3183.1961022149667,85822.03538842192,5077.156801683372,11.934318161343535,1.1066917358897663,1.4634481564219997,0.20523657823632155
SVR_CompositeKernel,"(1, 2, 3, 12, 24)","{'gamma_lag': 0.5, 'gamma_local': 1.0, 'gamma_macro': 0.05, 'gamma_spatial': 0.1, 'hidden_dim': 128, 'weight_decay': 0.0}",5,42289.84906551162,3404.898563798908,85836.23308836887,4316.4809990550875,12.783214433439863,1.0024082921064987,1.5798115356110174,0.23464860753410527
SVR_CompositeKernel,"(1, 2, 3, 12, 24)","{'gamma_lag': 0.1, 'gamma_local': 1.0, 'gamma_macro': 0.05, 'gamma_spatial': 0.5, 'hidden_dim': 64, 'weight_decay': 0.0001}",5,41081.003857975484,4031.660057939562,85841.04422667611,6602.301093285675,13.847573030870606,1.917898409190154,1.5318049511137384,0.21643799965833388
SVR_CompositeKernel,"(1, 2, 3, 4, 5, 6, 12)","{'gamma_lag': 1.0, 'gamma_local': 0.5, 'gamma_macro': 0.2, 'gamma_spatial': 0.5, 'hidden_dim': 128, 'weight_decay': 0.0001}",5,43508.099917180414,6569.29026349196,85849.85814177438,7050.708758472925,13.912342012382561,2.221114196303398,1.7309884480690236,0.28871747850393104
SVR_CompositeKernel,"(1, 2, 3, 12)","{'gamma_lag': 1.0, 'gamma_local': 1.0, 'gamma_macro': 0.2, 'gamma_spatial': 1.0, 'hidden_dim': 128, 'weight_decay': 0.0001}",5,43379.743445294785,4762.04696107805,85853.89571848654,6540.9492664082645,13.907668892194305,1.5676968964962286,1.7236809499552428,0.2104109836347057
SVR_CompositeKernel,"(1, 2, 3, 12, 24)","{'gamma_lag': 0.1, 'gamma_local': 1.0, 'gamma_macro': 0.05, 'gamma_spatial': 0.1, 'hidden_dim': 64, 'weight_decay': 0.0001}",5,40277.24148685516,2264.45894053517,85867.10382937241,6389.275685526501,13.387091087245835,0.7961116391780755,1.5027238036716999,0.18578682582426587
SVR_CompositeKernel,"(1, 12)","{'gamma_lag': 0.1, 'gamma_local': 1.0, 'gamma_macro': 0.05, 'gamma_spatial': 0.5, 'hidden_dim': 64, 'weight_decay': 0.0001}",5,38533.608994118484,7043.851712645472,85874.93857869235,6700.552857123331,13.376104595036818,2.9589718486824217,1.5327339018815223,0.30149910946039493
SVR_CompositeKernel,"(1, 2, 12, 24)","{'gamma_lag': 1.0, 'gamma_local': 0.5, 'gamma_macro': 0.1, 'gamma_spatial': 0.1, 'hidden_dim': 128, 'weight_decay': 0.0001}",5,42503.61289903983,5094.33675341726,85886.1376183308,6341.23944234362,13.136016004549973,1.8076790023192735,1.586562997714252,0.26346489539714424
SVR_CompositeKernel,"(1, 12, 24)","{'gamma_lag': 1.0, 'gamma_local': 0.1, 'gamma_macro': 0.2, 'gamma_spatial': 0.5, 'hidden_dim': 64, 'weight_decay': 0.0}",5,40068.25919784581,6531.582643598058,85888.17016461198,6187.029585557833,12.980883736202784,2.435168007373066,1.5004593722049302,0.3219656209411455
SVR_CompositeKernel,"(1, 2, 12, 24)","{'gamma_lag': 0.5, 'gamma_local': 0.1, 'gamma_macro': 0.2, 'gamma_spatial': 1.0, 'hidden_dim': 64, 'weight_decay': 0.0}",5,40021.45104166666,7457.462958809874,85889.51995114746,8112.133003943093,12.849677316269396,2.8669482491940688,1.495831666447113,0.33710770933042206
SVR_CompositeKernel,"(1, 2, 3, 4, 5, 6, 12)","{'gamma_lag': 1.0, 'gamma_local': 1.0, 'gamma_macro': 0.05, 'gamma_spatial': 0.5, 'hidden_dim': 128, 'weight_decay': 0.0}",5,44157.420786387476,5762.184608973127,85894.0124352443,6483.696581507411,14.147753947228827,1.8498352748065237,1.7541476187005127,0.24548573308617985
SVR_CompositeKernel,"(1, 2, 12)","{'gamma_lag': 0.5, 'gamma_local': 0.1, 'gamma_macro': 0.05, 'gamma_spatial': 0.1, 'hidden_dim': 64, 'weight_decay': 0.0001}",5,40209.557432947135,8553.304291772278,85894.40687598698,8106.103743986785,13.533009536267631,3.77317860628163,1.5942626686823815,0.3298488110984248
SVR_CompositeKernel,"(1, 2, 12, 24)","{'gamma_lag': 0.1, 'gamma_local': 0.5, 'gamma_macro': 0.1, 'gamma_spatial': 1.0, 'hidden_dim': 64, 'weight_decay': 0.0001}",5,38796.46039496529,4537.053358314784,85901.55661558457,5635.581971852251,12.3659415979191,2.075214224912686,1.450366508750363,0.25063170881010205
SVR_CompositeKernel,"(1, 2, 12, 24)","{'gamma_lag': 1.0, 'gamma_local': 1.0, 'gamma_macro': 0.05, 'gamma_spatial': 0.1, 'hidden_dim': 128, 'weight_decay': 0.0001}",5,44118.4796781994,3603.8308412916645,85908.63161941586,4865.372261326722,13.802637367479537,0.7870841054229698,1.6487582663524525,0.24597281450218525
SVR_CompositeKernel,"(1, 2, 12, 24)","{'gamma_lag': 0.5, 'gamma_local': 1.0, 'gamma_macro': 0.1, 'gamma_spatial': 0.1, 'hidden_dim': 128, 'weight_decay': 0.0}",5,40551.50893477183,3615.1065736542846,85914.80551970858,7519.6990308726545,12.210348955884161,1.0217430711653728,1.51639998449161,0.23985842109428515
SVR_CompositeKernel,"(1, 12, 24)","{'gamma_lag': 0.1, 'gamma_local': 0.1, 'gamma_macro': 0.2, 'gamma_spatial': 0.5, 'hidden_dim': 64, 'weight_decay': 0.0001}",5,37165.52279177296,5145.002955934319,85915.81193154855,5525.180909620854,12.475361579695255,2.412352444167366,1.3916597364366066,0.2744623820409574
SVR_CompositeKernel,"(1, 2, 3, 4, 5, 6, 12, 24)","{'gamma_lag': 0.5, 'gamma_local': 1.0, 'gamma_macro': 0.05, 'gamma_spatial': 0.5, 'hidden_dim': 128, 'weight_decay': 0.0001}",5,42081.66081437783,5472.759511302514,85918.47400521296,8126.355185117618,13.130268996640046,1.8183218063216486,1.5766333084089983,0.3035556533048174
SVR_CompositeKernel,"(1, 12, 24)","{'gamma_lag': 0.1, 'gamma_local': 1.0, 'gamma_macro': 0.2, 'gamma_spatial': 1.0, 'hidden_dim': 64, 'weight_decay': 0.0001}",5,39927.28081862953,3309.3940945628888,85921.56682141866,5468.258172161316,13.256541486972736,1.5350800897733854,1.4891312431619066,0.20144715541659397
SVR_CompositeKernel,"(1, 2, 12, 24)","{'gamma_lag': 0.5, 'gamma_local': 0.5, 'gamma_macro': 0.1, 'gamma_spatial': 1.0, 'hidden_dim': 64, 'weight_decay': 0.0001}",5,40521.88542552438,3798.5518817432812,85925.19012866003,5665.879365534487,12.614631663363951,1.3355439585060407,1.5145834957377562,0.23603138108478508
SVR_CompositeKernel,"(1, 2, 3, 12)","{'gamma_lag': 0.5, 'gamma_local': 0.1, 'gamma_macro': 0.05, 'gamma_spatial': 0.1, 'hidden_dim': 64, 'weight_decay': 0.0}",5,39507.21330738025,3831.819869443166,85930.61026227097,5675.471820695947,12.973243448143304,1.5404821227705936,1.5686673987244197,0.16311800647171593
SVR_CompositeKernel,"(1, 2, 12)","{'gamma_lag': 0.1, 'gamma_local': 1.0, 'gamma_macro': 0.05, 'gamma_spatial': 0.1, 'hidden_dim': 64, 'weight_decay': 0.0}",5,37765.03785032242,3536.6480365724697,85935.62767708003,5617.39398932549,12.733901426021507,1.4613262609812487,1.5030096056601583,0.18547760714837758
SVR_CompositeKernel,"(1, 2, 12)","{'gamma_lag': 0.1, 'gamma_local': 0.5, 'gamma_macro': 0.05, 'gamma_spatial': 1.0, 'hidden_dim': 64, 'weight_decay': 0.0}",5,41500.91390793297,7850.450127459674,85939.03304170228,7548.015644904942,14.659487654925613,3.9931422208865417,1.646167596348161,0.3045403310534497
SVR_CompositeKernel,"(1, 2, 3, 4, 5, 6, 12)","{'gamma_lag': 0.1, 'gamma_local': 0.1, 'gamma_macro': 0.2, 'gamma_spatial': 1.0, 'hidden_dim': 64, 'weight_decay': 0.0}",5,37750.14912087231,3532.897124046566,85957.61363491113,7408.29777364198,12.0927370140686,1.146035032749677,1.5018545713296945,0.18027028759440475
SVR_CompositeKernel,"(1, 2, 3, 4, 5, 6, 12)","{'gamma_lag': 0.1, 'gamma_local': 1.0, 'gamma_macro': 0.05, 'gamma_spatial': 1.0, 'hidden_dim': 64, 'weight_decay': 0.0001}",5,40588.26535794005,4682.873436591853,85965.13208958328,8480.628565793366,12.998118350854941,1.51632278028919,1.6156124166953354,0.22717480103678503
SVR_CompositeKernel,"(1, 2, 12)","{'gamma_lag': 1.0, 'gamma_local': 1.0, 'gamma_macro': 0.05, 'gamma_spatial': 0.1, 'hidden_dim': 128, 'weight_decay': 0.0001}",5,43313.28596894487,4677.517570365879,85966.45039375806,7384.14233565285,13.314246997651082,1.2362014501495462,1.7247533980006995,0.2386079193884679
SVR_CompositeKernel,"(1, 2, 12)","{'gamma_lag': 1.0, 'gamma_local': 0.5, 'gamma_macro': 0.05, 'gamma_spatial': 1.0, 'hidden_dim': 64, 'weight_decay': 0.0}",5,40699.36402396896,4938.415016251413,85971.4134647856,6693.383533760529,12.725722236830048,1.5761730618480303,1.6174224093331122,0.2157578181654337
SVR_CompositeKernel,"(1, 2, 3, 4, 5, 6, 12, 24)","{'gamma_lag': 1.0, 'gamma_local': 1.0, 'gamma_macro': 0.05, 'gamma_spatial': 1.0, 'hidden_dim': 128, 'weight_decay': 0.0}",5,46802.4411865788,6444.956165275489,85980.14850036163,9376.200635894082,15.415688598006156,1.8600268072733717,1.7545497674135286,0.3541480221683784
SVR_CompositeKernel,"(1, 2, 12)","{'gamma_lag': 0.1, 'gamma_local': 0.1, 'gamma_macro': 0.2, 'gamma_spatial': 0.5, 'hidden_dim': 64, 'weight_decay': 0.0001}",5,37347.278313669216,5462.788408267259,85980.66454102394,8450.302118867103,12.450800566402892,2.455780441764628,1.4833265074144413,0.22437344120589675
SVR_CompositeKernel,"(1, 12)","{'gamma_lag': 1.0, 'gamma_local': 0.1, 'gamma_macro': 0.1, 'gamma_spatial': 0.5, 'hidden_dim': 64, 'weight_decay': 0.0001}",5,40272.014489884496,7997.116885543203,85983.6983778036,8207.858327692362,13.090689330457085,3.2859113158367954,1.599914962876292,0.32153915837070196
SVR_CompositeKernel,"(1, 12)","{'gamma_lag': 1.0, 'gamma_local': 1.0, 'gamma_macro': 0.1, 'gamma_spatial': 0.1, 'hidden_dim': 128, 'weight_decay': 0.0001}",5,41280.87289673682,2659.500366304287,85984.58779248278,5382.657058411506,12.560011827643459,0.7007084416588402,1.640772544266968,0.14813011095028344
SVR_CompositeKernel,"(1, 2, 3, 12)","{'gamma_lag': 0.5, 'gamma_local': 0.5, 'gamma_macro': 0.2, 'gamma_spatial': 0.1, 'hidden_dim': 128, 'weight_decay': 0.0001}",5,39813.79171228387,4978.132983245443,85985.97542609784,8149.097814935307,12.229975113371827,1.6301624937159964,1.5841080433538752,0.23200632370449237
SVR_CompositeKernel,"(1, 2, 12, 24)","{'gamma_lag': 1.0, 'gamma_local': 0.1, 'gamma_macro': 0.2, 'gamma_spatial': 1.0, 'hidden_dim': 64, 'weight_decay': 0.0001}",5,42252.76457979025,5413.068838279952,85987.95339062343,6586.893888494482,13.735025705345695,2.0859053050058267,1.579063473854465,0.2818253858120777
SVR_CompositeKernel,"(1, 2, 3, 4, 5, 6, 12)","{'gamma_lag': 0.1, 'gamma_local': 0.5, 'gamma_macro': 0.05, 'gamma_spatial': 1.0, 'hidden_dim': 64, 'weight_decay': 0.0}",5,39899.20634699192,5998.673234525053,85990.92966643014,7120.777533091127,12.79328898388941,2.225880706423885,1.5878979936088728,0.2724109611032794
SVR_CompositeKernel,"(1, 2, 3, 4, 5, 6, 12, 24)","{'gamma_lag': 1.0, 'gamma_local': 0.1, 'gamma_macro': 0.1, 'gamma_spatial': 1.0, 'hidden_dim': 64, 'weight_decay': 0.0}",5,45188.83618817318,8072.85336152704,85991.90681476492,5367.739178628088,15.590930537851886,3.190013425228876,1.6933074429552704,0.3915022560000564
SVR_CompositeKernel,"(1, 2, 3, 12, 24)","{'gamma_lag': 0.1, 'gamma_local': 0.1, 'gamma_macro': 0.2, 'gamma_spatial': 0.1, 'hidden_dim': 64, 'weight_decay': 0.0001}",5,36866.94570755386,3527.864551625354,85994.02061551818,6142.730289102602,12.33385806973302,1.5844532852900157,1.3757383661957423,0.20055791885564675
SVR_CompositeKernel,"(1, 2, 3, 4, 5, 6, 12, 24)","{'gamma_lag': 0.1, 'gamma_local': 0.5, 'gamma_macro': 0.05, 'gamma_spatial': 0.1, 'hidden_dim': 64, 'weight_decay': 0.0001}",5,39297.86975933602,4163.311545831646,85994.60936465857,3883.162801958518,12.660879634980038,1.4401660659520208,1.4706666060940474,0.2573943362488493
SVR_CompositeKernel,"(1, 2, 12)","{'gamma_lag': 0.5, 'gamma_local': 1.0, 'gamma_macro': 0.1, 'gamma_spatial': 0.1, 'hidden_dim': 128, 'weight_decay': 0.0}",5,38963.39528459821,3346.512240681946,86010.7780354565,6111.942482243423,11.876977754788177,1.1949737793299677,1.5495575939544504,0.17146750279348072
SVR_CompositeKernel,"(1, 12, 24)","{'gamma_lag': 1.0, 'gamma_local': 1.0, 'gamma_macro': 0.05, 'gamma_spatial': 1.0, 'hidden_dim': 64, 'weight_decay': 0.0}",5,41435.486546467546,3214.0865465749016,86010.96817220667,5356.044144570407,12.90135521346503,0.9965210441942857,1.5474807057379039,0.22029336669162047
SVR_CompositeKernel,"(1, 2, 12)","{'gamma_lag': 1.0, 'gamma_local': 0.1, 'gamma_macro': 0.1, 'gamma_spatial': 0.5, 'hidden_dim': 64, 'weight_decay': 0.0}",5,39414.64967492205,5766.429221813292,86011.64252335671,5630.971963103616,12.701228395956262,2.395145135418795,1.5646546485194168,0.23166494546557886
SVR_CompositeKernel,"(1, 2, 3, 4, 5, 6, 12, 24)","{'gamma_lag': 0.1, 'gamma_local': 1.0, 'gamma_macro': 0.2, 'gamma_spatial': 1.0, 'hidden_dim': 64, 'weight_decay': 0.0}",5,38740.14394398384,3120.239713594043,86013.09109136075,5372.831795130545,11.980141317838395,1.14242069969415,1.447262299711739,0.20968570151484067
SVR_CompositeKernel,"(1, 2, 3, 4, 5, 6, 12, 24)","{'gamma_lag': 0.5, 'gamma_local': 1.0, 'gamma_macro': 0.1, 'gamma_spatial': 1.0, 'hidden_dim': 128, 'weight_decay': 0.0001}",5,43831.26527379181,4831.782613034482,86023.32796585446,4750.13334741657,14.041818871403228,1.456540918897017,1.6398410807837738,0.2877748236073256
SVR_CompositeKernel,"(1, 2, 3, 12)","{'gamma_lag': 0.1, 'gamma_local': 0.1, 'gamma_macro': 0.1, 'gamma_spatial': 0.5, 'hidden_dim': 64, 'weight_decay': 0.0001}",5,37941.53017334539,5138.354476557106,86027.42342803444,4637.350452941439,12.699772282236044,2.5587292872632457,1.5070522760561436,0.21458810987640595
SVR_CompositeKernel,"(1, 2, 3, 4, 5, 6, 12)","{'gamma_lag': 1.0, 'gamma_local': 0.5, 'gamma_macro': 0.05, 'gamma_spatial': 0.1, 'hidden_dim': 128, 'weight_decay': 0.0}",5,45534.319078178145,7103.210470261219,86030.00383699448,7652.122784859645,14.792233612658581,2.621723100040699,1.8108296503902686,0.3039493940189411
SVR_CompositeKernel,"(1, 2, 3, 12, 24)","{'gamma_lag': 1.0, 'gamma_local': 1.0, 'gamma_macro': 0.1, 'gamma_spatial': 0.5, 'hidden_dim': 128, 'weight_decay': 0.0}",5,44536.796716446996,3854.996004091826,86032.58304796976,6684.096096035093,14.381031860153394,1.3148622516003592,1.661727825630992,0.23318190281021614
SVR_CompositeKernel,"(1, 2, 3, 12)","{'gamma_lag': 0.1, 'gamma_local': 0.1, 'gamma_macro': 0.1, 'gamma_spatial': 0.1, 'hidden_dim': 64, 'weight_decay': 0.0}",5,38922.58845131802,5980.245849513047,86034.9800773643,7346.777065846225,13.657674368829849,2.4701508595973043,1.5481547903975745,0.26106929798598133
SVR_CompositeKernel,"(1, 2, 12, 24)","{'gamma_lag': 1.0, 'gamma_local': 0.1, 'gamma_macro': 0.1, 'gamma_spatial': 0.5, 'hidden_dim': 64, 'weight_decay': 0.0001}",5,41464.76032764669,6279.460840246094,86044.65030648043,6059.572652034442,13.595789109939943,2.3315637780391696,1.5531348126332725,0.3209555956211867
SVR_CompositeKernel,"(1, 2, 3, 12, 24)","{'gamma_lag': 1.0, 'gamma_local': 1.0, 'gamma_macro': 0.2, 'gamma_spatial': 0.5, 'hidden_dim': 128, 'weight_decay': 0.0001}",5,43649.283372307254,3510.4429874069806,86045.40386625328,6216.4234437046025,13.980499637585098,1.2622214398303677,1.6292986819395239,0.22436034887623876
SVR_CompositeKernel,"(1, 2, 3, 4, 5, 6, 12)","{'gamma_lag': 0.1, 'gamma_local': 0.5, 'gamma_macro': 0.05, 'gamma_spatial': 0.5, 'hidden_dim': 64, 'weight_decay': 0.0001}",5,39286.2299744898,4766.884385184821,86046.60986875693,7426.678560187445,12.596263821203447,1.6534555362768633,1.5634819684773977,0.2291791394071516
SVR_CompositeKernel,"(1, 2, 3, 4, 5, 6, 12, 24)","{'gamma_lag': 0.1, 'gamma_local': 0.5, 'gamma_macro': 0.05, 'gamma_spatial': 0.1, 'hidden_dim': 64, 'weight_decay': 0.0}",5,40374.867419571994,5644.8887894793825,86058.22757334818,7854.3505439086985,13.227617614242632,1.9515608065599437,1.5131377693414787,0.3051452737164183
SVR_CompositeKernel,"(1, 12)","{'gamma_lag': 0.1, 'gamma_local': 1.0, 'gamma_macro': 0.1, 'gamma_spatial': 0.5, 'hidden_dim': 64, 'weight_decay': 0.0001}",5,39558.986211646115,5459.743142008626,86065.05649244311,5994.185862136561,13.667509836961724,2.3927822503753196,1.573792306097543,0.2425669755515472
SVR_CompositeKernel,"(1, 12, 24)","{'gamma_lag': 0.1, 'gamma_local': 0.5, 'gamma_macro': 0.2, 'gamma_spatial': 0.5, 'hidden_dim': 64, 'weight_decay': 0.0}",5,38012.67784509637,4455.542616602202,86066.7033989144,6173.554273287118,12.624478104548963,2.3710954347726703,1.42115881818119,0.2469995108280373
SVR_CompositeKernel,"(1, 2, 3, 4, 5, 6, 12, 24)","{'gamma_lag': 0.5, 'gamma_local': 1.0, 'gamma_macro': 0.2, 'gamma_spatial': 1.0, 'hidden_dim': 128, 'weight_decay': 0.0}",5,42893.22326078869,5807.918314607757,86077.54159951422,8028.852627946181,13.648168977220624,1.9323449924118656,1.6074021082829417,0.3188952678002209
SVR_CompositeKernel,"(1, 2, 3, 12, 24)","{'gamma_lag': 0.5, 'gamma_local': 1.0, 'gamma_macro': 0.2, 'gamma_spatial': 0.5, 'hidden_dim': 128, 'weight_decay': 0.0}",5,41713.427589994324,2436.465081721528,86086.40349677237,6375.42038718069,13.050943860588063,0.7664034392317991,1.5559932784017136,0.19040514578344436
SVR_CompositeKernel,"(1, 2, 3, 4, 5, 6, 12, 24)","{'gamma_lag': 0.1, 'gamma_local': 0.5, 'gamma_macro': 0.2, 'gamma_spatial': 0.5, 'hidden_dim': 64, 'weight_decay': 0.0001}",5,38093.09273623512,3128.5809757494085,86090.72676184848,4472.3701595811235,11.78978175553588,1.1898912842761762,1.4227981229728255,0.20478886648928274
SVR_CompositeKernel,"(1, 2, 3, 12, 24)","{'gamma_lag': 1.0, 'gamma_local': 1.0, 'gamma_macro': 0.1, 'gamma_spatial': 1.0, 'hidden_dim': 128, 'weight_decay': 0.0001}",5,43457.80812207695,3589.801886584501,86093.43601657823,5360.251248711284,13.884574952981414,1.0009622692634217,1.6238556488500642,0.24403260118557507
SVR_CompositeKernel,"(1, 2, 3, 4, 5, 6, 12)","{'gamma_lag': 1.0, 'gamma_local': 0.1, 'gamma_macro': 0.05, 'gamma_spatial': 0.5, 'hidden_dim': 64, 'weight_decay': 0.0}",5,43351.486937092544,9317.572305159454,86093.89223105882,6958.35565817162,14.609230710163985,3.570381009517577,1.7198173445216853,0.36463911981617847
SVR_CompositeKernel,"(1, 2, 12, 24)","{'gamma_lag': 0.1, 'gamma_local': 0.1, 'gamma_macro': 0.2, 'gamma_spatial': 1.0, 'hidden_dim': 64, 'weight_decay': 0.0}",5,40577.465690547055,7169.9918746492185,86098.94592225068,8766.566476318387,13.800721404002758,3.0092577048757376,1.5151038379453894,0.32255067149232036
SVR_CompositeKernel,"(1, 2, 12, 24)","{'gamma_lag': 0.5, 'gamma_local': 0.1, 'gamma_macro': 0.1, 'gamma_spatial': 0.1, 'hidden_dim': 64, 'weight_decay': 0.0}",5,40481.3518034297,7146.426734303105,86104.62830890692,6230.2524790424395,13.349098956337903,2.8480421865077385,1.5182032094715872,0.35148509073031486
SVR_CompositeKernel,"(1, 2, 3, 12, 24)","{'gamma_lag': 0.1, 'gamma_local': 0.1, 'gamma_macro': 0.1, 'gamma_spatial': 0.5, 'hidden_dim': 64, 'weight_decay': 0.0}",5,39275.64105459892,8225.680172507631,86106.53175124219,8327.188576129647,13.562657167902438,3.6277667306858357,1.4749582532656995,0.3874682193573551
SVR_CompositeKernel,"(1, 2, 3, 12, 24)","{'gamma_lag': 0.1, 'gamma_local': 1.0, 'gamma_macro': 0.2, 'gamma_spatial': 0.5, 'hidden_dim': 64, 'weight_decay': 0.0001}",5,39156.208294802294,3345.949138676625,86107.33381341494,4707.102636493608,12.597668414345593,1.324413934935383,1.4630253468366623,0.22066699238417872
SVR_CompositeKernel,"(1, 12, 24)","{'gamma_lag': 0.5, 'gamma_local': 0.1, 'gamma_macro': 0.2, 'gamma_spatial': 0.1, 'hidden_dim': 64, 'weight_decay': 0.0001}",5,38797.24242178643,6428.874360096519,86108.10062773203,8041.396289687376,12.68241484327365,2.5503629902763643,1.4493098174351802,0.2983862883382055
SVR_CompositeKernel,"(1, 2, 3, 4, 5, 6, 12)","{'gamma_lag': 1.0, 'gamma_local': 0.1, 'gamma_macro': 0.05, 'gamma_spatial': 1.0, 'hidden_dim': 64, 'weight_decay': 0.0001}",5,44019.170750070865,9355.957452777257,86112.4478355886,8777.808511730465,14.912907807759922,3.5782452277072623,1.7480904480038977,0.3739053962917513
SVR_CompositeKernel,"(1, 2, 12)","{'gamma_lag': 0.5, 'gamma_local': 1.0, 'gamma_macro': 0.05, 'gamma_spatial': 1.0, 'hidden_dim': 64, 'weight_decay': 0.0}",5,39525.082233648674,3067.979553926176,86115.23662011299,4511.60700192967,12.110895166854759,1.0475997106214023,1.5705570002637526,0.14964554983691836
SVR_CompositeKernel,"(1, 2, 12)","{'gamma_lag': 0.1, 'gamma_local': 0.5, 'gamma_macro': 0.2, 'gamma_spatial': 0.5, 'hidden_dim': 64, 'weight_decay': 0.0001}",5,39057.30286724064,4707.01834047417,86121.06565418206,4660.806331276853,13.316259022391014,2.244148401090098,1.5540914381250068,0.21808072952572238
SVR_CompositeKernel,"(1, 2, 3, 12, 24)","{'gamma_lag': 0.1, 'gamma_local': 1.0, 'gamma_macro': 0.05, 'gamma_spatial': 0.5, 'hidden_dim': 64, 'weight_decay': 0.0}",5,40932.95526989442,3714.3303373823283,86129.88405283622,4020.0054516823975,13.75783391499399,1.9750710717275153,1.5289063466140795,0.23150233397113965
SVR_CompositeKernel,"(1, 2, 3, 12)","{'gamma_lag': 0.5, 'gamma_local': 0.1, 'gamma_macro': 0.1, 'gamma_spatial': 0.1, 'hidden_dim': 64, 'weight_decay': 0.0}",5,39958.12869765094,3961.204722161017,86139.80691882197,5202.01944114711,13.133417650301414,1.7457721278981126,1.5878980131770475,0.17948812850940774
SVR_CompositeKernel,"(1, 2, 12, 24)","{'gamma_lag': 0.1, 'gamma_local': 1.0, 'gamma_macro': 0.2, 'gamma_spatial': 1.0, 'hidden_dim': 64, 'weight_decay': 0.0}",5,40327.849149659865,2923.4436913583613,86142.48602355793,5918.083746492408,13.164418355042248,1.1961939913767679,1.5032341838256367,0.18290273314865602
SVR_CompositeKernel,"(1, 2, 3, 4, 5, 6, 12, 24)","{'gamma_lag': 0.1, 'gamma_local': 0.5, 'gamma_macro': 0.1, 'gamma_spatial': 1.0, 'hidden_dim': 64, 'weight_decay': 0.0}",5,38987.79800922974,5315.720699965928,86145.37224084389,5098.155831141543,12.254162076790468,2.5410278059226354,1.458265172944009,0.27470502053480095
SVR_CompositeKernel,"(1, 2, 3, 4, 5, 6, 12)","{'gamma_lag': 0.5, 'gamma_local': 1.0, 'gamma_macro': 0.1, 'gamma_spatial': 1.0, 'hidden_dim': 128, 'weight_decay': 0.0}",5,42535.56502311863,4660.277282443251,86146.14696462009,7113.452229825735,13.497166491786174,1.3806974934786438,1.6923010749880862,0.2226695343347063
SVR_CompositeKernel,"(1, 2, 12, 24)","{'gamma_lag': 0.1, 'gamma_local': 0.5, 'gamma_macro': 0.2, 'gamma_spatial': 0.5, 'hidden_dim': 64, 'weight_decay': 0.0}",5,38564.588434045494,4064.8344946995735,86156.97773718616,7123.032970773181,12.61782776113547,1.3673414294739605,1.4385025457463463,0.2161454098896519
SVR_CompositeKernel,"(1, 2, 3, 4, 5, 6, 12)","{'gamma_lag': 0.1, 'gamma_local': 0.1, 'gamma_macro': 0.1, 'gamma_spatial': 0.5, 'hidden_dim': 64, 'weight_decay': 0.0}",5,40159.04841712727,6150.3565578945845,86167.85687473018,3210.2788889646336,13.476602942985014,2.5977735503400874,1.5937625809838474,0.247166915721639
SVR_CompositeKernel,"(1, 2, 3, 12)","{'gamma_lag': 0.1, 'gamma_local': 0.5, 'gamma_macro': 0.1, 'gamma_spatial': 0.1, 'hidden_dim': 64, 'weight_decay': 0.0}",5,38433.59193062641,4409.156271723371,86168.1178455157,7098.250918159903,12.767207858228563,1.701141577385554,1.5288473348280047,0.2078539512468984
SVR_CompositeKernel,"(1, 12, 24)","{'gamma_lag': 1.0, 'gamma_local': 0.1, 'gamma_macro': 0.1, 'gamma_spatial': 0.5, 'hidden_dim': 64, 'weight_decay': 0.0}",5,39707.096109693885,6891.386346047531,86179.21027236329,7702.533119780633,12.83053429000185,2.683561623235929,1.4835617225591702,0.3163072726852106
SVR_CompositeKernel,"(1, 2, 3, 12)","{'gamma_lag': 0.5, 'gamma_local': 0.5, 'gamma_macro': 0.05, 'gamma_spatial': 1.0, 'hidden_dim': 64, 'weight_decay': 0.0001}",5,39932.7006102962,3357.268122282459,86189.63667876794,4106.113602225889,12.339156597201384,1.2388356014114945,1.5863762734119358,0.15615460658026528
SVR_CompositeKernel,"(1, 12)","{'gamma_lag': 0.5, 'gamma_local': 0.5, 'gamma_macro': 0.1, 'gamma_spatial': 0.1, 'hidden_dim': 64, 'weight_decay': 0.0}",5,37358.21156063988,3092.8277293566416,86191.40733538505,6459.672885838624,11.650933540552758,1.0751059825172098,1.4866289190251398,0.17042410402221791
SVR_CompositeKernel,"(1, 2, 3, 12)","{'gamma_lag': 0.5, 'gamma_local': 0.1, 'gamma_macro': 0.2, 'gamma_spatial': 0.5, 'hidden_dim': 64, 'weight_decay': 0.0}",5,40303.823537149234,5868.855288745306,86197.29756903379,4410.555098133405,13.020987263340876,2.3743573770945887,1.5997697105760333,0.23448336163287806
SVR_CompositeKernel,"(1, 2, 3, 12)","{'gamma_lag': 1.0, 'gamma_local': 0.5, 'gamma_macro': 0.05, 'gamma_spatial': 0.1, 'hidden_dim': 128, 'weight_decay': 0.0}",5,42722.378865947416,8170.68369829233,86214.2711948752,10528.932175972426,13.253030652263963,2.612077052454622,1.698592279233496,0.34314978634687643
SVR_CompositeKernel,"(1, 12, 24)","{'gamma_lag': 0.5, 'gamma_local': 0.5, 'gamma_macro': 0.05, 'gamma_spatial': 0.1, 'hidden_dim': 64, 'weight_decay': 0.0001}",5,40304.829335848925,2791.946575288568,86220.22860822424,4913.3186845138825,12.608189007282151,0.9065522585299239,1.5044310637159684,0.2022913421817345
SVR_CompositeKernel,"(1, 12)","{'gamma_lag': 0.1, 'gamma_local': 0.1, 'gamma_macro': 0.1, 'gamma_spatial': 1.0, 'hidden_dim': 64, 'weight_decay': 0.0}",5,40893.14147755456,10840.690088075882,86229.34882017609,7099.632972491091,14.542401512135005,5.098429698599282,1.6220804491660181,0.422617438648941
SVR_CompositeKernel,"(1, 12, 24)","{'gamma_lag': 1.0, 'gamma_local': 1.0, 'gamma_macro': 0.2, 'gamma_spatial': 0.5, 'hidden_dim': 128, 'weight_decay': 0.0}",5,41938.94341517858,2583.793111040021,86235.09028685349,6041.9192781559295,12.918218483373739,0.6895448263152145,1.5654482799280398,0.20407599792512893
SVR_CompositeKernel,"(1, 2, 3, 4, 5, 6, 12, 24)","{'gamma_lag': 0.5, 'gamma_local': 0.1, 'gamma_macro': 0.1, 'gamma_spatial': 1.0, 'hidden_dim': 64, 'weight_decay': 0.0001}",5,42270.22617054635,6757.255619540751,86247.39994775275,6834.388706076217,14.136795415169711,2.599889574488044,1.5819443329159817,0.3317082833529594
SVR_CompositeKernel,"(1, 2, 3, 4, 5, 6, 12)","{'gamma_lag': 1.0, 'gamma_local': 0.5, 'gamma_macro': 0.05, 'gamma_spatial': 0.5, 'hidden_dim': 128, 'weight_decay': 0.0001}",5,44107.73749911423,10033.847271077622,86255.64628699239,12547.639732133584,14.178528859819176,3.546819254250255,1.752342630160268,0.40120542649123175
SVR_CompositeKernel,"(1, 12)","{'gamma_lag': 0.5, 'gamma_local': 0.1, 'gamma_macro': 0.2, 'gamma_spatial': 1.0, 'hidden_dim': 64, 'weight_decay': 0.0001}",5,38428.39010505244,6305.510261486526,86259.74836078353,6113.707584179682,12.07045078425492,2.58139218172682,1.5263942199553415,0.2562292607092844
SVR_CompositeKernel,"(1, 12)","{'gamma_lag': 1.0, 'gamma_local': 0.5, 'gamma_macro': 0.2, 'gamma_spatial': 0.1, 'hidden_dim': 128, 'weight_decay': 0.0}",5,39110.44060595592,4434.034660656764,86264.20522175734,7966.731792922293,11.922479453238973,1.3543893277292143,1.557926662324452,0.22393124622984048
SVR_CompositeKernel,"(1, 2, 12)","{'gamma_lag': 1.0, 'gamma_local': 0.1, 'gamma_macro': 0.2, 'gamma_spatial': 0.5, 'hidden_dim': 64, 'weight_decay': 0.0001}",5,39891.323868870466,4956.197855143201,86264.56462283796,7237.510921014745,12.792806217760248,1.917942307401423,1.5843864494847133,0.20603364907501642
SVR_CompositeKernel,"(1, 2, 3, 12, 24)","{'gamma_lag': 1.0, 'gamma_local': 0.5, 'gamma_macro': 0.1, 'gamma_spatial': 0.1, 'hidden_dim': 128, 'weight_decay': 0.0001}",5,44126.903837159865,4846.274937258605,86265.52020349611,6568.490264002381,13.940310722202224,1.751538400345353,1.6510019578968085,0.28580167086911223
SVR_CompositeKernel,"(1, 2, 3, 12, 24)","{'gamma_lag': 1.0, 'gamma_local': 1.0, 'gamma_macro': 0.1, 'gamma_spatial': 0.5, 'hidden_dim': 128, 'weight_decay': 0.0001}",5,45390.950780364234,4906.778977588219,86271.70786694063,4655.293570359248,14.702689171407854,1.6136869248385515,1.6983058210789768,0.29289758449243675
SVR_CompositeKernel,"(1, 12, 24)","{'gamma_lag': 1.0, 'gamma_local': 1.0, 'gamma_macro': 0.05, 'gamma_spatial': 1.0, 'hidden_dim': 64, 'weight_decay': 0.0001}",5,41926.46274978742,4173.965860323555,86273.02571090069,7439.430323943804,13.14236886138203,1.153651592279023,1.5681342654827688,0.25719887561367255
SVR_CompositeKernel,"(1, 2, 3, 4, 5, 6, 12)","{'gamma_lag': 0.5, 'gamma_local': 1.0, 'gamma_macro': 0.2, 'gamma_spatial': 1.0, 'hidden_dim': 128, 'weight_decay': 0.0}",5,43655.6992063492,4635.23626373242,86284.66426685193,6725.919426518667,13.933357754539013,1.5263165555773814,1.736520045279129,0.2214916430460293
SVR_CompositeKernel,"(1, 2, 12)","{'gamma_lag': 0.5, 'gamma_local': 0.5, 'gamma_macro': 0.2, 'gamma_spatial': 1.0, 'hidden_dim': 64, 'weight_decay': 0.0}",5,39548.42903380102,3834.864110625928,86286.06848321624,7133.807175935663,12.17908382935416,1.369318054599937,1.5729997138692529,0.1862835033464209
SVR_CompositeKernel,"(1, 12, 24)","{'gamma_lag': 0.5, 'gamma_local': 0.1, 'gamma_macro': 0.1, 'gamma_spatial': 0.5, 'hidden_dim': 64, 'weight_decay': 0.0}",5,39765.25001815831,6875.296747573074,86292.32757332329,6315.12117246777,12.675789444197717,2.9464413284617312,1.488855594593375,0.32947891709363075
SVR_CompositeKernel,"(1, 2, 3, 12)","{'gamma_lag': 0.1, 'gamma_local': 0.5, 'gamma_macro': 0.1, 'gamma_spatial': 0.5, 'hidden_dim': 64, 'weight_decay': 0.0}",5,39161.920697810376,5786.057727617889,86299.63716734576,7384.515568445261,13.236057211265527,2.587350731829089,1.5547431129216018,0.23137992317032108
SVR_CompositeKernel,"(1, 12)","{'gamma_lag': 0.1, 'gamma_local': 0.1, 'gamma_macro': 0.2, 'gamma_spatial': 1.0, 'hidden_dim': 64, 'weight_decay': 0.0}",5,39611.70487528345,10828.180209316582,86301.80473313759,9534.444444042825,13.82054379878432,4.947772478645175,1.5708523320690702,0.4189723960129902
SVR_CompositeKernel,"(1, 2, 12)","{'gamma_lag': 1.0, 'gamma_local': 0.5, 'gamma_macro': 0.2, 'gamma_spatial': 0.5, 'hidden_dim': 128, 'weight_decay': 0.0}",5,40989.43931095876,4090.071507119404,86309.86981780607,8028.540614847125,12.676935241570927,1.2931705209265465,1.6298488918936396,0.19290108763699942
SVR_CompositeKernel,"(1, 2, 3, 12)","{'gamma_lag': 1.0, 'gamma_local': 0.5, 'gamma_macro': 0.2, 'gamma_spatial': 0.5, 'hidden_dim': 128, 'weight_decay': 0.0001}",5,43170.47614087302,4124.484771529439,86309.93563541169,6905.274443437199,13.5658896467127,1.437411675774998,1.7164819695405922,0.1970957531813573
SVR_CompositeKernel,"(1, 2, 3, 12)","{'gamma_lag': 0.5, 'gamma_local': 0.1, 'gamma_macro': 0.05, 'gamma_spatial': 0.5, 'hidden_dim': 64, 'weight_decay': 0.0001}",5,40531.66413513322,6126.395979178872,86312.17560538315,6278.412430860294,13.149115966527791,2.3191330657009996,1.6094787766039211,0.24869113649732263
SVR_CompositeKernel,"(1, 2, 12)","{'gamma_lag': 1.0, 'gamma_local': 0.1, 'gamma_macro': 0.05, 'gamma_spatial': 0.1, 'hidden_dim': 64, 'weight_decay': 0.0001}",5,40695.71387958829,7055.127136324586,86314.84111715191,6741.310700061365,13.30010803263627,2.7879580423676873,1.616068618330744,0.28735832261032335
SVR_CompositeKernel,"(1, 2, 12, 24)","{'gamma_lag': 1.0, 'gamma_local': 0.1, 'gamma_macro': 0.05, 'gamma_spatial': 1.0, 'hidden_dim': 64, 'weight_decay': 0.0}",5,42179.355819072414,10425.727128199,86320.26292909266,9247.395330341333,13.960783144559182,4.094037848890293,1.5774098140587607,0.44715356056372935
SVR_CompositeKernel,"(1, 2, 3, 12, 24)","{'gamma_lag': 0.5, 'gamma_local': 0.5, 'gamma_macro': 0.2, 'gamma_spatial': 0.1, 'hidden_dim': 128, 'weight_decay': 0.0}",5,40493.58433071145,2590.599144816147,86321.23624155667,3893.3954452406642,12.63767186963796,0.8222244932879019,1.5105004959184631,0.19014070312515086
SVR_CompositeKernel,"(1, 2, 12, 24)","{'gamma_lag': 1.0, 'gamma_local': 0.5, 'gamma_macro': 0.05, 'gamma_spatial': 1.0, 'hidden_dim': 64, 'weight_decay': 0.0}",5,42895.513374255956,3755.0587754698386,86325.52366575229,5723.756735611797,13.640455030071639,1.2845947413370966,1.6027486933576511,0.2405759450553629
SVR_CompositeKernel,"(1, 2, 12, 24)","{'gamma_lag': 0.5, 'gamma_local': 1.0, 'gamma_macro': 0.2, 'gamma_spatial': 0.1, 'hidden_dim': 128, 'weight_decay': 0.0001}",5,40598.16220858135,3082.79013037102,86326.51291085038,6333.258363979382,12.307816833294389,0.9799006635176327,1.5166064228302658,0.21626478249027825
SVR_CompositeKernel,"(1, 2, 12)","{'gamma_lag': 0.5, 'gamma_local': 1.0, 'gamma_macro': 0.2, 'gamma_spatial': 0.1, 'hidden_dim': 128, 'weight_decay': 0.0}",5,38770.1533964888,2631.291240188416,86331.59684935963,6914.684260766621,11.47990672563439,0.6573112510657257,1.541644905826072,0.1473282391641314
SVR_CompositeKernel,"(1, 12)","{'gamma_lag': 0.1, 'gamma_local': 0.5, 'gamma_macro': 0.2, 'gamma_spatial': 0.1, 'hidden_dim': 64, 'weight_decay': 0.0001}",5,36948.17105654762,5105.115425380237,86333.53788831108,6250.437144429816,12.677598364186434,2.357362370332915,1.470782277480374,0.23280109623202033
SVR_CompositeKernel,"(1, 2, 3, 12)","{'gamma_lag': 1.0, 'gamma_local': 0.1, 'gamma_macro': 0.2, 'gamma_spatial': 0.5, 'hidden_dim': 64, 'weight_decay': 0.0}",5,42312.262361819725,7931.592148207921,86335.67103888004,7430.2863194743,13.902198040180659,3.0801940842986233,1.6789495037749227,0.3106169498880721
SVR_CompositeKernel,"(1, 2, 12, 24)","{'gamma_lag': 0.1, 'gamma_local': 1.0, 'gamma_macro': 0.05, 'gamma_spatial': 0.1, 'hidden_dim': 64, 'weight_decay': 0.0}",5,40221.57397959184,2961.7805014510986,86341.88168411689,5410.301799671158,13.615456497242826,1.43964327439195,1.5016290844099585,0.20690978169061502
SVR_CompositeKernel,"(1, 2, 3, 4, 5, 6, 12)","{'gamma_lag': 0.5, 'gamma_local': 1.0, 'gamma_macro': 0.1, 'gamma_spatial': 1.0, 'hidden_dim': 128, 'weight_decay': 0.0001}",5,43527.1328461593,4305.937963128843,86343.26424416338,6046.008258790967,13.843321076278878,1.5530027088972775,1.7315222109272352,0.21204603445472928
SVR_CompositeKernel,"(1, 2, 3, 12)","{'gamma_lag': 0.1, 'gamma_local': 0.1, 'gamma_macro': 0.1, 'gamma_spatial': 1.0, 'hidden_dim': 64, 'weight_decay': 0.0}",5,40487.92880172902,9548.823487782189,86348.47476841288,7947.959954662968,13.994979108484236,4.745369374015832,1.606659249942279,0.37466406388267504
SVR_CompositeKernel,"(1, 2, 3, 12, 24)","{'gamma_lag': 0.5, 'gamma_local': 1.0, 'gamma_macro': 0.2, 'gamma_spatial': 0.5, 'hidden_dim': 128, 'weight_decay': 0.0001}",5,41123.737425595245,2914.421936116191,86351.356422857,5617.566569484286,12.792911976831125,0.7588607720503966,1.5355341649966263,0.2120381206788469
SVR_CompositeKernel,"(1, 2, 3, 4, 5, 6, 12)","{'gamma_lag': 0.5, 'gamma_local': 0.1, 'gamma_macro': 0.1, 'gamma_spatial': 1.0, 'hidden_dim': 64, 'weight_decay': 0.0}",5,41821.22368551588,6396.589501023947,86357.13531317667,6525.840359930979,13.637450953594675,2.2135116393522782,1.6607807342943857,0.2606054742959015
SVR_CompositeKernel,"(1, 2, 3, 4, 5, 6, 12, 24)","{'gamma_lag': 0.5, 'gamma_local': 0.1, 'gamma_macro': 0.2, 'gamma_spatial': 0.1, 'hidden_dim': 64, 'weight_decay': 0.0}",5,41773.830652990364,8350.424843191115,86369.23131540869,6008.31384628375,13.970074912590547,3.2353862382352223,1.5664125685675199,0.39112860421672685
SVR_CompositeKernel,"(1, 2, 12, 24)","{'gamma_lag': 0.5, 'gamma_local': 0.5, 'gamma_macro': 0.05, 'gamma_spatial': 0.5, 'hidden_dim': 64, 'weight_decay': 0.0001}",5,39629.98516643637,3621.411428815203,86385.12923160676,4851.303207379508,12.227114176293336,1.2967213351233884,1.4815671415716696,0.231400976608873
SVR_CompositeKernel,"(1, 2, 12)","{'gamma_lag': 0.1, 'gamma_local': 0.1, 'gamma_macro': 0.1, 'gamma_spatial': 1.0, 'hidden_dim': 64, 'weight_decay': 0.0001}",5,39337.18045413478,6566.841859721127,86392.76616601307,6631.209497161186,13.670054085727646,2.9902213241455895,1.5593799606079064,0.250508629036319
SVR_CompositeKernel,"(1, 2, 3, 12, 24)","{'gamma_lag': 0.5, 'gamma_local': 0.1, 'gamma_macro': 0.05, 'gamma_spatial': 0.1, 'hidden_dim': 64, 'weight_decay': 0.0001}",5,40999.6815613485,7811.498100678744,86409.2479934355,6857.321397905584,13.613090506038299,2.9334554283066554,1.5336022634314053,0.3574994079828833
SVR_CompositeKernel,"(1, 12)","{'gamma_lag': 1.0, 'gamma_local': 0.1, 'gamma_macro': 0.2, 'gamma_spatial': 0.1, 'hidden_dim': 64, 'weight_decay': 0.0}",5,37874.071494561365,4187.653838204272,86409.34508965015,7064.886598793546,12.218770011087758,1.5577682982022278,1.5046141225711889,0.1808134825038314
SVR_CompositeKernel,"(1, 2, 3, 4, 5, 6, 12, 24)","{'gamma_lag': 0.1, 'gamma_local': 1.0, 'gamma_macro': 0.1, 'gamma_spatial': 1.0, 'hidden_dim': 64, 'weight_decay': 0.0001}",5,39603.9100495146,2377.620509310834,86421.3693360296,5275.933902203497,12.281377005919087,0.8077200512058536,1.4775517920062806,0.1852159373181469
SVR_CompositeKernel,"(1, 2, 3, 12, 24)","{'gamma_lag': 0.1, 'gamma_local': 1.0, 'gamma_macro': 0.1, 'gamma_spatial': 0.5, 'hidden_dim': 64, 'weight_decay': 0.0}",5,39443.16777078019,3687.743568471902,86431.57408880559,6299.611557091899,12.712929819143664,1.391525389434908,1.4734967584584044,0.22269223872751842
SVR_CompositeKernel,"(1, 12, 24)","{'gamma_lag': 1.0, 'gamma_local': 1.0, 'gamma_macro': 0.05, 'gamma_spatial': 0.5, 'hidden_dim': 64, 'weight_decay': 0.0001}",5,42021.42814315831,4148.599971764819,86442.43940553119,7614.434439469424,13.097677940392932,1.1455865149379265,1.5723433500448478,0.26419489245172645
SVR_CompositeKernel,"(1, 12, 24)","{'gamma_lag': 0.5, 'gamma_local': 1.0, 'gamma_macro': 0.05, 'gamma_spatial': 1.0, 'hidden_dim': 64, 'weight_decay': 0.0}",5,39669.06793110473,3007.0067142259277,86442.83509571545,5461.712454156555,12.259883691561786,0.9280450691814793,1.4808795375074655,0.20361467704300878
SVR_CompositeKernel,"(1, 12, 24)","{'gamma_lag': 0.5, 'gamma_local': 1.0, 'gamma_macro': 0.1, 'gamma_spatial': 1.0, 'hidden_dim': 64, 'weight_decay': 0.0}",5,39875.97023765235,2659.4951555446314,86452.22330390154,6052.864232639126,12.320027420917627,1.0533809622134076,1.4864600114890412,0.17858210256730128
SVR_CompositeKernel,"(1, 12, 24)","{'gamma_lag': 0.5, 'gamma_local': 1.0, 'gamma_macro': 0.05, 'gamma_spatial': 0.5, 'hidden_dim': 64, 'weight_decay': 0.0}",5,39774.17273419785,2179.938581866656,86452.84042468641,4404.253201702974,12.242357945068632,0.933815557942501,1.4829968096836132,0.17293076764953283
SVR_CompositeKernel,"(1, 12)","{'gamma_lag': 1.0, 'gamma_local': 0.1, 'gamma_macro': 0.1, 'gamma_spatial': 0.5, 'hidden_dim': 64, 'weight_decay': 0.0}",5,38930.16207438705,3756.494177662032,86464.80922526342,6183.49767590243,12.419888364347477,1.5771800624519399,1.5473588122920483,0.17492831623305213
SVR_CompositeKernel,"(1, 12, 24)","{'gamma_lag': 1.0, 'gamma_local': 1.0, 'gamma_macro': 0.1, 'gamma_spatial': 0.1, 'hidden_dim': 128, 'weight_decay': 0.0}",5,41729.41752719317,4183.306979614291,86473.98523200545,5991.450611033062,12.696545508030256,1.348771250396513,1.5604906519656327,0.25580476701824595
SVR_CompositeKernel,"(1, 12, 24)","{'gamma_lag': 1.0, 'gamma_local': 0.5, 'gamma_macro': 0.2, 'gamma_spatial': 0.1, 'hidden_dim': 128, 'weight_decay': 0.0}",5,41130.56649881306,5261.176417028282,86476.81229043216,4120.761070643147,12.577740760380305,1.776754772310123,1.5339319462590684,0.25340993978858317
SVR_CompositeKernel,"(1, 2, 3, 4, 5, 6, 12)","{'gamma_lag': 0.5, 'gamma_local': 0.5, 'gamma_macro': 0.05, 'gamma_spatial': 0.5, 'hidden_dim': 64, 'weight_decay': 0.0}",5,41662.2911254606,4882.659260515946,86481.63491706016,7690.539259330959,13.200969634668208,1.6917404422197408,1.657674514226062,0.23171015768021672
SVR_CompositeKernel,"(1, 2, 3, 12, 24)","{'gamma_lag': 1.0, 'gamma_local': 1.0, 'gamma_macro': 0.2, 'gamma_spatial': 1.0, 'hidden_dim': 128, 'weight_decay': 0.0}",5,44470.72573784722,3279.172973100711,86481.811265624,5896.449284741372,14.400711508288044,0.9308703335666898,1.6613018823603807,0.23540284564304093
SVR_CompositeKernel,"(1, 2, 12, 24)","{'gamma_lag': 1.0, 'gamma_local': 1.0, 'gamma_macro': 0.1, 'gamma_spatial': 0.5, 'hidden_dim': 128, 'weight_decay': 0.0001}",5,44532.86128605088,5160.2961328304855,86483.44480116412,5907.190234915203,14.159046157148302,1.74692222266696,1.6669942171794232,0.300162520512596
SVR_CompositeKernel,"(1, 2, 12)","{'gamma_lag': 1.0, 'gamma_local': 1.0, 'gamma_macro': 0.2, 'gamma_spatial': 0.5, 'hidden_dim': 128, 'weight_decay': 0.0001}",5,41520.63440998796,3317.4521977355053,86485.71807950681,5906.341672351852,12.794200647294236,1.0957719783054964,1.6506318889785956,0.16993438419383142
SVR_CompositeKernel,"(1, 2, 3, 12, 24)","{'gamma_lag': 0.5, 'gamma_local': 1.0, 'gamma_macro': 0.1, 'gamma_spatial': 0.1, 'hidden_dim': 128, 'weight_decay': 0.0001}",5,41817.79985207625,3569.627816340656,86501.19001583192,6111.691562039161,12.56480294632746,1.04689507705258,1.5629097809569683,0.24034715521712394
SVR_CompositeKernel,"(1, 2, 3, 4, 5, 6, 12)","{'gamma_lag': 0.5, 'gamma_local': 1.0, 'gamma_macro': 0.1, 'gamma_spatial': 0.5, 'hidden_dim': 128, 'weight_decay': 0.0001}",5,44245.63218183107,4501.184480464069,86502.44232747471,6577.122096620284,14.017411472753627,1.3511647971049123,1.7597629719836814,0.21783090717443676
SVR_CompositeKernel,"(1, 2, 3, 4, 5, 6, 12, 24)","{'gamma_lag': 1.0, 'gamma_local': 0.5, 'gamma_macro': 0.05, 'gamma_spatial': 0.1, 'hidden_dim': 128, 'weight_decay': 0.0}",5,46875.73258574263,8118.82252713134,86503.1848977971,6688.170103324758,15.410549518968036,2.812153606309946,1.757010271293791,0.40033897556925574
SVR_CompositeKernel,"(1, 2, 3, 12, 24)","{'gamma_lag': 0.1, 'gamma_local': 0.5, 'gamma_macro': 0.1, 'gamma_spatial': 1.0, 'hidden_dim': 64, 'weight_decay': 0.0001}",5,39807.62802800808,4345.006489191617,86509.64379572858,6102.148094787307,13.062448481334537,1.790026031908573,1.4871427876925705,0.2415149165821216
SVR_CompositeKernel,"(1, 2, 12)","{'gamma_lag': 0.5, 'gamma_local': 1.0, 'gamma_macro': 0.2, 'gamma_spatial': 0.1, 'hidden_dim': 128, 'weight_decay': 0.0001}",5,39138.26574236465,4464.214013938314,86517.19667999283,8052.573245175182,11.714322679133158,1.5800596973267242,1.5573195322614735,0.21309756249856318
SVR_CompositeKernel,"(1, 2, 12)","{'gamma_lag': 0.1, 'gamma_local': 0.5, 'gamma_macro': 0.2, 'gamma_spatial': 0.1, 'hidden_dim': 64, 'weight_decay': 0.0}",5,35970.68750044289,2827.27156338305,86518.671570615,6616.618091933667,11.945005186880291,1.367881653327449,1.429981995370036,0.14652199176344455
SVR_CompositeKernel,"(1, 2, 3, 12, 24)","{'gamma_lag': 0.5, 'gamma_local': 0.1, 'gamma_macro': 0.1, 'gamma_spatial': 0.1, 'hidden_dim': 64, 'weight_decay': 0.0}",5,40600.218816875706,7100.67408034298,86520.80003607538,5622.020240303799,13.420267042569773,2.860254676337291,1.5211200418668687,0.34571070961791545
SVR_CompositeKernel,"(1, 12, 24)","{'gamma_lag': 0.1, 'gamma_local': 1.0, 'gamma_macro': 0.1, 'gamma_spatial': 1.0, 'hidden_dim': 64, 'weight_decay': 0.0001}",5,38997.68089436296,3511.205186574019,86530.67383279401,5689.53430635456,12.740833369249025,1.483477672713702,1.453609169479901,0.1923776400430967
SVR_CompositeKernel,"(1, 2, 3, 12, 24)","{'gamma_lag': 1.0, 'gamma_local': 0.5, 'gamma_macro': 0.1, 'gamma_spatial': 0.1, 'hidden_dim': 128, 'weight_decay': 0.0}",5,43958.05198235544,4700.947262364197,86537.55511313419,6043.601237634276,13.94061495446243,1.7059738321616231,1.642472754889902,0.26875878641659245
SVR_CompositeKernel,"(1, 12, 24)","{'gamma_lag': 0.1, 'gamma_local': 1.0, 'gamma_macro': 0.1, 'gamma_spatial': 1.0, 'hidden_dim': 64, 'weight_decay': 0.0}",5,41263.65765571853,2837.1828867714007,86545.46426509095,6598.822561554035,13.871178515182345,1.4444978698594868,1.5348901469040483,0.15503931479352068
SVR_CompositeKernel,"(1, 2, 3, 12, 24)","{'gamma_lag': 0.5, 'gamma_local': 1.0, 'gamma_macro': 0.05, 'gamma_spatial': 1.0, 'hidden_dim': 64, 'weight_decay': 0.0}",5,41326.947958297904,3372.868230926987,86553.89945414542,6425.250926902843,12.772881675034132,1.0408397822595594,1.543845527576479,0.22482634454953948
SVR_CompositeKernel,"(1, 2, 3, 12)","{'gamma_lag': 0.1, 'gamma_local': 0.1, 'gamma_macro': 0.2, 'gamma_spatial': 0.1, 'hidden_dim': 64, 'weight_decay': 0.0001}",5,37200.09155373087,5147.247407252614,86554.69214243906,5991.283500508699,12.898538085994156,2.134649216396627,1.4782863549655931,0.22103172089666773
SVR_CompositeKernel,"(1, 2, 3, 4, 5, 6, 12)","{'gamma_lag': 0.1, 'gamma_local': 0.1, 'gamma_macro': 0.2, 'gamma_spatial': 0.5, 'hidden_dim': 64, 'weight_decay': 0.0}",5,39313.589865894275,8069.6046150246875,86556.27606729628,9555.812257696352,13.140796682024149,3.2161818413086274,1.5638220863159273,0.33168619565122887
SVR_CompositeKernel,"(1, 2, 3, 4, 5, 6, 12, 24)","{'gamma_lag': 0.5, 'gamma_local': 1.0, 'gamma_macro': 0.1, 'gamma_spatial': 0.5, 'hidden_dim': 128, 'weight_decay': 0.0}",5,43208.54405071925,4708.2872759447355,86558.3316120432,7601.724498300281,13.544246116089232,1.4313862937735407,1.618002081811031,0.28732313735591775
SVR_CompositeKernel,"(1, 2, 12)","{'gamma_lag': 0.5, 'gamma_local': 0.1, 'gamma_macro': 0.2, 'gamma_spatial': 0.5, 'hidden_dim': 64, 'weight_decay': 0.0}",5,39246.390884973785,5572.563122972771,86575.04982226144,7222.812898293218,12.550831856570044,2.270206030173482,1.5590230035590875,0.2300949841372438
SVR_CompositeKernel,"(1, 2, 3, 12, 24)","{'gamma_lag': 0.5, 'gamma_local': 0.5, 'gamma_macro': 0.05, 'gamma_spatial': 0.5, 'hidden_dim': 64, 'weight_decay': 0.0}",5,41654.79020115858,3435.7370992381234,86595.50289097728,4971.2050551327475,12.925352518845383,1.1680512936963943,1.556025859967433,0.228465714790944
SVR_CompositeKernel,"(1, 2, 3, 12)","{'gamma_lag': 0.1, 'gamma_local': 1.0, 'gamma_macro': 0.05, 'gamma_spatial': 0.5, 'hidden_dim': 64, 'weight_decay': 0.0}",5,41135.62329267645,4162.882952328004,86597.6416364657,9967.298326829074,14.027130938060816,1.7949597748393697,1.6362785995599207,0.20039027918181143
SVR_CompositeKernel,"(1, 12, 24)","{'gamma_lag': 0.1, 'gamma_local': 1.0, 'gamma_macro': 0.2, 'gamma_spatial': 1.0, 'hidden_dim': 64, 'weight_decay': 0.0}",5,38014.42859312996,3739.631315788369,86600.53492044189,7094.293825529492,12.188572006741866,1.668650349955557,1.4224451518641892,0.23875617199337293
SVR_CompositeKernel,"(1, 2, 12, 24)","{'gamma_lag': 1.0, 'gamma_local': 0.1, 'gamma_macro': 0.05, 'gamma_spatial': 0.5, 'hidden_dim': 64, 'weight_decay': 0.0}",5,42538.02308142007,8971.635943413708,86601.58878904681,7021.070719365911,13.890712326231187,3.262567081170253,1.5932919076887377,0.40752880927093166
SVR_CompositeKernel,"(1, 2, 12)","{'gamma_lag': 0.5, 'gamma_local': 0.5, 'gamma_macro': 0.05, 'gamma_spatial': 0.5, 'hidden_dim': 64, 'weight_decay': 0.0}",5,39026.236838771976,5252.391678423015,86603.3236361343,8501.090634051194,11.979664881324393,2.021897036074928,1.5524234196904707,0.23404363172971387
SVR_CompositeKernel,"(1, 2, 3, 12)","{'gamma_lag': 0.1, 'gamma_local': 1.0, 'gamma_macro': 0.1, 'gamma_spatial': 1.0, 'hidden_dim': 64, 'weight_decay': 0.0}",5,40117.088942035145,3963.7152948005923,86604.54131966531,7738.440180553548,13.211543497958369,1.6041991014082873,1.5966684824554265,0.20124783062670532
SVR_CompositeKernel,"(1, 2, 12)","{'gamma_lag': 0.5, 'gamma_local': 0.5, 'gamma_macro': 0.05, 'gamma_spatial': 1.0, 'hidden_dim': 64, 'weight_decay': 0.0001}",5,39457.483779319016,4478.307822824669,86606.46516025769,6941.506630952595,12.174215492083638,1.3253762643273042,1.569336165563705,0.21089393996350472
SVR_CompositeKernel,"(1, 12, 24)","{'gamma_lag': 1.0, 'gamma_local': 0.5, 'gamma_macro': 0.05, 'gamma_spatial': 0.5, 'hidden_dim': 64, 'weight_decay': 0.0}",5,41606.99031808036,3889.274003817441,86608.28197359906,5335.898968505897,12.963571406183302,1.1316199313393132,1.555288726082974,0.24310152767555154
SVR_CompositeKernel,"(1, 2, 12)","{'gamma_lag': 1.0, 'gamma_local': 1.0, 'gamma_macro': 0.1, 'gamma_spatial': 1.0, 'hidden_dim': 128, 'weight_decay': 0.0001}",5,43214.33015562996,4063.744538653437,86613.05090386514,5224.545682775654,13.626736874137361,1.4036447017011282,1.715483978558952,0.1717116211276172
SVR_CompositeKernel,"(1, 2, 3, 4, 5, 6, 12)","{'gamma_lag': 1.0, 'gamma_local': 0.5, 'gamma_macro': 0.2, 'gamma_spatial': 0.5, 'hidden_dim': 128, 'weight_decay': 0.0}",5,43809.707207518426,6212.848803922297,86614.86196933335,6254.792698807151,14.141969785624998,2.1428210235392204,1.7412839300984508,0.2651625258011907
SVR_CompositeKernel,"(1, 12)","{'gamma_lag': 0.5, 'gamma_local': 0.5, 'gamma_macro': 0.1, 'gamma_spatial': 0.5, 'hidden_dim': 64, 'weight_decay': 0.0}",5,37910.22434275794,4108.350441347182,86624.88467010147,7238.228116156904,11.758623525699402,1.7536871065227368,1.5083253476414615,0.19641674250350566
SVR_CompositeKernel,"(1, 2, 3, 4, 5, 6, 12, 24)","{'gamma_lag': 0.1, 'gamma_local': 1.0, 'gamma_macro': 0.2, 'gamma_spatial': 0.5, 'hidden_dim': 64, 'weight_decay': 0.0001}",5,38474.77840756094,2819.5103977746426,86627.77152434268,6810.508736498946,11.921470682639209,0.6733014260119587,1.4363471366575584,0.19865066266722467
SVR_CompositeKernel,"(1, 12)","{'gamma_lag': 0.1, 'gamma_local': 1.0, 'gamma_macro': 0.1, 'gamma_spatial': 0.1, 'hidden_dim': 64, 'weight_decay': 0.0}",5,37626.78939953585,3048.4338567850396,86631.54792824431,6745.429257602396,12.929727215597202,1.174537364491806,1.4952455929138229,0.1466152607151039
SVR_CompositeKernel,"(1, 12)","{'gamma_lag': 1.0, 'gamma_local': 0.1, 'gamma_macro': 0.05, 'gamma_spatial': 1.0, 'hidden_dim': 64, 'weight_decay': 0.0001}",5,40309.68120438279,9049.39153069478,86641.3058871267,10391.879500732586,12.987021441050723,3.334115765616625,1.598815866309605,0.3514187367727569
SVR_CompositeKernel,"(1, 2, 12, 24)","{'gamma_lag': 0.5, 'gamma_local': 0.5, 'gamma_macro': 0.1, 'gamma_spatial': 1.0, 'hidden_dim': 64, 'weight_decay': 0.0}",5,40712.85808664611,4015.436416074502,86649.89144994256,7038.8044284850375,12.641510769940144,1.2587978272698748,1.5224663367377473,0.24835124766008884
SVR_CompositeKernel,"(1, 2, 12)","{'gamma_lag': 0.1, 'gamma_local': 0.5, 'gamma_macro': 0.1, 'gamma_spatial': 0.5, 'hidden_dim': 64, 'weight_decay': 0.0001}",5,39186.328688350346,5327.5066980282545,86650.63321803592,7585.216171827754,13.31823328206994,2.5785220888727634,1.5567171426857354,0.22064911049089067
SVR_CompositeKernel,"(1, 12)","{'gamma_lag': 1.0, 'gamma_local': 1.0, 'gamma_macro': 0.05, 'gamma_spatial': 1.0, 'hidden_dim': 64, 'weight_decay': 0.0}",5,40667.86778096655,3404.1189899689466,86655.53279741865,6186.952813077889,12.585770733474657,1.0486943942054883,1.6162121670043728,0.16416211790350124
SVR_CompositeKernel,"(1, 2, 3, 4, 5, 6, 12, 24)","{'gamma_lag': 1.0, 'gamma_local': 1.0, 'gamma_macro': 0.1, 'gamma_spatial': 0.5, 'hidden_dim': 128, 'weight_decay': 0.0}",5,46552.28992258362,5594.761420965742,86659.56901251347,6585.6682064264505,15.278287188969134,1.8747700147854143,1.7432716381821536,0.31958847414204855
SVR_CompositeKernel,"(1, 2, 3, 4, 5, 6, 12)","{'gamma_lag': 1.0, 'gamma_local': 0.1, 'gamma_macro': 0.05, 'gamma_spatial': 0.1, 'hidden_dim': 64, 'weight_decay': 0.0001}",5,43191.89062632866,7599.899508678354,86664.75134447274,7429.96788804932,14.82734213677134,3.116928955452101,1.7159678069729805,0.30877608769518095
SVR_CompositeKernel,"(1, 12, 24)","{'gamma_lag': 0.1, 'gamma_local': 1.0, 'gamma_macro': 0.1, 'gamma_spatial': 0.5, 'hidden_dim': 64, 'weight_decay': 0.0001}",5,39755.96411254606,3531.035234707652,86666.53724021124,5742.579113582076,13.313391095662283,1.3001776176597188,1.4852867555200904,0.2262553170516374
SVR_CompositeKernel,"(1, 12)","{'gamma_lag': 1.0, 'gamma_local': 1.0, 'gamma_macro': 0.2, 'gamma_spatial': 0.1, 'hidden_dim': 128, 'weight_decay': 0.0}",5,40514.12789602821,3899.987928794959,86668.02319310073,7295.836063377141,12.260446142234835,1.4442484350081632,1.610942077996547,0.19072838914452395
SVR_CompositeKernel,"(1, 2, 3, 12)","{'gamma_lag': 0.1, 'gamma_local': 0.5, 'gamma_macro': 0.05, 'gamma_spatial': 0.1, 'hidden_dim': 64, 'weight_decay': 0.0001}",5,40369.263081508645,6037.7234946662,86700.51625357494,7145.341189376412,14.395461353013152,2.685011209394363,1.606824291026756,0.2762405398424073
SVR_CompositeKernel,"(1, 2, 3, 12)","{'gamma_lag': 0.1, 'gamma_local': 0.5, 'gamma_macro': 0.1, 'gamma_spatial': 1.0, 'hidden_dim': 64, 'weight_decay': 0.0}",5,39640.350291861534,4638.672701668223,86702.00936291306,3845.516649211223,13.104415073749617,1.965290466671479,1.5757922914605307,0.20826069163942254
SVR_CompositeKernel,"(1, 2, 3, 4, 5, 6, 12)","{'gamma_lag': 0.5, 'gamma_local': 0.5, 'gamma_macro': 0.2, 'gamma_spatial': 0.5, 'hidden_dim': 128, 'weight_decay': 0.0}",5,41961.42133600837,3480.1066130719796,86703.73848445535,7056.063887744429,13.009015302981712,1.0833564896958467,1.6690999902855652,0.1846843238901326
SVR_CompositeKernel,"(1, 2, 3, 4, 5, 6, 12)","{'gamma_lag': 0.1, 'gamma_local': 0.5, 'gamma_macro': 0.2, 'gamma_spatial': 1.0, 'hidden_dim': 64, 'weight_decay': 0.0001}",5,38314.5185515873,4672.906586102688,86705.37911818504,8152.555730157962,11.757919844608374,1.7634962696335637,1.5253669913666272,0.2229835113827158
SVR_CompositeKernel,"(1, 2, 3, 4, 5, 6, 12, 24)","{'gamma_lag': 0.1, 'gamma_local': 1.0, 'gamma_macro': 0.05, 'gamma_spatial': 0.5, 'hidden_dim': 64, 'weight_decay': 0.0}",5,39681.5527405754,4812.924903783062,86719.96417630129,8352.102860845715,12.454820023821572,1.8919873672584557,1.4840610732156416,0.25785276097677734
SVR_CompositeKernel,"(1, 2, 3, 12, 24)","{'gamma_lag': 1.0, 'gamma_local': 0.1, 'gamma_macro': 0.1, 'gamma_spatial': 0.1, 'hidden_dim': 64, 'weight_decay': 0.0}",5,40815.30420165462,6843.499786466455,86721.35314010041,5953.518464467185,13.621959156097398,2.7811887124971517,1.5261594228636643,0.32416250083097237
SVR_CompositeKernel,"(1, 12, 24)","{'gamma_lag': 1.0, 'gamma_local': 0.5, 'gamma_macro': 0.1, 'gamma_spatial': 1.0, 'hidden_dim': 64, 'weight_decay': 0.0}",5,41393.77473426871,3844.342241760519,86724.88403656866,6931.564952121067,12.961905640778564,1.2213989790589272,1.5480140476098856,0.24921486797770132
SVR_CompositeKernel,"(1, 12, 24)","{'gamma_lag': 0.5, 'gamma_local': 0.5, 'gamma_macro': 0.1, 'gamma_spatial': 0.5, 'hidden_dim': 64, 'weight_decay': 0.0}",5,38526.73191122803,2963.382885758156,86725.80134759282,8005.511593713936,11.863537819880081,0.8127155677408717,1.4381884405549734,0.19683252661493836
SVR_CompositeKernel,"(1, 12, 24)","{'gamma_lag': 1.0, 'gamma_local': 0.1, 'gamma_macro': 0.1, 'gamma_spatial': 0.1, 'hidden_dim': 64, 'weight_decay': 0.0}",5,41248.40339117418,8825.1601333749,86727.23421962814,11089.670248088789,13.666541164328331,3.529553424920578,1.5474126413211189,0.40589698448380157
SVR_CompositeKernel,"(1, 12)","{'gamma_lag': 1.0, 'gamma_local': 0.5, 'gamma_macro': 0.1, 'gamma_spatial': 0.5, 'hidden_dim': 64, 'weight_decay': 0.0001}",5,40018.7991881909,4494.573563311599,86731.72195391689,4783.543793098446,12.401735807573928,1.6437205960280679,1.5899634630464674,0.19607265248239236
SVR_CompositeKernel,"(1, 12, 24)","{'gamma_lag': 0.1, 'gamma_local': 0.5, 'gamma_macro': 0.1, 'gamma_spatial': 1.0, 'hidden_dim': 64, 'weight_decay': 0.0}",5,40014.01072978671,5477.640494934653,86735.96947823867,6754.673594508427,13.178539874726704,2.5512770230232786,1.4986496511826914,0.2918097255883886
SVR_CompositeKernel,"(1, 2, 12, 24)","{'gamma_lag': 1.0, 'gamma_local': 1.0, 'gamma_macro': 0.2, 'gamma_spatial': 0.5, 'hidden_dim': 128, 'weight_decay': 0.0}",5,43693.13518858064,2311.145842147606,86740.91684676628,5576.5019584226775,13.711249201386744,0.6860865171795952,1.6297038336761518,0.19516370729112154
SVR_CompositeKernel,"(1, 12)","{'gamma_lag': 0.5, 'gamma_local': 0.5, 'gamma_macro': 0.05, 'gamma_spatial': 0.1, 'hidden_dim': 64, 'weight_decay': 0.0}",5,38526.8194369154,4080.9552077466783,86742.79850757732,5418.153136874006,12.338380783970097,1.5558766036991174,1.5327977110234285,0.2012775503178784
SVR_CompositeKernel,"(1, 12, 24)","{'gamma_lag': 0.5, 'gamma_local': 0.5, 'gamma_macro': 0.1, 'gamma_spatial': 1.0, 'hidden_dim': 64, 'weight_decay': 0.0001}",5,39436.33215924391,3983.9691230149433,86754.0578694255,5166.433958867706,12.133213683385605,1.2971048419410351,1.4732724237639165,0.23211508386204063
SVR_CompositeKernel,"(1, 2, 12, 24)","{'gamma_lag': 0.1, 'gamma_local': 0.5, 'gamma_macro': 0.2, 'gamma_spatial': 0.5, 'hidden_dim': 64, 'weight_decay': 0.0001}",5,38770.20416710955,2125.103961724448,86761.13107733129,5229.714117094825,12.654820310225706,0.9926002984160321,1.4450459718850923,0.16278285385489527
SVR_CompositeKernel,"(1, 2, 3, 12)","{'gamma_lag': 0.1, 'gamma_local': 0.1, 'gamma_macro': 0.1, 'gamma_spatial': 0.5, 'hidden_dim': 64, 'weight_decay': 0.0}",5,39382.56778362386,7605.55043190568,86763.95947315353,5532.137542024887,13.550525593927176,3.529884223662562,1.5643573936607313,0.30660204689847165
SVR_CompositeKernel,"(1, 2, 3, 4, 5, 6, 12)","{'gamma_lag': 0.5, 'gamma_local': 1.0, 'gamma_macro': 0.05, 'gamma_spatial': 0.1, 'hidden_dim': 128, 'weight_decay': 0.0}",5,44059.39487182894,6037.47214450864,86767.02586086013,6563.509676754201,13.510908792560553,1.950633863981045,1.7550421499075166,0.2889833612821326
SVR_CompositeKernel,"(1, 2, 3, 4, 5, 6, 12)","{'gamma_lag': 0.1, 'gamma_local': 1.0, 'gamma_macro': 0.05, 'gamma_spatial': 1.0, 'hidden_dim': 64, 'weight_decay': 0.0}",5,41361.351647534015,5834.680691343882,86782.51360638817,6937.978966558339,13.416663227705982,2.2235976078981876,1.6460026423042808,0.2633554108999891
SVR_CompositeKernel,"(1, 2, 3, 12)","{'gamma_lag': 0.5, 'gamma_local': 1.0, 'gamma_macro': 0.05, 'gamma_spatial': 0.5, 'hidden_dim': 64, 'weight_decay': 0.0001}",5,41045.25993436437,4087.5669301434127,86784.77567437229,7139.832649019571,12.819618954285755,1.3436633597512055,1.633998602017784,0.21180495699333524
SVR_CompositeKernel,"(1, 12)","{'gamma_lag': 0.5, 'gamma_local': 0.5, 'gamma_macro': 0.05, 'gamma_spatial': 0.1, 'hidden_dim': 64, 'weight_decay': 0.0001}",5,37980.41194462161,4250.420016435922,86786.45285545457,4068.980605794929,11.935508108168033,2.027131812815222,1.5088921250418639,0.1847983136866052
SVR_CompositeKernel,"(1, 12, 24)","{'gamma_lag': 1.0, 'gamma_local': 0.1, 'gamma_macro': 0.2, 'gamma_spatial': 1.0, 'hidden_dim': 64, 'weight_decay': 0.0001}",5,40823.30077239229,5329.2510925865045,86794.69815444338,6067.828197616478,12.942931125625346,1.9601999934129317,1.5264213816115733,0.27938257721005105
SVR_CompositeKernel,"(1, 2, 3, 4, 5, 6, 12)","{'gamma_lag': 0.1, 'gamma_local': 0.1, 'gamma_macro': 0.1, 'gamma_spatial': 0.5, 'hidden_dim': 64, 'weight_decay': 0.0001}",5,40533.40402140022,7801.351398768737,86803.97008538549,6027.42351607624,13.513542433849091,3.425123394367417,1.609037095522357,0.3096686272262014
SVR_CompositeKernel,"(1, 2, 3, 4, 5, 6, 12)","{'gamma_lag': 0.1, 'gamma_local': 0.5, 'gamma_macro': 0.05, 'gamma_spatial': 0.5, 'hidden_dim': 64, 'weight_decay': 0.0}",5,40181.54087168722,4389.418909491989,86811.66295850715,7060.187897564381,13.113533408577954,1.6820810878039674,1.5988465417167144,0.21478230846196456
SVR_CompositeKernel,"(1, 2, 12)","{'gamma_lag': 0.5, 'gamma_local': 0.1, 'gamma_macro': 0.1, 'gamma_spatial': 0.1, 'hidden_dim': 64, 'weight_decay': 0.0}",5,40879.17391935941,9196.919031559188,86811.95881603686,8869.20972239322,13.507515934203123,3.5144511453640725,1.6261098634645,0.37640414578573245
SVR_CompositeKernel,"(1, 2, 3, 12, 24)","{'gamma_lag': 1.0, 'gamma_local': 0.5, 'gamma_macro': 0.05, 'gamma_spatial': 1.0, 'hidden_dim': 64, 'weight_decay': 0.0001}",5,43454.87005518353,6582.483204087113,86818.3046030149,8400.663907376249,14.107307970235553,2.310883432414274,1.6279410599053594,0.3374159294107214
SVR_CompositeKernel,"(1, 2, 3, 12, 24)","{'gamma_lag': 0.5, 'gamma_local': 1.0, 'gamma_macro': 0.1, 'gamma_spatial': 0.1, 'hidden_dim': 128, 'weight_decay': 0.0}",5,41564.18819488733,3841.7699217492327,86828.07211570852,6485.866988613051,12.765647401631291,1.2193660045452188,1.554383897056043,0.24675806102214423
SVR_CompositeKernel,"(1, 12, 24)","{'gamma_lag': 0.5, 'gamma_local': 0.1, 'gamma_macro': 0.1, 'gamma_spatial': 0.1, 'hidden_dim': 64, 'weight_decay': 0.0}",5,39873.350369809385,7091.686518302014,86834.90090334397,6733.506962458413,13.157820707434226,2.743818851324163,1.4933373602827178,0.3396095135954437
SVR_CompositeKernel,"(1, 2, 3, 4, 5, 6, 12, 24)","{'gamma_lag': 0.1, 'gamma_local': 1.0, 'gamma_macro': 0.05, 'gamma_spatial': 0.5, 'hidden_dim': 64, 'weight_decay': 0.0001}",5,41378.261353812355,4223.214765114549,86843.02068887712,7588.227402767135,13.340319315099155,1.5001325548963642,1.5443296658588634,0.23057408418294825
SVR_CompositeKernel,"(1, 2, 3, 4, 5, 6, 12)","{'gamma_lag': 0.5, 'gamma_local': 1.0, 'gamma_macro': 0.2, 'gamma_spatial': 1.0, 'hidden_dim': 128, 'weight_decay': 0.0001}",5,44020.1695343502,4460.070747005669,86844.66129177874,6026.64306203947,14.03335772997109,1.6080455891871306,1.7498727462217836,0.20733866182942023
SVR_CompositeKernel,"(1, 12)","{'gamma_lag': 1.0, 'gamma_local': 0.1, 'gamma_macro': 0.2, 'gamma_spatial': 1.0, 'hidden_dim': 64, 'weight_decay': 0.0001}",5,40707.65388011975,5956.800066507607,86845.29415163308,5546.918951108554,12.833077460412227,2.3974487281685755,1.615353041353017,0.23433554748830807
SVR_CompositeKernel,"(1, 2, 3, 12, 24)","{'gamma_lag': 0.5, 'gamma_local': 1.0, 'gamma_macro': 0.05, 'gamma_spatial': 1.0, 'hidden_dim': 64, 'weight_decay': 0.0001}",5,42100.58616425737,5429.703647805299,86853.3169336743,6779.225897262907,13.102211519721482,1.8888373497063637,1.576548084031495,0.2981032205973401
SVR_CompositeKernel,"(1, 12)","{'gamma_lag': 0.5, 'gamma_local': 1.0, 'gamma_macro': 0.05, 'gamma_spatial': 1.0, 'hidden_dim': 64, 'weight_decay': 0.0}",5,39066.52814803005,3922.472936780228,86871.18007012182,6564.067630529716,12.055108432559322,1.579662876635984,1.5533802967709374,0.18545367892684766
SVR_CompositeKernel,"(1, 2, 12)","{'gamma_lag': 0.5, 'gamma_local': 0.1, 'gamma_macro': 0.1, 'gamma_spatial': 0.1, 'hidden_dim': 64, 'weight_decay': 0.0001}",5,38557.859260735546,5637.743170291915,86872.7208539537,4920.540658029522,12.62603774379586,2.362583259699442,1.531067701165152,0.22929941257099182
SVR_CompositeKernel,"(1, 2, 3, 4, 5, 6, 12, 24)","{'gamma_lag': 0.5, 'gamma_local': 0.5, 'gamma_macro': 0.1, 'gamma_spatial': 0.1, 'hidden_dim': 128, 'weight_decay': 0.0}",5,43861.85121926374,5306.172117719822,86878.7427839642,7375.879761865668,13.934025483987668,1.737491094599122,1.6417435599495391,0.29589684476187716
SVR_CompositeKernel,"(1, 2, 12)","{'gamma_lag': 0.5, 'gamma_local': 1.0, 'gamma_macro': 0.05, 'gamma_spatial': 1.0, 'hidden_dim': 64, 'weight_decay': 0.0001}",5,40700.90017051091,5231.430752111994,86882.18779269488,6737.38185997902,12.54572359366714,1.9221985885932573,1.6190798601633254,0.23803454797936874
SVR_CompositeKernel,"(1, 2, 12, 24)","{'gamma_lag': 0.5, 'gamma_local': 0.5, 'gamma_macro': 0.05, 'gamma_spatial': 0.1, 'hidden_dim': 64, 'weight_decay': 0.0001}",5,40243.61427641369,3699.440416530243,86883.04308735969,8304.677398153517,12.530677775076262,1.365560685059651,1.5044654660128336,0.23478280369661153
SVR_CompositeKernel,"(1, 12, 24)","{'gamma_lag': 1.0, 'gamma_local': 1.0, 'gamma_macro': 0.2, 'gamma_spatial': 0.1, 'hidden_dim': 128, 'weight_decay': 0.0001}",5,41705.37822774944,3546.16497269676,86886.51572014578,5784.1071443435,12.632666091403522,1.3421897768294113,1.5581472057449297,0.23130459605945855
SVR_CompositeKernel,"(1, 12)","{'gamma_lag': 1.0, 'gamma_local': 0.5, 'gamma_macro': 0.05, 'gamma_spatial': 0.5, 'hidden_dim': 64, 'weight_decay': 0.0}",5,39796.338596584465,4143.740269205498,86898.64945519301,4800.534634159417,12.24535776811707,1.6920741551906546,1.5810702685358367,0.18307955428135508
SVR_CompositeKernel,"(1, 2, 3, 12)","{'gamma_lag': 1.0, 'gamma_local': 0.1, 'gamma_macro': 0.05, 'gamma_spatial': 0.5, 'hidden_dim': 64, 'weight_decay': 0.0}",5,41558.9105955924,5110.527704280629,86903.02260921744,5751.332795603119,13.600750702524607,1.9819131658753364,1.6498323548983798,0.20860435125667195
SVR_CompositeKernel,"(1, 2, 12)","{'gamma_lag': 1.0, 'gamma_local': 1.0, 'gamma_macro': 0.2, 'gamma_spatial': 1.0, 'hidden_dim': 128, 'weight_decay': 0.0001}",5,41829.21697712939,4755.631744340502,86913.31362961352,6461.997594061564,12.919050757070085,1.4197778983610456,1.6628478414611156,0.2152916205884934
SVR_CompositeKernel,"(1, 12)","{'gamma_lag': 1.0, 'gamma_local': 0.1, 'gamma_macro': 0.1, 'gamma_spatial': 1.0, 'hidden_dim': 64, 'weight_decay': 0.0001}",5,39908.978547955645,6268.039289532404,86916.85344519925,8002.005044819907,12.684225655546054,2.3889848444526405,1.5848852013341734,0.2532501850534696
SVR_CompositeKernel,"(1, 2, 3, 4, 5, 6, 12, 24)","{'gamma_lag': 0.5, 'gamma_local': 1.0, 'gamma_macro': 0.05, 'gamma_spatial': 0.1, 'hidden_dim': 128, 'weight_decay': 0.0}",5,44428.20737182894,4247.35585145253,86919.12270628106,7156.710064152366,13.86028782236481,1.1767194003278376,1.6617897092642213,0.2721569889936805
SVR_CompositeKernel,"(1, 2, 12)","{'gamma_lag': 0.1, 'gamma_local': 0.5, 'gamma_macro': 0.1, 'gamma_spatial': 0.1, 'hidden_dim': 64, 'weight_decay': 0.0001}",5,36019.587077930126,3777.7248578720364,86920.28608389312,7091.009602125425,11.746881188654992,1.5681565468026444,1.4327211113742375,0.18168304417230402
SVR_CompositeKernel,"(1, 2, 3, 12, 24)","{'gamma_lag': 0.1, 'gamma_local': 1.0, 'gamma_macro': 0.2, 'gamma_spatial': 0.1, 'hidden_dim': 64, 'weight_decay': 0.0001}",5,39259.90426587302,3694.5385007195537,86931.05205995371,6134.393818064154,13.048225520896036,1.3845839305856955,1.4683006772485627,0.23867781031096516
SVR_CompositeKernel,"(1, 2, 3, 12)","{'gamma_lag': 0.5, 'gamma_local': 1.0, 'gamma_macro': 0.1, 'gamma_spatial': 0.1, 'hidden_dim': 128, 'weight_decay': 0.0001}",5,40550.48447642078,3861.7769769553865,86943.85032945503,8006.691083501267,12.257325700892084,1.400289485917422,1.614387418497169,0.2054149148290709
SVR_CompositeKernel,"(1, 2, 3, 12)","{'gamma_lag': 1.0, 'gamma_local': 0.5, 'gamma_macro': 0.1, 'gamma_spatial': 0.1, 'hidden_dim': 128, 'weight_decay': 0.0001}",5,41806.831632210175,6371.265956089111,86951.08372112019,7080.58393904541,12.952670781128251,1.9208944376098644,1.6646968101740924,0.2913822429993058
SVR_CompositeKernel,"(1, 2, 3, 4, 5, 6, 12)","{'gamma_lag': 1.0, 'gamma_local': 0.5, 'gamma_macro': 0.05, 'gamma_spatial': 0.1, 'hidden_dim': 128, 'weight_decay': 0.0001}",5,45810.00106248228,8804.05015735148,86951.62432514623,8145.856146986634,14.621307983359424,3.1166139426157153,1.8202332778496157,0.36340285759267926
SVR_CompositeKernel,"(1, 2, 12, 24)","{'gamma_lag': 0.1, 'gamma_local': 0.5, 'gamma_macro': 0.1, 'gamma_spatial': 1.0, 'hidden_dim': 64, 'weight_decay': 0.0}",5,41056.9316680839,6663.969199779646,86952.44125716119,6739.450566664556,13.891094863025813,3.1857838966145136,1.5406077388068793,0.3433598412374783
SVR_CompositeKernel,"(1, 12)","{'gamma_lag': 1.0, 'gamma_local': 0.1, 'gamma_macro': 0.2, 'gamma_spatial': 0.5, 'hidden_dim': 64, 'weight_decay': 0.0}",5,38060.516667995325,5732.067064586391,86961.35571645848,5771.025141126538,11.76960622667243,2.034151752817972,1.5113881161235276,0.23454342456143226
SVR_CompositeKernel,"(1, 2, 12)","{'gamma_lag': 0.5, 'gamma_local': 0.5, 'gamma_macro': 0.05, 'gamma_spatial': 1.0, 'hidden_dim': 64, 'weight_decay': 0.0}",5,40244.011796254956,5488.538598460428,86963.61949721308,7434.473219209616,12.453985547965509,2.173193324644367,1.5996105400545115,0.23341864554771344
SVR_CompositeKernel,"(1, 2, 12, 24)","{'gamma_lag': 1.0, 'gamma_local': 0.1, 'gamma_macro': 0.1, 'gamma_spatial': 0.1, 'hidden_dim': 64, 'weight_decay': 0.0001}",5,42981.80042251275,8383.869616670321,86966.7136133671,7680.599350885474,14.357599565860852,3.0045245170573294,1.6116734069506502,0.3965265101560038
SVR_CompositeKernel,"(1, 12)","{'gamma_lag': 0.5, 'gamma_local': 0.1, 'gamma_macro': 0.1, 'gamma_spatial': 0.5, 'hidden_dim': 64, 'weight_decay': 0.0}",5,38824.50152839782,7347.041598503939,86967.17934203154,7508.961268815464,12.590189679815003,3.1680932461573414,1.5419663767976224,0.29437787621981476
SVR_CompositeKernel,"(1, 2, 12)","{'gamma_lag': 1.0, 'gamma_local': 1.0, 'gamma_macro': 0.05, 'gamma_spatial': 1.0, 'hidden_dim': 64, 'weight_decay': 0.0001}",5,42142.620714197146,3157.791085597587,86976.24964752863,5159.944924247718,13.445904174806476,0.9209051475571737,1.67524911454023,0.1633437726632151
SVR_CompositeKernel,"(1, 2, 3, 4, 5, 6, 12)","{'gamma_lag': 0.1, 'gamma_local': 0.5, 'gamma_macro': 0.1, 'gamma_spatial': 0.5, 'hidden_dim': 64, 'weight_decay': 0.0001}",5,39653.251930980725,3293.63783604898,86981.25232690366,6081.97434942739,12.505807432241218,1.3141268802138577,1.5766824400106514,0.16621242772919068
SVR_CompositeKernel,"(1, 12)","{'gamma_lag': 1.0, 'gamma_local': 0.5, 'gamma_macro': 0.05, 'gamma_spatial': 0.5, 'hidden_dim': 64, 'weight_decay': 0.0001}",5,38880.44057052508,3234.5510340382502,86982.67719606942,3163.999827722163,11.798774971054062,1.2425926463937849,1.5449295113650772,0.1544944697791015
SVR_CompositeKernel,"(1, 2, 3, 4, 5, 6, 12)","{'gamma_lag': 0.1, 'gamma_local': 1.0, 'gamma_macro': 0.05, 'gamma_spatial': 0.5, 'hidden_dim': 64, 'weight_decay': 0.0001}",5,40371.99257723923,4059.887900321178,86983.95061127,5790.746462818859,13.10336003374828,1.533497274370435,1.6067119211606993,0.20671919609052547
SVR_CompositeKernel,"(1, 12, 24)","{'gamma_lag': 1.0, 'gamma_local': 0.1, 'gamma_macro': 0.05, 'gamma_spatial': 0.1, 'hidden_dim': 64, 'weight_decay': 0.0001}",5,42117.187580605154,7663.815948641393,87005.99261780785,6770.046441362922,13.97838796442727,3.079592243860308,1.5764683966396027,0.3607943241825989
SVR_CompositeKernel,"(1, 2, 3, 4, 5, 6, 12, 24)","{'gamma_lag': 0.1, 'gamma_local': 0.5, 'gamma_macro': 0.2, 'gamma_spatial': 0.5, 'hidden_dim': 64, 'weight_decay': 0.0}",5,39219.90210149164,4309.509924237477,87006.16640763047,5935.67993374541,12.346587897366138,1.5676555311337217,1.4669221928379168,0.24697708642036564
SVR_CompositeKernel,"(1, 2, 3, 12)","{'gamma_lag': 1.0, 'gamma_local': 0.5, 'gamma_macro': 0.1, 'gamma_spatial': 0.1, 'hidden_dim': 128, 'weight_decay': 0.0}",5,41650.30934975554,5248.686303425799,87012.23341326181,6173.764976374723,12.904764858861247,1.9974767340871082,1.6552805447776766,0.2298492247116689
SVR_CompositeKernel,"(1, 2, 12, 24)","{'gamma_lag': 0.1, 'gamma_local': 1.0, 'gamma_macro': 0.1, 'gamma_spatial': 0.5, 'hidden_dim': 64, 'weight_decay': 0.0001}",5,40733.59999645691,4939.023134406641,87015.0189200474,8657.577231702257,13.440178180981496,2.4561880873210593,1.5219920407061494,0.25927007523716866
SVR_CompositeKernel,"(1, 2, 3, 4, 5, 6, 12)","{'gamma_lag': 0.5, 'gamma_local': 0.1, 'gamma_macro': 0.05, 'gamma_spatial': 0.1, 'hidden_dim': 64, 'weight_decay': 0.0001}",5,42754.55168030754,8087.005222242051,87015.1582224159,5957.146286968313,14.337049655462485,3.125900300186243,1.696869592959077,0.32075953077489616
SVR_CompositeKernel,"(1, 12)","{'gamma_lag': 1.0, 'gamma_local': 0.5, 'gamma_macro': 0.05, 'gamma_spatial': 1.0, 'hidden_dim': 64, 'weight_decay': 0.0001}",5,40017.45364937642,5108.516677687321,87016.40854802712,5055.197825400217,12.329864159081087,1.8670690467016704,1.5900638231129203,0.21875130015299893
SVR_CompositeKernel,"(1, 2, 3, 12, 24)","{'gamma_lag': 1.0, 'gamma_local': 0.1, 'gamma_macro': 0.1, 'gamma_spatial': 0.5, 'hidden_dim': 64, 'weight_decay': 0.0001}",5,43947.29596044148,8766.772970113383,87022.78972637668,8286.669292935168,14.791633731018582,3.292184366277024,1.6466308451491052,0.4064365003522346
SVR_CompositeKernel,"(1, 12)","{'gamma_lag': 0.1, 'gamma_local': 0.1, 'gamma_macro': 0.1, 'gamma_spatial': 0.5, 'hidden_dim': 64, 'weight_decay': 0.0001}",5,39720.08810542446,8637.303171944654,87024.56978755536,6516.746333511633,14.349076937368924,4.338746430168908,1.5783003011501329,0.34677215042021603
SVR_CompositeKernel,"(1, 2, 12, 24)","{'gamma_lag': 0.1, 'gamma_local': 0.5, 'gamma_macro': 0.2, 'gamma_spatial': 0.1, 'hidden_dim': 64, 'weight_decay': 0.0001}",5,39897.921462673614,3352.5009161346607,87027.58248999422,6850.79672199025,13.656354793542539,1.5433436354080832,1.4912609424959415,0.22448034344288156
SVR_CompositeKernel,"(1, 2, 12, 24)","{'gamma_lag': 1.0, 'gamma_local': 0.5, 'gamma_macro': 0.05, 'gamma_spatial': 0.5, 'hidden_dim': 64, 'weight_decay': 0.0}",5,43359.29013295423,4375.769784092486,87029.20548662716,5235.544298418992,13.723739553313061,1.5964554425482338,1.6188934000503543,0.24993282338820172
SVR_CompositeKernel,"(1, 12)","{'gamma_lag': 0.5, 'gamma_local': 0.5, 'gamma_macro': 0.1, 'gamma_spatial': 0.5, 'hidden_dim': 64, 'weight_decay': 0.0001}",5,38048.53933531746,3916.7892305482924,87033.85905511199,8105.762865569203,11.728412483753633,1.705410675552429,1.5114942827313558,0.16976960953192496
SVR_CompositeKernel,"(1, 2, 3, 12)","{'gamma_lag': 1.0, 'gamma_local': 0.1, 'gamma_macro': 0.1, 'gamma_spatial': 1.0, 'hidden_dim': 64, 'weight_decay': 0.0}",5,42628.441755243766,7265.2184661657075,87037.93709895355,8311.431558904816,13.927455759273723,2.8359587816923684,1.693960779778818,0.29702169848093174
SVR_CompositeKernel,"(1, 2, 12)","{'gamma_lag': 1.0, 'gamma_local': 1.0, 'gamma_macro': 0.05, 'gamma_spatial': 0.1, 'hidden_dim': 128, 'weight_decay': 0.0}",5,43962.72119561366,6535.980207465908,87046.52753150338,8486.630242008534,13.550259547955841,2.163494277521228,1.7502758002524168,0.29736534458241914
SVR_CompositeKernel,"(1, 2, 3, 4, 5, 6, 12)","{'gamma_lag': 0.1, 'gamma_local': 0.1, 'gamma_macro': 0.2, 'gamma_spatial': 1.0, 'hidden_dim': 64, 'weight_decay': 0.0001}",5,39851.05623139881,6130.534762752795,87048.86962686348,5004.9972761754125,12.971172893823507,2.6572462677178788,1.5857279209775559,0.267927141778859
SVR_CompositeKernel,"(1, 2, 3, 12)","{'gamma_lag': 0.1, 'gamma_local': 0.5, 'gamma_macro': 0.05, 'gamma_spatial': 0.5, 'hidden_dim': 64, 'weight_decay': 0.0}",5,40101.79848134566,5983.953043555512,87072.07222631651,9453.198925202436,13.517262094294932,2.7142751628161763,1.5957667540677005,0.26438900390172426
SVR_CompositeKernel,"(1, 2, 12, 24)","{'gamma_lag': 1.0, 'gamma_local': 0.5, 'gamma_macro': 0.1, 'gamma_spatial': 0.1, 'hidden_dim': 128, 'weight_decay': 0.0}",5,42383.5087310445,6450.613080998443,87073.82896302475,6705.3987617093535,13.179575613218429,2.297472948297765,1.586939586121267,0.32495726599236885
SVR_CompositeKernel,"(1, 2, 12, 24)","{'gamma_lag': 0.5, 'gamma_local': 0.1, 'gamma_macro': 0.2, 'gamma_spatial': 0.5, 'hidden_dim': 64, 'weight_decay': 0.0001}",5,40467.25376364087,6956.537927323725,87085.22601834277,7873.854999539634,12.865687344042176,2.7555782159477276,1.514047756794527,0.3295073888322965
SVR_CompositeKernel,"(1, 2, 12)","{'gamma_lag': 0.1, 'gamma_local': 0.5, 'gamma_macro': 0.1, 'gamma_spatial': 0.5, 'hidden_dim': 64, 'weight_decay': 0.0}",5,38503.24592412486,5162.675887260963,87087.40809042235,5345.247800185777,12.955123245074509,2.1946026743079097,1.531244543575435,0.23052248290291572
SVR_CompositeKernel,"(1, 2, 3, 4, 5, 6, 12, 24)","{'gamma_lag': 0.1, 'gamma_local': 1.0, 'gamma_macro': 0.1, 'gamma_spatial': 0.5, 'hidden_dim': 64, 'weight_decay': 0.0001}",5,39948.177492116636,5531.2709717744665,87091.25559361783,7291.042013642696,12.54057316659544,2.131279213420693,1.4967770311990454,0.29596583413498745
SVR_CompositeKernel,"(1, 2, 3, 4, 5, 6, 12, 24)","{'gamma_lag': 1.0, 'gamma_local': 0.1, 'gamma_macro': 0.1, 'gamma_spatial': 0.5, 'hidden_dim': 64, 'weight_decay': 0.0001}",5,44049.91967961664,9379.93987472912,87100.09265827986,7990.043292622036,15.010097373467044,3.5451806871293674,1.6532675189623809,0.4367796818006253
SVR_CompositeKernel,"(1, 2, 12)","{'gamma_lag': 0.1, 'gamma_local': 0.1, 'gamma_macro': 0.2, 'gamma_spatial': 1.0, 'hidden_dim': 64, 'weight_decay': 0.0}",5,38793.31748999078,7994.550849196819,87102.62661192796,5654.2212928646495,13.193756777414254,3.701570164904067,1.5378938958005421,0.3069122863694332
SVR_CompositeKernel,"(1, 2, 3, 12)","{'gamma_lag': 1.0, 'gamma_local': 0.5, 'gamma_macro': 0.2, 'gamma_spatial': 0.1, 'hidden_dim': 128, 'weight_decay': 0.0}",5,41883.90341907596,5116.858826988376,87108.1561982023,6288.282004529322,13.068769545966427,1.7450360933503526,1.6655374768839653,0.23386566072767345
SVR_CompositeKernel,"(1, 12, 24)","{'gamma_lag': 0.1, 'gamma_local': 1.0, 'gamma_macro': 0.2, 'gamma_spatial': 0.1, 'hidden_dim': 64, 'weight_decay': 0.0001}",5,40129.05609587585,4270.717477001393,87109.88181418975,6177.587055799697,13.853564557025248,1.8184274744390954,1.5009406565417929,0.26060354674131714
SVR_CompositeKernel,"(1, 2, 12)","{'gamma_lag': 0.1, 'gamma_local': 1.0, 'gamma_macro': 0.1, 'gamma_spatial': 0.1, 'hidden_dim': 64, 'weight_decay': 0.0}",5,37715.10890421273,3496.7946072768564,87120.30167035447,4671.908420342067,12.540775434084605,1.4789465429137305,1.4998692313893902,0.1722298392668787
SVR_CompositeKernel,"(1, 2, 3, 12)","{'gamma_lag': 1.0, 'gamma_local': 1.0, 'gamma_macro': 0.05, 'gamma_spatial': 0.1, 'hidden_dim': 128, 'weight_decay': 0.0}",5,44798.71163681619,5556.7508167307915,87126.26140768167,5941.260611062069,13.943966885041865,1.817454463813084,1.7819442283815572,0.2553665103666068
SVR_CompositeKernel,"(1, 2, 3, 12)","{'gamma_lag': 1.0, 'gamma_local': 0.1, 'gamma_macro': 0.05, 'gamma_spatial': 0.1, 'hidden_dim': 64, 'weight_decay': 0.0}",5,41791.41112749787,7427.455907909399,87126.44151811309,8906.587205757975,13.969084777426563,2.884842756783426,1.6610657965442805,0.30957832833484283
SVR_CompositeKernel,"(1, 2, 3, 12, 24)","{'gamma_lag': 0.1, 'gamma_local': 1.0, 'gamma_macro': 0.2, 'gamma_spatial': 1.0, 'hidden_dim': 64, 'weight_decay': 0.0}",5,40523.13973701459,2833.698166891134,87127.83993382182,4642.719412264678,13.061617109700242,1.2678264117967608,1.5111541872075094,0.18755204937890832
SVR_CompositeKernel,"(1, 2, 3, 4, 5, 6, 12, 24)","{'gamma_lag': 0.5, 'gamma_local': 0.5, 'gamma_macro': 0.05, 'gamma_spatial': 0.5, 'hidden_dim': 64, 'weight_decay': 0.0}",5,42831.87491275156,5040.414438137562,87131.76473989047,6538.204230673993,13.838226598422555,1.579481648639033,1.6044580320871735,0.2956799002568237
SVR_CompositeKernel,"(1, 2, 3, 4, 5, 6, 12, 24)","{'gamma_lag': 0.5, 'gamma_local': 1.0, 'gamma_macro': 0.1, 'gamma_spatial': 1.0, 'hidden_dim': 128, 'weight_decay': 0.0}",5,44807.6081880669,4122.397482508304,87133.50106708286,6017.160190079858,14.426619225704252,1.224253740924017,1.674316504115815,0.2596992562901353
SVR_CompositeKernel,"(1, 2, 3, 4, 5, 6, 12)","{'gamma_lag': 0.1, 'gamma_local': 1.0, 'gamma_macro': 0.05, 'gamma_spatial': 0.5, 'hidden_dim': 64, 'weight_decay': 0.0}",5,40229.430194161,5036.297938245978,87137.8871169925,6871.753045001349,12.916895892816404,2.017673370916554,1.6000390856776547,0.22808609340362956
SVR_CompositeKernel,"(1, 2, 3, 12)","{'gamma_lag': 0.5, 'gamma_local': 0.1, 'gamma_macro': 0.1, 'gamma_spatial': 1.0, 'hidden_dim': 64, 'weight_decay': 0.0001}",5,40387.71077230371,8189.053790049786,87150.61177701697,5701.01404252038,12.93998674788818,3.2964586144487704,1.6028237856956764,0.3220720271317276
SVR_CompositeKernel,"(1, 2, 3, 12, 24)","{'gamma_lag': 1.0, 'gamma_local': 0.1, 'gamma_macro': 0.2, 'gamma_spatial': 1.0, 'hidden_dim': 64, 'weight_decay': 0.0}",5,42994.65487838364,7052.676946481334,87152.99037720365,7296.079276430025,14.141894643195698,2.666126959738656,1.609925422395871,0.3453731706168949
SVR_CompositeKernel,"(1, 2, 12)","{'gamma_lag': 0.5, 'gamma_local': 0.5, 'gamma_macro': 0.1, 'gamma_spatial': 0.5, 'hidden_dim': 64, 'weight_decay': 0.0}",5,38517.04831349206,3245.7012418679415,87153.19849763504,6044.334551817591,11.855274240462474,1.1321090108021032,1.531468198084541,0.1629548155007411
SVR_CompositeKernel,"(1, 2, 3, 12, 24)","{'gamma_lag': 0.5, 'gamma_local': 0.5, 'gamma_macro': 0.05, 'gamma_spatial': 0.5, 'hidden_dim': 64, 'weight_decay': 0.0001}",5,41486.900038088155,3770.883515999909,87163.86567439971,5800.676541239912,12.916938110139725,1.3805080051290337,1.5497409149974706,0.2347828160984317
SVR_CompositeKernel,"(1, 2, 3, 12, 24)","{'gamma_lag': 0.1, 'gamma_local': 0.5, 'gamma_macro': 0.2, 'gamma_spatial': 0.1, 'hidden_dim': 64, 'weight_decay': 0.0}",5,37333.06441902282,2672.1277524298944,87170.82352220261,5611.600507494292,11.996919815403688,1.0685319198546468,1.3931319195363405,0.1817230306029697
SVR_CompositeKernel,"(1, 2, 3, 12, 24)","{'gamma_lag': 1.0, 'gamma_local': 0.1, 'gamma_macro': 0.1, 'gamma_spatial': 0.5, 'hidden_dim': 64, 'weight_decay': 0.0}",5,44035.83129295989,12179.903652477418,87176.69085253164,10485.481563288226,14.563570442027281,4.703508225321106,1.6542427253615082,0.5325790169718512
SVR_CompositeKernel,"(1, 2, 12)","{'gamma_lag': 1.0, 'gamma_local': 0.5, 'gamma_macro': 0.05, 'gamma_spatial': 1.0, 'hidden_dim': 64, 'weight_decay': 0.0001}",5,42354.875080162274,5744.397617442096,87183.79342578955,7007.234864032085,13.39988614122073,2.0413272372629327,1.6841197996737407,0.2522478459625469
SVR_CompositeKernel,"(1, 12)","{'gamma_lag': 0.5, 'gamma_local': 0.5, 'gamma_macro': 0.05, 'gamma_spatial': 1.0, 'hidden_dim': 64, 'weight_decay': 0.0001}",5,40398.04958280187,3989.2376932340903,87196.70306056971,7647.468100475436,12.801869500249419,1.933877795601158,1.6053623221836717,0.180588218169498
SVR_CompositeKernel,"(1, 12, 24)","{'gamma_lag': 0.5, 'gamma_local': 1.0, 'gamma_macro': 0.05, 'gamma_spatial': 0.5, 'hidden_dim': 64, 'weight_decay': 0.0001}",5,39525.440066964286,3515.4476087229227,87198.69282113775,7073.59082814923,12.001948433206953,0.8311100727686468,1.477974304170141,0.2336127808329661
SVR_CompositeKernel,"(1, 12, 24)","{'gamma_lag': 1.0, 'gamma_local': 1.0, 'gamma_macro': 0.05, 'gamma_spatial': 0.5, 'hidden_dim': 64, 'weight_decay': 0.0}",5,41334.733609250994,3345.772271191636,87199.08556801408,4800.213465584599,12.750008794718413,1.2389125388040125,1.5428967061736043,0.21588127701624546
SVR_CompositeKernel,"(1, 2, 12)","{'gamma_lag': 1.0, 'gamma_local': 0.5, 'gamma_macro': 0.2, 'gamma_spatial': 0.1, 'hidden_dim': 128, 'weight_decay': 0.0}",5,40848.64205286281,4747.754564085871,87203.51855559902,4767.494075295774,12.488249171217277,1.5272892636853392,1.6246273266345894,0.22179747772088015
SVR_CompositeKernel,"(1, 2, 3, 12)","{'gamma_lag': 0.1, 'gamma_local': 1.0, 'gamma_macro': 0.1, 'gamma_spatial': 1.0, 'hidden_dim': 64, 'weight_decay': 0.0001}",5,40714.24487714357,5862.232858881498,87204.38946057305,7457.6420255893445,13.251786798485233,2.1986737936723078,1.619795957540454,0.260518230315444
SVR_CompositeKernel,"(1, 2, 12, 24)","{'gamma_lag': 0.5, 'gamma_local': 0.5, 'gamma_macro': 0.05, 'gamma_spatial': 0.5, 'hidden_dim': 64, 'weight_decay': 0.0}",5,40174.93932424532,3762.0426205247413,87205.59545713454,6725.923595896497,12.488123057865682,1.3303796179150704,1.5005954834785094,0.2267662407144275
SVR_CompositeKernel,"(1, 2, 3, 12, 24)","{'gamma_lag': 1.0, 'gamma_local': 1.0, 'gamma_macro': 0.1, 'gamma_spatial': 1.0, 'hidden_dim': 128, 'weight_decay': 0.0}",5,45286.424520355016,4646.97558616752,87212.24600817061,7086.406054330757,14.542915768259771,1.4599558115829834,1.692944634076099,0.27666316848603395
SVR_CompositeKernel,"(1, 2, 3, 4, 5, 6, 12)","{'gamma_lag': 1.0, 'gamma_local': 0.1, 'gamma_macro': 0.05, 'gamma_spatial': 1.0, 'hidden_dim': 64, 'weight_decay': 0.0}",5,44817.82230017007,10944.06176930842,87214.11702609353,8880.154397233817,15.234250121960244,4.109811340116963,1.778385230375084,0.43010802940971865
SVR_CompositeKernel,"(1, 12)","{'gamma_lag': 0.5, 'gamma_local': 0.5, 'gamma_macro': 0.05, 'gamma_spatial': 0.5, 'hidden_dim': 64, 'weight_decay': 0.0001}",5,38275.027123193024,4329.444925366249,87222.49674867674,6026.202120324846,11.918810330608617,1.7365378350622713,1.5195180240894697,0.17875689507013598
SVR_CompositeKernel,"(1, 2, 3, 4, 5, 6, 12, 24)","{'gamma_lag': 0.1, 'gamma_local': 0.5, 'gamma_macro': 0.1, 'gamma_spatial': 0.5, 'hidden_dim': 64, 'weight_decay': 0.0}",5,39278.58996642929,5588.671895291691,87224.90992579705,5420.55086176317,12.318050644044558,2.5762229443327698,1.468990331145116,0.28234625062097085
SVR_CompositeKernel,"(1, 2, 3, 12, 24)","{'gamma_lag': 0.5, 'gamma_local': 0.5, 'gamma_macro': 0.2, 'gamma_spatial': 1.0, 'hidden_dim': 64, 'weight_decay': 0.0}",5,41416.567358010914,3231.515427129506,87226.72212563986,5462.898044715032,13.019086907958558,1.0113463688309272,1.5470046426132837,0.22024358830118027
SVR_CompositeKernel,"(1, 2, 12, 24)","{'gamma_lag': 0.5, 'gamma_local': 0.5, 'gamma_macro': 0.2, 'gamma_spatial': 1.0, 'hidden_dim': 64, 'weight_decay': 0.0}",5,40067.89114051871,3759.3982264284514,87229.88531055505,6344.301640828651,12.363251294768054,1.253376700000493,1.4971505515458208,0.22978778295143912
SVR_CompositeKernel,"(1, 2, 3, 4, 5, 6, 12)","{'gamma_lag': 0.5, 'gamma_local': 1.0, 'gamma_macro': 0.2, 'gamma_spatial': 0.5, 'hidden_dim': 128, 'weight_decay': 0.0}",5,42933.91269176941,4701.05678230845,87250.47292129109,5942.042462020745,13.414685956141124,1.3915106848820613,1.7079043974459975,0.22640982735801654
SVR_CompositeKernel,"(1, 2, 3, 4, 5, 6, 12)","{'gamma_lag': 0.1, 'gamma_local': 0.1, 'gamma_macro': 0.1, 'gamma_spatial': 0.1, 'hidden_dim': 64, 'weight_decay': 0.0001}",5,40046.72361288265,8198.566048101104,87252.90137650441,7880.90577050945,13.77156356328057,3.1981179856855704,1.5916016819833687,0.33498819446986416
SVR_CompositeKernel,"(1, 2, 3, 4, 5, 6, 12, 24)","{'gamma_lag': 0.1, 'gamma_local': 0.1, 'gamma_macro': 0.2, 'gamma_spatial': 0.1, 'hidden_dim': 64, 'weight_decay': 0.0001}",5,38677.29852962018,4907.91991788791,87257.29403400236,7869.8010473102695,12.906131840622024,1.8872292399737565,1.4486557779577631,0.27364006702447075
SVR_CompositeKernel,"(1, 2, 12, 24)","{'gamma_lag': 0.1, 'gamma_local': 1.0, 'gamma_macro': 0.2, 'gamma_spatial': 1.0, 'hidden_dim': 64, 'weight_decay': 0.0001}",5,40889.725063775506,5413.705793400689,87258.2627650657,5845.710209397179,13.335310335464786,2.567442753875355,1.529082934436014,0.2837169099831051
SVR_CompositeKernel,"(1, 2, 3, 4, 5, 6, 12)","{'gamma_lag': 1.0, 'gamma_local': 1.0, 'gamma_macro': 0.1, 'gamma_spatial': 0.5, 'hidden_dim': 128, 'weight_decay': 0.0}",5,44677.42726403061,5549.285510401228,87259.9684396607,7438.654728644439,14.314032514553094,1.7423197976557256,1.7782298996284915,0.26263186973317726
SVR_CompositeKernel,"(1, 2, 3, 4, 5, 6, 12)","{'gamma_lag': 1.0, 'gamma_local': 1.0, 'gamma_macro': 0.05, 'gamma_spatial': 1.0, 'hidden_dim': 128, 'weight_decay': 0.0}",5,45141.26050081491,6503.886765867777,87269.31400423885,7369.139557955174,14.541446618292042,2.2850472710695167,1.7942402519083216,0.2798022231415167
SVR_CompositeKernel,"(1, 2, 12)","{'gamma_lag': 1.0, 'gamma_local': 0.1, 'gamma_macro': 0.1, 'gamma_spatial': 1.0, 'hidden_dim': 64, 'weight_decay': 0.0}",5,41548.12454515661,9342.447536008687,87276.59909226868,9099.682454454167,13.338684775031842,3.7318459686577796,1.6499633514261323,0.3696324431043069
SVR_CompositeKernel,"(1, 2, 3, 4, 5, 6, 12)","{'gamma_lag': 0.1, 'gamma_local': 0.5, 'gamma_macro': 0.05, 'gamma_spatial': 0.1, 'hidden_dim': 64, 'weight_decay': 0.0001}",5,39620.41152875213,3917.1860298845218,87281.77645264372,4386.157485285723,12.826147262679537,1.3674768955755174,1.5764013256439373,0.19780892489410243
SVR_CompositeKernel,"(1, 12)","{'gamma_lag': 0.5, 'gamma_local': 1.0, 'gamma_macro': 0.05, 'gamma_spatial': 0.5, 'hidden_dim': 64, 'weight_decay': 0.0}",5,37791.227673256806,2848.530181693687,87283.57244444086,6454.443438961312,11.464484283535814,0.8285756678397934,1.503755724812409,0.16420434851745133
SVR_CompositeKernel,"(1, 12, 24)","{'gamma_lag': 1.0, 'gamma_local': 0.5, 'gamma_macro': 0.05, 'gamma_spatial': 1.0, 'hidden_dim': 64, 'weight_decay': 0.0}",5,41386.72145248724,4149.391497688289,87286.3692167078,5067.779412430838,12.877253163238459,1.6026036122448848,1.546250970274822,0.24372432898246707
SVR_CompositeKernel,"(1, 2, 3, 12, 24)","{'gamma_lag': 1.0, 'gamma_local': 0.1, 'gamma_macro': 0.1, 'gamma_spatial': 0.1, 'hidden_dim': 64, 'weight_decay': 0.0001}",5,42520.41533269558,8158.3789222410005,87302.5359162807,6760.7576781459875,14.349962561462458,3.125227196484812,1.591924504405108,0.37906439268090936
SVR_CompositeKernel,"(1, 2, 12)","{'gamma_lag': 0.1, 'gamma_local': 0.1, 'gamma_macro': 0.1, 'gamma_spatial': 0.5, 'hidden_dim': 64, 'weight_decay': 0.0001}",5,41657.65569196428,10785.064738793933,87307.30481493416,6653.805273605797,14.950393809021268,5.345598045219967,1.6524284977735093,0.4235334716384181
SVR_CompositeKernel,"(1, 2, 12, 24)","{'gamma_lag': 0.5, 'gamma_local': 1.0, 'gamma_macro': 0.2, 'gamma_spatial': 0.1, 'hidden_dim': 128, 'weight_decay': 0.0}",5,40246.6176481009,3285.1239911529824,87317.96035913477,6865.667513390488,12.130648445105141,0.9571371510753373,1.5042143597394244,0.22608171809414235
SVR_CompositeKernel,"(1, 2, 3, 12)","{'gamma_lag': 1.0, 'gamma_local': 1.0, 'gamma_macro': 0.05, 'gamma_spatial': 0.1, 'hidden_dim': 128, 'weight_decay': 0.0001}",5,44799.51735048186,6025.421224926413,87319.14795656905,7596.381907924127,13.902526856367535,2.0115639244459147,1.7821975198251514,0.2770776790416791
SVR_CompositeKernel,"(1, 2, 12, 24)","{'gamma_lag': 0.5, 'gamma_local': 0.5, 'gamma_macro': 0.1, 'gamma_spatial': 0.5, 'hidden_dim': 64, 'weight_decay': 0.0}",5,39133.20758308532,3381.716700481756,87321.85996390013,4316.174186402842,11.945860047522546,1.1677859450551022,1.462351388268043,0.22104045504848024
SVR_CompositeKernel,"(1, 2, 3, 4, 5, 6, 12)","{'gamma_lag': 0.5, 'gamma_local': 0.1, 'gamma_macro': 0.1, 'gamma_spatial': 1.0, 'hidden_dim': 64, 'weight_decay': 0.0001}",5,43532.25578674178,8197.062381467453,87334.28910350411,7974.683600426065,14.27768072791035,3.006106301856403,1.7276297311738928,0.32172273947449154
SVR_CompositeKernel,"(1, 2, 3, 4, 5, 6, 12, 24)","{'gamma_lag': 0.1, 'gamma_local': 0.5, 'gamma_macro': 0.2, 'gamma_spatial': 0.1, 'hidden_dim': 64, 'weight_decay': 0.0}",5,39655.08065653344,3258.3820457388915,87336.56890733281,7141.264497178883,12.563017832481638,0.9626004037210536,1.4817120260990397,0.2187225749249735
SVR_CompositeKernel,"(1, 2, 12)","{'gamma_lag': 0.5, 'gamma_local': 0.1, 'gamma_macro': 0.2, 'gamma_spatial': 0.5, 'hidden_dim': 64, 'weight_decay': 0.0001}",5,40510.828377887614,7163.658020249979,87346.21096351527,7552.117142165358,12.990898015227497,2.9269528784634664,1.6083159159736187,0.285109106483511
SVR_CompositeKernel,"(1, 2, 3, 12)","{'gamma_lag': 1.0, 'gamma_local': 0.1, 'gamma_macro': 0.1, 'gamma_spatial': 0.1, 'hidden_dim': 64, 'weight_decay': 0.0}",5,42073.65476411919,5569.223676628521,87348.46045228289,6813.998246174893,14.02528127674625,2.2827224421234553,1.6709162781012643,0.22994504262984147
SVR_CompositeKernel,"(1, 12)","{'gamma_lag': 0.1, 'gamma_local': 1.0, 'gamma_macro': 0.1, 'gamma_spatial': 1.0, 'hidden_dim': 64, 'weight_decay': 0.0001}",5,38366.78469786352,5169.60624638308,87348.90984463459,6041.751916731834,12.762058398349215,2.2428030467823263,1.52551103798097,0.2240701100195018
SVR_CompositeKernel,"(1, 2, 3, 12)","{'gamma_lag': 0.5, 'gamma_local': 0.5, 'gamma_macro': 0.05, 'gamma_spatial': 0.5, 'hidden_dim': 64, 'weight_decay': 0.0001}",5,40839.960035342265,5350.329652494734,87351.92335373402,5865.146825116952,12.68795631119986,2.0332245732570775,1.6228629872912053,0.22719824090397886
SVR_CompositeKernel,"(1, 2, 3, 4, 5, 6, 12)","{'gamma_lag': 1.0, 'gamma_local': 0.1, 'gamma_macro': 0.05, 'gamma_spatial': 0.5, 'hidden_dim': 64, 'weight_decay': 0.0001}",5,45443.23755270337,12079.47580837322,87360.70708796571,9572.843650221024,15.590009876001506,4.712231595097288,1.804552264199866,0.47789036626998427
SVR_CompositeKernel,"(1, 2, 12, 24)","{'gamma_lag': 0.1, 'gamma_local': 1.0, 'gamma_macro': 0.1, 'gamma_spatial': 0.1, 'hidden_dim': 64, 'weight_decay': 0.0}",5,39492.9898499504,3562.2592782222705,87364.10668592792,8481.132069487398,13.127661324050385,1.5848873601980555,1.4758407664001836,0.22854825731505543
SVR_CompositeKernel,"(1, 2, 3, 12)","{'gamma_lag': 1.0, 'gamma_local': 0.1, 'gamma_macro': 0.1, 'gamma_spatial': 0.5, 'hidden_dim': 64, 'weight_decay': 0.0}",5,42090.91810383007,8481.282639289662,87365.80913690748,6436.748849810861,13.908659281746779,3.2353218685062974,1.6690606438684779,0.3275358658771227
SVR_CompositeKernel,"(1, 12, 24)","{'gamma_lag': 1.0, 'gamma_local': 0.1, 'gamma_macro': 0.2, 'gamma_spatial': 0.1, 'hidden_dim': 64, 'weight_decay': 0.0}",5,39997.82783358135,6384.13063487698,87373.4314570132,7714.288831635957,13.034041324571868,2.2960701792304787,1.4986639394015149,0.32186849579925386
SVR_CompositeKernel,"(1, 2, 3, 12, 24)","{'gamma_lag': 1.0, 'gamma_local': 0.1, 'gamma_macro': 0.05, 'gamma_spatial': 1.0, 'hidden_dim': 64, 'weight_decay': 0.0}",5,42920.18200069091,9363.93937145329,87385.67576624439,10071.812454469813,14.045185644332742,3.219072553994978,1.6073961449601466,0.42093028774676855
SVR_CompositeKernel,"(1, 2, 3, 12, 24)","{'gamma_lag': 0.1, 'gamma_local': 0.5, 'gamma_macro': 0.1, 'gamma_spatial': 0.5, 'hidden_dim': 64, 'weight_decay': 0.0}",5,38968.93534403345,3486.8644283866074,87386.7925041838,6611.230787694628,12.428283224128217,1.5374504161766283,1.4566006318732665,0.22472869001629686
SVR_CompositeKernel,"(1, 2, 12)","{'gamma_lag': 0.1, 'gamma_local': 0.5, 'gamma_macro': 0.2, 'gamma_spatial': 1.0, 'hidden_dim': 64, 'weight_decay': 0.0001}",5,39194.78759477749,4672.973805063356,87397.59304774326,3266.665383407644,12.88879609030172,2.067402513119327,1.5557977431905656,0.19219781997020155
SVR_CompositeKernel,"(1, 2, 3, 12, 24)","{'gamma_lag': 1.0, 'gamma_local': 0.1, 'gamma_macro': 0.2, 'gamma_spatial': 0.1, 'hidden_dim': 64, 'weight_decay': 0.0001}",5,42104.04700786564,7579.511958271172,87418.36971496184,7343.356588683538,14.068654651619351,2.7811761686111582,1.5772164316138362,0.3623471320454883
SVR_CompositeKernel,"(1, 2, 12)","{'gamma_lag': 0.1, 'gamma_local': 0.5, 'gamma_macro': 0.1, 'gamma_spatial': 1.0, 'hidden_dim': 64, 'weight_decay': 0.0001}",5,41773.75843475411,8664.731648655352,87429.79969627447,5413.191330947201,14.270577844983345,4.136951933714376,1.6555705248525243,0.33123991667779695
SVR_CompositeKernel,"(1, 12, 24)","{'gamma_lag': 0.1, 'gamma_local': 0.5, 'gamma_macro': 0.2, 'gamma_spatial': 0.1, 'hidden_dim': 64, 'weight_decay': 0.0}",5,37191.06381359835,1825.663320893702,87448.65532827083,5083.358233590748,12.323685785868916,1.05195451607577,1.3860608364971827,0.15237615620584624
SVR_CompositeKernel,"(1, 2, 3, 12)","{'gamma_lag': 0.1, 'gamma_local': 0.1, 'gamma_macro': 0.2, 'gamma_spatial': 0.5, 'hidden_dim': 64, 'weight_decay': 0.0}",5,38070.10504978032,5790.539530494688,87452.68959770228,8099.601651825753,12.635041079186465,2.4180885997197246,1.5130227073029772,0.2427615039847305
SVR_CompositeKernel,"(1, 2, 3, 4, 5, 6, 12)","{'gamma_lag': 0.1, 'gamma_local': 0.5, 'gamma_macro': 0.2, 'gamma_spatial': 0.5, 'hidden_dim': 64, 'weight_decay': 0.0}",5,38317.368146789966,4441.537394752708,87455.29752803994,6251.069401332722,11.933036770262486,1.8121927475708655,1.5226753835745883,0.19246936796585223
SVR_CompositeKernel,"(1, 2, 12, 24)","{'gamma_lag': 1.0, 'gamma_local': 0.1, 'gamma_macro': 0.2, 'gamma_spatial': 1.0, 'hidden_dim': 64, 'weight_decay': 0.0}",5,43071.13404770762,9710.40861579087,87468.85782927988,8555.736034251486,14.107053517229991,3.7762029903761936,1.613355212506491,0.4326767547744567
SVR_CompositeKernel,"(1, 2, 12, 24)","{'gamma_lag': 1.0, 'gamma_local': 0.5, 'gamma_macro': 0.2, 'gamma_spatial': 0.1, 'hidden_dim': 128, 'weight_decay': 0.0001}",5,42785.21864459325,5809.114932947055,87477.60311084395,5524.112967265176,13.269832568778941,1.7228376639706815,1.6029509650395823,0.31691841199254545
SVR_CompositeKernel,"(1, 12)","{'gamma_lag': 0.5, 'gamma_local': 0.1, 'gamma_macro': 0.2, 'gamma_spatial': 1.0, 'hidden_dim': 64, 'weight_decay': 0.0}",5,40487.86278433249,6998.953318848229,87477.6935307027,8602.994619939922,13.006005792754294,2.9321605181255816,1.604530355225376,0.2629365728860828
SVR_CompositeKernel,"(1, 2, 3, 4, 5, 6, 12, 24)","{'gamma_lag': 0.1, 'gamma_local': 0.5, 'gamma_macro': 0.2, 'gamma_spatial': 1.0, 'hidden_dim': 64, 'weight_decay': 0.0}",5,39451.30582394416,5366.205426476232,87478.01223635444,6405.327352497191,12.045159348542727,2.1366690951340757,1.4759480686288946,0.2799790332081957
SVR_CompositeKernel,"(1, 2, 3, 4, 5, 6, 12, 24)","{'gamma_lag': 0.1, 'gamma_local': 0.1, 'gamma_macro': 0.1, 'gamma_spatial': 0.1, 'hidden_dim': 64, 'weight_decay': 0.0}",5,40525.76450095663,6293.910750301378,87479.70199375962,5669.589018025671,13.895576040747253,2.377895637932806,1.518779060011998,0.3245407639274984
SVR_CompositeKernel,"(1, 2, 3, 4, 5, 6, 12, 24)","{'gamma_lag': 0.1, 'gamma_local': 1.0, 'gamma_macro': 0.2, 'gamma_spatial': 1.0, 'hidden_dim': 64, 'weight_decay': 0.0001}",5,39439.08219733206,2857.48940556034,87485.59028885953,4668.28617681535,12.12434735606595,1.0942265646804283,1.4718650655062562,0.1945049391326786
SVR_CompositeKernel,"(1, 2, 12)","{'gamma_lag': 0.5, 'gamma_local': 0.1, 'gamma_macro': 0.2, 'gamma_spatial': 1.0, 'hidden_dim': 64, 'weight_decay': 0.0001}",5,41026.45377958475,9316.02121825792,87487.15727744772,7652.470336127894,13.049241277985857,3.679947162663378,1.6270017903954703,0.36164604065754613
SVR_CompositeKernel,"(1, 2, 3, 12, 24)","{'gamma_lag': 0.1, 'gamma_local': 1.0, 'gamma_macro': 0.1, 'gamma_spatial': 1.0, 'hidden_dim': 64, 'weight_decay': 0.0001}",5,40639.00923549107,5737.938653911941,87490.63116894146,6478.866944286453,13.078456918927932,2.2662851748651396,1.522095104224206,0.3008326238288146
SVR_CompositeKernel,"(1, 2, 3, 4, 5, 6, 12, 24)","{'gamma_lag': 0.5, 'gamma_local': 1.0, 'gamma_macro': 0.05, 'gamma_spatial': 0.1, 'hidden_dim': 128, 'weight_decay': 0.0001}",5,44168.350014172334,4520.5823650565435,87494.04456398136,6523.858376248251,13.7734103305548,1.4144744361565658,1.6527156479634342,0.2812272231183085
SVR_CompositeKernel,"(1, 12)","{'gamma_lag': 0.5, 'gamma_local': 0.1, 'gamma_macro': 0.2, 'gamma_spatial': 0.1, 'hidden_dim': 64, 'weight_decay': 0.0001}",5,39192.21962957059,4876.427750411423,87500.76933502246,5820.737580293997,12.966076599214173,2.1927322497147417,1.5543436903775398,0.18624539942303545
SVR_CompositeKernel,"(1, 2, 3, 12, 24)","{'gamma_lag': 0.1, 'gamma_local': 0.5, 'gamma_macro': 0.1, 'gamma_spatial': 1.0, 'hidden_dim': 64, 'weight_decay': 0.0}",5,39728.69799417163,4665.311506532629,87509.73101781828,5972.384321078324,12.765251558054064,2.07919059231643,1.4856782881763784,0.2570008875595147
SVR_CompositeKernel,"(1, 2, 3, 4, 5, 6, 12, 24)","{'gamma_lag': 0.5, 'gamma_local': 0.5, 'gamma_macro': 0.05, 'gamma_spatial': 1.0, 'hidden_dim': 64, 'weight_decay': 0.0}",5,43388.04043943099,6538.707386306868,87512.5575652314,8420.747791398024,13.865044574431005,2.138836307793679,1.6267988929405184,0.3442764696356956
SVR_CompositeKernel,"(1, 2, 12)","{'gamma_lag': 1.0, 'gamma_local': 0.1, 'gamma_macro': 0.1, 'gamma_spatial': 1.0, 'hidden_dim': 64, 'weight_decay': 0.0001}",5,42060.3626341943,10558.238058958621,87514.3940788486,12483.641625786848,13.551962930986596,3.7120975913327525,1.6691149275769184,0.41270433983458077
SVR_CompositeKernel,"(1, 12)","{'gamma_lag': 1.0, 'gamma_local': 0.1, 'gamma_macro': 0.1, 'gamma_spatial': 0.1, 'hidden_dim': 64, 'weight_decay': 0.0}",5,39341.983125177154,5634.8632140924365,87521.9070524394,8725.417923812225,12.556727705081636,2.0352336215375315,1.562177829676949,0.22777135236315543
SVR_CompositeKernel,"(1, 12)","{'gamma_lag': 1.0, 'gamma_local': 1.0, 'gamma_macro': 0.05, 'gamma_spatial': 1.0, 'hidden_dim': 64, 'weight_decay': 0.0001}",5,41333.606538318454,3714.1087798529843,87523.92029891444,4655.445567421615,12.809200896366894,1.379035740605167,1.6429129814612289,0.1775090539497551
SVR_CompositeKernel,"(1, 12)","{'gamma_lag': 1.0, 'gamma_local': 0.5, 'gamma_macro': 0.05, 'gamma_spatial': 1.0, 'hidden_dim': 64, 'weight_decay': 0.0}",5,40940.72292463861,4947.209647293172,87527.13108014339,5661.401965116803,12.651356342049596,1.8548677664138804,1.6268971851425718,0.21358566247058575
SVR_CompositeKernel,"(1, 2, 3, 4, 5, 6, 12)","{'gamma_lag': 0.1, 'gamma_local': 0.1, 'gamma_macro': 0.05, 'gamma_spatial': 1.0, 'hidden_dim': 64, 'weight_decay': 0.0001}",5,40984.96920351474,11242.592339783792,87529.9245836665,10856.89839701497,13.600613459231706,4.4917489396525605,1.62905328382475,0.44837829215841335
SVR_CompositeKernel,"(1, 2, 12, 24)","{'gamma_lag': 0.1, 'gamma_local': 1.0, 'gamma_macro': 0.1, 'gamma_spatial': 1.0, 'hidden_dim': 64, 'weight_decay': 0.0001}",5,40377.6660798434,3202.054319280144,87531.83910942613,5999.8370988582465,12.955510399943387,0.9648541465006018,1.5083796633473625,0.2219579946111205
SVR_CompositeKernel,"(1, 2, 3, 12, 24)","{'gamma_lag': 1.0, 'gamma_local': 0.5, 'gamma_macro': 0.05, 'gamma_spatial': 0.5, 'hidden_dim': 64, 'weight_decay': 0.0}",5,42815.437129304846,5374.676594044292,87536.01598267005,3254.7863171667555,13.665959127759146,1.860201124846173,1.6015454633422563,0.29215130452362137
SVR_CompositeKernel,"(1, 12)","{'gamma_lag': 0.1, 'gamma_local': 1.0, 'gamma_macro': 0.2, 'gamma_spatial': 0.1, 'hidden_dim': 64, 'weight_decay': 0.0001}",5,34998.08507653061,2827.628898393903,87537.85177327832,5114.966632842918,11.526180975574576,1.0476892368711561,1.3922023568379425,0.1530275735113669
SVR_CompositeKernel,"(1, 2, 3, 12)","{'gamma_lag': 0.5, 'gamma_local': 0.1, 'gamma_macro': 0.2, 'gamma_spatial': 0.5, 'hidden_dim': 64, 'weight_decay': 0.0001}",5,41004.55002214427,6817.857151733088,87544.23436336024,7104.0643872252895,13.079424813080369,2.628676605805062,1.629398020863,0.28049163109685754
SVR_CompositeKernel,"(1, 2, 3, 12)","{'gamma_lag': 0.1, 'gamma_local': 1.0, 'gamma_macro': 0.1, 'gamma_spatial': 0.5, 'hidden_dim': 64, 'weight_decay': 0.0001}",5,40804.91910342262,4304.70383588487,87545.12887736528,5810.868188442336,13.60039074379263,1.9480801476744516,1.6206819786271836,0.18452229580446636
SVR_CompositeKernel,"(1, 12)","{'gamma_lag': 0.5, 'gamma_local': 1.0, 'gamma_macro': 0.1, 'gamma_spatial': 0.5, 'hidden_dim': 64, 'weight_decay': 0.0}",5,39594.471152210885,4569.472166448049,87550.92779041357,7715.651225309167,12.300669647797253,1.532411757543724,1.5755395093157387,0.22000210617508628
SVR_CompositeKernel,"(1, 2, 3, 4, 5, 6, 12, 24)","{'gamma_lag': 0.5, 'gamma_local': 0.5, 'gamma_macro': 0.2, 'gamma_spatial': 0.1, 'hidden_dim': 128, 'weight_decay': 0.0001}",5,43798.34350331278,5572.010214869334,87552.02529909994,6835.449483790142,13.684760350764936,1.738460185464012,1.6418485791639827,0.3216354215733033
SVR_CompositeKernel,"(1, 2, 3, 12)","{'gamma_lag': 0.1, 'gamma_local': 1.0, 'gamma_macro': 0.05, 'gamma_spatial': 0.5, 'hidden_dim': 64, 'weight_decay': 0.0001}",5,40376.0559904691,3687.110112702821,87558.58137722588,7352.563823746353,13.635565882184613,1.6900033543144144,1.6037164624019558,0.16501186103590484
SVR_CompositeKernel,"(1, 2, 3, 4, 5, 6, 12)","{'gamma_lag': 0.1, 'gamma_local': 0.1, 'gamma_macro': 0.2, 'gamma_spatial': 0.1, 'hidden_dim': 64, 'weight_decay': 0.0}",5,40470.35694223002,7081.060128151957,87559.62948145607,7140.776033742187,13.750896458422474,2.80064489345192,1.6071106423947703,0.2860933027791745
SVR_CompositeKernel,"(1, 12)","{'gamma_lag': 0.1, 'gamma_local': 0.5, 'gamma_macro': 0.2, 'gamma_spatial': 0.5, 'hidden_dim': 64, 'weight_decay': 0.0}",5,37510.158830693734,7332.928944473112,87567.62415320687,7313.476859082485,12.436110570778412,3.575887874133689,1.4899966632991763,0.29597469576244395
SVR_CompositeKernel,"(1, 2, 3, 4, 5, 6, 12, 24)","{'gamma_lag': 0.5, 'gamma_local': 0.1, 'gamma_macro': 0.2, 'gamma_spatial': 0.5, 'hidden_dim': 64, 'weight_decay': 0.0001}",5,42837.497534899376,6450.898837045681,87570.88571793117,6886.925910504971,14.138683002341796,2.3614738914281594,1.5985530587433057,0.3012714007036377
SVR_CompositeKernel,"(1, 2, 3, 4, 5, 6, 12, 24)","{'gamma_lag': 1.0, 'gamma_local': 0.1, 'gamma_macro': 0.1, 'gamma_spatial': 0.5, 'hidden_dim': 64, 'weight_decay': 0.0}",5,45133.60556264172,8281.125021545287,87573.20466434854,4660.168540611134,15.39064676635272,3.3849886886750093,1.6855628781311673,0.3718018259404135
SVR_CompositeKernel,"(1, 2, 12, 24)","{'gamma_lag': 1.0, 'gamma_local': 0.1, 'gamma_macro': 0.1, 'gamma_spatial': 0.1, 'hidden_dim': 64, 'weight_decay': 0.0}",5,43011.681269929846,9990.85038976402,87574.94302784807,9312.270574319396,14.353699365079091,3.9611082622226195,1.6126892244871605,0.44637921884424686
SVR_CompositeKernel,"(1, 2, 3, 4, 5, 6, 12, 24)","{'gamma_lag': 0.5, 'gamma_local': 0.5, 'gamma_macro': 0.1, 'gamma_spatial': 0.5, 'hidden_dim': 64, 'weight_decay': 0.0001}",5,43454.95190219317,4138.440917390564,87581.32898967041,5137.970848347439,14.110253641264396,1.4896295422141959,1.6229411474471465,0.24879843133623156
SVR_CompositeKernel,"(1, 12)","{'gamma_lag': 1.0, 'gamma_local': 1.0, 'gamma_macro': 0.1, 'gamma_spatial': 0.1, 'hidden_dim': 128, 'weight_decay': 0.0}",5,40113.24198731576,2832.744477573122,87600.59515430333,6311.80164552833,12.006897432960448,0.6515670164277868,1.5946718041646837,0.15605511639943706
SVR_CompositeKernel,"(1, 2, 12, 24)","{'gamma_lag': 1.0, 'gamma_local': 1.0, 'gamma_macro': 0.05, 'gamma_spatial': 1.0, 'hidden_dim': 64, 'weight_decay': 0.0}",5,43354.90492178643,4534.51585406644,87601.46586673046,6594.644622606989,13.682984124063731,1.486412917806933,1.6229132656969742,0.28003418833036936
SVR_CompositeKernel,"(1, 12)","{'gamma_lag': 0.1, 'gamma_local': 1.0, 'gamma_macro': 0.1, 'gamma_spatial': 1.0, 'hidden_dim': 64, 'weight_decay': 0.0}",5,40972.65799895478,5880.039093699294,87605.62382305114,6641.558964761687,14.189819843323576,2.873569128630596,1.6278737390800644,0.24531699635463736
SVR_CompositeKernel,"(1, 2, 12)","{'gamma_lag': 0.5, 'gamma_local': 1.0, 'gamma_macro': 0.05, 'gamma_spatial': 0.5, 'hidden_dim': 64, 'weight_decay': 0.0001}",5,39969.34133583121,4117.92280853357,87614.38803231472,8342.808165960765,12.290840503399613,1.5996412104125572,1.5903419032758097,0.20217334128068748
SVR_CompositeKernel,"(1, 2, 12)","{'gamma_lag': 0.1, 'gamma_local': 1.0, 'gamma_macro': 0.05, 'gamma_spatial': 0.5, 'hidden_dim': 64, 'weight_decay': 0.0}",5,40870.09188058036,3887.8957597676936,87616.40373840937,7904.061934981645,14.384733087418038,1.4223470093508048,1.6257606847816963,0.1935823411413806
SVR_CompositeKernel,"(1, 2, 3, 12)","{'gamma_lag': 0.5, 'gamma_local': 1.0, 'gamma_macro': 0.2, 'gamma_spatial': 0.1, 'hidden_dim': 128, 'weight_decay': 0.0}",5,40429.640167499296,2902.694323264164,87616.4101342515,6717.329308720005,12.176943661677521,1.0372204342187865,1.6081428855579016,0.16592041966903368
SVR_CompositeKernel,"(1, 12)","{'gamma_lag': 0.5, 'gamma_local': 0.5, 'gamma_macro': 0.1, 'gamma_spatial': 1.0, 'hidden_dim': 64, 'weight_decay': 0.0}",5,39029.38908464428,4188.95384366287,87623.89370428635,6264.341022480231,11.927458945903874,1.6412293187382803,1.5514467549807662,0.18939359844513598
SVR_CompositeKernel,"(1, 12)","{'gamma_lag': 1.0, 'gamma_local': 0.5, 'gamma_macro': 0.1, 'gamma_spatial': 1.0, 'hidden_dim': 64, 'weight_decay': 0.0001}",5,39989.29754464285,3339.9815266545183,87646.64045941626,5062.693180597117,12.390707247841918,1.2684617179273658,1.5896538913836475,0.16464832565183996
SVR_CompositeKernel,"(1, 2, 12)","{'gamma_lag': 1.0, 'gamma_local': 0.1, 'gamma_macro': 0.05, 'gamma_spatial': 0.1, 'hidden_dim': 64, 'weight_decay': 0.0}",5,43218.298891900515,10459.821816764756,87651.7762906577,9237.036470294275,14.453746776902864,3.8629375570296163,1.7150606344266646,0.4113869209759073
SVR_CompositeKernel,"(1, 2, 12, 24)","{'gamma_lag': 0.1, 'gamma_local': 0.5, 'gamma_macro': 0.05, 'gamma_spatial': 0.1, 'hidden_dim': 64, 'weight_decay': 0.0}",5,40442.41341411565,3659.0652803146286,87656.71671229662,7059.979486642873,13.662046730794552,1.456585424413932,1.511423841557701,0.23679761448078784
SVR_CompositeKernel,"(1, 2, 3, 12)","{'gamma_lag': 0.1, 'gamma_local': 1.0, 'gamma_macro': 0.1, 'gamma_spatial': 0.5, 'hidden_dim': 64, 'weight_decay': 0.0}",5,40006.87628746811,4147.549482908491,87661.6736821394,5353.595804492385,13.152176588964682,1.5714200265444302,1.591720428902305,0.20328884496264576
SVR_CompositeKernel,"(1, 2, 3, 4, 5, 6, 12, 24)","{'gamma_lag': 0.5, 'gamma_local': 1.0, 'gamma_macro': 0.2, 'gamma_spatial': 0.5, 'hidden_dim': 128, 'weight_decay': 0.0001}",5,43675.54209360828,3899.9197886343895,87667.20066395636,7294.371427828776,13.766488323122394,1.177975229552067,1.6326592306008123,0.25453678556281556
SVR_CompositeKernel,"(1, 12, 24)","{'gamma_lag': 0.1, 'gamma_local': 0.5, 'gamma_macro': 0.2, 'gamma_spatial': 1.0, 'hidden_dim': 64, 'weight_decay': 0.0001}",5,39908.46255890377,4947.315381882569,87671.55475336853,7091.696811994692,12.973211201788995,2.24681782135505,1.4929453746888481,0.267552290654289
SVR_CompositeKernel,"(1, 2, 3, 12)","{'gamma_lag': 1.0, 'gamma_local': 0.5, 'gamma_macro': 0.05, 'gamma_spatial': 0.5, 'hidden_dim': 64, 'weight_decay': 0.0001}",5,42117.5318053784,3957.143127545037,87672.07233574845,6688.898670110809,13.420671696114463,1.1383809074690305,1.6746647983545688,0.19433268177278173
SVR_CompositeKernel,"(1, 2, 3, 4, 5, 6, 12)","{'gamma_lag': 0.5, 'gamma_local': 1.0, 'gamma_macro': 0.1, 'gamma_spatial': 0.5, 'hidden_dim': 128, 'weight_decay': 0.0}",5,42362.72285510559,5955.426242206687,87678.84867545472,7318.568981802742,13.12823952254601,2.0514740782466188,1.6836964892380544,0.2551539174835587
SVR_CompositeKernel,"(1, 12, 24)","{'gamma_lag': 0.5, 'gamma_local': 0.1, 'gamma_macro': 0.2, 'gamma_spatial': 0.1, 'hidden_dim': 64, 'weight_decay': 0.0}",5,39668.56283083546,5151.298416796055,87685.51720372497,6299.219474580287,12.953006236074696,2.1753614912900305,1.4808758998237184,0.25677922066770437
SVR_CompositeKernel,"(1, 2, 3, 12, 24)","{'gamma_lag': 1.0, 'gamma_local': 1.0, 'gamma_macro': 0.2, 'gamma_spatial': 1.0, 'hidden_dim': 128, 'weight_decay': 0.0001}",5,45607.01314306973,4193.276029952364,87698.63151685164,7662.3180804469675,14.72752414026968,1.273919310367908,1.7044173866738483,0.26472389480514374
SVR_CompositeKernel,"(1, 2, 3, 12, 24)","{'gamma_lag': 0.1, 'gamma_local': 0.1, 'gamma_macro': 0.1, 'gamma_spatial': 0.1, 'hidden_dim': 64, 'weight_decay': 0.0}",5,40361.521506962155,5311.37846746044,87707.78424481081,4979.117241542207,13.830314848092272,2.0321185002566358,1.5069518451755537,0.2658651383626042
SVR_CompositeKernel,"(1, 2, 3, 4, 5, 6, 12, 24)","{'gamma_lag': 0.1, 'gamma_local': 1.0, 'gamma_macro': 0.05, 'gamma_spatial': 0.1, 'hidden_dim': 64, 'weight_decay': 0.0001}",5,41672.250547849355,5182.5284250048335,87712.55592604521,6805.316232581994,13.430791527434284,2.017907720650449,1.5607836727904307,0.29943316467877784
SVR_CompositeKernel,"(1, 2, 12)","{'gamma_lag': 1.0, 'gamma_local': 0.5, 'gamma_macro': 0.05, 'gamma_spatial': 0.5, 'hidden_dim': 64, 'weight_decay': 0.0001}",5,40903.07643893495,3688.12554497822,87715.75926997224,6851.411339141342,12.743451846451451,1.3302941993511406,1.626198584204134,0.18117537143234622
SVR_CompositeKernel,"(1, 2, 12)","{'gamma_lag': 0.1, 'gamma_local': 0.1, 'gamma_macro': 0.1, 'gamma_spatial': 1.0, 'hidden_dim': 64, 'weight_decay': 0.0}",5,42357.654222027355,7332.498371566928,87725.08318742884,4562.683526495866,15.457615747923928,3.6748856273098602,1.6787278407954915,0.27817494532653714
SVR_CompositeKernel,"(1, 2, 3, 4, 5, 6, 12)","{'gamma_lag': 1.0, 'gamma_local': 0.5, 'gamma_macro': 0.1, 'gamma_spatial': 1.0, 'hidden_dim': 128, 'weight_decay': 0.0}",5,44456.78877993906,7212.833624303735,87728.89603536439,8936.08950912664,14.315834564811587,2.523941611097585,1.76563096985273,0.2941110207897459
SVR_CompositeKernel,"(1, 12)","{'gamma_lag': 0.1, 'gamma_local': 0.5, 'gamma_macro': 0.2, 'gamma_spatial': 0.1, 'hidden_dim': 64, 'weight_decay': 0.0}",5,35088.64722355088,3825.947569417781,87729.95317395813,9515.389945731038,11.72385320372666,1.5858384572562114,1.3956472327073766,0.18000395348325518
SVR_CompositeKernel,"(1, 12)","{'gamma_lag': 0.5, 'gamma_local': 0.5, 'gamma_macro': 0.1, 'gamma_spatial': 1.0, 'hidden_dim': 64, 'weight_decay': 0.0001}",5,38499.89156125992,4298.521548544772,87736.18694093442,8215.702113526602,11.648450830136287,1.7079885424755055,1.5319080063267387,0.20456809003915394
SVR_CompositeKernel,"(1, 2, 12)","{'gamma_lag': 1.0, 'gamma_local': 1.0, 'gamma_macro': 0.05, 'gamma_spatial': 0.5, 'hidden_dim': 64, 'weight_decay': 0.0001}",5,41816.05147303713,2615.1985622990105,87739.10244616085,5893.578093803107,13.171988847264359,0.5393939999938939,1.6621231778192491,0.14909426607424556
SVR_CompositeKernel,"(1, 2, 3, 4, 5, 6, 12, 24)","{'gamma_lag': 0.1, 'gamma_local': 0.5, 'gamma_macro': 0.1, 'gamma_spatial': 0.1, 'hidden_dim': 64, 'weight_decay': 0.0}",5,40316.83315307894,4670.087411385184,87744.15049899145,6730.719831259117,13.003781488097829,1.431517808060691,1.510380958227853,0.2805227860411727
SVR_CompositeKernel,"(1, 2, 12)","{'gamma_lag': 0.5, 'gamma_local': 0.1, 'gamma_macro': 0.1, 'gamma_spatial': 0.5, 'hidden_dim': 64, 'weight_decay': 0.0001}",5,39594.398163353886,6697.073407967968,87752.8617303239,4951.332359126649,12.643830142746,2.903820570512808,1.571674170528625,0.26662296830797527
SVR_CompositeKernel,"(1, 2, 12, 24)","{'gamma_lag': 0.5, 'gamma_local': 0.5, 'gamma_macro': 0.05, 'gamma_spatial': 1.0, 'hidden_dim': 64, 'weight_decay': 0.0}",5,39968.07710902069,4368.000275492256,87753.8089536754,8680.746737912274,12.315426439144504,1.5731394326959207,1.4950638369697988,0.2543647979423241
SVR_CompositeKernel,"(1, 2, 12, 24)","{'gamma_lag': 1.0, 'gamma_local': 1.0, 'gamma_macro': 0.1, 'gamma_spatial': 0.1, 'hidden_dim': 128, 'weight_decay': 0.0001}",5,44024.030127285296,3702.7729381813638,87754.30049594287,4938.408843341171,13.722756884202704,1.2928329022972653,1.6432552730298944,0.23195155871848663
SVR_CompositeKernel,"(1, 2, 3, 12)","{'gamma_lag': 0.5, 'gamma_local': 0.1, 'gamma_macro': 0.2, 'gamma_spatial': 0.1, 'hidden_dim': 64, 'weight_decay': 0.0001}",5,39649.243152104595,5793.529257729598,87760.88402867816,8005.763148795653,12.954397263135041,2.180373023101964,1.5790461364537882,0.2666199316873211
SVR_CompositeKernel,"(1, 2, 3, 12)","{'gamma_lag': 0.1, 'gamma_local': 0.5, 'gamma_macro': 0.2, 'gamma_spatial': 0.5, 'hidden_dim': 64, 'weight_decay': 0.0}",5,39000.52159908234,3770.356520649659,87764.99320394089,4582.483019600317,12.832300018380028,1.6109479518654803,1.551624925792075,0.1884385324820741
SVR_CompositeKernel,"(1, 2, 3, 12, 24)","{'gamma_lag': 0.1, 'gamma_local': 0.5, 'gamma_macro': 0.1, 'gamma_spatial': 0.1, 'hidden_dim': 64, 'weight_decay': 0.0}",5,39888.75023384354,3568.1811579871865,87774.52484177989,6646.910382311171,13.252349192250822,1.2839037241557862,1.4911800850602326,0.23461081074759868
SVR_CompositeKernel,"(1, 2, 3, 4, 5, 6, 12, 24)","{'gamma_lag': 0.5, 'gamma_local': 0.1, 'gamma_macro': 0.1, 'gamma_spatial': 0.5, 'hidden_dim': 64, 'weight_decay': 0.0}",5,42987.101917251275,6641.23414491004,87778.21013831955,5508.867937259062,14.316366565811634,2.7147146563474367,1.607409474821948,0.32504648217827664
SVR_CompositeKernel,"(1, 2, 3, 4, 5, 6, 12, 24)","{'gamma_lag': 0.5, 'gamma_local': 1.0, 'gamma_macro': 0.2, 'gamma_spatial': 0.5, 'hidden_dim': 128, 'weight_decay': 0.0}",5,44230.65099339215,3046.650095490384,87787.9454670212,4946.546372469882,14.203249431890544,0.9633566764309218,1.6513364686658751,0.22433312488214313
SVR_CompositeKernel,"(1, 12, 24)","{'gamma_lag': 1.0, 'gamma_local': 0.5, 'gamma_macro': 0.2, 'gamma_spatial': 1.0, 'hidden_dim': 64, 'weight_decay': 0.0}",5,40956.21031746032,3416.2974982601777,87792.74435288538,3933.1708344124427,12.824126302813557,1.2379956063848756,1.5294479665273255,0.21977279338139677
SVR_CompositeKernel,"(1, 2, 3, 4, 5, 6, 12)","{'gamma_lag': 0.5, 'gamma_local': 0.5, 'gamma_macro': 0.05, 'gamma_spatial': 1.0, 'hidden_dim': 64, 'weight_decay': 0.0001}",5,43335.22261904762,4938.635863113593,87793.20970715002,5979.204354307438,13.915001279253364,1.6550972925416438,1.7226532527619391,0.22256704892431925
SVR_CompositeKernel,"(1, 2, 3, 4, 5, 6, 12, 24)","{'gamma_lag': 1.0, 'gamma_local': 0.1, 'gamma_macro': 0.05, 'gamma_spatial': 1.0, 'hidden_dim': 64, 'weight_decay': 0.0001}",5,43582.07623166454,11021.54597264505,87796.25444325505,10299.446962491122,14.696086997545928,4.0894985943158275,1.6344091494997237,0.48478330018648924
SVR_CompositeKernel,"(1, 2, 3, 4, 5, 6, 12, 24)","{'gamma_lag': 0.5, 'gamma_local': 0.5, 'gamma_macro': 0.05, 'gamma_spatial': 1.0, 'hidden_dim': 64, 'weight_decay': 0.0001}",5,43178.569211486676,6370.529515291547,87809.76372974535,7404.2938832620775,13.737859766220572,2.2021422531972537,1.6169749973907706,0.3277436167744728
SVR_CompositeKernel,"(1, 12, 24)","{'gamma_lag': 0.5, 'gamma_local': 1.0, 'gamma_macro': 0.1, 'gamma_spatial': 0.5, 'hidden_dim': 64, 'weight_decay': 0.0001}",5,40027.02574626204,2636.1993824432852,87810.92891912792,5564.744501526025,12.31243556634797,0.9796718357500032,1.4935383998774285,0.19063946344766358
SVR_CompositeKernel,"(1, 2, 3, 12)","{'gamma_lag': 1.0, 'gamma_local': 1.0, 'gamma_macro': 0.2, 'gamma_spatial': 0.5, 'hidden_dim': 128, 'weight_decay': 0.0}",5,42265.42215667517,3502.7760388576803,87817.57974036077,5950.6081942191495,13.355772385895529,1.2558167275538064,1.6797594784404262,0.16961210156742396
SVR_CompositeKernel,"(1, 2, 3, 12)","{'gamma_lag': 0.5, 'gamma_local': 0.1, 'gamma_macro': 0.2, 'gamma_spatial': 1.0, 'hidden_dim': 64, 'weight_decay': 0.0001}",5,40666.918401449126,6616.254068876566,87823.94498726196,8323.34991257091,12.90516555846558,2.5667770842073256,1.6164443925084921,0.2750714554544435
SVR_CompositeKernel,"(1, 12)","{'gamma_lag': 0.5, 'gamma_local': 1.0, 'gamma_macro': 0.1, 'gamma_spatial': 1.0, 'hidden_dim': 64, 'weight_decay': 0.0}",5,40756.59911245749,4141.142070429144,87830.91807498792,6319.998425692798,12.671377623896271,1.5517186768343767,1.6203401837497586,0.19439662233018398
SVR_CompositeKernel,"(1, 12)","{'gamma_lag': 1.0, 'gamma_local': 1.0, 'gamma_macro': 0.05, 'gamma_spatial': 0.5, 'hidden_dim': 64, 'weight_decay': 0.0001}",5,39968.58596363024,2087.519834973513,87852.80506830545,6783.962730528701,12.213724609526855,0.7751891425630157,1.5893932594369544,0.13821934349374182
SVR_CompositeKernel,"(1, 2, 3, 4, 5, 6, 12, 24)","{'gamma_lag': 0.5, 'gamma_local': 0.5, 'gamma_macro': 0.05, 'gamma_spatial': 0.5, 'hidden_dim': 64, 'weight_decay': 0.0001}",5,42871.995558301445,4467.906412437545,87864.37388389412,5638.18991296741,13.705729926527962,1.3923546369158115,1.6035976968268895,0.26981219538819123
SVR_CompositeKernel,"(1, 2, 3, 4, 5, 6, 12, 24)","{'gamma_lag': 1.0, 'gamma_local': 1.0, 'gamma_macro': 0.1, 'gamma_spatial': 1.0, 'hidden_dim': 128, 'weight_decay': 0.0001}",5,46366.479958545926,6436.270504230081,87864.66153616674,7381.95120064293,15.223978128475753,1.9944791452650217,1.7366201020903531,0.3447121760647686
SVR_CompositeKernel,"(1, 2, 3, 12)","{'gamma_lag': 0.1, 'gamma_local': 0.5, 'gamma_macro': 0.2, 'gamma_spatial': 0.1, 'hidden_dim': 64, 'weight_decay': 0.0001}",5,38860.47730566184,5300.788081921942,87865.63119550196,6504.945274727059,13.415504297787885,2.6228329224563907,1.5428191952553072,0.21515916590962272
SVR_CompositeKernel,"(1, 2, 3, 12)","{'gamma_lag': 1.0, 'gamma_local': 0.5, 'gamma_macro': 0.05, 'gamma_spatial': 1.0, 'hidden_dim': 64, 'weight_decay': 0.0}",5,42246.37865956278,3999.634670461435,87869.17238106098,6000.298141085038,13.318608766896308,1.4298462449277243,1.6789993952829707,0.1856266153433794
SVR_CompositeKernel,"(1, 2, 3, 12)","{'gamma_lag': 0.5, 'gamma_local': 0.1, 'gamma_macro': 0.2, 'gamma_spatial': 1.0, 'hidden_dim': 64, 'weight_decay': 0.0}",5,40956.31095831562,5525.273742812175,87873.95694021115,6318.682808251856,12.86591720987165,2.024003323515784,1.627553043840092,0.2344429407083217
SVR_CompositeKernel,"(1, 2, 12, 24)","{'gamma_lag': 1.0, 'gamma_local': 0.1, 'gamma_macro': 0.2, 'gamma_spatial': 0.5, 'hidden_dim': 64, 'weight_decay': 0.0001}",5,43387.58811251063,8501.091240673722,87881.7931204367,7138.712501978948,14.358250133459055,3.3932292886169733,1.6236039241929199,0.3892561833526951
SVR_CompositeKernel,"(1, 2, 3, 12, 24)","{'gamma_lag': 1.0, 'gamma_local': 0.5, 'gamma_macro': 0.05, 'gamma_spatial': 0.5, 'hidden_dim': 64, 'weight_decay': 0.0001}",5,43580.66301861891,4344.2490116973095,87889.60582775054,5776.290750943544,14.10591169026099,1.4195527110189354,1.6299073632208667,0.2671519102028468
SVR_CompositeKernel,"(1, 2, 3, 4, 5, 6, 12)","{'gamma_lag': 1.0, 'gamma_local': 0.5, 'gamma_macro': 0.2, 'gamma_spatial': 1.0, 'hidden_dim': 128, 'weight_decay': 0.0001}",5,45439.77121687216,7725.248517960416,87896.14174090986,7036.87192949497,14.929650576339734,2.7783999730115956,1.8058059004898528,0.3217459070416286
SVR_CompositeKernel,"(1, 12)","{'gamma_lag': 0.1, 'gamma_local': 1.0, 'gamma_macro': 0.2, 'gamma_spatial': 0.5, 'hidden_dim': 64, 'weight_decay': 0.0001}",5,36273.18555573271,3404.1456046307926,87896.49704525356,9363.835511978275,11.653201649550388,0.9451335124353911,1.4443133441458686,0.18252022444463065
SVR_CompositeKernel,"(1, 2, 12)","{'gamma_lag': 1.0, 'gamma_local': 1.0, 'gamma_macro': 0.1, 'gamma_spatial': 0.1, 'hidden_dim': 128, 'weight_decay': 0.0001}",5,42383.27473559736,4187.984432626957,87904.40057498559,4861.620485073038,12.974796189686908,1.7703365175506567,1.6848474930492252,0.19567800828220056
SVR_CompositeKernel,"(1, 2, 12, 24)","{'gamma_lag': 1.0, 'gamma_local': 0.5, 'gamma_macro': 0.1, 'gamma_spatial': 0.5, 'hidden_dim': 64, 'weight_decay': 0.0}",5,43603.42129482001,4398.923651911373,87907.86475496076,4453.461778060812,14.170530604975784,1.5889568514946841,1.6300299893886034,0.2639562989719528
SVR_CompositeKernel,"(1, 2, 3, 12, 24)","{'gamma_lag': 1.0, 'gamma_local': 1.0, 'gamma_macro': 0.2, 'gamma_spatial': 0.5, 'hidden_dim': 128, 'weight_decay': 0.0}",5,44393.7332855017,4208.163484670504,87914.96136200633,5643.836317048421,14.050330482474322,1.6376639577567065,1.656769435375709,0.24295411499495484
SVR_CompositeKernel,"(1, 2, 3, 4, 5, 6, 12)","{'gamma_lag': 0.1, 'gamma_local': 1.0, 'gamma_macro': 0.05, 'gamma_spatial': 0.1, 'hidden_dim': 64, 'weight_decay': 0.0}",5,41363.428984197846,4936.595026036981,87930.42235752291,8383.926912490488,13.743662595870635,1.5695995391791482,1.6475778843236086,0.2471289189103042
SVR_CompositeKernel,"(1, 2, 12)","{'gamma_lag': 1.0, 'gamma_local': 1.0, 'gamma_macro': 0.1, 'gamma_spatial': 0.1, 'hidden_dim': 128, 'weight_decay': 0.0}",5,42598.43643087443,4063.9553463493567,87945.89946945966,5683.1174694626525,13.043618558618823,1.4062024102092356,1.6943910034309693,0.2030152103718634
SVR_CompositeKernel,"(1, 2, 3, 12, 24)","{'gamma_lag': 1.0, 'gamma_local': 0.1, 'gamma_macro': 0.2, 'gamma_spatial': 0.5, 'hidden_dim': 128, 'weight_decay': 0.0}",5,42706.74430759283,9212.68906537493,87950.86941307818,13564.209015340459,13.771865419700461,3.2008951510263106,1.5947331206789068,0.39382085154304064
SVR_CompositeKernel,"(1, 2, 3, 12)","{'gamma_lag': 0.5, 'gamma_local': 0.1, 'gamma_macro': 0.1, 'gamma_spatial': 0.5, 'hidden_dim': 64, 'weight_decay': 0.0}",5,39464.10680759283,4349.30329806475,87957.23328752295,3270.6247749712343,12.58183827197662,1.809417384057766,1.56728039949133,0.1846053113441324
SVR_CompositeKernel,"(1, 2, 3, 4, 5, 6, 12)","{'gamma_lag': 0.5, 'gamma_local': 1.0, 'gamma_macro': 0.05, 'gamma_spatial': 0.1, 'hidden_dim': 128, 'weight_decay': 0.0001}",5,45096.39071579153,6972.8384847896905,87966.11903133814,7337.125673793575,14.058338365481351,2.3109858854612177,1.7956545853351797,0.32021680363778743
SVR_CompositeKernel,"(1, 2, 3, 12)","{'gamma_lag': 0.5, 'gamma_local': 0.5, 'gamma_macro': 0.1, 'gamma_spatial': 1.0, 'hidden_dim': 64, 'weight_decay': 0.0}",5,40859.93061401644,3777.9300442290487,87973.48045682283,5945.968529297166,12.696892413681159,1.3490517977025789,1.6242887482253443,0.18042263942755954
SVR_CompositeKernel,"(1, 12, 24)","{'gamma_lag': 0.5, 'gamma_local': 0.5, 'gamma_macro': 0.2, 'gamma_spatial': 1.0, 'hidden_dim': 64, 'weight_decay': 0.0001}",5,40006.72329489088,4672.032990373718,87991.50393243987,5736.5343494622475,12.259604795700382,1.6892545792175153,1.4960525896397041,0.2557588429556199
SVR_CompositeKernel,"(1, 2, 12)","{'gamma_lag': 0.1, 'gamma_local': 1.0, 'gamma_macro': 0.1, 'gamma_spatial': 0.5, 'hidden_dim': 64, 'weight_decay': 0.0001}",5,42220.28217075893,7780.813033116153,87998.07691471658,6678.075059745684,14.765239675835812,3.9611959229877494,1.6766381669826385,0.31247633823912024
SVR_CompositeKernel,"(1, 2, 12, 24)","{'gamma_lag': 0.1, 'gamma_local': 1.0, 'gamma_macro': 0.2, 'gamma_spatial': 0.5, 'hidden_dim': 64, 'weight_decay': 0.0}",5,39354.35939492985,1808.24422848936,88000.23523939522,6942.063745434277,12.745621203474396,0.7809518934153558,1.466069521181451,0.15283005972339617
SVR_CompositeKernel,"(1, 2, 3, 12, 24)","{'gamma_lag': 0.5, 'gamma_local': 0.1, 'gamma_macro': 0.1, 'gamma_spatial': 0.1, 'hidden_dim': 64, 'weight_decay': 0.0001}",5,40342.690567424885,6395.33100058932,88005.3180925688,7623.061657676154,13.23555869549379,2.2790866383790163,1.5087252651428278,0.3085132329128588
SVR_CompositeKernel,"(1, 2, 12, 24)","{'gamma_lag': 1.0, 'gamma_local': 1.0, 'gamma_macro': 0.05, 'gamma_spatial': 0.1, 'hidden_dim': 128, 'weight_decay': 0.0}",5,45660.938504464284,3335.202318348266,88023.32417486329,4297.7874992950965,13.976291435879642,1.08732520458883,1.7040409084713815,0.22991413721908183
SVR_CompositeKernel,"(1, 2, 3, 4, 5, 6, 12)","{'gamma_lag': 0.5, 'gamma_local': 1.0, 'gamma_macro': 0.2, 'gamma_spatial': 0.5, 'hidden_dim': 128, 'weight_decay': 0.0001}",5,42578.849262595664,3388.8929413146807,88028.2010189518,6467.538869424454,13.412233868212994,0.8800225932651646,1.6924758397672022,0.17045451251649318
SVR_CompositeKernel,"(1, 2, 12, 24)","{'gamma_lag': 1.0, 'gamma_local': 0.1, 'gamma_macro': 0.1, 'gamma_spatial': 1.0, 'hidden_dim': 64, 'weight_decay': 0.0001}",5,43247.32334095096,8392.764168076563,88029.78725931104,7543.0932256179785,14.253109794003512,3.0856909586799244,1.6206118211759928,0.3934656978075393
SVR_CompositeKernel,"(1, 2, 3, 12, 24)","{'gamma_lag': 0.5, 'gamma_local': 1.0, 'gamma_macro': 0.2, 'gamma_spatial': 0.1, 'hidden_dim': 128, 'weight_decay': 0.0001}",5,42809.03467749079,4058.8635895147727,88042.50925094911,6447.117380016779,12.920667076867222,1.3842264568665004,1.599457079241335,0.2481412967791002
SVR_CompositeKernel,"(1, 12)","{'gamma_lag': 0.5, 'gamma_local': 0.5, 'gamma_macro': 0.2, 'gamma_spatial': 1.0, 'hidden_dim': 64, 'weight_decay': 0.0}",5,39345.06407357214,4251.220078585307,88042.52981306535,7734.214192139411,11.983159291339087,1.5535726566494374,1.565688051855119,0.20541587984769774
SVR_CompositeKernel,"(1, 2, 12)","{'gamma_lag': 0.5, 'gamma_local': 0.5, 'gamma_macro': 0.05, 'gamma_spatial': 0.1, 'hidden_dim': 64, 'weight_decay': 0.0001}",5,40781.481554262326,5219.842545120556,88056.20057051348,6937.822681306035,12.823286619559799,2.1075020760316026,1.6227311544900904,0.2406790819499572
SVR_CompositeKernel,"(1, 12, 24)","{'gamma_lag': 1.0, 'gamma_local': 0.1, 'gamma_macro': 0.2, 'gamma_spatial': 0.1, 'hidden_dim': 64, 'weight_decay': 0.0001}",5,42161.15742276077,8871.221708116447,88082.49376583713,7864.544210791301,13.648790056426952,3.4420351385986296,1.57813856026488,0.39923310131802964
SVR_CompositeKernel,"(1, 2, 12, 24)","{'gamma_lag': 0.5, 'gamma_local': 0.5, 'gamma_macro': 0.1, 'gamma_spatial': 0.5, 'hidden_dim': 64, 'weight_decay': 0.0001}",5,40760.45496297478,3902.66398321655,88086.33933516798,6691.420453749134,12.562911834108888,1.2932707963397923,1.5241340901792984,0.24364977737969176
SVR_CompositeKernel,"(1, 2, 12, 24)","{'gamma_lag': 1.0, 'gamma_local': 0.1, 'gamma_macro': 0.2, 'gamma_spatial': 0.1, 'hidden_dim': 64, 'weight_decay': 0.0}",5,42197.28301667022,8507.693656015821,88090.80730382632,8309.555665198648,13.817163669773265,3.211189966026784,1.579752278355552,0.3889646527051448
SVR_CompositeKernel,"(1, 12)","{'gamma_lag': 1.0, 'gamma_local': 1.0, 'gamma_macro': 0.05, 'gamma_spatial': 0.5, 'hidden_dim': 64, 'weight_decay': 0.0}",5,41381.38363449546,3884.118135195299,88091.85253971117,6110.7586825930375,12.786546627010594,1.2728957809963977,1.6451958867382879,0.18819904738853932
SVR_CompositeKernel,"(1, 2, 12, 24)","{'gamma_lag': 0.1, 'gamma_local': 1.0, 'gamma_macro': 0.2, 'gamma_spatial': 0.1, 'hidden_dim': 64, 'weight_decay': 0.0001}",5,38669.02088692247,2596.4723651488384,88105.31853218013,3568.269612560701,12.575869684969755,1.0738607430618392,1.443657547088255,0.19478180204718817
SVR_CompositeKernel,"(1, 2, 12, 24)","{'gamma_lag': 0.1, 'gamma_local': 1.0, 'gamma_macro': 0.1, 'gamma_spatial': 0.5, 'hidden_dim': 64, 'weight_decay': 0.0}",5,38912.97211991567,2743.187755253004,88108.65002463854,5472.805659149213,12.585682575440748,1.0319823066884448,1.4523553392617028,0.19575362302881028
SVR_CompositeKernel,"(1, 2, 3, 4, 5, 6, 12)","{'gamma_lag': 0.5, 'gamma_local': 0.5, 'gamma_macro': 0.1, 'gamma_spatial': 0.1, 'hidden_dim': 128, 'weight_decay': 0.0001}",5,42706.93199891936,5663.692006135793,88109.91496856292,6698.151117782353,13.324113587976289,1.9697019183781947,1.6979729624255668,0.24907607708569912
SVR_CompositeKernel,"(1, 2, 12)","{'gamma_lag': 0.1, 'gamma_local': 0.5, 'gamma_macro': 0.2, 'gamma_spatial': 0.5, 'hidden_dim': 64, 'weight_decay': 0.0}",5,38505.40010850695,4647.01745874128,88114.95114850902,8702.688232389877,12.599321565540958,1.4279047781092797,1.532094951354428,0.2199429907997122
SVR_CompositeKernel,"(1, 2, 3, 4, 5, 6, 12, 24)","{'gamma_lag': 0.5, 'gamma_local': 0.1, 'gamma_macro': 0.1, 'gamma_spatial': 0.1, 'hidden_dim': 64, 'weight_decay': 0.0}",5,43767.14578948767,8359.268174672512,88115.75922367242,8557.521205912339,14.638002349040994,2.8855335699369125,1.6425397161408561,0.39983193949747825
SVR_CompositeKernel,"(1, 2, 12)","{'gamma_lag': 0.5, 'gamma_local': 0.1, 'gamma_macro': 0.05, 'gamma_spatial': 0.5, 'hidden_dim': 64, 'weight_decay': 0.0}",5,43041.60026883149,11715.713582137307,88141.43914994906,10917.750145065796,14.40156596792734,5.038603060264307,1.7075721733715405,0.45572526827357573
SVR_CompositeKernel,"(1, 12, 24)","{'gamma_lag': 0.1, 'gamma_local': 0.5, 'gamma_macro': 0.2, 'gamma_spatial': 0.1, 'hidden_dim': 64, 'weight_decay': 0.0001}",5,38384.81666755244,1846.9219945836758,88159.19239655038,6240.83589869454,12.849607206221417,0.49147191046695954,1.4284862383349997,0.14111964924011214
SVR_CompositeKernel,"(1, 12)","{'gamma_lag': 0.5, 'gamma_local': 1.0, 'gamma_macro': 0.1, 'gamma_spatial': 0.5, 'hidden_dim': 64, 'weight_decay': 0.0001}",5,38281.44248157596,3662.195000052755,88164.07560236406,8546.470725953077,11.812441764422903,1.146218854046628,1.5246585974367879,0.19787425505948963
SVR_CompositeKernel,"(1, 2, 3, 4, 5, 6, 12, 24)","{'gamma_lag': 1.0, 'gamma_local': 0.1, 'gamma_macro': 0.2, 'gamma_spatial': 0.5, 'hidden_dim': 64, 'weight_decay': 0.0}",5,43997.399925595244,8135.255428628494,88171.5540200733,4395.578820097828,14.868749178799863,3.291643112396308,1.6458477671296432,0.37684073825776865
SVR_CompositeKernel,"(1, 2, 3, 4, 5, 6, 12)","{'gamma_lag': 0.5, 'gamma_local': 0.1, 'gamma_macro': 0.2, 'gamma_spatial': 0.5, 'hidden_dim': 64, 'weight_decay': 0.0}",5,40929.44809692107,4312.963140209706,88178.99041726445,4314.542947724307,13.359196293309498,1.8671609576981394,1.6242216038133979,0.1735911368436839
SVR_CompositeKernel,"(1, 2, 3, 12)","{'gamma_lag': 0.1, 'gamma_local': 1.0, 'gamma_macro': 0.1, 'gamma_spatial': 0.1, 'hidden_dim': 64, 'weight_decay': 0.0}",5,41236.508161050886,5521.897558038214,88186.94759535875,5618.107864175639,14.15818823591531,2.676524836791044,1.6372798765819065,0.22591262293999664
SVR_CompositeKernel,"(1, 2, 3, 12, 24)","{'gamma_lag': 0.5, 'gamma_local': 0.1, 'gamma_macro': 0.2, 'gamma_spatial': 0.1, 'hidden_dim': 64, 'weight_decay': 0.0001}",5,41234.62291445224,6868.419494957029,88187.18631147715,7526.92075148965,13.471715386670596,2.704241414621389,1.5443270487433094,0.335479157700182
SVR_CompositeKernel,"(1, 2, 3, 4, 5, 6, 12)","{'gamma_lag': 1.0, 'gamma_local': 0.5, 'gamma_macro': 0.1, 'gamma_spatial': 0.5, 'hidden_dim': 128, 'weight_decay': 0.0}",5,44303.63877639598,7845.4354640517695,88198.57693382984,8337.967582214862,14.016880860288833,2.7978010402590168,1.7591062980164556,0.31612550929805816
SVR_CompositeKernel,"(1, 2, 3, 4, 5, 6, 12, 24)","{'gamma_lag': 1.0, 'gamma_local': 1.0, 'gamma_macro': 0.05, 'gamma_spatial': 0.1, 'hidden_dim': 128, 'weight_decay': 0.0001}",5,49392.05410067673,6632.815540329717,88199.57702449567,8212.639344630692,15.902092760556636,2.0968733961522803,1.8505686306832476,0.36546220091036746
SVR_CompositeKernel,"(1, 2, 3, 12, 24)","{'gamma_lag': 0.5, 'gamma_local': 1.0, 'gamma_macro': 0.05, 'gamma_spatial': 0.5, 'hidden_dim': 64, 'weight_decay': 0.0001}",5,42122.99663938492,3609.754190010482,88206.92545777325,5575.836315694944,13.135035311606126,1.1186700218990913,1.5748847225100882,0.24408945809500612
SVR_CompositeKernel,"(1, 2, 3, 12, 24)","{'gamma_lag': 0.1, 'gamma_local': 0.5, 'gamma_macro': 0.2, 'gamma_spatial': 0.5, 'hidden_dim': 64, 'weight_decay': 0.0001}",5,38847.76331889526,2991.2424832881593,88232.27967880364,3803.944893283989,12.508817534752618,1.496382009373817,1.4505080570658193,0.20231846030717557
SVR_CompositeKernel,"(1, 2, 12, 24)","{'gamma_lag': 1.0, 'gamma_local': 1.0, 'gamma_macro': 0.05, 'gamma_spatial': 1.0, 'hidden_dim': 64, 'weight_decay': 0.0001}",5,43430.571099064626,3671.1072882930407,88233.68689167037,6068.6223158162275,13.701837535714239,1.2514289043992968,1.622371520447374,0.23797588479263856
SVR_CompositeKernel,"(1, 2, 3, 12)","{'gamma_lag': 0.5, 'gamma_local': 0.5, 'gamma_macro': 0.05, 'gamma_spatial': 1.0, 'hidden_dim': 64, 'weight_decay': 0.0}",5,41202.73423903416,3880.5795975903006,88245.30834379369,6486.624968803969,12.739747958062784,1.2481234531900451,1.6379768387174505,0.18551787978344852
SVR_CompositeKernel,"(1, 12)","{'gamma_lag': 1.0, 'gamma_local': 1.0, 'gamma_macro': 0.1, 'gamma_spatial': 1.0, 'hidden_dim': 64, 'weight_decay': 0.0001}",5,40600.422656692885,2761.9051074009863,88245.41308110463,4573.3592486778625,12.334959467644115,1.1560572174976802,1.6135301341411463,0.14627973438826014
SVR_CompositeKernel,"(1, 2, 12)","{'gamma_lag': 1.0, 'gamma_local': 1.0, 'gamma_macro': 0.05, 'gamma_spatial': 1.0, 'hidden_dim': 64, 'weight_decay': 0.0}",5,42488.74827673257,3288.809178191683,88247.54783360605,4639.491663198491,13.252304648139694,1.2221450180582527,1.6888219721346656,0.1649376843496569
SVR_CompositeKernel,"(1, 2, 12)","{'gamma_lag': 0.1, 'gamma_local': 1.0, 'gamma_macro': 0.2, 'gamma_spatial': 1.0, 'hidden_dim': 64, 'weight_decay': 0.0001}",5,42377.85987457483,6675.673479451557,88248.77547499066,7299.817866285643,14.45298551390648,3.030156844194236,1.6836805008552909,0.2741088327363727
SVR_CompositeKernel,"(1, 2, 12)","{'gamma_lag': 1.0, 'gamma_local': 0.1, 'gamma_macro': 0.2, 'gamma_spatial': 1.0, 'hidden_dim': 64, 'weight_decay': 0.0001}",5,42345.097204949685,6502.030415933985,88251.25120117291,6392.040790632598,13.77870174616632,2.43348719975442,1.67931806075542,0.24960441800505254
SVR_CompositeKernel,"(1, 2, 3, 12, 24)","{'gamma_lag': 0.5, 'gamma_local': 0.5, 'gamma_macro': 0.1, 'gamma_spatial': 1.0, 'hidden_dim': 64, 'weight_decay': 0.0}",5,41459.053131200395,4723.931661397091,88253.93025241453,7141.471244337216,12.967776429126124,1.5358532432917145,1.5518958165488836,0.2739319527217367
SVR_CompositeKernel,"(1, 2, 3, 12)","{'gamma_lag': 0.1, 'gamma_local': 0.5, 'gamma_macro': 0.1, 'gamma_spatial': 1.0, 'hidden_dim': 64, 'weight_decay': 0.0001}",5,41277.66062216553,6740.3243431710325,88259.15320980342,7056.531611292905,13.681307598890957,3.2382284444744207,1.6395384190373825,0.27592664935479333
SVR_CompositeKernel,"(1, 2, 3, 4, 5, 6, 12, 24)","{'gamma_lag': 1.0, 'gamma_local': 0.1, 'gamma_macro': 0.2, 'gamma_spatial': 0.5, 'hidden_dim': 64, 'weight_decay': 0.0001}",5,43987.35622298399,8586.966908892098,88260.75744614874,7610.260002526511,14.833450792785953,3.180757652953583,1.6465309882071442,0.39517323399380955
SVR_CompositeKernel,"(1, 2, 3, 4, 5, 6, 12, 24)","{'gamma_lag': 1.0, 'gamma_local': 0.5, 'gamma_macro': 0.05, 'gamma_spatial': 1.0, 'hidden_dim': 64, 'weight_decay': 0.0001}",5,45289.86602049674,5899.1231830549195,88263.41252579911,6577.157931821509,14.811051141378618,2.0614087770239387,1.6940792076873847,0.31374793968196657
SVR_CompositeKernel,"(1, 2, 3, 12)","{'gamma_lag': 0.5, 'gamma_local': 0.1, 'gamma_macro': 0.2, 'gamma_spatial': 0.1, 'hidden_dim': 64, 'weight_decay': 0.0}",5,40585.25715437216,7188.8865671736,88264.44022932203,7374.326883304501,13.231305692172459,2.7859139537870736,1.6096485546959927,0.27805162281149837
SVR_CompositeKernel,"(1, 2, 3, 4, 5, 6, 12, 24)","{'gamma_lag': 1.0, 'gamma_local': 1.0, 'gamma_macro': 0.2, 'gamma_spatial': 1.0, 'hidden_dim': 128, 'weight_decay': 0.0001}",5,47769.664084644275,4670.983180149677,88267.63267328586,4249.231572865818,15.898267512673973,1.735411377455957,1.78529699097464,0.28291327098270974
SVR_CompositeKernel,"(1, 2, 3, 4, 5, 6, 12, 24)","{'gamma_lag': 1.0, 'gamma_local': 0.1, 'gamma_macro': 0.05, 'gamma_spatial': 0.1, 'hidden_dim': 64, 'weight_decay': 0.0001}",5,44657.13294625141,9061.791054958745,88274.24833060065,8094.655327891741,15.38282382448826,3.4144343155042294,1.6743543050995424,0.42214360267752826
SVR_CompositeKernel,"(1, 2, 12)","{'gamma_lag': 0.1, 'gamma_local': 0.5, 'gamma_macro': 0.1, 'gamma_spatial': 1.0, 'hidden_dim': 64, 'weight_decay': 0.0}",5,39909.70784881661,4939.690750812683,88276.79067160306,4278.53042982119,13.042919660045337,2.417770052065505,1.5856316342552677,0.21170765629974544
SVR_CompositeKernel,"(1, 2, 3, 12, 24)","{'gamma_lag': 1.0, 'gamma_local': 1.0, 'gamma_macro': 0.1, 'gamma_spatial': 0.1, 'hidden_dim': 128, 'weight_decay': 0.0001}",5,44463.542051091266,4127.263494106276,88278.99069194461,6034.972957884201,13.904115691630057,1.325413035000358,1.6624228954363935,0.2646437895419511
SVR_CompositeKernel,"(1, 2, 12)","{'gamma_lag': 1.0, 'gamma_local': 0.1, 'gamma_macro': 0.2, 'gamma_spatial': 1.0, 'hidden_dim': 64, 'weight_decay': 0.0}",5,41205.02745934312,4274.944101992466,88280.02818906207,4607.318294170648,13.16608331780636,1.7916628698203834,1.6371397045395544,0.18886508727977114
SVR_CompositeKernel,"(1, 2, 3, 4, 5, 6, 12, 24)","{'gamma_lag': 0.5, 'gamma_local': 0.1, 'gamma_macro': 0.2, 'gamma_spatial': 0.5, 'hidden_dim': 64, 'weight_decay': 0.0}",5,43066.016293757086,7951.361349939214,88299.23347317085,9948.773755537632,14.13349365182329,2.9836455960515074,1.6142799906620553,0.3771602882361437
SVR_CompositeKernel,"(1, 2, 3, 4, 5, 6, 12, 24)","{'gamma_lag': 0.5, 'gamma_local': 0.1, 'gamma_macro': 0.1, 'gamma_spatial': 0.5, 'hidden_dim': 64, 'weight_decay': 0.0001}",5,42732.70515784439,6702.932758458891,88303.2290857211,7426.079682944535,14.134195756342844,2.514820690611804,1.6002390786415646,0.33555085226165793
SVR_CompositeKernel,"(1, 2, 3, 12)","{'gamma_lag': 0.1, 'gamma_local': 0.5, 'gamma_macro': 0.05, 'gamma_spatial': 0.1, 'hidden_dim': 64, 'weight_decay': 0.0}",5,40436.57085857781,6111.238266483055,88304.335989274,7750.445049607609,13.827969111147038,2.3322272068529464,1.6096818375863375,0.279151823332149
SVR_CompositeKernel,"(1, 2, 3, 4, 5, 6, 12)","{'gamma_lag': 0.5, 'gamma_local': 0.1, 'gamma_macro': 0.1, 'gamma_spatial': 0.1, 'hidden_dim': 64, 'weight_decay': 0.0001}",5,42551.3856903699,9147.71411646273,88315.24745217341,9000.846766405275,14.139933478929143,3.3965464638127316,1.6897635861962477,0.36449529124461466
SVR_CompositeKernel,"(1, 12, 24)","{'gamma_lag': 0.5, 'gamma_local': 0.5, 'gamma_macro': 0.05, 'gamma_spatial': 0.1, 'hidden_dim': 64, 'weight_decay': 0.0}",5,40886.37663026148,3818.4810702420014,88318.12078619548,8196.621362878599,12.747646745161465,1.296539467009319,1.5293257967668366,0.2468541254895092
SVR_CompositeKernel,"(1, 2, 3, 4, 5, 6, 12, 24)","{'gamma_lag': 0.5, 'gamma_local': 0.1, 'gamma_macro': 0.2, 'gamma_spatial': 1.0, 'hidden_dim': 64, 'weight_decay': 0.0001}",5,43419.00634079152,8411.5652924307,88324.8396619397,5156.689143741302,14.34762742970067,3.4269576467155196,1.6284903678867333,0.39910565386940977
SVR_CompositeKernel,"(1, 2, 3, 12)","{'gamma_lag': 0.5, 'gamma_local': 1.0, 'gamma_macro': 0.05, 'gamma_spatial': 1.0, 'hidden_dim': 64, 'weight_decay': 0.0}",5,41875.325418969675,3803.350825539441,88335.40956400246,4547.989792879773,13.155840432439215,1.320687412748601,1.6642976115912174,0.1801231596917786
SVR_CompositeKernel,"(1, 2, 3, 12)","{'gamma_lag': 0.5, 'gamma_local': 1.0, 'gamma_macro': 0.05, 'gamma_spatial': 1.0, 'hidden_dim': 64, 'weight_decay': 0.0001}",5,41946.301096584466,4442.672028075075,88335.61244623223,5503.204794907143,13.071608183167243,1.6003708720039709,1.6678155933519592,0.20639185209459424
SVR_CompositeKernel,"(1, 2, 12, 24)","{'gamma_lag': 1.0, 'gamma_local': 1.0, 'gamma_macro': 0.05, 'gamma_spatial': 0.5, 'hidden_dim': 64, 'weight_decay': 0.0}",5,43928.51651431406,4402.198171381852,88342.48165493336,7810.956158210426,13.88055583431966,1.2856092901343297,1.6432824205017653,0.27108896224541146
SVR_CompositeKernel,"(1, 2, 3, 4, 5, 6, 12)","{'gamma_lag': 0.5, 'gamma_local': 0.1, 'gamma_macro': 0.1, 'gamma_spatial': 0.1, 'hidden_dim': 64, 'weight_decay': 0.0}",5,42071.21098488875,8276.144199360346,88343.87765987628,8468.142200406746,14.046090941956942,3.1030885065411606,1.6713292673050983,0.333317047670517
SVR_CompositeKernel,"(1, 12, 24)","{'gamma_lag': 0.5, 'gamma_local': 0.5, 'gamma_macro': 0.2, 'gamma_spatial': 0.5, 'hidden_dim': 64, 'weight_decay': 0.0}",5,39514.48787556689,2961.534764456115,88351.59931174149,5859.53597477657,12.063103915548831,1.1482529892776403,1.4730952319458916,0.1844590449114018
SVR_CompositeKernel,"(1, 2, 3, 4, 5, 6, 12)","{'gamma_lag': 0.1, 'gamma_local': 0.5, 'gamma_macro': 0.1, 'gamma_spatial': 1.0, 'hidden_dim': 64, 'weight_decay': 0.0001}",5,41951.61587700184,6533.138336084716,88385.61617162029,6159.429448084255,13.55792082595131,2.742186737658837,1.664524121995191,0.25864305767170837
SVR_CompositeKernel,"(1, 2, 12, 24)","{'gamma_lag': 1.0, 'gamma_local': 0.5, 'gamma_macro': 0.05, 'gamma_spatial': 0.5, 'hidden_dim': 64, 'weight_decay': 0.0001}",5,44108.66772560586,3104.6966499138152,88389.8002536909,6080.549090377283,14.029522191785475,0.9541839793895155,1.6465388116468447,0.2205661418486149
SVR_CompositeKernel,"(1, 2, 3, 4, 5, 6, 12)","{'gamma_lag': 0.5, 'gamma_local': 0.1, 'gamma_macro': 0.1, 'gamma_spatial': 0.5, 'hidden_dim': 64, 'weight_decay': 0.0}",5,41181.315805254395,6909.827329975754,88393.58231012561,5740.583947375121,13.398250808870847,2.92608888403795,1.6345219081715396,0.2739870255960488
SVR_CompositeKernel,"(1, 2, 3, 4, 5, 6, 12, 24)","{'gamma_lag': 1.0, 'gamma_local': 0.5, 'gamma_macro': 0.05, 'gamma_spatial': 0.1, 'hidden_dim': 128, 'weight_decay': 0.0001}",5,47743.98770107001,10082.46062218064,88396.40105548984,11659.114879008923,15.63227559609307,3.3172590728787803,1.7943619307699639,0.4798223258793665
SVR_CompositeKernel,"(1, 2, 12)","{'gamma_lag': 1.0, 'gamma_local': 0.1, 'gamma_macro': 0.1, 'gamma_spatial': 0.1, 'hidden_dim': 64, 'weight_decay': 0.0}",5,40560.66274757299,6005.279014918647,88398.41174849267,6583.367205279552,13.372433418679208,2.5425223950393123,1.6111187701695813,0.24751691488363162
SVR_CompositeKernel,"(1, 2, 3, 4, 5, 6, 12)","{'gamma_lag': 0.1, 'gamma_local': 0.5, 'gamma_macro': 0.2, 'gamma_spatial': 0.5, 'hidden_dim': 64, 'weight_decay': 0.0001}",5,38138.83301357001,4393.745577285766,88403.25302826778,6659.117718973192,11.911258371719677,1.649166240051936,1.5179699334964596,0.21107181184421356
SVR_CompositeKernel,"(1, 2, 12)","{'gamma_lag': 1.0, 'gamma_local': 0.1, 'gamma_macro': 0.2, 'gamma_spatial': 0.1, 'hidden_dim': 64, 'weight_decay': 0.0}",5,40848.70013020833,6161.30793209268,88403.32434842756,2985.2052317176517,13.256040511143132,2.46536533847727,1.6218187766272405,0.2491539013184381
SVR_CompositeKernel,"(1, 2, 3, 12)","{'gamma_lag': 0.5, 'gamma_local': 0.1, 'gamma_macro': 0.1, 'gamma_spatial': 0.5, 'hidden_dim': 64, 'weight_decay': 0.0001}",5,41709.22791640094,6960.9118456656715,88416.03061840244,6298.723748471605,13.532988950650411,2.996710898596315,1.6561010075321292,0.2790901989496842
SVR_CompositeKernel,"(1, 2, 3, 4, 5, 6, 12)","{'gamma_lag': 0.5, 'gamma_local': 0.5, 'gamma_macro': 0.05, 'gamma_spatial': 0.5, 'hidden_dim': 64, 'weight_decay': 0.0001}",5,42367.04069143282,4990.069889765805,88425.8328892705,6110.1953264599615,13.286852592943575,1.5194543782833658,1.685349743638526,0.23533918377747717
SVR_CompositeKernel,"(1, 12, 24)","{'gamma_lag': 0.5, 'gamma_local': 0.5, 'gamma_macro': 0.1, 'gamma_spatial': 0.5, 'hidden_dim': 64, 'weight_decay': 0.0001}",5,40015.23379836309,3594.1389901436946,88430.46826147941,3811.308288000842,12.248797263501547,1.2112776170020265,1.4934001731462287,0.21547908399223048
SVR_CompositeKernel,"(1, 2, 3, 4, 5, 6, 12)","{'gamma_lag': 0.1, 'gamma_local': 1.0, 'gamma_macro': 0.1, 'gamma_spatial': 0.5, 'hidden_dim': 64, 'weight_decay': 0.0}",5,41199.008419696,6538.046274501691,88435.12268599814,5160.820516352627,13.317340379538473,2.9028897950753576,1.6366508901514483,0.26913536963672446
SVR_CompositeKernel,"(1, 2, 3, 12, 24)","{'gamma_lag': 0.1, 'gamma_local': 0.5, 'gamma_macro': 0.2, 'gamma_spatial': 0.1, 'hidden_dim': 64, 'weight_decay': 0.0001}",5,39485.6880522782,4104.190714040604,88443.00790491485,6976.363701659871,13.170610841067631,1.5537843252380883,1.4780439073775313,0.2557602096444229
SVR_CompositeKernel,"(1, 12, 24)","{'gamma_lag': 0.1, 'gamma_local': 1.0, 'gamma_macro': 0.2, 'gamma_spatial': 0.5, 'hidden_dim': 64, 'weight_decay': 0.0001}",5,39872.2904633468,2739.378928761138,88456.84023356724,6891.3706244154355,13.147027572684806,1.5021856568594885,1.4865350223628255,0.18200003550044402
SVR_CompositeKernel,"(1, 2, 12)","{'gamma_lag': 0.1, 'gamma_local': 1.0, 'gamma_macro': 0.1, 'gamma_spatial': 1.0, 'hidden_dim': 64, 'weight_decay': 0.0001}",5,39531.681673398525,4090.6916011310686,88456.9543474641,5347.549102974648,12.975414962503383,2.160927447046891,1.5701431622516555,0.17578333763331136
SVR_CompositeKernel,"(1, 2, 12, 24)","{'gamma_lag': 0.5, 'gamma_local': 0.1, 'gamma_macro': 0.2, 'gamma_spatial': 0.1, 'hidden_dim': 64, 'weight_decay': 0.0001}",5,42524.32081960388,6764.350232359973,88457.76342766934,5981.426032355376,14.144400658410467,2.4804017756137733,1.5925675539615465,0.33857145556436163
SVR_CompositeKernel,"(1, 12, 24)","{'gamma_lag': 0.1, 'gamma_local': 1.0, 'gamma_macro': 0.2, 'gamma_spatial': 0.5, 'hidden_dim': 64, 'weight_decay': 0.0}",5,39628.404044430274,2491.0463695590174,88459.5912360802,6506.607758612557,12.927128590274936,1.0780007831539946,1.4768441697367845,0.16978658585913917
SVR_CompositeKernel,"(1, 2, 3, 12)","{'gamma_lag': 1.0, 'gamma_local': 1.0, 'gamma_macro': 0.1, 'gamma_spatial': 0.5, 'hidden_dim': 128, 'weight_decay': 0.0001}",5,45309.645732355435,2914.06034143845,88459.69169438412,5237.209651304273,14.387951856216356,1.1586645763314563,1.7980233845057687,0.12775710789899428
SVR_CompositeKernel,"(1, 2, 3, 4, 5, 6, 12)","{'gamma_lag': 0.5, 'gamma_local': 0.5, 'gamma_macro': 0.05, 'gamma_spatial': 1.0, 'hidden_dim': 64, 'weight_decay': 0.0}",5,42603.93532454649,5017.68522237081,88461.33766475608,8823.631518280747,13.517994028804614,1.6908002222476568,1.6957912345708728,0.23907991594077196
SVR_CompositeKernel,"(1, 12, 24)","{'gamma_lag': 0.5, 'gamma_local': 0.5, 'gamma_macro': 0.2, 'gamma_spatial': 1.0, 'hidden_dim': 64, 'weight_decay': 0.0}",5,40175.18118401006,2795.565211181231,88482.6901726322,8444.810981540793,12.247123087245907,0.9028373968821969,1.497165154667454,0.176279298458958
SVR_CompositeKernel,"(1, 2, 3, 12)","{'gamma_lag': 0.5, 'gamma_local': 0.5, 'gamma_macro': 0.05, 'gamma_spatial': 0.1, 'hidden_dim': 64, 'weight_decay': 0.0}",5,41472.261528752126,3380.041304191738,88482.90164278226,6093.135148086825,13.07059518737042,1.0395599509372522,1.648992444648038,0.17260933870764633
SVR_CompositeKernel,"(1, 2, 12)","{'gamma_lag': 0.1, 'gamma_local': 1.0, 'gamma_macro': 0.1, 'gamma_spatial': 0.1, 'hidden_dim': 64, 'weight_decay': 0.0001}",5,38905.850830853175,4076.92423525913,88488.33036461686,6298.060336138045,13.106523039830932,1.8565569762707284,1.5477808496902992,0.19667562169838357
SVR_CompositeKernel,"(1, 2, 3, 4, 5, 6, 12, 24)","{'gamma_lag': 0.5, 'gamma_local': 1.0, 'gamma_macro': 0.1, 'gamma_spatial': 0.1, 'hidden_dim': 128, 'weight_decay': 0.0}",5,46715.32578213577,7208.142737218154,88489.26783543886,6837.127094765003,14.603200690108181,2.269678135009066,1.7524722629983462,0.38201429132451886
SVR_CompositeKernel,"(1, 2, 3, 12, 24)","{'gamma_lag': 0.5, 'gamma_local': 0.1, 'gamma_macro': 0.2, 'gamma_spatial': 0.1, 'hidden_dim': 64, 'weight_decay': 0.0}",5,41188.21016953657,4792.070308709396,88494.91931560253,8052.05143295897,13.510563293988607,1.9395188622584016,1.5368521925309535,0.24700028820177725
SVR_CompositeKernel,"(1, 12)","{'gamma_lag': 0.5, 'gamma_local': 1.0, 'gamma_macro': 0.2, 'gamma_spatial': 0.5, 'hidden_dim': 64, 'weight_decay': 0.0001}",5,39032.38533251842,2847.2655374626183,88497.80975296926,5709.8680028573,12.08134989282299,1.16323098645801,1.5512822473705756,0.14598345159792608
SVR_CompositeKernel,"(1, 2, 3, 4, 5, 6, 12)","{'gamma_lag': 1.0, 'gamma_local': 0.1, 'gamma_macro': 0.1, 'gamma_spatial': 1.0, 'hidden_dim': 64, 'weight_decay': 0.0001}",5,45576.53707660147,10801.365864911895,88513.21070794968,8312.408808959444,15.5380548991539,4.259496183723369,1.8082973741780535,0.42162965157717563
SVR_CompositeKernel,"(1, 2, 3, 12, 24)","{'gamma_lag': 1.0, 'gamma_local': 0.5, 'gamma_macro': 0.1, 'gamma_spatial': 1.0, 'hidden_dim': 64, 'weight_decay': 0.0001}",5,44527.044525049605,5454.589593236115,88561.77835635994,6936.436522934486,14.490854187025315,1.9786227906077964,1.6668270696789809,0.30621965809725854
SVR_CompositeKernel,"(1, 12, 24)","{'gamma_lag': 0.1, 'gamma_local': 0.5, 'gamma_macro': 0.2, 'gamma_spatial': 1.0, 'hidden_dim': 64, 'weight_decay': 0.0}",5,39225.857915249435,4296.374202913792,88563.45474614835,6265.344374924755,12.66312560937396,2.148762922037089,1.466122878281753,0.2432504526758499
SVR_CompositeKernel,"(1, 2, 3, 4, 5, 6, 12, 24)","{'gamma_lag': 1.0, 'gamma_local': 0.5, 'gamma_macro': 0.05, 'gamma_spatial': 0.5, 'hidden_dim': 64, 'weight_decay': 0.0001}",5,45435.21319134424,6164.844560162137,88565.61201512036,8699.044065960625,14.851795379539642,2.1234198326335068,1.7006639516071567,0.3263248573885079
SVR_CompositeKernel,"(1, 2, 3, 4, 5, 6, 12)","{'gamma_lag': 0.5, 'gamma_local': 0.5, 'gamma_macro': 0.1, 'gamma_spatial': 0.1, 'hidden_dim': 128, 'weight_decay': 0.0}",5,44159.69843129961,7736.896355799229,88577.98850186168,7499.463010266417,13.753182270564626,2.4394437430894365,1.7599128633310275,0.3518468291476477
SVR_CompositeKernel,"(1, 2, 3, 4, 5, 6, 12, 24)","{'gamma_lag': 1.0, 'gamma_local': 0.5, 'gamma_macro': 0.1, 'gamma_spatial': 0.1, 'hidden_dim': 128, 'weight_decay': 0.0001}",5,46506.56153096656,10996.715155271371,88583.48268100765,11275.299361884643,14.984558657572773,3.60617072332726,1.7518754293791972,0.5164410874360572
SVR_CompositeKernel,"(1, 2, 3, 12)","{'gamma_lag': 0.1, 'gamma_local': 1.0, 'gamma_macro': 0.05, 'gamma_spatial': 0.1, 'hidden_dim': 64, 'weight_decay': 0.0}",5,41561.016429722935,6036.992204837693,88584.15161988289,8201.681897701697,14.83309804565942,3.3276424436319987,1.649970162652993,0.24497644280062908
SVR_CompositeKernel,"(1, 2, 3, 12)","{'gamma_lag': 1.0, 'gamma_local': 1.0, 'gamma_macro': 0.2, 'gamma_spatial': 1.0, 'hidden_dim': 128, 'weight_decay': 0.0}",5,42614.42835618623,3782.794022454645,88607.63874897124,6068.453636951809,13.29016403743564,1.090807613952958,1.6936363116537656,0.18299376678884205
SVR_CompositeKernel,"(1, 12)","{'gamma_lag': 1.0, 'gamma_local': 1.0, 'gamma_macro': 0.2, 'gamma_spatial': 0.1, 'hidden_dim': 128, 'weight_decay': 0.0001}",5,40165.68569125567,4073.8989705293898,88612.53032988885,7064.8256490636795,12.011062108652544,1.3962162986413589,1.599166054663728,0.21228830406669247
SVR_CompositeKernel,"(1, 2, 3, 12, 24)","{'gamma_lag': 1.0, 'gamma_local': 0.5, 'gamma_macro': 0.2, 'gamma_spatial': 0.1, 'hidden_dim': 128, 'weight_decay': 0.0001}",5,44441.98101881378,6633.697924435842,88614.53922784638,7016.189138056738,13.90457579771253,2.1518940326677494,1.6653403031650487,0.34460829137940757
SVR_CompositeKernel,"(1, 2, 12, 24)","{'gamma_lag': 0.5, 'gamma_local': 1.0, 'gamma_macro': 0.1, 'gamma_spatial': 1.0, 'hidden_dim': 64, 'weight_decay': 0.0001}",5,42514.752248529614,3948.5601123240144,88619.6507898472,8071.759032535121,13.311234774938844,1.3043642797090271,1.5876294158744062,0.23482629486066842
SVR_CompositeKernel,"(1, 2, 3, 4, 5, 6, 12, 24)","{'gamma_lag': 0.5, 'gamma_local': 1.0, 'gamma_macro': 0.2, 'gamma_spatial': 1.0, 'hidden_dim': 128, 'weight_decay': 0.0001}",5,45357.149538956204,5707.825968009162,88619.9293852738,9705.004203503628,14.716646616765408,1.704802143213529,1.6991892522854173,0.3196300267411241
SVR_CompositeKernel,"(1, 2, 12, 24)","{'gamma_lag': 0.5, 'gamma_local': 1.0, 'gamma_macro': 0.05, 'gamma_spatial': 1.0, 'hidden_dim': 64, 'weight_decay': 0.0}",5,41916.449333014454,3365.0522616528287,88622.76632583456,5901.81144556769,13.031194840310874,1.1479387892446933,1.566250746500462,0.22892596933670453
SVR_CompositeKernel,"(1, 12, 24)","{'gamma_lag': 0.5, 'gamma_local': 0.5, 'gamma_macro': 0.1, 'gamma_spatial': 0.1, 'hidden_dim': 64, 'weight_decay': 0.0}",5,40211.217517892575,4419.854262101445,88631.35624921681,7060.23141656437,12.505930991887016,1.649071925063889,1.5054674213115884,0.2660301467471777
SVR_CompositeKernel,"(1, 12)","{'gamma_lag': 0.1, 'gamma_local': 1.0, 'gamma_macro': 0.2, 'gamma_spatial': 1.0, 'hidden_dim': 64, 'weight_decay': 0.0001}",5,39664.05882139314,4016.7262461148266,88631.95991739663,7507.349446405619,13.087668427043681,1.6124113564922238,1.5756717609612187,0.1807691691583167
SVR_CompositeKernel,"(1, 2, 3, 4, 5, 6, 12, 24)","{'gamma_lag': 0.5, 'gamma_local': 0.1, 'gamma_macro': 0.2, 'gamma_spatial': 1.0, 'hidden_dim': 64, 'weight_decay': 0.0}",5,43158.979637011056,9011.897663470443,88648.32429319236,8842.55570712436,14.099874600814957,3.3919484807667923,1.6199829513208333,0.4211492662422768
SVR_CompositeKernel,"(1, 12)","{'gamma_lag': 1.0, 'gamma_local': 0.1, 'gamma_macro': 0.2, 'gamma_spatial': 0.1, 'hidden_dim': 64, 'weight_decay': 0.0001}",5,39963.76693859835,6471.734960091375,88669.03183729977,5899.412717843487,12.985135789695756,2.851360750036459,1.5844413518455567,0.24659272798433562
SVR_CompositeKernel,"(1, 2, 3, 4, 5, 6, 12)","{'gamma_lag': 1.0, 'gamma_local': 0.1, 'gamma_macro': 0.2, 'gamma_spatial': 1.0, 'hidden_dim': 64, 'weight_decay': 0.0001}",5,45242.83915284864,7691.797221448757,88691.0146394342,6571.933950006412,15.233281533243325,2.9901635606008434,1.7975769576011327,0.31360612423226003
SVR_CompositeKernel,"(1, 2, 12, 24)","{'gamma_lag': 0.5, 'gamma_local': 0.5, 'gamma_macro': 0.05, 'gamma_spatial': 0.1, 'hidden_dim': 64, 'weight_decay': 0.0}",5,41483.623927774235,3824.0884037426044,88696.4387276056,4643.927798500846,13.032460419184961,1.5016320010021496,1.5506193338196783,0.24214583672682813
SVR_CompositeKernel,"(1, 2, 12)","{'gamma_lag': 1.0, 'gamma_local': 0.1, 'gamma_macro': 0.2, 'gamma_spatial': 0.5, 'hidden_dim': 64, 'weight_decay': 0.0}",5,42159.56502001842,4931.481704412148,88697.93490412184,3777.1106742978177,13.773242582267233,1.972815755995447,1.6739578520664455,0.2052054908993073
SVR_CompositeKernel,"(1, 2, 12)","{'gamma_lag': 1.0, 'gamma_local': 0.5, 'gamma_macro': 0.05, 'gamma_spatial': 0.1, 'hidden_dim': 64, 'weight_decay': 0.0}",5,41373.59440679918,3036.5167289874653,88703.24414922253,6168.518909154435,13.013106929405623,1.1854386789203686,1.6436620620860414,0.14801331728472422
SVR_CompositeKernel,"(1, 2, 12, 24)","{'gamma_lag': 0.5, 'gamma_local': 1.0, 'gamma_macro': 0.05, 'gamma_spatial': 0.5, 'hidden_dim': 64, 'weight_decay': 0.0}",5,41599.62729060374,3116.9937419908188,88719.0818834588,5281.500180884953,12.842177495972232,1.0307233664992757,1.5533873825745568,0.21535627420188316
SVR_CompositeKernel,"(1, 12)","{'gamma_lag': 0.5, 'gamma_local': 0.5, 'gamma_macro': 0.05, 'gamma_spatial': 1.0, 'hidden_dim': 64, 'weight_decay': 0.0}",5,40119.98485420209,5394.715692117695,88719.74187895592,5658.1998874066785,12.395147119114286,2.231793954388885,1.5940116663635824,0.22697875959791639
SVR_CompositeKernel,"(1, 2, 3, 4, 5, 6, 12, 24)","{'gamma_lag': 1.0, 'gamma_local': 1.0, 'gamma_macro': 0.2, 'gamma_spatial': 1.0, 'hidden_dim': 128, 'weight_decay': 0.0}",5,46825.168242896114,4483.929315674046,88725.63061029334,6526.4780936715115,15.255296886664405,1.680566097931915,1.7467221636294188,0.251566470322816
SVR_CompositeKernel,"(1, 2, 3, 12)","{'gamma_lag': 0.1, 'gamma_local': 0.5, 'gamma_macro': 0.2, 'gamma_spatial': 1.0, 'hidden_dim': 64, 'weight_decay': 0.0001}",5,40425.56750504889,5299.353142759219,88735.79214107207,7315.232504308293,13.063838410069655,2.227929159165955,1.6077849262355284,0.2345296253298044
SVR_CompositeKernel,"(1, 2, 3, 4, 5, 6, 12)","{'gamma_lag': 0.1, 'gamma_local': 0.5, 'gamma_macro': 0.1, 'gamma_spatial': 0.1, 'hidden_dim': 64, 'weight_decay': 0.0001}",5,38631.448005243765,5376.76549063479,88743.83726934285,8990.967426497506,12.156132973753964,1.7188694324345264,1.539052900103234,0.2569980422260667
SVR_CompositeKernel,"(1, 12)","{'gamma_lag': 0.5, 'gamma_local': 0.5, 'gamma_macro': 0.2, 'gamma_spatial': 0.5, 'hidden_dim': 64, 'weight_decay': 0.0}",5,38541.3127962904,2480.4148509044667,88744.73714789741,7884.6851813252615,11.821305545759051,0.8841482445249683,1.5322975974546291,0.13944795212009367
SVR_CompositeKernel,"(1, 2, 3, 12, 24)","{'gamma_lag': 0.5, 'gamma_local': 1.0, 'gamma_macro': 0.05, 'gamma_spatial': 0.5, 'hidden_dim': 64, 'weight_decay': 0.0}",5,42224.61423478246,2696.6313508307844,88767.51342089036,4270.428913643632,13.120438961455397,0.8170195972539069,1.575295395051328,0.20287889100219786
SVR_CompositeKernel,"(1, 2, 3, 12)","{'gamma_lag': 1.0, 'gamma_local': 1.0, 'gamma_macro': 0.1, 'gamma_spatial': 0.1, 'hidden_dim': 128, 'weight_decay': 0.0001}",5,43999.9393920068,4635.31378832832,88784.13123924268,4850.873894502482,13.686785040946901,1.4289461215600427,1.7485107635742179,0.2111256877547795
SVR_CompositeKernel,"(1, 12)","{'gamma_lag': 0.5, 'gamma_local': 0.5, 'gamma_macro': 0.1, 'gamma_spatial': 0.1, 'hidden_dim': 64, 'weight_decay': 0.0001}",5,38414.464486341414,3528.168424075737,88791.02726373127,5878.019724301923,12.05675793227041,1.1746007909559235,1.5291803237768113,0.18908832305768172
SVR_CompositeKernel,"(1, 2, 3, 4, 5, 6, 12, 24)","{'gamma_lag': 0.1, 'gamma_local': 1.0, 'gamma_macro': 0.2, 'gamma_spatial': 0.5, 'hidden_dim': 64, 'weight_decay': 0.0}",5,40073.23718377976,3019.4965847707867,88793.70989724365,5239.099043295812,12.403464738917027,0.9955508127620495,1.4958282439075348,0.20310105879136753
SVR_CompositeKernel,"(1, 2, 3, 4, 5, 6, 12)","{'gamma_lag': 1.0, 'gamma_local': 0.5, 'gamma_macro': 0.05, 'gamma_spatial': 1.0, 'hidden_dim': 64, 'weight_decay': 0.0}",5,44338.96602536848,5180.633228028399,88806.50657293267,5723.453984025064,14.308467164058806,1.8895643029446192,1.7623909717194983,0.22976602665045795
SVR_CompositeKernel,"(1, 2, 3, 4, 5, 6, 12)","{'gamma_lag': 0.1, 'gamma_local': 0.5, 'gamma_macro': 0.2, 'gamma_spatial': 0.1, 'hidden_dim': 64, 'weight_decay': 0.0}",5,39263.34625628897,4450.9109538387265,88810.31829367708,7786.957258878123,12.44841793644699,1.5046664599865665,1.5639554574857082,0.22573218572367992
SVR_CompositeKernel,"(1, 2, 3, 12)","{'gamma_lag': 0.1, 'gamma_local': 0.5, 'gamma_macro': 0.1, 'gamma_spatial': 0.1, 'hidden_dim': 64, 'weight_decay': 0.0001}",5,41098.30283712443,7072.8310612030955,88816.08067112238,5969.660096463907,14.435950397496722,3.0874278183408146,1.631574507257838,0.2868672333274824
SVR_CompositeKernel,"(1, 12, 24)","{'gamma_lag': 0.1, 'gamma_local': 1.0, 'gamma_macro': 0.1, 'gamma_spatial': 0.1, 'hidden_dim': 64, 'weight_decay': 0.0001}",5,40157.961258149095,3101.560599974792,88820.07884954961,6678.553204270836,13.670422223497724,1.163076897593294,1.5001131634027298,0.21825134082257555
SVR_CompositeKernel,"(1, 2, 12)","{'gamma_lag': 0.5, 'gamma_local': 0.5, 'gamma_macro': 0.1, 'gamma_spatial': 1.0, 'hidden_dim': 64, 'weight_decay': 0.0}",5,40092.786977395124,4181.364453627164,88822.46680845038,5899.941885455654,12.217681015921546,1.5197082435133753,1.5933343426606406,0.18796276404107792
SVR_CompositeKernel,"(1, 12, 24)","{'gamma_lag': 0.5, 'gamma_local': 0.5, 'gamma_macro': 0.1, 'gamma_spatial': 0.1, 'hidden_dim': 64, 'weight_decay': 0.0001}",5,40046.374176232996,3755.1892415399357,88824.8212702031,6837.667966533831,12.317071458697914,1.2214753756276602,1.4969209195021578,0.23545762989833777
SVR_CompositeKernel,"(1, 2, 3, 4, 5, 6, 12)","{'gamma_lag': 0.5, 'gamma_local': 0.5, 'gamma_macro': 0.1, 'gamma_spatial': 1.0, 'hidden_dim': 64, 'weight_decay': 0.0}",5,44680.735046857284,5612.3205285238655,88825.4018127769,7773.318716432849,14.376522183676553,1.9189045569255156,1.7767285170723581,0.250026697402138
SVR_CompositeKernel,"(1, 12)","{'gamma_lag': 0.1, 'gamma_local': 1.0, 'gamma_macro': 0.2, 'gamma_spatial': 0.1, 'hidden_dim': 64, 'weight_decay': 0.0}",5,37267.907667676445,3948.4590681928935,88828.97172173245,7563.184121192452,12.718381805019675,1.6430588634666015,1.48258440658144,0.18868915749450244
SVR_CompositeKernel,"(1, 2, 12)","{'gamma_lag': 0.1, 'gamma_local': 1.0, 'gamma_macro': 0.2, 'gamma_spatial': 0.1, 'hidden_dim': 64, 'weight_decay': 0.0001}",5,37929.19712124434,2956.598666243731,88844.30334257268,8743.304780386103,12.668782774906344,1.200804462813521,1.5087727339645833,0.16158230194069123
SVR_CompositeKernel,"(1, 2, 3, 4, 5, 6, 12)","{'gamma_lag': 0.1, 'gamma_local': 1.0, 'gamma_macro': 0.1, 'gamma_spatial': 0.1, 'hidden_dim': 64, 'weight_decay': 0.0001}",5,40737.799038495614,2974.527564240999,88860.7818096483,7358.529933223426,13.256025150638516,0.8655397964635876,1.6208912865286813,0.17131697600498175
SVR_CompositeKernel,"(1, 2, 3, 4, 5, 6, 12, 24)","{'gamma_lag': 0.5, 'gamma_local': 0.5, 'gamma_macro': 0.2, 'gamma_spatial': 0.1, 'hidden_dim': 128, 'weight_decay': 0.0}",5,44651.75200051374,8906.788361001343,88863.72474009884,9449.028497323072,14.08402289161739,2.9278590950760477,1.6771255334228712,0.4275680280756962
SVR_CompositeKernel,"(1, 12, 24)","{'gamma_lag': 0.5, 'gamma_local': 1.0, 'gamma_macro': 0.1, 'gamma_spatial': 0.5, 'hidden_dim': 64, 'weight_decay': 0.0}",5,40931.605739353035,3940.0257702568474,88879.8077771158,7143.525199747073,12.766916272558827,1.4943565238882595,1.528706721944053,0.23073797197128948
SVR_CompositeKernel,"(1, 2, 3, 12)","{'gamma_lag': 1.0, 'gamma_local': 0.5, 'gamma_macro': 0.2, 'gamma_spatial': 0.1, 'hidden_dim': 128, 'weight_decay': 0.0001}",5,42468.66468253969,5632.948981593176,88898.71051598228,7900.664836767617,13.126340305405003,1.974292463352174,1.6898641231780798,0.25591226732054884
SVR_CompositeKernel,"(1, 2, 12, 24)","{'gamma_lag': 0.1, 'gamma_local': 1.0, 'gamma_macro': 0.2, 'gamma_spatial': 0.5, 'hidden_dim': 64, 'weight_decay': 0.0001}",5,39552.16347833404,3594.049523023818,88905.37353530226,7904.507739457001,12.68214576532863,1.3260989907670013,1.4789337216792229,0.23512189293783758
SVR_CompositeKernel,"(1, 2, 3, 12, 24)","{'gamma_lag': 1.0, 'gamma_local': 0.5, 'gamma_macro': 0.05, 'gamma_spatial': 1.0, 'hidden_dim': 64, 'weight_decay': 0.0}",5,44771.20984623016,5609.649471745571,88945.90238450211,4536.75824280529,14.509427074376617,2.147734930446392,1.6744032219105578,0.3021206107811644
SVR_CompositeKernel,"(1, 2, 3, 4, 5, 6, 12)","{'gamma_lag': 0.1, 'gamma_local': 0.1, 'gamma_macro': 0.2, 'gamma_spatial': 0.5, 'hidden_dim': 64, 'weight_decay': 0.0001}",5,40372.33039257369,8305.980857351722,88960.7725011349,7053.521104353685,13.434719187748632,3.7591799644452504,1.6029476921417807,0.32889440143328597
SVR_CompositeKernel,"(1, 2, 3, 12, 24)","{'gamma_lag': 1.0, 'gamma_local': 0.1, 'gamma_macro': 0.2, 'gamma_spatial': 1.0, 'hidden_dim': 64, 'weight_decay': 0.0001}",5,44062.59960671768,7200.99393204666,88961.28681975613,7803.330264962678,14.709840563629063,2.9720717555882272,1.648991333637327,0.34983169956722726
SVR_CompositeKernel,"(1, 2, 3, 12)","{'gamma_lag': 1.0, 'gamma_local': 0.1, 'gamma_macro': 0.2, 'gamma_spatial': 1.0, 'hidden_dim': 64, 'weight_decay': 0.0}",5,43024.66851084183,6822.478386788401,88966.91527637941,6026.140836694035,13.937648240105478,2.4931691253883876,1.7077414321296505,0.2711790162939699
SVR_CompositeKernel,"(1, 2, 3, 12)","{'gamma_lag': 1.0, 'gamma_local': 0.1, 'gamma_macro': 0.1, 'gamma_spatial': 0.1, 'hidden_dim': 64, 'weight_decay': 0.0001}",5,42859.967120181405,8278.1801589012,88969.62820575116,6974.051308235848,14.151032037044919,3.0282110207917827,1.7023369037944627,0.33345672135156
SVR_CompositeKernel,"(1, 2, 12)","{'gamma_lag': 0.5, 'gamma_local': 1.0, 'gamma_macro': 0.05, 'gamma_spatial': 0.5, 'hidden_dim': 64, 'weight_decay': 0.0}",5,40857.14266935941,4122.897564075204,88973.85289080143,8111.065186939053,12.608650207662688,1.3958263635722385,1.626424585853595,0.21109787425843055
SVR_CompositeKernel,"(1, 2, 3, 4, 5, 6, 12)","{'gamma_lag': 1.0, 'gamma_local': 0.1, 'gamma_macro': 0.05, 'gamma_spatial': 0.1, 'hidden_dim': 64, 'weight_decay': 0.0}",5,44720.21648508361,10600.6291463674,88980.47434288733,6892.710281844003,15.168577874114806,4.018341032791107,1.774847471313704,0.41758897540153994
SVR_CompositeKernel,"(1, 2, 3, 4, 5, 6, 12)","{'gamma_lag': 0.5, 'gamma_local': 0.1, 'gamma_macro': 0.1, 'gamma_spatial': 0.5, 'hidden_dim': 64, 'weight_decay': 0.0001}",5,43650.83960060587,7982.525068873606,88980.75337703401,8636.517321365987,14.20577860657587,2.8164869124044407,1.7355873129771844,0.3312165230592164
SVR_CompositeKernel,"(1, 2, 12)","{'gamma_lag': 1.0, 'gamma_local': 0.5, 'gamma_macro': 0.1, 'gamma_spatial': 1.0, 'hidden_dim': 64, 'weight_decay': 0.0}",5,42522.81107080853,6569.666815126938,88981.23150975854,6124.126087420241,13.420772929185906,2.346830988399557,1.6888509283416036,0.2677389636485106
SVR_CompositeKernel,"(1, 2, 12)","{'gamma_lag': 1.0, 'gamma_local': 0.5, 'gamma_macro': 0.05, 'gamma_spatial': 0.5, 'hidden_dim': 64, 'weight_decay': 0.0}",5,41495.99281019699,3445.3806500303494,88981.44598113102,5265.517283295354,12.889205282372009,1.2304420809124974,1.650068939430436,0.17634915270225535
SVR_CompositeKernel,"(1, 12)","{'gamma_lag': 0.1, 'gamma_local': 1.0, 'gamma_macro': 0.2, 'gamma_spatial': 0.5, 'hidden_dim': 64, 'weight_decay': 0.0}",5,39841.51030638818,5282.5496510392095,88989.52549608031,5608.467122616163,13.596386879898901,2.3647600164770655,1.5845529922752886,0.23823817303302483
SVR_CompositeKernel,"(1, 12)","{'gamma_lag': 1.0, 'gamma_local': 0.1, 'gamma_macro': 0.2, 'gamma_spatial': 0.5, 'hidden_dim': 64, 'weight_decay': 0.0001}",5,40152.75766103317,7633.06397662255,88991.4436102008,7369.465201975071,12.63103579245448,2.805542375183214,1.592675871665017,0.2956067493558932
SVR_CompositeKernel,"(1, 2, 3, 12, 24)","{'gamma_lag': 0.1, 'gamma_local': 1.0, 'gamma_macro': 0.1, 'gamma_spatial': 0.1, 'hidden_dim': 64, 'weight_decay': 0.0001}",5,41248.74705658305,3514.9510396568166,89011.8263235774,5957.727299691206,13.778524803709914,1.2350074619593492,1.541549065529497,0.23544445424407132
SVR_CompositeKernel,"(1, 2, 12, 24)","{'gamma_lag': 0.5, 'gamma_local': 1.0, 'gamma_macro': 0.1, 'gamma_spatial': 0.5, 'hidden_dim': 64, 'weight_decay': 0.0}",5,41558.990133839994,2851.5415613558266,89028.29524729686,6953.330493496406,13.028780144186038,0.9850120580185585,1.5512672675478774,0.2045039527509446
SVR_CompositeKernel,"(1, 12, 24)","{'gamma_lag': 1.0, 'gamma_local': 1.0, 'gamma_macro': 0.1, 'gamma_spatial': 0.5, 'hidden_dim': 64, 'weight_decay': 0.0}",5,41840.416993959036,3383.2567511468455,89039.35359032857,6187.069961927994,13.030128843944183,0.8362193545866676,1.5638160629756381,0.23512306644070807
SVR_CompositeKernel,"(1, 2, 3, 4, 5, 6, 12)","{'gamma_lag': 1.0, 'gamma_local': 1.0, 'gamma_macro': 0.1, 'gamma_spatial': 0.5, 'hidden_dim': 128, 'weight_decay': 0.0001}",5,45769.858745216836,7844.304141677706,89040.09370424984,9452.55671783356,14.700929462009139,2.6155818247681406,1.8203514595128745,0.33502821744382894
SVR_CompositeKernel,"(1, 2, 3, 4, 5, 6, 12)","{'gamma_lag': 0.5, 'gamma_local': 0.1, 'gamma_macro': 0.2, 'gamma_spatial': 0.1, 'hidden_dim': 64, 'weight_decay': 0.0001}",5,41849.70628011621,6575.440783796782,89081.2091302383,6567.3455399132445,13.801092512146008,2.5191857520898737,1.6621045513274484,0.26657999769053325
SVR_CompositeKernel,"(1, 2, 3, 4, 5, 6, 12)","{'gamma_lag': 0.1, 'gamma_local': 1.0, 'gamma_macro': 0.1, 'gamma_spatial': 0.1, 'hidden_dim': 64, 'weight_decay': 0.0}",5,41473.82124211664,6927.606903403005,89086.71935943638,8991.96977080767,13.51021345874661,2.553764697099959,1.6520920918781592,0.31436482589194475
SVR_CompositeKernel,"(1, 2, 3, 4, 5, 6, 12, 24)","{'gamma_lag': 1.0, 'gamma_local': 1.0, 'gamma_macro': 0.1, 'gamma_spatial': 0.5, 'hidden_dim': 128, 'weight_decay': 0.0001}",5,46952.756915214006,5892.529352636187,89096.75549825873,9574.925802499905,15.353490718593704,1.7076251365361592,1.7574642076206124,0.3228476764046114
SVR_CompositeKernel,"(1, 2, 12, 24)","{'gamma_lag': 1.0, 'gamma_local': 0.5, 'gamma_macro': 0.05, 'gamma_spatial': 1.0, 'hidden_dim': 64, 'weight_decay': 0.0001}",5,43539.90875141723,5051.820122493522,89102.02522505252,5751.754665443841,13.823996828108529,1.6166490584617002,1.6281439125101016,0.28251178765959895
SVR_CompositeKernel,"(1, 2, 3, 4, 5, 6, 12, 24)","{'gamma_lag': 1.0, 'gamma_local': 0.1, 'gamma_macro': 0.2, 'gamma_spatial': 1.0, 'hidden_dim': 64, 'weight_decay': 0.0}",5,45801.40561578799,8574.796215711336,89106.22848968607,8896.542043587295,15.583126761533194,3.190805759035881,1.7159910177899556,0.4033999520801857
SVR_CompositeKernel,"(1, 2, 3, 12, 24)","{'gamma_lag': 0.1, 'gamma_local': 1.0, 'gamma_macro': 0.1, 'gamma_spatial': 0.1, 'hidden_dim': 64, 'weight_decay': 0.0}",5,39801.777458014454,3920.5546976644937,89123.59220651993,10849.450263914616,13.07236871190445,1.0498399280612334,1.4863508847180433,0.22893152983495746
SVR_CompositeKernel,"(1, 2, 3, 12, 24)","{'gamma_lag': 1.0, 'gamma_local': 0.1, 'gamma_macro': 0.2, 'gamma_spatial': 0.5, 'hidden_dim': 64, 'weight_decay': 0.0}",5,44337.08061977395,7232.878864615659,89146.88835167079,7410.5495268425275,14.552619678293434,2.813046308163898,1.6586406855237066,0.3468125712634736
SVR_CompositeKernel,"(1, 2, 3, 12)","{'gamma_lag': 1.0, 'gamma_local': 0.1, 'gamma_macro': 0.1, 'gamma_spatial': 0.5, 'hidden_dim': 64, 'weight_decay': 0.0001}",5,43367.71433841766,8890.757241363524,89148.3269913566,7171.2720308624985,14.210806868644209,3.545439889981549,1.720494147828075,0.34679811664471716
SVR_CompositeKernel,"(1, 2, 3, 4, 5, 6, 12, 24)","{'gamma_lag': 0.5, 'gamma_local': 1.0, 'gamma_macro': 0.05, 'gamma_spatial': 1.0, 'hidden_dim': 64, 'weight_decay': 0.0001}",5,44916.78345689839,4842.471233169607,89154.72118834422,5373.763170404734,14.557812554211193,1.4328346791738125,1.6815464872284351,0.2950450830139675
SVR_CompositeKernel,"(1, 2, 3, 12, 24)","{'gamma_lag': 0.5, 'gamma_local': 0.5, 'gamma_macro': 0.1, 'gamma_spatial': 1.0, 'hidden_dim': 64, 'weight_decay': 0.0001}",5,42696.56660554847,4315.06194640484,89170.54787926,6955.020682878119,13.337115552465539,1.4940439244954125,1.596082145396675,0.2562390856270523
SVR_CompositeKernel,"(1, 2, 3, 4, 5, 6, 12, 24)","{'gamma_lag': 0.5, 'gamma_local': 0.5, 'gamma_macro': 0.1, 'gamma_spatial': 1.0, 'hidden_dim': 64, 'weight_decay': 0.0}",5,44443.79034022463,4147.914937972479,89171.91608950963,8054.342481305755,14.349428684266929,1.148893959435965,1.6621113658941589,0.26568722327774064
SVR_CompositeKernel,"(1, 2, 3, 4, 5, 6, 12, 24)","{'gamma_lag': 0.1, 'gamma_local': 1.0, 'gamma_macro': 0.05, 'gamma_spatial': 0.1, 'hidden_dim': 64, 'weight_decay': 0.0}",5,43299.337060214704,5888.860674514587,89175.46199656816,8705.281844910269,14.321781264427624,2.200035540608414,1.6242474042911375,0.333761506424469
SVR_CompositeKernel,"(1, 2, 3, 12, 24)","{'gamma_lag': 0.5, 'gamma_local': 1.0, 'gamma_macro': 0.1, 'gamma_spatial': 1.0, 'hidden_dim': 64, 'weight_decay': 0.0}",5,43330.29731079932,2800.106404838018,89179.81307287862,6940.594541555846,13.65461128577181,0.6262879182059522,1.617362766023265,0.21080048625643424
SVR_CompositeKernel,"(1, 2, 12, 24)","{'gamma_lag': 1.0, 'gamma_local': 0.5, 'gamma_macro': 0.1, 'gamma_spatial': 1.0, 'hidden_dim': 64, 'weight_decay': 0.0}",5,44282.59314811863,5201.124954269675,89190.09361136958,7954.570481489779,14.137537561807267,1.7985681511191072,1.6561418555584049,0.28950877365143696
SVR_CompositeKernel,"(1, 12, 24)","{'gamma_lag': 1.0, 'gamma_local': 0.5, 'gamma_macro': 0.1, 'gamma_spatial': 1.0, 'hidden_dim': 64, 'weight_decay': 0.0001}",5,42342.00861146542,4577.930862523537,89194.02565916757,5891.002404635963,13.304778039773629,1.6669054171726432,1.5799057217716779,0.24280887248802016
SVR_CompositeKernel,"(1, 12)","{'gamma_lag': 1.0, 'gamma_local': 0.5, 'gamma_macro': 0.1, 'gamma_spatial': 0.5, 'hidden_dim': 64, 'weight_decay': 0.0}",5,40147.00918455924,4184.6060098604885,89221.92371853272,6768.677177875216,12.150307080334368,1.4745785564180063,1.5956301026448938,0.18954549729861908
SVR_CompositeKernel,"(1, 2, 12)","{'gamma_lag': 1.0, 'gamma_local': 1.0, 'gamma_macro': 0.2, 'gamma_spatial': 1.0, 'hidden_dim': 128, 'weight_decay': 0.0}",5,43002.69893131731,4295.04882009936,89243.77798553975,8060.075075050369,13.292792545190562,1.5375523718240003,1.7110709424825477,0.21362337665722006
SVR_CompositeKernel,"(1, 2, 3, 4, 5, 6, 12)","{'gamma_lag': 1.0, 'gamma_local': 0.5, 'gamma_macro': 0.2, 'gamma_spatial': 0.1, 'hidden_dim': 128, 'weight_decay': 0.0}",5,45252.55546432115,6747.892449992303,89265.24792106039,8432.704463198848,14.405511584989224,2.1433383026384063,1.8008816168700974,0.30151686119615567
SVR_CompositeKernel,"(1, 2, 3, 4, 5, 6, 12)","{'gamma_lag': 1.0, 'gamma_local': 0.5, 'gamma_macro': 0.1, 'gamma_spatial': 0.1, 'hidden_dim': 128, 'weight_decay': 0.0}",5,45458.57143831491,7403.967177506013,89266.1846294615,8551.609581572484,14.442399327548287,2.511667346516268,1.8089078167304127,0.32329378145092136
SVR_CompositeKernel,"(1, 2, 3, 12)","{'gamma_lag': 0.5, 'gamma_local': 1.0, 'gamma_macro': 0.2, 'gamma_spatial': 0.1, 'hidden_dim': 128, 'weight_decay': 0.0001}",5,41754.777177225056,4770.905545234275,89270.29098585711,6921.56195855638,12.606997660753464,1.6379249575393573,1.6593324194540648,0.2074022394436792
SVR_CompositeKernel,"(1, 2, 3, 12, 24)","{'gamma_lag': 0.5, 'gamma_local': 0.5, 'gamma_macro': 0.05, 'gamma_spatial': 0.1, 'hidden_dim': 64, 'weight_decay': 0.0001}",5,41821.05683770904,3537.7129695294675,89276.28287429067,5251.655820958768,13.217341313998464,1.2732344449333597,1.5618637595953424,0.22553613305286777
SVR_CompositeKernel,"(1, 2, 3, 12)","{'gamma_lag': 0.1, 'gamma_local': 0.5, 'gamma_macro': 0.2, 'gamma_spatial': 0.5, 'hidden_dim': 64, 'weight_decay': 0.0001}",5,39931.61392299108,4737.56983899679,89284.46018461946,7362.9809579053945,13.25197771550628,1.750190239356128,1.588289646522089,0.21598223710608738
SVR_CompositeKernel,"(1, 2, 3, 12)","{'gamma_lag': 1.0, 'gamma_local': 0.5, 'gamma_macro': 0.1, 'gamma_spatial': 1.0, 'hidden_dim': 64, 'weight_decay': 0.0}",5,43872.283669926306,5919.009382938734,89309.1081933694,7466.2036787972775,13.974311213935872,1.9863446883954414,1.7443271164830434,0.25975512538970513
SVR_CompositeKernel,"(1, 2, 3, 4, 5, 6, 12)","{'gamma_lag': 0.5, 'gamma_local': 0.1, 'gamma_macro': 0.2, 'gamma_spatial': 1.0, 'hidden_dim': 64, 'weight_decay': 0.0001}",5,42860.24222691681,6278.79787399329,89310.93328756644,5605.816781791588,13.950364022315815,2.478269385752067,1.7020216174641174,0.25706603832980235
SVR_CompositeKernel,"(1, 2, 3, 4, 5, 6, 12)","{'gamma_lag': 0.5, 'gamma_local': 1.0, 'gamma_macro': 0.1, 'gamma_spatial': 0.1, 'hidden_dim': 128, 'weight_decay': 0.0001}",5,44556.964264012895,4427.920728575306,89322.4207128458,5892.338082299784,13.995195483799108,1.4237638809456339,1.7727729187067514,0.22019816188499317
SVR_CompositeKernel,"(1, 2, 3, 12, 24)","{'gamma_lag': 0.5, 'gamma_local': 0.5, 'gamma_macro': 0.2, 'gamma_spatial': 0.5, 'hidden_dim': 64, 'weight_decay': 0.0}",5,42239.890458917944,2661.999277763224,89344.30830330873,4088.9643890912666,13.431297219446046,1.2982600262339512,1.574037692811394,0.18268320883509642
SVR_CompositeKernel,"(1, 2, 12, 24)","{'gamma_lag': 0.5, 'gamma_local': 1.0, 'gamma_macro': 0.1, 'gamma_spatial': 1.0, 'hidden_dim': 64, 'weight_decay': 0.0}",5,41216.305743781886,3637.0141989324934,89346.84012701249,6554.403933046612,12.533287567435133,1.1668229932357315,1.540265678206596,0.23287310538363265
SVR_CompositeKernel,"(1, 2, 3, 4, 5, 6, 12)","{'gamma_lag': 1.0, 'gamma_local': 0.1, 'gamma_macro': 0.1, 'gamma_spatial': 1.0, 'hidden_dim': 64, 'weight_decay': 0.0}",5,46698.820533056976,13535.306934113389,89355.9804034583,10647.876925005197,15.778677312665716,5.239191059187303,1.853570235482789,0.5304289970456171
SVR_CompositeKernel,"(1, 2, 3, 12, 24)","{'gamma_lag': 0.5, 'gamma_local': 0.5, 'gamma_macro': 0.2, 'gamma_spatial': 0.5, 'hidden_dim': 64, 'weight_decay': 0.0001}",5,40891.996812553145,2732.11411115931,89366.63456370783,4474.869027589135,12.642199608950223,1.003691694232643,1.526497018843537,0.20318843709183776
SVR_CompositeKernel,"(1, 12)","{'gamma_lag': 1.0, 'gamma_local': 0.5, 'gamma_macro': 0.2, 'gamma_spatial': 0.5, 'hidden_dim': 64, 'weight_decay': 0.0}",5,40408.7199705924,3452.4942567945714,89370.62760255519,4514.661897910604,12.34538952363061,1.2895404573216744,1.6058631131377534,0.16542483132670008
SVR_CompositeKernel,"(1, 2, 3, 12, 24)","{'gamma_lag': 1.0, 'gamma_local': 1.0, 'gamma_macro': 0.05, 'gamma_spatial': 1.0, 'hidden_dim': 64, 'weight_decay': 0.0001}",5,45533.91533579578,6343.1040805277835,89372.86616291653,7779.830545617891,14.585124784760769,2.123064616964136,1.7052967057886341,0.3356388555440282
SVR_CompositeKernel,"(1, 2, 3, 12, 24)","{'gamma_lag': 0.5, 'gamma_local': 1.0, 'gamma_macro': 0.1, 'gamma_spatial': 1.0, 'hidden_dim': 64, 'weight_decay': 0.0001}",5,42538.6294341695,3839.553459827665,89396.53403741792,5519.053990961276,13.304605959165539,1.213710775700667,1.590359628761991,0.24793934208321067
SVR_CompositeKernel,"(1, 2, 12)","{'gamma_lag': 1.0, 'gamma_local': 1.0, 'gamma_macro': 0.05, 'gamma_spatial': 0.5, 'hidden_dim': 64, 'weight_decay': 0.0}",5,42746.067238431824,4107.108832464256,89409.69158756248,3858.2469884477155,13.27759515448123,1.3848706360328837,1.6984903235882212,0.18938881606429747
SVR_CompositeKernel,"(1, 12, 24)","{'gamma_lag': 1.0, 'gamma_local': 1.0, 'gamma_macro': 0.2, 'gamma_spatial': 0.1, 'hidden_dim': 128, 'weight_decay': 0.0}",5,44675.81717244189,2655.374682759933,89410.95234333027,5315.6050780067135,13.557718322206961,0.7765089758695067,1.66694937748502,0.20959417085309645
SVR_CompositeKernel,"(1, 2, 3, 12)","{'gamma_lag': 1.0, 'gamma_local': 0.1, 'gamma_macro': 0.2, 'gamma_spatial': 1.0, 'hidden_dim': 64, 'weight_decay': 0.0001}",5,43718.15093537415,8125.376137834898,89418.651435368,6307.618784119082,14.334771123494965,3.1516073278049364,1.734726246699434,0.31870579639427754
SVR_CompositeKernel,"(1, 2, 3, 4, 5, 6, 12, 24)","{'gamma_lag': 1.0, 'gamma_local': 0.5, 'gamma_macro': 0.05, 'gamma_spatial': 1.0, 'hidden_dim': 64, 'weight_decay': 0.0}",5,45771.492091836735,7618.634571676541,89421.69135897161,8266.790770505155,14.980014824195445,2.5195002735111367,1.7166633269418974,0.38358641838540214
SVR_CompositeKernel,"(1, 2, 12, 24)","{'gamma_lag': 1.0, 'gamma_local': 0.5, 'gamma_macro': 0.1, 'gamma_spatial': 1.0, 'hidden_dim': 64, 'weight_decay': 0.0001}",5,43853.91698155824,5595.983065446577,89426.58287852642,7854.432293039153,14.10580776315454,1.753434964139649,1.6406288296248195,0.2999376797231887
SVR_CompositeKernel,"(1, 2, 3, 12, 24)","{'gamma_lag': 0.1, 'gamma_local': 1.0, 'gamma_macro': 0.2, 'gamma_spatial': 0.5, 'hidden_dim': 64, 'weight_decay': 0.0}",5,41485.430309311225,4746.266668356771,89429.86617678378,8069.8638103237645,13.573162254256863,1.9699789786421564,1.5533586280208762,0.27730220336166583
SVR_CompositeKernel,"(1, 12)","{'gamma_lag': 0.5, 'gamma_local': 0.5, 'gamma_macro': 0.2, 'gamma_spatial': 0.5, 'hidden_dim': 64, 'weight_decay': 0.0001}",5,38372.99597328515,4284.8754748969,89431.82621607669,7529.05898431118,11.720700896838697,1.6307439932716787,1.5265163684426077,0.20153118088094799
SVR_CompositeKernel,"(1, 2, 3, 12)","{'gamma_lag': 0.5, 'gamma_local': 1.0, 'gamma_macro': 0.05, 'gamma_spatial': 0.1, 'hidden_dim': 64, 'weight_decay': 0.0}",5,42521.48600348993,4952.283200003324,89440.50411306904,7085.570187100973,13.29376632741681,1.6336599160608403,1.693044296946976,0.24679431232836171
SVR_CompositeKernel,"(1, 12, 24)","{'gamma_lag': 0.5, 'gamma_local': 1.0, 'gamma_macro': 0.2, 'gamma_spatial': 1.0, 'hidden_dim': 64, 'weight_decay': 0.0}",5,41069.56887356505,3584.2462846141366,89451.79129922703,7213.487322306555,12.379363603018962,1.1957900139080986,1.5344259153572655,0.22733299040656751
SVR_CompositeKernel,"(1, 2, 12, 24)","{'gamma_lag': 1.0, 'gamma_local': 0.5, 'gamma_macro': 0.2, 'gamma_spatial': 1.0, 'hidden_dim': 64, 'weight_decay': 0.0}",5,43023.17227935445,5697.932402252339,89462.23349793928,8120.800624100957,13.70221402117798,1.9333869675683315,1.6106469035787465,0.3039427551637805
SVR_CompositeKernel,"(1, 2, 3, 4, 5, 6, 12)","{'gamma_lag': 0.1, 'gamma_local': 0.5, 'gamma_macro': 0.05, 'gamma_spatial': 0.1, 'hidden_dim': 64, 'weight_decay': 0.0}",5,40835.75747812146,6149.148066457779,89478.7069315525,6323.225184810129,13.249439053258111,2.2313534000058013,1.624760488719787,0.2781914179739075
SVR_CompositeKernel,"(1, 2, 3, 4, 5, 6, 12)","{'gamma_lag': 1.0, 'gamma_local': 1.0, 'gamma_macro': 0.2, 'gamma_spatial': 0.5, 'hidden_dim': 128, 'weight_decay': 0.0001}",5,48094.78138153699,5993.258510576001,89480.16205421448,6124.791259583077,15.685449956371539,1.967551280060101,1.9116697450492808,0.2661845785968597
SVR_CompositeKernel,"(1, 2, 3, 12)","{'gamma_lag': 0.5, 'gamma_local': 0.5, 'gamma_macro': 0.05, 'gamma_spatial': 0.5, 'hidden_dim': 64, 'weight_decay': 0.0}",5,41045.22367488662,5606.665764238152,89488.31780506359,5734.670615713408,12.54346395695843,1.784220002571081,1.6316000872578313,0.2444642246132483
SVR_CompositeKernel,"(1, 2, 3, 4, 5, 6, 12, 24)","{'gamma_lag': 1.0, 'gamma_local': 0.1, 'gamma_macro': 0.2, 'gamma_spatial': 0.1, 'hidden_dim': 64, 'weight_decay': 0.0001}",5,45503.66610508787,9591.740411184843,89500.18343092821,8498.387331248048,15.50148337946095,3.6376825146991782,1.7065312622616964,0.441614799039836
SVR_CompositeKernel,"(1, 12, 24)","{'gamma_lag': 1.0, 'gamma_local': 0.5, 'gamma_macro': 0.1, 'gamma_spatial': 0.5, 'hidden_dim': 64, 'weight_decay': 0.0001}",5,42031.569444887326,2898.681741712267,89511.09842553282,6185.497690638713,13.166127604345803,0.9611903211804451,1.568498727464104,0.20449848803650225
SVR_CompositeKernel,"(1, 2, 3, 4, 5, 6, 12, 24)","{'gamma_lag': 1.0, 'gamma_local': 1.0, 'gamma_macro': 0.2, 'gamma_spatial': 0.5, 'hidden_dim': 128, 'weight_decay': 0.0001}",5,47042.983030399664,4369.276671342742,89538.56824557265,6285.056701452649,15.373033065224652,1.5853461185938558,1.7569709126646438,0.2655979445794233
SVR_CompositeKernel,"(1, 2, 3, 12)","{'gamma_lag': 0.1, 'gamma_local': 1.0, 'gamma_macro': 0.2, 'gamma_spatial': 0.5, 'hidden_dim': 64, 'weight_decay': 0.0001}",5,39900.49112191752,3093.309444450875,89548.9756980652,4831.788169980307,13.01726455802087,1.5511724130026308,1.5838959458845752,0.13188500147890506
SVR_CompositeKernel,"(1, 2, 12)","{'gamma_lag': 1.0, 'gamma_local': 0.1, 'gamma_macro': 0.1, 'gamma_spatial': 0.1, 'hidden_dim': 64, 'weight_decay': 0.0001}",5,43819.36189413265,8374.326213500199,89561.9689656978,8344.673661886265,14.608696871949968,3.3006847141804125,1.741095729880038,0.34124540483676824
SVR_CompositeKernel,"(1, 12, 24)","{'gamma_lag': 1.0, 'gamma_local': 1.0, 'gamma_macro': 0.1, 'gamma_spatial': 1.0, 'hidden_dim': 64, 'weight_decay': 0.0}",5,42832.01937446854,3419.344094468968,89570.39824899632,4779.45875567098,13.167731304893199,1.1165605496953133,1.6000641925957955,0.2310226484735059
SVR_CompositeKernel,"(1, 2, 3, 4, 5, 6, 12, 24)","{'gamma_lag': 1.0, 'gamma_local': 1.0, 'gamma_macro': 0.2, 'gamma_spatial': 0.5, 'hidden_dim': 128, 'weight_decay': 0.0}",5,47253.19421502976,7679.713889199335,89581.38891141333,6760.361163729463,15.37988749751791,2.6853950709039807,1.7714711637169365,0.38536577309359277
SVR_CompositeKernel,"(1, 2, 3, 4, 5, 6, 12)","{'gamma_lag': 0.1, 'gamma_local': 0.5, 'gamma_macro': 0.1, 'gamma_spatial': 0.5, 'hidden_dim': 64, 'weight_decay': 0.0}",5,40891.91192070578,3692.9470663439197,89595.46020469848,9046.07824987115,13.092570935896301,1.3896597200586895,1.6278226427657203,0.19819612989992283
SVR_CompositeKernel,"(1, 2, 3, 4, 5, 6, 12)","{'gamma_lag': 0.5, 'gamma_local': 0.5, 'gamma_macro': 0.2, 'gamma_spatial': 0.1, 'hidden_dim': 128, 'weight_decay': 0.0001}",5,43687.27393973214,5291.297464331861,89610.14782933898,6150.133397393873,13.380571665259385,1.6932831753311481,1.7367022585975758,0.23922000988208084
SVR_CompositeKernel,"(1, 12)","{'gamma_lag': 1.0, 'gamma_local': 0.5, 'gamma_macro': 0.1, 'gamma_spatial': 0.1, 'hidden_dim': 64, 'weight_decay': 0.0001}",5,40717.742864229025,2566.0798491298037,89614.84220894994,5343.868825748169,12.521435616488501,0.9562403499345277,1.6179488938409647,0.1375678150130421
SVR_CompositeKernel,"(1, 2, 3, 4, 5, 6, 12, 24)","{'gamma_lag': 0.5, 'gamma_local': 1.0, 'gamma_macro': 0.05, 'gamma_spatial': 0.5, 'hidden_dim': 64, 'weight_decay': 0.0}",5,44536.35354485545,4749.60451890697,89661.98597642596,6634.950357133274,14.22351855430847,1.4976873997449514,1.6673509979752805,0.2904664344013602
SVR_CompositeKernel,"(1, 2, 3, 12, 24)","{'gamma_lag': 0.5, 'gamma_local': 0.5, 'gamma_macro': 0.1, 'gamma_spatial': 0.5, 'hidden_dim': 64, 'weight_decay': 0.0001}",5,42048.34747865292,4067.290924455188,89663.49722727315,4819.274128762811,13.276407926430167,1.4281860149693928,1.5717741525621638,0.25097837263076866
SVR_CompositeKernel,"(1, 2, 12, 24)","{'gamma_lag': 1.0, 'gamma_local': 0.5, 'gamma_macro': 0.1, 'gamma_spatial': 0.5, 'hidden_dim': 64, 'weight_decay': 0.0001}",5,44344.053447420636,4737.9353526296045,89683.55619794846,7096.716698944388,14.26747917630541,1.6648121226729555,1.6586875472951945,0.28072846995788964
SVR_CompositeKernel,"(1, 12, 24)","{'gamma_lag': 0.5, 'gamma_local': 1.0, 'gamma_macro': 0.05, 'gamma_spatial': 0.1, 'hidden_dim': 64, 'weight_decay': 0.0001}",5,42964.905782312926,3425.1351503168735,89696.70041929395,4485.595973171131,13.406578846899995,1.1450997063418062,1.604361869106702,0.23132716201161277
SVR_CompositeKernel,"(1, 2, 12)","{'gamma_lag': 0.5, 'gamma_local': 1.0, 'gamma_macro': 0.1, 'gamma_spatial': 0.5, 'hidden_dim': 64, 'weight_decay': 0.0}",5,39686.94769832412,3218.7651314356785,89711.56950487851,8376.522093111522,11.956621284747905,1.1512767211892099,1.5792143164492098,0.17736085039340022
SVR_CompositeKernel,"(1, 2, 3, 12, 24)","{'gamma_lag': 0.5, 'gamma_local': 0.5, 'gamma_macro': 0.05, 'gamma_spatial': 0.1, 'hidden_dim': 64, 'weight_decay': 0.0}",5,42801.67498494189,4369.861573993744,89722.47554131474,5930.936328742747,13.483147405547282,1.3761744569444667,1.6013304256403713,0.2730395488618078
SVR_CompositeKernel,"(1, 2, 3, 12)","{'gamma_lag': 0.5, 'gamma_local': 0.5, 'gamma_macro': 0.1, 'gamma_spatial': 1.0, 'hidden_dim': 64, 'weight_decay': 0.0001}",5,41986.44611589427,2989.2708957211416,89725.04443332125,5344.212184006735,13.093802456911021,1.0363220191804365,1.6693275662263116,0.16049216049602405
SVR_CompositeKernel,"(1, 2, 3, 12, 24)","{'gamma_lag': 0.1, 'gamma_local': 1.0, 'gamma_macro': 0.2, 'gamma_spatial': 0.1, 'hidden_dim': 64, 'weight_decay': 0.0}",5,39565.355883733704,2508.5146950915373,89727.16317145158,4500.846743317411,12.900052357827866,0.7900872152368967,1.4761314521444076,0.19088137479590453
SVR_CompositeKernel,"(1, 2, 12, 24)","{'gamma_lag': 0.5, 'gamma_local': 1.0, 'gamma_macro': 0.05, 'gamma_spatial': 0.1, 'hidden_dim': 64, 'weight_decay': 0.0}",5,42269.87357036564,3761.426614848522,89728.28780880218,5247.1666348091,13.021563798949376,1.2780506626150487,1.5802317819450797,0.24930610555804952
SVR_CompositeKernel,"(1, 2, 12, 24)","{'gamma_lag': 1.0, 'gamma_local': 1.0, 'gamma_macro': 0.1, 'gamma_spatial': 0.5, 'hidden_dim': 64, 'weight_decay': 0.0001}",5,43933.39415701176,3072.239249206785,89756.27296566141,5487.0361724728955,13.842628213613699,1.0797812687895416,1.6407127217171342,0.22604622671559993
SVR_CompositeKernel,"(1, 12, 24)","{'gamma_lag': 1.0, 'gamma_local': 0.5, 'gamma_macro': 0.2, 'gamma_spatial': 0.5, 'hidden_dim': 64, 'weight_decay': 0.0}",5,42407.56438359198,3540.351371570275,89758.06065059756,5251.841271282487,13.306421374162792,1.2815192619417022,1.580009900013771,0.19891851083082598
SVR_CompositeKernel,"(1, 2, 12)","{'gamma_lag': 1.0, 'gamma_local': 1.0, 'gamma_macro': 0.1, 'gamma_spatial': 1.0, 'hidden_dim': 64, 'weight_decay': 0.0001}",5,43820.95883335105,4464.321702326143,89765.71127295261,6364.653233100461,13.861799932317846,1.502453327158097,1.7410773749502773,0.1982771232474026
SVR_CompositeKernel,"(1, 2, 12)","{'gamma_lag': 0.1, 'gamma_local': 1.0, 'gamma_macro': 0.2, 'gamma_spatial': 0.5, 'hidden_dim': 64, 'weight_decay': 0.0001}",5,41054.819344795214,3450.0491594719615,89769.02580571381,5712.124274832098,13.896632118067094,1.650369683246272,1.6298132255774411,0.14900852809963522
SVR_CompositeKernel,"(1, 12)","{'gamma_lag': 0.5, 'gamma_local': 1.0, 'gamma_macro': 0.1, 'gamma_spatial': 1.0, 'hidden_dim': 64, 'weight_decay': 0.0001}",5,41119.528967811086,5846.267162902089,89772.201685734,7588.348825899317,12.720434817512098,2.1954003030251448,1.634524344192608,0.24963346738154688
SVR_CompositeKernel,"(1, 2, 3, 12)","{'gamma_lag': 1.0, 'gamma_local': 1.0, 'gamma_macro': 0.1, 'gamma_spatial': 0.1, 'hidden_dim': 128, 'weight_decay': 0.0}",5,44584.44338550525,7622.3936344113,89799.97936590182,9118.96697666234,13.67099040006799,2.1283657241015255,1.776190825838156,0.34885668570488193
SVR_CompositeKernel,"(1, 2, 3, 4, 5, 6, 12)","{'gamma_lag': 1.0, 'gamma_local': 0.1, 'gamma_macro': 0.2, 'gamma_spatial': 0.5, 'hidden_dim': 64, 'weight_decay': 0.0001}",5,44236.32831942673,7657.186526086761,89803.69827722205,8162.19111340079,14.827295442083496,2.8019286278350983,1.7574194641918297,0.31163657895980823
SVR_CompositeKernel,"(1, 12)","{'gamma_lag': 0.5, 'gamma_local': 1.0, 'gamma_macro': 0.1, 'gamma_spatial': 0.1, 'hidden_dim': 64, 'weight_decay': 0.0001}",5,40126.92293482497,3642.92460044604,89804.91886837936,7276.257404878731,12.835827518504775,1.2431711118902224,1.5961278275562767,0.1862698362253504
SVR_CompositeKernel,"(1, 12)","{'gamma_lag': 1.0, 'gamma_local': 0.1, 'gamma_macro': 0.2, 'gamma_spatial': 1.0, 'hidden_dim': 64, 'weight_decay': 0.0}",5,42438.64704639668,8653.754624028092,89805.44835722729,7852.091076085875,13.517023305271895,3.4368436904693356,1.685092380667103,0.3432603497044272
SVR_CompositeKernel,"(1, 2, 3, 4, 5, 6, 12)","{'gamma_lag': 1.0, 'gamma_local': 1.0, 'gamma_macro': 0.05, 'gamma_spatial': 0.1, 'hidden_dim': 128, 'weight_decay': 0.0}",5,47081.18696410856,5356.853304548671,89812.06540879385,5981.555228572226,15.07467875200262,1.7262874028756179,1.8711256643023417,0.2381708464294961
SVR_CompositeKernel,"(1, 2, 3, 4, 5, 6, 12)","{'gamma_lag': 1.0, 'gamma_local': 1.0, 'gamma_macro': 0.05, 'gamma_spatial': 0.1, 'hidden_dim': 128, 'weight_decay': 0.0001}",5,47445.79784359056,4302.85627891852,89812.62568700023,5963.595337263794,15.136315558910102,1.2657348531624812,1.886084189791461,0.21039799037388843
SVR_CompositeKernel,"(1, 12)","{'gamma_lag': 1.0, 'gamma_local': 0.5, 'gamma_macro': 0.1, 'gamma_spatial': 1.0, 'hidden_dim': 64, 'weight_decay': 0.0}",5,41226.08051835317,4035.731336058015,89820.51095132803,9750.533828893313,12.647489925509445,1.1836223836813249,1.6413364671129824,0.2097295097558116
SVR_CompositeKernel,"(1, 2, 12, 24)","{'gamma_lag': 1.0, 'gamma_local': 0.5, 'gamma_macro': 0.2, 'gamma_spatial': 0.1, 'hidden_dim': 128, 'weight_decay': 0.0}",5,42601.9322845805,5380.946977977141,89823.28264059284,6034.329072100744,13.033736349938462,1.5772884989162852,1.5969778600658526,0.30994736760945923
SVR_CompositeKernel,"(1, 2, 3, 4, 5, 6, 12, 24)","{'gamma_lag': 1.0, 'gamma_local': 0.5, 'gamma_macro': 0.1, 'gamma_spatial': 0.1, 'hidden_dim': 128, 'weight_decay': 0.0}",5,48462.24779930201,8732.153842874945,89835.4049377808,7531.343932551917,15.652325773420069,2.4563547124146083,1.8233356125443687,0.4574902069336675
SVR_CompositeKernel,"(1, 2, 3, 12, 24)","{'gamma_lag': 1.0, 'gamma_local': 0.1, 'gamma_macro': 0.2, 'gamma_spatial': 0.5, 'hidden_dim': 64, 'weight_decay': 0.0001}",5,44244.10889491213,6488.2077086973,89842.73443743719,7437.9224914515635,14.736594779574165,2.576471463793446,1.652056250855558,0.3115625925965313
SVR_CompositeKernel,"(1, 2, 3, 12)","{'gamma_lag': 1.0, 'gamma_local': 1.0, 'gamma_macro': 0.05, 'gamma_spatial': 1.0, 'hidden_dim': 64, 'weight_decay': 0.0001}",5,45714.32248662486,5591.574029855479,89843.38978213735,7885.804977647699,14.736098492192374,1.6414745604900443,1.8185988781179898,0.2577062827539955
SVR_CompositeKernel,"(1, 2, 3, 4, 5, 6, 12)","{'gamma_lag': 0.5, 'gamma_local': 0.1, 'gamma_macro': 0.2, 'gamma_spatial': 0.1, 'hidden_dim': 64, 'weight_decay': 0.0}",5,43509.19073527849,7736.911268915435,89848.16076945847,5271.0222138439785,14.44511506944583,3.075979673584063,1.72856774576269,0.31574992678830316
SVR_CompositeKernel,"(1, 2, 12, 24)","{'gamma_lag': 1.0, 'gamma_local': 0.1, 'gamma_macro': 0.2, 'gamma_spatial': 0.1, 'hidden_dim': 64, 'weight_decay': 0.0001}",5,43662.52060436153,7589.068879991412,89848.71997246266,5153.274637817602,14.490221439674718,3.1412058516016326,1.6334826272293654,0.3601261209313359
SVR_CompositeKernel,"(1, 2, 12, 24)","{'gamma_lag': 0.5, 'gamma_local': 0.5, 'gamma_macro': 0.1, 'gamma_spatial': 0.1, 'hidden_dim': 64, 'weight_decay': 0.0}",5,42173.509746138036,2860.0328249989634,89859.16284853789,4829.2825552477525,13.0953476959406,1.264078579637243,1.5731066316980302,0.20032100081106693
SVR_CompositeKernel,"(1, 2, 3, 4, 5, 6, 12, 24)","{'gamma_lag': 0.5, 'gamma_local': 1.0, 'gamma_macro': 0.05, 'gamma_spatial': 0.5, 'hidden_dim': 64, 'weight_decay': 0.0001}",5,44476.557904620175,5826.767818039271,89872.0011657387,7690.633261839844,14.207644745084881,1.7124547042076443,1.6675716135248582,0.3313080208148612
SVR_CompositeKernel,"(1, 2, 3, 12)","{'gamma_lag': 1.0, 'gamma_local': 0.1, 'gamma_macro': 0.2, 'gamma_spatial': 0.5, 'hidden_dim': 64, 'weight_decay': 0.0001}",5,43789.962391493056,6743.203839358378,89888.21238756806,7843.364383268376,14.357856536256175,2.5384806279603485,1.7393120736802423,0.2736807115979358
SVR_CompositeKernel,"(1, 2, 3, 12)","{'gamma_lag': 1.0, 'gamma_local': 0.5, 'gamma_macro': 0.1, 'gamma_spatial': 0.5, 'hidden_dim': 64, 'weight_decay': 0.0}",5,43490.60573359552,4689.065682458202,89888.47899423963,7402.978718863047,13.897970454919033,1.6776242485835637,1.7281345064412168,0.2073139571224937
SVR_CompositeKernel,"(1, 2, 3, 12, 24)","{'gamma_lag': 0.5, 'gamma_local': 1.0, 'gamma_macro': 0.2, 'gamma_spatial': 0.1, 'hidden_dim': 128, 'weight_decay': 0.0}",5,45272.13929900085,6286.981955705961,89902.57957210044,7394.933752210294,13.977188386226368,2.0122188753040477,1.6949988028154053,0.3370573661843545
SVR_CompositeKernel,"(1, 2, 12)","{'gamma_lag': 0.5, 'gamma_local': 0.1, 'gamma_macro': 0.2, 'gamma_spatial': 0.1, 'hidden_dim': 64, 'weight_decay': 0.0001}",5,40593.560970273524,3815.469793492321,89908.10870075975,7762.295147304585,13.101470242044428,1.5077398450135706,1.6127943004254326,0.17152114010213415
SVR_CompositeKernel,"(1, 2, 3, 12)","{'gamma_lag': 0.5, 'gamma_local': 0.5, 'gamma_macro': 0.2, 'gamma_spatial': 1.0, 'hidden_dim': 64, 'weight_decay': 0.0}",5,41803.53980079011,4834.232334732326,89917.99967430203,8213.60114803552,12.785562521016612,1.5832742357640397,1.6637910775033204,0.23062974484662768
SVR_CompositeKernel,"(1, 2, 3, 12, 24)","{'gamma_lag': 0.1, 'gamma_local': 0.5, 'gamma_macro': 0.2, 'gamma_spatial': 1.0, 'hidden_dim': 64, 'weight_decay': 0.0}",5,41848.32902272888,6864.2382310055655,89922.50936871796,10381.914307197072,13.41685980897023,3.0306356049879404,1.567823467162131,0.33667331944152845
SVR_CompositeKernel,"(1, 2, 3, 4, 5, 6, 12, 24)","{'gamma_lag': 0.5, 'gamma_local': 1.0, 'gamma_macro': 0.2, 'gamma_spatial': 0.1, 'hidden_dim': 128, 'weight_decay': 0.0}",5,44613.24089028841,4031.0335431307803,89938.49988204824,6304.096855907123,13.947518290626428,1.261628490819815,1.6670846061266928,0.25640831743523795
SVR_CompositeKernel,"(1, 12, 24)","{'gamma_lag': 0.5, 'gamma_local': 1.0, 'gamma_macro': 0.2, 'gamma_spatial': 0.5, 'hidden_dim': 64, 'weight_decay': 0.0001}",5,40158.601158145546,3318.4676090092507,89940.97855768094,8939.328029835748,12.058754534283718,0.9555113122165317,1.5003030763631946,0.22081594224542958
SVR_CompositeKernel,"(1, 2, 3, 12, 24)","{'gamma_lag': 1.0, 'gamma_local': 1.0, 'gamma_macro': 0.1, 'gamma_spatial': 0.1, 'hidden_dim': 128, 'weight_decay': 0.0}",5,46370.45281808036,5168.666848683776,89943.80674423331,7119.553655808271,14.521295332149851,1.6605762080184885,1.735699123154356,0.3051848136399914
SVR_CompositeKernel,"(1, 12)","{'gamma_lag': 1.0, 'gamma_local': 0.5, 'gamma_macro': 0.05, 'gamma_spatial': 0.1, 'hidden_dim': 64, 'weight_decay': 0.0}",5,41374.452875212584,5422.734370079892,89947.95159307502,6547.069196196818,12.850001927587408,1.9863066797009514,1.6461708130885147,0.2482236428118012
SVR_CompositeKernel,"(1, 2, 12)","{'gamma_lag': 0.5, 'gamma_local': 0.5, 'gamma_macro': 0.1, 'gamma_spatial': 0.5, 'hidden_dim': 64, 'weight_decay': 0.0001}",5,39950.122543314195,4868.884335263202,89955.20160417278,10726.314366342227,12.147098274008579,1.5985448054279612,1.5904843329365186,0.23181627808324917
SVR_CompositeKernel,"(1, 2, 3, 12, 24)","{'gamma_lag': 1.0, 'gamma_local': 1.0, 'gamma_macro': 0.05, 'gamma_spatial': 1.0, 'hidden_dim': 64, 'weight_decay': 0.0}",5,45410.45667738449,4764.867223971876,89987.20117234373,5365.177909218931,14.44223615440713,1.5660222672906887,1.695621434921795,0.2673548796750469
SVR_CompositeKernel,"(1, 2, 12)","{'gamma_lag': 0.1, 'gamma_local': 0.5, 'gamma_macro': 0.2, 'gamma_spatial': 1.0, 'hidden_dim': 64, 'weight_decay': 0.0}",5,41265.07172884779,4251.112500229051,89987.85555041465,8546.774251734789,13.651115996830601,1.8746379648833247,1.642015092033415,0.2100857799073908
SVR_CompositeKernel,"(1, 12, 24)","{'gamma_lag': 1.0, 'gamma_local': 0.5, 'gamma_macro': 0.2, 'gamma_spatial': 0.5, 'hidden_dim': 64, 'weight_decay': 0.0001}",5,42637.64223577452,3630.5187575225223,89999.53272234021,6505.338628873298,13.389782626794617,1.2694904295684404,1.5918147467188724,0.22510017069127786
SVR_CompositeKernel,"(1, 2, 3, 12)","{'gamma_lag': 0.1, 'gamma_local': 0.5, 'gamma_macro': 0.2, 'gamma_spatial': 0.1, 'hidden_dim': 64, 'weight_decay': 0.0}",5,37854.65339914612,2911.654034242804,90019.79430942054,6844.6633217990775,12.328890609744581,1.265282598036507,1.5049184769593054,0.14892848665338582
SVR_CompositeKernel,"(1, 2, 12)","{'gamma_lag': 1.0, 'gamma_local': 1.0, 'gamma_macro': 0.2, 'gamma_spatial': 0.1, 'hidden_dim': 128, 'weight_decay': 0.0}",5,43685.72515988166,3585.500178108674,90020.05213298672,5692.805288582011,13.21607310202605,0.9308124837139032,1.736998305903375,0.18482111811441274
SVR_CompositeKernel,"(1, 2, 12, 24)","{'gamma_lag': 0.1, 'gamma_local': 1.0, 'gamma_macro': 0.1, 'gamma_spatial': 0.1, 'hidden_dim': 64, 'weight_decay': 0.0001}",5,41583.33325582837,2905.8231667272416,90022.00685849099,7056.753095784863,13.92547322871325,1.1225416307126024,1.551622636488085,0.20236624416351906
SVR_CompositeKernel,"(1, 2, 3, 12, 24)","{'gamma_lag': 1.0, 'gamma_local': 0.5, 'gamma_macro': 0.1, 'gamma_spatial': 0.5, 'hidden_dim': 64, 'weight_decay': 0.0}",5,44725.38285191681,4544.4172208697955,90026.54697229443,6044.330231120031,14.622470213918906,1.6084484661829397,1.6705127972016485,0.262595104578777
SVR_CompositeKernel,"(1, 2, 12)","{'gamma_lag': 0.5, 'gamma_local': 1.0, 'gamma_macro': 0.1, 'gamma_spatial': 0.5, 'hidden_dim': 64, 'weight_decay': 0.0001}",5,40400.57214516015,4475.788723306641,90034.66301189442,8886.676179574866,12.307820708594466,1.2695203010549734,1.609073104559847,0.22758738228738737
SVR_CompositeKernel,"(1, 2, 12, 24)","{'gamma_lag': 0.5, 'gamma_local': 1.0, 'gamma_macro': 0.05, 'gamma_spatial': 0.5, 'hidden_dim': 64, 'weight_decay': 0.0001}",5,42058.024213435376,4601.687146740467,90041.66253180846,7087.058034156553,12.996368281344374,1.3422724381996913,1.5745670333436292,0.2758555970653794
SVR_CompositeKernel,"(1, 2, 3, 4, 5, 6, 12)","{'gamma_lag': 1.0, 'gamma_local': 1.0, 'gamma_macro': 0.1, 'gamma_spatial': 1.0, 'hidden_dim': 128, 'weight_decay': 0.0001}",5,47185.02375903486,6218.189936259043,90044.6469168759,9007.282633113024,15.097526301812826,1.933920281143583,1.874348167854246,0.2637579873002367
SVR_CompositeKernel,"(1, 2, 12, 24)","{'gamma_lag': 0.5, 'gamma_local': 0.5, 'gamma_macro': 0.2, 'gamma_spatial': 1.0, 'hidden_dim': 64, 'weight_decay': 0.0001}",5,41337.18723559736,3600.8026354220447,90055.24099848859,5933.264529420011,12.646629494151068,1.1918343798375628,1.5446280868775493,0.2322518902681168
SVR_CompositeKernel,"(1, 12, 24)","{'gamma_lag': 1.0, 'gamma_local': 0.1, 'gamma_macro': 0.2, 'gamma_spatial': 1.0, 'hidden_dim': 64, 'weight_decay': 0.0}",5,42575.74602997449,7944.5918234169,90057.00566409109,8144.995122253246,13.590571266693455,2.877162888087813,1.5942584099730102,0.3685083171610492
SVR_CompositeKernel,"(1, 2, 12)","{'gamma_lag': 0.1, 'gamma_local': 1.0, 'gamma_macro': 0.1, 'gamma_spatial': 0.5, 'hidden_dim': 64, 'weight_decay': 0.0}",5,41197.57309957837,2499.776169270777,90069.00890933097,6187.039886463203,13.938400845477357,0.9316476984519926,1.636801311726019,0.13205982481840253
SVR_CompositeKernel,"(1, 2, 3, 12, 24)","{'gamma_lag': 1.0, 'gamma_local': 0.5, 'gamma_macro': 0.2, 'gamma_spatial': 0.1, 'hidden_dim': 128, 'weight_decay': 0.0}",5,44222.91034181903,4772.288484556164,90071.69998185863,5396.178310789511,13.779082164487471,1.6523124549626669,1.6548240048541047,0.28608411501637043
SVR_CompositeKernel,"(1, 12, 24)","{'gamma_lag': 1.0, 'gamma_local': 1.0, 'gamma_macro': 0.1, 'gamma_spatial': 1.0, 'hidden_dim': 64, 'weight_decay': 0.0001}",5,42924.40765040391,3296.2031352662525,90095.19082286004,6399.784676096437,13.34192814990885,1.0012280927528443,1.6027207471049045,0.2234911248052141
SVR_CompositeKernel,"(1, 2, 3, 4, 5, 6, 12, 24)","{'gamma_lag': 1.0, 'gamma_local': 1.0, 'gamma_macro': 0.05, 'gamma_spatial': 0.1, 'hidden_dim': 128, 'weight_decay': 0.0}",5,49581.968882422756,5336.705686043738,90096.83059224277,6419.326204677093,16.272057724838312,1.7720597772039737,1.8554576892364523,0.3179077161683486
SVR_CompositeKernel,"(1, 2, 12, 24)","{'gamma_lag': 1.0, 'gamma_local': 1.0, 'gamma_macro': 0.05, 'gamma_spatial': 0.5, 'hidden_dim': 64, 'weight_decay': 0.0001}",5,44374.8729675985,3330.1935097074006,90107.04206117478,4996.416209400656,13.94118830777172,0.9870752015436403,1.6564603093636918,0.2275907807645485
SVR_CompositeKernel,"(1, 2, 3, 12)","{'gamma_lag': 0.5, 'gamma_local': 1.0, 'gamma_macro': 0.2, 'gamma_spatial': 1.0, 'hidden_dim': 64, 'weight_decay': 0.0001}",5,42772.68240238803,3978.3318804197047,90109.57921027803,4947.80480295709,13.071070191817345,1.4567041735541937,1.7003483566963016,0.18949062560025542
SVR_CompositeKernel,"(1, 2, 3, 4, 5, 6, 12)","{'gamma_lag': 0.5, 'gamma_local': 1.0, 'gamma_macro': 0.05, 'gamma_spatial': 0.5, 'hidden_dim': 64, 'weight_decay': 0.0001}",5,43971.59216579861,5782.304153074507,90112.8311318394,7513.689744616106,13.96600520982735,1.75477165891756,1.750484931764074,0.27141693250315907
SVR_CompositeKernel,"(1, 2, 12)","{'gamma_lag': 0.1, 'gamma_local': 1.0, 'gamma_macro': 0.1, 'gamma_spatial': 1.0, 'hidden_dim': 64, 'weight_decay': 0.0}",5,41443.79849906108,6683.943171111957,90117.50715645528,8062.385614946512,13.706975473752966,2.657018448067473,1.649504552832866,0.29961639129875384
SVR_CompositeKernel,"(1, 12, 24)","{'gamma_lag': 0.5, 'gamma_local': 1.0, 'gamma_macro': 0.2, 'gamma_spatial': 0.5, 'hidden_dim': 64, 'weight_decay': 0.0}",5,40765.805863360976,1445.0845053467876,90175.55108543343,4848.711565144311,12.474625493027377,0.4956830228947063,1.5185070185777267,0.15128100413628676
SVR_CompositeKernel,"(1, 2, 3, 12)","{'gamma_lag': 1.0, 'gamma_local': 0.5, 'gamma_macro': 0.05, 'gamma_spatial': 0.5, 'hidden_dim': 64, 'weight_decay': 0.0}",5,43136.12989078444,5910.925222697478,90176.65304639826,6206.524896355291,13.547945844106488,1.9106869511840365,1.7126519734173016,0.24362044822903986
SVR_CompositeKernel,"(1, 2, 12, 24)","{'gamma_lag': 1.0, 'gamma_local': 1.0, 'gamma_macro': 0.1, 'gamma_spatial': 1.0, 'hidden_dim': 64, 'weight_decay': 0.0}",5,45788.33536927792,3119.356925312683,90189.94225410894,6197.513736419316,14.882517923192399,1.1141011715481874,1.706763203364228,0.20625298714200038
SVR_CompositeKernel,"(1, 2, 3, 4, 5, 6, 12)","{'gamma_lag': 0.5, 'gamma_local': 0.5, 'gamma_macro': 0.2, 'gamma_spatial': 0.1, 'hidden_dim': 128, 'weight_decay': 0.0}",5,44530.23254986891,7758.363294601794,90218.10309838019,8393.963429896256,13.968617966135124,2.364049326699025,1.7744683580827094,0.3541275900088485
SVR_CompositeKernel,"(1, 12, 24)","{'gamma_lag': 0.5, 'gamma_local': 0.5, 'gamma_macro': 0.2, 'gamma_spatial': 0.1, 'hidden_dim': 64, 'weight_decay': 0.0001}",5,40637.41401245394,2975.9109621724842,90219.42994763711,6981.5709749764865,12.322082202435999,0.9510330910842921,1.5180269818516408,0.2152977820197345
SVR_CompositeKernel,"(1, 2, 12, 24)","{'gamma_lag': 0.5, 'gamma_local': 0.5, 'gamma_macro': 0.2, 'gamma_spatial': 0.5, 'hidden_dim': 64, 'weight_decay': 0.0}",5,40383.315273348926,2981.6716841253037,90232.4642193611,6952.141910931477,12.457643559757855,0.8851074317741146,1.5081479653422103,0.2101374094261238
SVR_CompositeKernel,"(1, 2, 3, 4, 5, 6, 12)","{'gamma_lag': 0.5, 'gamma_local': 0.5, 'gamma_macro': 0.1, 'gamma_spatial': 0.5, 'hidden_dim': 64, 'weight_decay': 0.0}",5,43362.76336495536,3886.2528783759326,90236.42554384633,7368.799887177115,13.668088827146624,1.0951711575227512,1.7257902747004983,0.20700015779562375
SVR_CompositeKernel,"(1, 2, 3, 12)","{'gamma_lag': 1.0, 'gamma_local': 1.0, 'gamma_macro': 0.05, 'gamma_spatial': 0.5, 'hidden_dim': 64, 'weight_decay': 0.0001}",5,44111.99352235686,4546.125663754311,90239.92029097588,7171.802586336744,13.864186239463601,1.5971690191257937,1.753644465656413,0.20936718609307278
SVR_CompositeKernel,"(1, 2, 12, 24)","{'gamma_lag': 0.5, 'gamma_local': 0.5, 'gamma_macro': 0.2, 'gamma_spatial': 0.5, 'hidden_dim': 64, 'weight_decay': 0.0001}",5,41025.96750637755,2348.2386115452646,90252.0250425402,4839.431885985315,12.570340292034416,0.9734910873630327,1.529919946097294,0.1824460135058168
SVR_CompositeKernel,"(1, 2, 3, 12, 24)","{'gamma_lag': 1.0, 'gamma_local': 1.0, 'gamma_macro': 0.05, 'gamma_spatial': 0.5, 'hidden_dim': 64, 'weight_decay': 0.0001}",5,44732.868087000425,2859.404459047155,90287.1299886262,4838.619531877407,14.208955933017052,0.8892512168589883,1.6688218057703632,0.21308354264558307
SVR_CompositeKernel,"(1, 2, 12, 24)","{'gamma_lag': 0.5, 'gamma_local': 1.0, 'gamma_macro': 0.2, 'gamma_spatial': 1.0, 'hidden_dim': 64, 'weight_decay': 0.0}",5,42859.00827620111,3517.729545716916,90302.71934297161,5362.351136000392,13.170594528086403,1.2321044650171473,1.5999984447027,0.22446073260765687
SVR_CompositeKernel,"(1, 2, 3, 12, 24)","{'gamma_lag': 1.0, 'gamma_local': 0.5, 'gamma_macro': 0.05, 'gamma_spatial': 0.1, 'hidden_dim': 64, 'weight_decay': 0.0001}",5,45780.62695223923,7479.794298526685,90305.38703793427,8163.844287694514,14.722704553220415,2.4466215846932107,1.7144470527785785,0.3697482482952269
SVR_CompositeKernel,"(1, 2, 3, 4, 5, 6, 12, 24)","{'gamma_lag': 0.1, 'gamma_local': 0.5, 'gamma_macro': 0.1, 'gamma_spatial': 0.1, 'hidden_dim': 64, 'weight_decay': 0.0001}",5,40892.0986359127,5161.240594898982,90306.62813807049,7277.364834200902,13.259342548076152,1.8146501279774256,1.5325443834180525,0.2964619119767195
SVR_CompositeKernel,"(1, 2, 12, 24)","{'gamma_lag': 0.1, 'gamma_local': 1.0, 'gamma_macro': 0.2, 'gamma_spatial': 0.1, 'hidden_dim': 64, 'weight_decay': 0.0}",5,40234.28530550241,2457.2609499647115,90326.66775790889,7196.177396332243,13.34198514263802,0.9459776060534805,1.5008530940516387,0.18795003017760262
SVR_CompositeKernel,"(1, 2, 3, 4, 5, 6, 12, 24)","{'gamma_lag': 1.0, 'gamma_local': 1.0, 'gamma_macro': 0.05, 'gamma_spatial': 1.0, 'hidden_dim': 64, 'weight_decay': 0.0}",5,46582.427976190476,5715.199015891285,90326.7712309015,6601.616042731063,15.418005852761556,1.8897742988421047,1.7431606021577348,0.3142523789692318
SVR_CompositeKernel,"(1, 2, 12)","{'gamma_lag': 0.5, 'gamma_local': 0.5, 'gamma_macro': 0.2, 'gamma_spatial': 0.5, 'hidden_dim': 64, 'weight_decay': 0.0}",5,40055.465651130246,3563.6823503621276,90396.33404772783,7395.452169676487,12.161028958426659,1.087350730289569,1.5944357249002514,0.19223586616787713
SVR_CompositeKernel,"(1, 2, 3, 12)","{'gamma_lag': 0.5, 'gamma_local': 1.0, 'gamma_macro': 0.05, 'gamma_spatial': 0.5, 'hidden_dim': 64, 'weight_decay': 0.0}",5,41381.29551932753,4356.069772912942,90396.85892899716,6694.083705953403,12.661413221035815,1.4471719735325455,1.6460424245848582,0.21049563067113547
SVR_CompositeKernel,"(1, 2, 3, 4, 5, 6, 12)","{'gamma_lag': 0.5, 'gamma_local': 1.0, 'gamma_macro': 0.2, 'gamma_spatial': 0.1, 'hidden_dim': 128, 'weight_decay': 0.0}",5,43252.64005589215,4486.744609592716,90397.07271724955,6731.241325736291,13.240580170678438,1.3142956579420226,1.7207917847506997,0.22011464032052747
SVR_CompositeKernel,"(1, 2, 3, 4, 5, 6, 12)","{'gamma_lag': 1.0, 'gamma_local': 0.5, 'gamma_macro': 0.1, 'gamma_spatial': 0.1, 'hidden_dim': 128, 'weight_decay': 0.0001}",5,47349.907087053565,7108.385946807175,90405.05937813384,6703.802762592262,15.239820662752436,2.427880839506362,1.8814678046781221,0.3026009502458663
SVR_CompositeKernel,"(1, 2, 3, 12)","{'gamma_lag': 1.0, 'gamma_local': 1.0, 'gamma_macro': 0.05, 'gamma_spatial': 1.0, 'hidden_dim': 64, 'weight_decay': 0.0}",5,44115.458218625994,5653.9051189871025,90430.62599144803,5618.372818870534,13.88369481615715,1.8456287708292278,1.7531796692206103,0.2468455781834094
SVR_CompositeKernel,"(1, 2, 3, 4, 5, 6, 12)","{'gamma_lag': 1.0, 'gamma_local': 0.5, 'gamma_macro': 0.2, 'gamma_spatial': 0.1, 'hidden_dim': 128, 'weight_decay': 0.0001}",5,45779.657348356006,7317.077160834994,90441.78337543222,7715.591679360683,14.419704120031984,2.613341352525386,1.8192305696720816,0.30634808048576495
SVR_CompositeKernel,"(1, 2, 3, 4, 5, 6, 12)","{'gamma_lag': 0.1, 'gamma_local': 1.0, 'gamma_macro': 0.2, 'gamma_spatial': 1.0, 'hidden_dim': 64, 'weight_decay': 0.0001}",5,41989.41911139456,4441.355887726552,90443.25171894603,6597.358643229182,13.125012685362387,1.7437981699161227,1.669099203275024,0.20340653670932973
SVR_CompositeKernel,"(1, 2, 3, 12)","{'gamma_lag': 0.1, 'gamma_local': 1.0, 'gamma_macro': 0.2, 'gamma_spatial': 0.5, 'hidden_dim': 64, 'weight_decay': 0.0}",5,43154.71438536352,6853.775617362174,90443.58290344026,6175.052263571625,14.725578039009221,3.452801281888094,1.712478754924586,0.2693140288751301
SVR_CompositeKernel,"(1, 2, 3, 12)","{'gamma_lag': 0.5, 'gamma_local': 0.5, 'gamma_macro': 0.05, 'gamma_spatial': 0.1, 'hidden_dim': 64, 'weight_decay': 0.0001}",5,41563.70734348427,4139.018758840532,90445.62548010022,5693.181871880618,13.165666126886553,1.7360389568543706,1.6525277587215421,0.19476652711457978
SVR_CompositeKernel,"(1, 2, 3, 4, 5, 6, 12)","{'gamma_lag': 0.1, 'gamma_local': 0.5, 'gamma_macro': 0.2, 'gamma_spatial': 1.0, 'hidden_dim': 64, 'weight_decay': 0.0}",5,40849.53971442745,5994.13779809176,90454.27438097112,8569.662572926158,12.708454658293562,2.3228648281305744,1.6248172021250826,0.2598627050927026
SVR_CompositeKernel,"(1, 2, 3, 12)","{'gamma_lag': 0.1, 'gamma_local': 1.0, 'gamma_macro': 0.1, 'gamma_spatial': 0.1, 'hidden_dim': 64, 'weight_decay': 0.0001}",5,40667.479297317885,3357.361484294566,90455.49633210986,4125.32325257951,13.824727093721568,1.4741767248743196,1.6161281302870614,0.1639314443412243
SVR_CompositeKernel,"(1, 2, 12)","{'gamma_lag': 1.0, 'gamma_local': 0.5, 'gamma_macro': 0.1, 'gamma_spatial': 0.5, 'hidden_dim': 64, 'weight_decay': 0.0}",5,41544.02683620323,4104.718436255657,90464.64850546469,4624.703108178912,12.949720631343066,1.404596335890669,1.6502823393167954,0.18343739574523982
SVR_CompositeKernel,"(1, 12, 24)","{'gamma_lag': 1.0, 'gamma_local': 0.5, 'gamma_macro': 0.1, 'gamma_spatial': 0.5, 'hidden_dim': 64, 'weight_decay': 0.0}",5,43318.3390868587,5539.483697072549,90469.48242340096,8592.789760019892,13.527889525251506,1.5773843126923943,1.6210215353989406,0.3000137470054402
SVR_CompositeKernel,"(1, 2, 3, 4, 5, 6, 12)","{'gamma_lag': 0.5, 'gamma_local': 1.0, 'gamma_macro': 0.1, 'gamma_spatial': 0.1, 'hidden_dim': 128, 'weight_decay': 0.0}",5,45446.80410333404,5471.183447366443,90470.8128304511,6872.70136081075,13.989242147269845,1.722108397343116,1.8073613081137059,0.25316314837485454
SVR_CompositeKernel,"(1, 2, 3, 4, 5, 6, 12, 24)","{'gamma_lag': 0.5, 'gamma_local': 0.5, 'gamma_macro': 0.2, 'gamma_spatial': 1.0, 'hidden_dim': 64, 'weight_decay': 0.0001}",5,45235.65843563988,3961.0910063600554,90472.56968392032,6297.910773298961,14.646163444088174,1.3731544534418205,1.6898329916972146,0.2485687377468256
SVR_CompositeKernel,"(1, 2, 3, 12)","{'gamma_lag': 1.0, 'gamma_local': 1.0, 'gamma_macro': 0.2, 'gamma_spatial': 0.1, 'hidden_dim': 128, 'weight_decay': 0.0001}",5,44523.9054807079,3669.2938684185096,90473.88493939317,5816.838521457532,13.72438722231853,1.2452937398125943,1.7703726361744327,0.18786914516948
SVR_CompositeKernel,"(1, 12, 24)","{'gamma_lag': 0.5, 'gamma_local': 1.0, 'gamma_macro': 0.2, 'gamma_spatial': 1.0, 'hidden_dim': 64, 'weight_decay': 0.0001}",5,41919.46213727679,3638.753919984663,90488.72318812071,7315.932201458593,12.803045977363576,1.2649865945093473,1.5658214625444526,0.2309252631731096
SVR_CompositeKernel,"(1, 2, 12)","{'gamma_lag': 0.5, 'gamma_local': 1.0, 'gamma_macro': 0.2, 'gamma_spatial': 0.5, 'hidden_dim': 64, 'weight_decay': 0.0001}",5,40787.19486917163,3029.041316979305,90489.88646802292,7191.5518689924,12.44024751376765,0.9410938227985165,1.6220595860442877,0.16634604539720602
SVR_CompositeKernel,"(1, 2, 3, 4, 5, 6, 12)","{'gamma_lag': 0.5, 'gamma_local': 0.5, 'gamma_macro': 0.2, 'gamma_spatial': 1.0, 'hidden_dim': 64, 'weight_decay': 0.0001}",5,43888.080477164825,4846.246452411215,90513.59895832685,6911.423303211748,13.973886608161488,1.7728530947797598,1.745022468082314,0.22219070068051722
SVR_CompositeKernel,"(1, 2, 3, 4, 5, 6, 12, 24)","{'gamma_lag': 1.0, 'gamma_local': 1.0, 'gamma_macro': 0.05, 'gamma_spatial': 1.0, 'hidden_dim': 64, 'weight_decay': 0.0001}",5,47377.66409084467,5159.3388104953865,90523.65976310725,5807.893075477474,15.552720099333493,1.7568498354933795,1.7718947675195682,0.30153624922228933
SVR_CompositeKernel,"(1, 12)","{'gamma_lag': 0.5, 'gamma_local': 1.0, 'gamma_macro': 0.05, 'gamma_spatial': 0.1, 'hidden_dim': 64, 'weight_decay': 0.0001}",5,41190.95290267149,3572.767775727942,90527.1049407992,5982.982325173035,13.1211969097341,1.5155251904515714,1.6383152071525013,0.18431406653503776
SVR_CompositeKernel,"(1, 2, 3, 4, 5, 6, 12, 24)","{'gamma_lag': 0.5, 'gamma_local': 0.5, 'gamma_macro': 0.2, 'gamma_spatial': 0.5, 'hidden_dim': 64, 'weight_decay': 0.0}",5,43640.57036653203,5061.493686820369,90528.12077679379,7156.752836076519,13.858387154673926,1.5448025960799325,1.634593238420082,0.29799185730058386
SVR_CompositeKernel,"(1, 2, 3, 4, 5, 6, 12, 24)","{'gamma_lag': 0.5, 'gamma_local': 1.0, 'gamma_macro': 0.1, 'gamma_spatial': 0.1, 'hidden_dim': 128, 'weight_decay': 0.0001}",5,46132.31538318452,5726.419432075756,90530.05574024215,7367.16096824852,14.489599705041588,1.5202637263460907,1.728848755510575,0.33583918917762
SVR_CompositeKernel,"(1, 12)","{'gamma_lag': 1.0, 'gamma_local': 1.0, 'gamma_macro': 0.2, 'gamma_spatial': 1.0, 'hidden_dim': 64, 'weight_decay': 0.0}",5,41001.76065493906,4235.646633644198,90535.10671335603,9024.587806673213,12.305811149122345,1.2350258329300727,1.6331780783029657,0.22234324553509113
SVR_CompositeKernel,"(1, 2, 3, 12)","{'gamma_lag': 0.5, 'gamma_local': 1.0, 'gamma_macro': 0.1, 'gamma_spatial': 1.0, 'hidden_dim': 64, 'weight_decay': 0.0}",5,42777.12314165249,5205.67248254226,90540.65065676889,5526.449324191347,13.263887873141936,1.7310214594169455,1.7008256289179762,0.23239238025674772
SVR_CompositeKernel,"(1, 2, 3, 12)","{'gamma_lag': 1.0, 'gamma_local': 1.0, 'gamma_macro': 0.2, 'gamma_spatial': 0.5, 'hidden_dim': 128, 'weight_decay': 0.0001}",5,44876.92064112103,3340.1610676936443,90543.58364640642,5211.631470547912,14.01171392907373,1.28590946655454,1.7830176129749273,0.1630619011899896
SVR_CompositeKernel,"(1, 2, 3, 4, 5, 6, 12)","{'gamma_lag': 0.5, 'gamma_local': 1.0, 'gamma_macro': 0.05, 'gamma_spatial': 0.5, 'hidden_dim': 64, 'weight_decay': 0.0}",5,45165.394118480726,4952.510842934598,90555.93604365399,6393.381604470252,14.428371571930757,1.705522168656071,1.7984204221501983,0.25090625495227215
SVR_CompositeKernel,"(1, 2, 12, 24)","{'gamma_lag': 0.5, 'gamma_local': 1.0, 'gamma_macro': 0.2, 'gamma_spatial': 0.5, 'hidden_dim': 64, 'weight_decay': 0.0001}",5,41246.7420683638,3221.1393247097944,90557.67711060346,8911.151993585783,12.622796473902403,0.8637055670433398,1.5391917573011475,0.20662782650158934
SVR_CompositeKernel,"(1, 12, 24)","{'gamma_lag': 1.0, 'gamma_local': 0.5, 'gamma_macro': 0.05, 'gamma_spatial': 0.1, 'hidden_dim': 64, 'weight_decay': 0.0}",5,43458.4840180343,5078.318828689586,90578.48639800979,7639.4218124851,13.628219517003359,1.5807840871720884,1.6277946286843972,0.30238179407424
SVR_CompositeKernel,"(1, 2, 3, 12, 24)","{'gamma_lag': 0.5, 'gamma_local': 1.0, 'gamma_macro': 0.05, 'gamma_spatial': 0.1, 'hidden_dim': 64, 'weight_decay': 0.0}",5,43739.77877914186,4814.143616917502,90604.97162556168,6150.273961445717,13.671476802475118,1.2555123958768704,1.6377360979893982,0.2911445312908285
SVR_CompositeKernel,"(1, 2, 3, 12)","{'gamma_lag': 1.0, 'gamma_local': 0.5, 'gamma_macro': 0.05, 'gamma_spatial': 1.0, 'hidden_dim': 64, 'weight_decay': 0.0001}",5,45129.40371005173,7768.807858711222,90611.64669873648,8069.871097886608,14.322700238143502,2.7873001733200775,1.7938664407050122,0.3215849341209773
SVR_CompositeKernel,"(1, 12)","{'gamma_lag': 0.5, 'gamma_local': 1.0, 'gamma_macro': 0.2, 'gamma_spatial': 1.0, 'hidden_dim': 64, 'weight_decay': 0.0}",5,41234.72998866213,3767.727337351295,90611.70941093398,6719.467450559075,12.452805732337067,1.2702523886164772,1.6408945851989123,0.19634213617522897
SVR_CompositeKernel,"(1, 12)","{'gamma_lag': 0.5, 'gamma_local': 1.0, 'gamma_macro': 0.05, 'gamma_spatial': 0.1, 'hidden_dim': 64, 'weight_decay': 0.0}",5,40349.58578824759,4899.271161018223,90611.96925571325,5763.803239040517,12.899929893384174,2.2880569705788236,1.603853807201115,0.2169694432998173
SVR_CompositeKernel,"(1, 2, 3, 12, 24)","{'gamma_lag': 1.0, 'gamma_local': 0.5, 'gamma_macro': 0.1, 'gamma_spatial': 1.0, 'hidden_dim': 64, 'weight_decay': 0.0}",5,45116.16988732993,3873.214560715691,90613.03047487893,4317.468333230837,14.633491799238943,1.412191918897837,1.6850670651566848,0.24719662960022484
SVR_CompositeKernel,"(1, 2, 3, 12, 24)","{'gamma_lag': 1.0, 'gamma_local': 1.0, 'gamma_macro': 0.1, 'gamma_spatial': 1.0, 'hidden_dim': 64, 'weight_decay': 0.0001}",5,44160.42301144416,4753.816557751685,90614.97348790898,7000.516172152496,14.01048307344286,1.3953949942747783,1.6531246152151169,0.2888321324919959
SVR_CompositeKernel,"(1, 2, 3, 4, 5, 6, 12)","{'gamma_lag': 0.5, 'gamma_local': 0.1, 'gamma_macro': 0.2, 'gamma_spatial': 1.0, 'hidden_dim': 64, 'weight_decay': 0.0}",5,44185.51841650723,9360.544001292843,90625.54532706943,9192.24045286849,14.363183089873939,3.430076762051432,1.75552778250102,0.37663834812752156
SVR_CompositeKernel,"(1, 2, 3, 4, 5, 6, 12, 24)","{'gamma_lag': 1.0, 'gamma_local': 0.5, 'gamma_macro': 0.1, 'gamma_spatial': 1.0, 'hidden_dim': 64, 'weight_decay': 0.0}",5,47813.31326309169,6944.374357287439,90641.65587878937,6631.50667887549,15.928380126462955,2.3458074225793353,1.791957213679624,0.3663503593012221
SVR_CompositeKernel,"(1, 2, 3, 12)","{'gamma_lag': 0.5, 'gamma_local': 1.0, 'gamma_macro': 0.1, 'gamma_spatial': 1.0, 'hidden_dim': 64, 'weight_decay': 0.0001}",5,42915.420005137465,3348.666913506371,90647.4743758848,6310.920532668973,13.198937898201923,1.1006679612598604,1.7068241462172846,0.17907974294136023
SVR_CompositeKernel,"(1, 12, 24)","{'gamma_lag': 1.0, 'gamma_local': 0.5, 'gamma_macro': 0.2, 'gamma_spatial': 1.0, 'hidden_dim': 64, 'weight_decay': 0.0001}",5,43847.095437393706,4336.009248471918,90653.71073134716,5519.189483630385,13.794539531273358,1.4738459903547207,1.6373569332328786,0.248189609777959
SVR_CompositeKernel,"(1, 2, 3, 12)","{'gamma_lag': 0.5, 'gamma_local': 0.5, 'gamma_macro': 0.1, 'gamma_spatial': 0.1, 'hidden_dim': 64, 'weight_decay': 0.0}",5,41719.16329497945,4435.926489072236,90656.89032260045,7692.19909688294,13.101245189609486,1.4608439837372742,1.6614779131786885,0.22898736553334226
SVR_CompositeKernel,"(1, 12)","{'gamma_lag': 0.5, 'gamma_local': 0.5, 'gamma_macro': 0.2, 'gamma_spatial': 1.0, 'hidden_dim': 64, 'weight_decay': 0.0001}",5,39452.195151732565,3841.456121681131,90657.34350214106,8997.19264407304,11.95146301202411,1.2112290280064584,1.570055814800197,0.1945264815607335
SVR_CompositeKernel,"(1, 2, 3, 12)","{'gamma_lag': 1.0, 'gamma_local': 0.5, 'gamma_macro': 0.1, 'gamma_spatial': 0.5, 'hidden_dim': 64, 'weight_decay': 0.0001}",5,43106.39330357143,5650.295213913073,90674.87562698417,6220.422569064883,13.667370658641953,1.9896477763634832,1.7126745940606376,0.2396845371407554
SVR_CompositeKernel,"(1, 2, 3, 12)","{'gamma_lag': 0.1, 'gamma_local': 1.0, 'gamma_macro': 0.2, 'gamma_spatial': 0.1, 'hidden_dim': 64, 'weight_decay': 0.0001}",5,38173.364785289115,2700.2235387415694,90675.14713907082,4698.196408438865,12.407955666597685,1.0651141383586997,1.5179520692279478,0.15030329876661352
SVR_CompositeKernel,"(1, 2, 12)","{'gamma_lag': 0.5, 'gamma_local': 1.0, 'gamma_macro': 0.05, 'gamma_spatial': 0.1, 'hidden_dim': 64, 'weight_decay': 0.0}",5,41928.42089888039,5337.549084047417,90691.99907886976,7516.270637635169,13.10128930760429,1.8882454884704258,1.6703186020400835,0.26225730430027566
SVR_CompositeKernel,"(1, 2, 3, 4, 5, 6, 12)","{'gamma_lag': 0.5, 'gamma_local': 0.5, 'gamma_macro': 0.05, 'gamma_spatial': 0.1, 'hidden_dim': 64, 'weight_decay': 0.0}",5,45096.30488768424,7126.254285784549,90708.36026714838,9220.301561075268,14.246918802028617,2.2465863844435243,1.7951463818184845,0.3200708117258567
SVR_CompositeKernel,"(1, 2, 3, 12, 24)","{'gamma_lag': 1.0, 'gamma_local': 1.0, 'gamma_macro': 0.05, 'gamma_spatial': 0.5, 'hidden_dim': 64, 'weight_decay': 0.0}",5,45921.46095122945,4578.819824248328,90722.96076409271,6489.561010489453,14.752242817417265,1.3214448601100102,1.7159843423993189,0.27199577237074846
SVR_CompositeKernel,"(1, 2, 3, 4, 5, 6, 12, 24)","{'gamma_lag': 1.0, 'gamma_local': 1.0, 'gamma_macro': 0.1, 'gamma_spatial': 0.1, 'hidden_dim': 128, 'weight_decay': 0.0001}",5,49079.18684807256,7436.244441092789,90729.96170533872,8305.162006180077,15.881741543320004,2.3060862829664144,1.8421654870826458,0.40190300490656206
SVR_CompositeKernel,"(1, 2, 3, 12)","{'gamma_lag': 1.0, 'gamma_local': 0.5, 'gamma_macro': 0.1, 'gamma_spatial': 1.0, 'hidden_dim': 64, 'weight_decay': 0.0001}",5,43828.818696410846,5689.536269487823,90747.187983977,8055.718972014096,13.802967658506413,1.8091491576359955,1.742497550224678,0.2508798495124224
SVR_CompositeKernel,"(1, 2, 3, 4, 5, 6, 12, 24)","{'gamma_lag': 0.5, 'gamma_local': 0.5, 'gamma_macro': 0.1, 'gamma_spatial': 0.5, 'hidden_dim': 64, 'weight_decay': 0.0}",5,44558.359866160004,3573.5835957996087,90749.1956059228,3572.0491130957425,14.397749474178273,1.2971362105013613,1.6631506737860804,0.2299300629247553
SVR_CompositeKernel,"(1, 12, 24)","{'gamma_lag': 1.0, 'gamma_local': 1.0, 'gamma_macro': 0.2, 'gamma_spatial': 0.5, 'hidden_dim': 64, 'weight_decay': 0.0001}",5,42136.96216030683,3088.951477278204,90758.9775001562,3840.669331352395,12.93136336879862,1.0419325915423427,1.5721675912368291,0.20807526087591613
SVR_CompositeKernel,"(1, 2, 3, 12, 24)","{'gamma_lag': 0.5, 'gamma_local': 0.5, 'gamma_macro': 0.2, 'gamma_spatial': 1.0, 'hidden_dim': 64, 'weight_decay': 0.0001}",5,41690.60204967404,5058.180583451985,90768.56682206888,8200.232175770932,12.771125279990738,1.7038385813658306,1.5613159893147728,0.2857855540026309
SVR_CompositeKernel,"(1, 2, 12)","{'gamma_lag': 0.1, 'gamma_local': 1.0, 'gamma_macro': 0.2, 'gamma_spatial': 0.1, 'hidden_dim': 64, 'weight_decay': 0.0}",5,40729.43617577239,5279.4083923452035,90770.94937724005,6521.372309419004,14.247140831124398,2.6763427316454313,1.616516350274106,0.21148349337639982
SVR_CompositeKernel,"(1, 2, 3, 4, 5, 6, 12)","{'gamma_lag': 0.5, 'gamma_local': 0.1, 'gamma_macro': 0.2, 'gamma_spatial': 0.5, 'hidden_dim': 64, 'weight_decay': 0.0001}",5,44065.45122900723,6760.997417039266,90783.00827867098,5867.325999564347,14.327000921256712,2.6354112696986824,1.750010831860245,0.2752154227951302
SVR_CompositeKernel,"(1, 2, 12)","{'gamma_lag': 0.1, 'gamma_local': 1.0, 'gamma_macro': 0.2, 'gamma_spatial': 1.0, 'hidden_dim': 64, 'weight_decay': 0.0}",5,41985.69046113237,4046.448195530517,90784.08836385954,6474.559443831756,13.955330540878572,1.6325354989792216,1.6707826566798911,0.20612043054885468
SVR_CompositeKernel,"(1, 2, 3, 4, 5, 6, 12, 24)","{'gamma_lag': 1.0, 'gamma_local': 0.5, 'gamma_macro': 0.2, 'gamma_spatial': 0.5, 'hidden_dim': 64, 'weight_decay': 0.0001}",5,46872.58180272109,5266.6220278502715,90789.08245799578,5467.227391829288,15.626469567056043,1.7806483824317507,1.7535699561670874,0.30435758720885775
SVR_CompositeKernel,"(1, 2, 3, 4, 5, 6, 12)","{'gamma_lag': 0.1, 'gamma_local': 0.5, 'gamma_macro': 0.1, 'gamma_spatial': 0.1, 'hidden_dim': 64, 'weight_decay': 0.0}",5,40625.66978546626,4447.889340761648,90795.93631133572,7720.912609898243,13.05175320361227,1.6962385218897105,1.6158567028530668,0.20878372533112813
SVR_CompositeKernel,"(1, 12)","{'gamma_lag': 1.0, 'gamma_local': 1.0, 'gamma_macro': 0.05, 'gamma_spatial': 0.1, 'hidden_dim': 64, 'weight_decay': 0.0001}",5,41401.79760354663,3004.8337455880073,90803.70546063401,9608.446595037929,12.716747902443544,0.7886182058244926,1.6479789956509137,0.18229708993922705
SVR_CompositeKernel,"(1, 12, 24)","{'gamma_lag': 0.5, 'gamma_local': 1.0, 'gamma_macro': 0.1, 'gamma_spatial': 0.1, 'hidden_dim': 64, 'weight_decay': 0.0}",5,41187.13675329507,2754.2174344173027,90804.12630948602,7391.4648292370985,12.642731084405227,0.9430250159282352,1.5354416071541053,0.1839614258924721
SVR_CompositeKernel,"(1, 2, 3, 4, 5, 6, 12, 24)","{'gamma_lag': 1.0, 'gamma_local': 0.1, 'gamma_macro': 0.1, 'gamma_spatial': 0.1, 'hidden_dim': 64, 'weight_decay': 0.0}",5,45723.71764854379,11476.80036638155,90805.26616569565,8795.71951026416,15.52338578418566,4.237385634941725,1.7194863318558458,0.5174551688051241
SVR_CompositeKernel,"(1, 2, 12)","{'gamma_lag': 0.1, 'gamma_local': 1.0, 'gamma_macro': 0.2, 'gamma_spatial': 0.5, 'hidden_dim': 64, 'weight_decay': 0.0}",5,39572.978923079645,3935.011221759505,90818.15773321613,6462.20437418197,12.86926200798899,1.5364278707790195,1.5753365843537348,0.20264424986243576
SVR_CompositeKernel,"(1, 2, 12)","{'gamma_lag': 0.5, 'gamma_local': 0.5, 'gamma_macro': 0.2, 'gamma_spatial': 0.5, 'hidden_dim': 64, 'weight_decay': 0.0001}",5,39147.73838842829,2889.6220178562653,90820.68750538357,6365.677916618078,11.889431252272178,0.8019964618588348,1.5569941610524463,0.15965219833717573
SVR_CompositeKernel,"(1, 2, 3, 12, 24)","{'gamma_lag': 1.0, 'gamma_local': 0.5, 'gamma_macro': 0.2, 'gamma_spatial': 0.5, 'hidden_dim': 64, 'weight_decay': 0.0}",5,43747.60402715774,3959.9527886525248,90832.80226803756,5254.29730224515,14.04066396009551,1.3773116121046354,1.6346510781974932,0.24940925041700668
SVR_CompositeKernel,"(1, 12, 24)","{'gamma_lag': 1.0, 'gamma_local': 0.5, 'gamma_macro': 0.05, 'gamma_spatial': 0.1, 'hidden_dim': 64, 'weight_decay': 0.0001}",5,43249.59815183886,5249.4790910957245,90833.47549591714,4690.059865181696,13.707181952357498,1.677483086688574,1.6167311939490545,0.2850043474044969
SVR_CompositeKernel,"(1, 2, 3, 12)","{'gamma_lag': 0.5, 'gamma_local': 0.5, 'gamma_macro': 0.2, 'gamma_spatial': 0.5, 'hidden_dim': 64, 'weight_decay': 0.0}",5,40698.012191308815,3845.2600429730824,90836.94138700682,6589.104101719327,12.435492286327142,1.1440261347212854,1.6193262344343737,0.19527562489035857
SVR_CompositeKernel,"(1, 2, 3, 4, 5, 6, 12)","{'gamma_lag': 0.5, 'gamma_local': 1.0, 'gamma_macro': 0.05, 'gamma_spatial': 1.0, 'hidden_dim': 64, 'weight_decay': 0.0}",5,44624.205634832055,6759.166261146999,90839.47754317932,8133.930543825083,14.007137956065687,2.2627536499681935,1.774675759110557,0.2924181589884936
SVR_CompositeKernel,"(1, 2, 3, 4, 5, 6, 12)","{'gamma_lag': 1.0, 'gamma_local': 0.1, 'gamma_macro': 0.2, 'gamma_spatial': 0.5, 'hidden_dim': 64, 'weight_decay': 0.0}",5,45753.43076681193,8044.760910413952,90841.65879901896,7619.211832358131,15.272701650503384,2.975467778475329,1.8180289268809247,0.3273563031138842
SVR_CompositeKernel,"(1, 2, 12)","{'gamma_lag': 1.0, 'gamma_local': 0.5, 'gamma_macro': 0.2, 'gamma_spatial': 1.0, 'hidden_dim': 64, 'weight_decay': 0.0}",5,43174.10240221088,3906.117161234977,90844.61815904244,7849.720662173672,13.458335699922191,1.1256850908628324,1.7173488181427623,0.19753394301854127
SVR_CompositeKernel,"(1, 2, 3, 12, 24)","{'gamma_lag': 0.5, 'gamma_local': 1.0, 'gamma_macro': 0.1, 'gamma_spatial': 0.5, 'hidden_dim': 64, 'weight_decay': 0.0}",5,42674.277057203086,3229.815368474656,90880.20515424378,4787.868598276909,13.118094491845657,1.1011143857602506,1.5944680926554706,0.23103203365507005
SVR_CompositeKernel,"(1, 12, 24)","{'gamma_lag': 1.0, 'gamma_local': 1.0, 'gamma_macro': 0.05, 'gamma_spatial': 0.1, 'hidden_dim': 64, 'weight_decay': 0.0}",5,43847.54739937642,4034.532252519697,90895.94340538958,5725.034702608509,13.661084314993317,1.2812427600130312,1.6393152540740705,0.2570148775455276
SVR_CompositeKernel,"(1, 2, 3, 4, 5, 6, 12)","{'gamma_lag': 1.0, 'gamma_local': 0.5, 'gamma_macro': 0.05, 'gamma_spatial': 0.5, 'hidden_dim': 64, 'weight_decay': 0.0}",5,44866.03702611253,6121.534081949501,90910.97359883144,6289.386471003319,14.540536388611269,1.8951541088946595,1.7850719272064814,0.27696441454511894
SVR_CompositeKernel,"(1, 2, 3, 4, 5, 6, 12)","{'gamma_lag': 0.1, 'gamma_local': 0.5, 'gamma_macro': 0.2, 'gamma_spatial': 0.1, 'hidden_dim': 64, 'weight_decay': 0.0001}",5,40476.16677694515,4602.016344056875,90920.62261011697,8306.39497185479,12.899592830016328,1.6989135096526755,1.609385142984225,0.21403215616412563
SVR_CompositeKernel,"(1, 2, 3, 4, 5, 6, 12, 24)","{'gamma_lag': 0.5, 'gamma_local': 1.0, 'gamma_macro': 0.1, 'gamma_spatial': 1.0, 'hidden_dim': 64, 'weight_decay': 0.0}",5,45104.916753029334,5995.784333409731,90921.57376890347,7483.971627939316,14.460705492502083,1.8349144194388278,1.6888094406179364,0.32793306706414577
SVR_CompositeKernel,"(1, 2, 12)","{'gamma_lag': 0.5, 'gamma_local': 0.5, 'gamma_macro': 0.2, 'gamma_spatial': 1.0, 'hidden_dim': 64, 'weight_decay': 0.0001}",5,41769.846070719956,4327.079502138456,90931.07566626306,4653.382575701195,12.72964276469285,1.6493574911694833,1.6594803780603944,0.19042786615209462
SVR_CompositeKernel,"(1, 2, 3, 4, 5, 6, 12)","{'gamma_lag': 0.1, 'gamma_local': 1.0, 'gamma_macro': 0.05, 'gamma_spatial': 0.1, 'hidden_dim': 64, 'weight_decay': 0.0001}",5,41952.62925125779,5254.227957494699,90947.97465312286,7770.300926910706,13.742548194590114,1.9021983853111963,1.6707027337164402,0.25668145715912066
SVR_CompositeKernel,"(1, 2, 3, 4, 5, 6, 12, 24)","{'gamma_lag': 1.0, 'gamma_local': 0.5, 'gamma_macro': 0.1, 'gamma_spatial': 0.5, 'hidden_dim': 64, 'weight_decay': 0.0}",5,47113.191543544504,5210.6559022832025,90949.99872515965,5723.0987733698375,15.478924818740115,1.8010328770328623,1.763028631879989,0.307755190970613
SVR_CompositeKernel,"(1, 2, 3, 4, 5, 6, 12)","{'gamma_lag': 0.1, 'gamma_local': 1.0, 'gamma_macro': 0.1, 'gamma_spatial': 0.5, 'hidden_dim': 64, 'weight_decay': 0.0001}",5,40994.54202451814,6058.430314958487,90963.08508568039,7230.086214922659,12.92123066449966,2.4972441994496215,1.6294746017641955,0.2576643842099408
SVR_CompositeKernel,"(1, 2, 12, 24)","{'gamma_lag': 1.0, 'gamma_local': 0.5, 'gamma_macro': 0.05, 'gamma_spatial': 0.1, 'hidden_dim': 64, 'weight_decay': 0.0001}",5,45911.706878454504,5693.757480823476,90964.7650799443,8041.02140064446,14.698986687796946,1.8074643402676625,1.718206820640166,0.31552198582229585
SVR_CompositeKernel,"(1, 12)","{'gamma_lag': 1.0, 'gamma_local': 0.5, 'gamma_macro': 0.2, 'gamma_spatial': 0.1, 'hidden_dim': 64, 'weight_decay': 0.0001}",5,39613.80099073483,3424.5103883140887,90965.28075412329,6396.089973848214,12.194995464883302,1.0476802750443037,1.5764540622886845,0.1837892117217715
SVR_CompositeKernel,"(1, 2, 3, 4, 5, 6, 12, 24)","{'gamma_lag': 0.1, 'gamma_local': 1.0, 'gamma_macro': 0.2, 'gamma_spatial': 0.1, 'hidden_dim': 64, 'weight_decay': 0.0}",5,41772.81496952948,2776.5654116000483,90967.29682687415,6899.5920603422155,13.238403945613928,0.8307271386647339,1.5583132990129662,0.1969140099631301
SVR_CompositeKernel,"(1, 12)","{'gamma_lag': 1.0, 'gamma_local': 0.5, 'gamma_macro': 0.2, 'gamma_spatial': 0.5, 'hidden_dim': 64, 'weight_decay': 0.0001}",5,40857.35692894345,4031.4749931633937,90973.33292604302,9733.307844298228,12.545515893347273,1.2077201619612492,1.6275404219033718,0.21901307866932263
SVR_CompositeKernel,"(1, 2, 12, 24)","{'gamma_lag': 1.0, 'gamma_local': 0.5, 'gamma_macro': 0.05, 'gamma_spatial': 0.1, 'hidden_dim': 64, 'weight_decay': 0.0}",5,45542.46736819728,5299.892787180778,90980.6392680078,4027.968175165902,14.442206778096477,1.6597024213729492,1.7039191003080092,0.30479622740807494
SVR_CompositeKernel,"(1, 2, 3, 12, 24)","{'gamma_lag': 1.0, 'gamma_local': 0.1, 'gamma_macro': 0.2, 'gamma_spatial': 0.1, 'hidden_dim': 64, 'weight_decay': 0.0}",5,44362.97653902708,9969.694401993247,90990.93276769498,8445.504092924524,14.831753651354983,3.617025480054899,1.663709101573979,0.4502655309146162
SVR_CompositeKernel,"(1, 2, 3, 4, 5, 6, 12, 24)","{'gamma_lag': 0.5, 'gamma_local': 0.5, 'gamma_macro': 0.1, 'gamma_spatial': 1.0, 'hidden_dim': 64, 'weight_decay': 0.0001}",5,44599.52411334326,6272.976129327259,90993.69408274392,8653.22384134932,14.132693619379094,2.1780065540690408,1.672529448265374,0.3420064965402688
SVR_CompositeKernel,"(1, 2, 12)","{'gamma_lag': 0.5, 'gamma_local': 1.0, 'gamma_macro': 0.1, 'gamma_spatial': 0.1, 'hidden_dim': 64, 'weight_decay': 0.0}",5,40922.37777334892,2471.7800300129825,90997.66192009137,5506.976667182802,12.480988691844725,0.8888433984487951,1.6259835563187803,0.13496329193539605
SVR_CompositeKernel,"(1, 2, 3, 12, 24)","{'gamma_lag': 0.5, 'gamma_local': 1.0, 'gamma_macro': 0.1, 'gamma_spatial': 0.5, 'hidden_dim': 64, 'weight_decay': 0.0001}",5,43107.64463001346,3738.5884154999094,91001.71267134105,6999.1348151616985,13.360686922469014,1.0759802376457432,1.6093466297883758,0.23112487356209435
SVR_CompositeKernel,"(1, 12, 24)","{'gamma_lag': 1.0, 'gamma_local': 0.5, 'gamma_macro': 0.1, 'gamma_spatial': 0.1, 'hidden_dim': 64, 'weight_decay': 0.0001}",5,43818.5489379606,4097.093361358749,91003.64339629005,4955.119562405065,13.786397777359053,1.306000247594638,1.6383767620050764,0.2621838027997131
SVR_CompositeKernel,"(1, 2, 3, 12)","{'gamma_lag': 1.0, 'gamma_local': 0.5, 'gamma_macro': 0.05, 'gamma_spatial': 0.1, 'hidden_dim': 64, 'weight_decay': 0.0}",5,44781.81917782738,6656.653952149981,91007.36162722469,6371.635538978487,14.188558126646232,2.5561363316780445,1.7791069910476291,0.27671772652016763
SVR_CompositeKernel,"(1, 2, 12)","{'gamma_lag': 1.0, 'gamma_local': 1.0, 'gamma_macro': 0.2, 'gamma_spatial': 0.1, 'hidden_dim': 128, 'weight_decay': 0.0001}",5,43242.324971655325,5079.991675088115,91021.48992005498,7164.797687647645,13.195638168195647,1.5764623971675722,1.7223994281936972,0.25503671475929246
SVR_CompositeKernel,"(1, 2, 3, 4, 5, 6, 12, 24)","{'gamma_lag': 1.0, 'gamma_local': 0.5, 'gamma_macro': 0.1, 'gamma_spatial': 0.5, 'hidden_dim': 64, 'weight_decay': 0.0001}",5,46338.91968803146,7066.3053431495,91026.12246491833,5599.7090544457615,15.168990203434344,2.4918337009562315,1.7368330759485993,0.36818052409591717
SVR_CompositeKernel,"(1, 12)","{'gamma_lag': 0.5, 'gamma_local': 0.5, 'gamma_macro': 0.2, 'gamma_spatial': 0.1, 'hidden_dim': 64, 'weight_decay': 0.0}",5,39140.49378631661,3465.558990696198,91057.0535954322,5982.694520511452,12.116803028629283,1.478110528927627,1.5568600008607345,0.17592087326222014
SVR_CompositeKernel,"(1, 2, 12)","{'gamma_lag': 1.0, 'gamma_local': 0.5, 'gamma_macro': 0.1, 'gamma_spatial': 0.5, 'hidden_dim': 64, 'weight_decay': 0.0001}",5,42098.233527760065,4332.317695618978,91060.3562115866,7906.462518145035,13.060269099068687,1.7159231335500713,1.6730868497523381,0.1950043301504941
SVR_CompositeKernel,"(1, 2, 12)","{'gamma_lag': 0.5, 'gamma_local': 0.5, 'gamma_macro': 0.05, 'gamma_spatial': 0.1, 'hidden_dim': 64, 'weight_decay': 0.0}",5,40987.15888295423,4029.625443646408,91063.94727448285,6582.159189321048,12.93141503590797,1.499175665904563,1.629746529253465,0.1938319032237368
SVR_CompositeKernel,"(1, 12)","{'gamma_lag': 1.0, 'gamma_local': 1.0, 'gamma_macro': 0.05, 'gamma_spatial': 0.1, 'hidden_dim': 64, 'weight_decay': 0.0}",5,42199.05687402566,2970.2294618305964,91068.2457485729,5632.823507207964,12.911588272550038,0.9336830452858099,1.6780820105874965,0.16675186091949548
SVR_CompositeKernel,"(1, 2, 3, 12)","{'gamma_lag': 1.0, 'gamma_local': 0.1, 'gamma_macro': 0.2, 'gamma_spatial': 0.1, 'hidden_dim': 64, 'weight_decay': 0.0}",5,42930.030180431546,8019.549341273682,91080.16056813873,9275.087896738401,14.113612940429274,3.1136501540197186,1.7048394577827615,0.3214252452699915
SVR_CompositeKernel,"(1, 2, 12)","{'gamma_lag': 1.0, 'gamma_local': 0.5, 'gamma_macro': 0.2, 'gamma_spatial': 0.5, 'hidden_dim': 64, 'weight_decay': 0.0001}",5,41877.99386249291,3330.8581449836083,91102.1401409483,6778.721424587772,12.894439006171087,0.9923420364390879,1.6649371804656934,0.16933345614666812
SVR_CompositeKernel,"(1, 2, 3, 4, 5, 6, 12)","{'gamma_lag': 1.0, 'gamma_local': 1.0, 'gamma_macro': 0.2, 'gamma_spatial': 1.0, 'hidden_dim': 128, 'weight_decay': 0.0001}",5,48855.68560577877,6079.914604331284,91107.90953125522,7153.890450616371,16.12861441534631,2.09858252213303,1.9429851380076393,0.2720113966998162
SVR_CompositeKernel,"(1, 2, 3, 4, 5, 6, 12)","{'gamma_lag': 0.5, 'gamma_local': 0.5, 'gamma_macro': 0.2, 'gamma_spatial': 1.0, 'hidden_dim': 64, 'weight_decay': 0.0}",5,45026.35459139386,5597.532854369112,91146.15101791397,8026.718649438,14.421029590669573,1.724876028074009,1.7919279745647025,0.26243277617964866
SVR_CompositeKernel,"(1, 2, 3, 4, 5, 6, 12)","{'gamma_lag': 1.0, 'gamma_local': 0.5, 'gamma_macro': 0.1, 'gamma_spatial': 1.0, 'hidden_dim': 64, 'weight_decay': 0.0}",5,47113.56783101261,7750.82838004062,91170.04738037192,9155.112565934958,15.569386110759632,2.558688643737771,1.8730168505499105,0.32718079574783476
SVR_CompositeKernel,"(1, 2, 12, 24)","{'gamma_lag': 0.5, 'gamma_local': 0.5, 'gamma_macro': 0.2, 'gamma_spatial': 0.1, 'hidden_dim': 64, 'weight_decay': 0.0}",5,41015.83984817885,4182.478621820935,91172.28134077764,7359.347669456914,12.634043275379987,1.2735452467224158,1.5329758378031815,0.24442420528590061
SVR_CompositeKernel,"(1, 2, 3, 12)","{'gamma_lag': 0.5, 'gamma_local': 0.5, 'gamma_macro': 0.1, 'gamma_spatial': 0.5, 'hidden_dim': 64, 'weight_decay': 0.0}",5,41001.38477581137,3852.220470997551,91174.0631883189,4866.924733552045,12.533031549972634,1.5327166546477027,1.6293140284822332,0.1776926573353684
SVR_CompositeKernel,"(1, 2, 3, 4, 5, 6, 12)","{'gamma_lag': 0.1, 'gamma_local': 1.0, 'gamma_macro': 0.1, 'gamma_spatial': 1.0, 'hidden_dim': 64, 'weight_decay': 0.0}",5,42080.21990150226,5726.8290181739485,91178.79665046305,4983.541299392982,13.300038076860329,2.5721210469141593,1.6723007566465633,0.24239281944299498
SVR_CompositeKernel,"(1, 2, 12, 24)","{'gamma_lag': 0.5, 'gamma_local': 1.0, 'gamma_macro': 0.2, 'gamma_spatial': 0.5, 'hidden_dim': 64, 'weight_decay': 0.0}",5,41400.45965224632,3334.6548206924936,91188.4557200869,6164.298619791285,12.761721760399471,0.8697655497247244,1.5466085249812405,0.22457924937315343
SVR_CompositeKernel,"(1, 2, 3, 4, 5, 6, 12, 24)","{'gamma_lag': 1.0, 'gamma_local': 0.5, 'gamma_macro': 0.1, 'gamma_spatial': 1.0, 'hidden_dim': 64, 'weight_decay': 0.0001}",5,47359.65428580286,7412.360705180939,91203.0785842644,8391.992014528463,15.587789008883238,2.5740071432787044,1.7745033681139204,0.3764426290746549
SVR_CompositeKernel,"(1, 2, 3, 4, 5, 6, 12, 24)","{'gamma_lag': 1.0, 'gamma_local': 0.1, 'gamma_macro': 0.1, 'gamma_spatial': 0.1, 'hidden_dim': 64, 'weight_decay': 0.0001}",5,46244.11329409368,8972.880445813431,91207.75976724364,7131.567499583729,15.912746974457718,3.3750414884260045,1.7300542810738122,0.40952208143320823
SVR_CompositeKernel,"(1, 2, 12)","{'gamma_lag': 1.0, 'gamma_local': 1.0, 'gamma_macro': 0.1, 'gamma_spatial': 1.0, 'hidden_dim': 64, 'weight_decay': 0.0}",5,42926.88927685657,3837.3700500463797,91211.68047153672,4565.650895279158,13.322395569546813,1.1968979296463849,1.7059138659440236,0.18272918055503484
SVR_CompositeKernel,"(1, 2, 12)","{'gamma_lag': 0.5, 'gamma_local': 0.1, 'gamma_macro': 0.2, 'gamma_spatial': 0.1, 'hidden_dim': 64, 'weight_decay': 0.0}",5,41894.79754774306,3777.490239311734,91224.2585518006,4720.193412366723,13.90543736605145,1.8676032583831117,1.6640466916573893,0.1668268897307438
SVR_CompositeKernel,"(1, 12)","{'gamma_lag': 0.5, 'gamma_local': 1.0, 'gamma_macro': 0.2, 'gamma_spatial': 0.1, 'hidden_dim': 64, 'weight_decay': 0.0}",5,40510.11773889243,3511.872621629241,91225.69095825948,5817.78542859041,12.446574658188805,1.2985861287171614,1.6111458139097092,0.17966121126553283
SVR_CompositeKernel,"(1, 2, 12, 24)","{'gamma_lag': 1.0, 'gamma_local': 1.0, 'gamma_macro': 0.2, 'gamma_spatial': 1.0, 'hidden_dim': 64, 'weight_decay': 0.0001}",5,45061.64333413053,3653.287631893567,91236.17273500653,3806.7851391503523,14.318283016623564,1.2200046428802926,1.6829008951613702,0.24339565286084666
SVR_CompositeKernel,"(1, 2, 12)","{'gamma_lag': 1.0, 'gamma_local': 0.5, 'gamma_macro': 0.2, 'gamma_spatial': 0.5, 'hidden_dim': 64, 'weight_decay': 0.0}",5,43690.85165506307,3757.04313458287,91247.28918338983,7768.047930590412,13.808273540510214,1.209495245853474,1.737390194797984,0.18931802512172857
SVR_CompositeKernel,"(1, 2, 3, 12)","{'gamma_lag': 1.0, 'gamma_local': 1.0, 'gamma_macro': 0.05, 'gamma_spatial': 0.5, 'hidden_dim': 64, 'weight_decay': 0.0}",5,43980.82288079294,4326.123668005591,91251.80747578118,6523.9923872817735,13.801813948327535,1.236273116224229,1.7489541824943395,0.208401058319318
SVR_CompositeKernel,"(1, 2, 3, 4, 5, 6, 12)","{'gamma_lag': 1.0, 'gamma_local': 0.5, 'gamma_macro': 0.05, 'gamma_spatial': 1.0, 'hidden_dim': 64, 'weight_decay': 0.0001}",5,46428.521996793505,7872.75876035109,91263.33956574206,9020.451734337621,14.96176084202665,2.4645340151212407,1.8449676476134915,0.3288279488202519
SVR_CompositeKernel,"(1, 2, 3, 4, 5, 6, 12, 24)","{'gamma_lag': 1.0, 'gamma_local': 0.5, 'gamma_macro': 0.05, 'gamma_spatial': 0.5, 'hidden_dim': 64, 'weight_decay': 0.0}",5,46704.616722913124,7106.1682480378,91276.15984948033,5384.734295303134,15.364249951216848,2.5493962933820185,1.7484719030606293,0.36027658886601416
SVR_CompositeKernel,"(1, 2, 3, 12)","{'gamma_lag': 0.1, 'gamma_local': 1.0, 'gamma_macro': 0.2, 'gamma_spatial': 0.1, 'hidden_dim': 64, 'weight_decay': 0.0}",5,38680.51132635346,2976.8298813901747,91276.4939084196,7028.264981402579,12.505630759621136,0.9558448315053837,1.5395079242384715,0.17209324713053445
SVR_CompositeKernel,"(1, 2, 3, 12)","{'gamma_lag': 1.0, 'gamma_local': 0.5, 'gamma_macro': 0.05, 'gamma_spatial': 0.1, 'hidden_dim': 64, 'weight_decay': 0.0001}",5,44964.61980406746,5962.109363881306,91286.46438439122,7636.707410299957,14.290873633420711,1.8183324743288083,1.7914216516818962,0.2881357513263853
SVR_CompositeKernel,"(1, 12)","{'gamma_lag': 1.0, 'gamma_local': 1.0, 'gamma_macro': 0.1, 'gamma_spatial': 0.5, 'hidden_dim': 64, 'weight_decay': 0.0}",5,42234.75123653628,2013.8010872266007,91289.67117823302,6578.445689475369,13.091924308219456,0.7109281981512123,1.6787292565812932,0.1310671532378256
SVR_CompositeKernel,"(1, 12)","{'gamma_lag': 1.0, 'gamma_local': 0.5, 'gamma_macro': 0.2, 'gamma_spatial': 1.0, 'hidden_dim': 64, 'weight_decay': 0.0001}",5,42283.56620916596,3498.468025579219,91293.62741406215,4319.707521714711,13.049434535465585,1.4360664861929815,1.6794033720186359,0.15875508443966407
SVR_CompositeKernel,"(1, 12, 24)","{'gamma_lag': 0.5, 'gamma_local': 1.0, 'gamma_macro': 0.05, 'gamma_spatial': 0.1, 'hidden_dim': 64, 'weight_decay': 0.0}",5,43275.67984516724,4213.598226285747,91301.1260786087,4692.45670028429,13.399190309527407,1.7261442640324158,1.6170788222574148,0.25320031725746056
SVR_CompositeKernel,"(1, 2, 3, 4, 5, 6, 12, 24)","{'gamma_lag': 0.5, 'gamma_local': 1.0, 'gamma_macro': 0.1, 'gamma_spatial': 1.0, 'hidden_dim': 64, 'weight_decay': 0.0001}",5,47028.3618073271,5474.846738823744,91316.12679042396,8953.910345617853,15.155492753069217,1.7549513854938663,1.7602166172422014,0.31272831552728075
SVR_CompositeKernel,"(1, 2, 3, 12)","{'gamma_lag': 0.1, 'gamma_local': 1.0, 'gamma_macro': 0.2, 'gamma_spatial': 1.0, 'hidden_dim': 64, 'weight_decay': 0.0}",5,42176.53541002339,5675.343674173658,91316.22993984396,6711.275660870618,13.718516225591193,2.441562343721365,1.6782172642627988,0.25600936398566554
SVR_CompositeKernel,"(1, 2, 12)","{'gamma_lag': 0.5, 'gamma_local': 1.0, 'gamma_macro': 0.2, 'gamma_spatial': 1.0, 'hidden_dim': 64, 'weight_decay': 0.0}",5,41287.92720468396,2990.69338695656,91322.66376130344,5334.769695603474,12.547798701216497,1.2153799164227426,1.641544397216359,0.15904612947221533
SVR_CompositeKernel,"(1, 2, 3, 4, 5, 6, 12, 24)","{'gamma_lag': 0.1, 'gamma_local': 1.0, 'gamma_macro': 0.2, 'gamma_spatial': 0.1, 'hidden_dim': 64, 'weight_decay': 0.0001}",5,42683.23874495111,3274.2832924663016,91325.34549042567,6159.363883643053,13.850944803798251,1.052319910494568,1.594680421296569,0.2298510641250083
SVR_CompositeKernel,"(1, 2, 12, 24)","{'gamma_lag': 0.5, 'gamma_local': 1.0, 'gamma_macro': 0.1, 'gamma_spatial': 0.5, 'hidden_dim': 64, 'weight_decay': 0.0001}",5,42336.10125912344,2760.0675549755465,91330.10098446466,6773.283079182718,13.084762310172943,1.0359495800048923,1.5772531492471273,0.17825254005384725
SVR_CompositeKernel,"(1, 2, 3, 12, 24)","{'gamma_lag': 1.0, 'gamma_local': 1.0, 'gamma_macro': 0.1, 'gamma_spatial': 1.0, 'hidden_dim': 64, 'weight_decay': 0.0}",5,45972.16470069799,4206.549534132665,91330.3071167137,5455.965968890046,14.700296140416137,1.284967133516323,1.7179244403258942,0.2639299472909013
SVR_CompositeKernel,"(1, 2, 3, 12, 24)","{'gamma_lag': 1.0, 'gamma_local': 0.5, 'gamma_macro': 0.05, 'gamma_spatial': 0.1, 'hidden_dim': 64, 'weight_decay': 0.0}",5,45120.433294359405,6096.014025273509,91353.83939508288,5703.1622197430725,14.281590572878702,1.9745458091448718,1.6898170336645102,0.3305866432998929
SVR_CompositeKernel,"(1, 2, 12)","{'gamma_lag': 1.0, 'gamma_local': 0.1, 'gamma_macro': 0.2, 'gamma_spatial': 0.1, 'hidden_dim': 64, 'weight_decay': 0.0001}",5,42592.83351713081,7031.818488243454,91359.10587592139,8217.91699330017,14.051151179836316,2.8649575778157597,1.6915661738487038,0.28383196132391136
SVR_CompositeKernel,"(1, 2, 12)","{'gamma_lag': 0.5, 'gamma_local': 1.0, 'gamma_macro': 0.2, 'gamma_spatial': 0.5, 'hidden_dim': 64, 'weight_decay': 0.0}",5,40792.04982816044,3053.1445027777204,91385.57983219749,6247.718888450649,12.338465908747569,0.9492911241627459,1.622680485131525,0.1708422873291207
SVR_CompositeKernel,"(1, 2, 12)","{'gamma_lag': 0.5, 'gamma_local': 1.0, 'gamma_macro': 0.05, 'gamma_spatial': 0.1, 'hidden_dim': 64, 'weight_decay': 0.0001}",5,42758.31937889739,4918.753158806162,91420.36122198647,6165.782424609156,13.520137987928257,2.0529029164524646,1.6990208063664973,0.2178945081952559
SVR_CompositeKernel,"(1, 2, 3, 4, 5, 6, 12)","{'gamma_lag': 0.5, 'gamma_local': 0.5, 'gamma_macro': 0.1, 'gamma_spatial': 0.5, 'hidden_dim': 64, 'weight_decay': 0.0001}",5,43409.49164275084,6153.971597429628,91423.22632769597,8353.704375840023,13.676777110609075,1.8706494396581066,1.7284312397121802,0.2853898185721635
SVR_CompositeKernel,"(1, 2, 3, 12)","{'gamma_lag': 1.0, 'gamma_local': 0.1, 'gamma_macro': 0.2, 'gamma_spatial': 0.1, 'hidden_dim': 64, 'weight_decay': 0.0001}",5,42920.446416170635,8679.563371791179,91425.63862408006,7290.688485913329,14.20727898834192,3.542668235118116,1.7031264254345473,0.34081037475175185
SVR_CompositeKernel,"(1, 2, 3, 4, 5, 6, 12)","{'gamma_lag': 1.0, 'gamma_local': 0.1, 'gamma_macro': 0.1, 'gamma_spatial': 0.1, 'hidden_dim': 64, 'weight_decay': 0.0001}",5,44398.01968847435,8717.098719024141,91440.51444261151,7079.820421662715,14.893369081508762,3.2686266273859523,1.7640553257426792,0.353109905838839
SVR_CompositeKernel,"(1, 2, 3, 4, 5, 6, 12, 24)","{'gamma_lag': 0.5, 'gamma_local': 1.0, 'gamma_macro': 0.05, 'gamma_spatial': 1.0, 'hidden_dim': 64, 'weight_decay': 0.0}",5,45745.81363600127,5953.055708880885,91446.97246100633,9184.822240030664,14.487916060023775,1.6801467128615415,1.714763679238804,0.33568619011595807
SVR_CompositeKernel,"(1, 2, 3, 12, 24)","{'gamma_lag': 1.0, 'gamma_local': 1.0, 'gamma_macro': 0.2, 'gamma_spatial': 0.1, 'hidden_dim': 128, 'weight_decay': 0.0001}",5,47525.04898224915,3273.2875215784284,91471.81057167161,6018.141768842487,15.142253056446105,1.057163662457028,1.7733150125104729,0.2293756792874309
SVR_CompositeKernel,"(1, 12, 24)","{'gamma_lag': 1.0, 'gamma_local': 1.0, 'gamma_macro': 0.2, 'gamma_spatial': 1.0, 'hidden_dim': 64, 'weight_decay': 0.0001}",5,43804.31248361324,2839.0813129962926,91479.1189517416,5855.921965923838,13.803888251122652,1.0091349141585368,1.6326364585467998,0.19044817522614685
SVR_CompositeKernel,"(1, 12)","{'gamma_lag': 1.0, 'gamma_local': 1.0, 'gamma_macro': 0.2, 'gamma_spatial': 0.5, 'hidden_dim': 64, 'weight_decay': 0.0001}",5,41722.702132050734,2512.385353337296,91509.58473426788,5044.951013097481,12.678371181685401,0.952714766162931,1.657704421208182,0.13364350293593583
SVR_CompositeKernel,"(1, 2, 3, 12)","{'gamma_lag': 0.5, 'gamma_local': 0.5, 'gamma_macro': 0.1, 'gamma_spatial': 0.5, 'hidden_dim': 64, 'weight_decay': 0.0001}",5,41722.500428713145,4961.207867478888,91527.52470327292,6777.435438622795,12.778328762688616,1.553806426946277,1.6591315681234586,0.22615535517178503
SVR_CompositeKernel,"(1, 2, 12, 24)","{'gamma_lag': 1.0, 'gamma_local': 1.0, 'gamma_macro': 0.1, 'gamma_spatial': 0.5, 'hidden_dim': 64, 'weight_decay': 0.0}",5,44410.90074936225,4194.906621749168,91537.95763935488,8054.023347551318,13.866900084540754,1.2903900947823463,1.660326309611822,0.260513349751125
SVR_CompositeKernel,"(1, 2, 12)","{'gamma_lag': 1.0, 'gamma_local': 1.0, 'gamma_macro': 0.1, 'gamma_spatial': 0.5, 'hidden_dim': 64, 'weight_decay': 0.0}",5,43674.618071056546,3593.0653332385286,91543.47439933696,4621.194875868728,13.635252974450015,1.1028309440156607,1.7358191545536557,0.17724938143662522
SVR_CompositeKernel,"(1, 2, 3, 12)","{'gamma_lag': 0.1, 'gamma_local': 1.0, 'gamma_macro': 0.2, 'gamma_spatial': 1.0, 'hidden_dim': 64, 'weight_decay': 0.0001}",5,42083.40883379393,4584.5981396043735,91554.3598297942,7720.825968766611,13.533884815601473,2.052384250204032,1.6743887373115718,0.21995963583864794
SVR_CompositeKernel,"(1, 2, 12, 24)","{'gamma_lag': 1.0, 'gamma_local': 0.5, 'gamma_macro': 0.1, 'gamma_spatial': 0.1, 'hidden_dim': 64, 'weight_decay': 0.0}",5,44645.780429776074,4090.7111072348434,91557.93861088416,5461.626113006304,14.26153469519409,1.449298015776729,1.666290276988287,0.2424444745838662
SVR_CompositeKernel,"(1, 12, 24)","{'gamma_lag': 1.0, 'gamma_local': 1.0, 'gamma_macro': 0.1, 'gamma_spatial': 0.5, 'hidden_dim': 64, 'weight_decay': 0.0001}",5,44738.872579187926,2472.6555430195417,91568.48015046101,5429.207017649557,14.001272522519338,0.7927248007107762,1.6692942372244413,0.2071731062785655
SVR_CompositeKernel,"(1, 2, 12, 24)","{'gamma_lag': 0.5, 'gamma_local': 1.0, 'gamma_macro': 0.05, 'gamma_spatial': 0.1, 'hidden_dim': 64, 'weight_decay': 0.0001}",5,42807.992841198975,4237.63487138768,91576.6748427924,7130.772135592786,13.181290915459892,1.2743207747806946,1.601693563834025,0.26902683404630323
SVR_CompositeKernel,"(1, 12)","{'gamma_lag': 1.0, 'gamma_local': 1.0, 'gamma_macro': 0.1, 'gamma_spatial': 0.1, 'hidden_dim': 64, 'weight_decay': 0.0}",5,42467.12938190901,2697.7045635537324,91577.33435631328,5880.900824994854,13.112205180587736,0.8625940470342425,1.6896048836319046,0.16800754979812052
SVR_CompositeKernel,"(1, 2, 12, 24)","{'gamma_lag': 1.0, 'gamma_local': 1.0, 'gamma_macro': 0.1, 'gamma_spatial': 0.1, 'hidden_dim': 128, 'weight_decay': 0.0}",5,47878.70379464286,5568.383738546866,91599.513085685,6909.227778791316,15.063712358499876,1.842780601498229,1.7871888943248728,0.29381981908533855
SVR_CompositeKernel,"(1, 2, 3, 4, 5, 6, 12, 24)","{'gamma_lag': 0.1, 'gamma_local': 1.0, 'gamma_macro': 0.1, 'gamma_spatial': 0.1, 'hidden_dim': 64, 'weight_decay': 0.0}",5,42188.93381696429,4801.744614775723,91603.28117302294,8727.769039494264,13.566568702349509,1.2786672346558756,1.5785799215847862,0.28155235817153634
SVR_CompositeKernel,"(1, 2, 3, 4, 5, 6, 12, 24)","{'gamma_lag': 1.0, 'gamma_local': 0.5, 'gamma_macro': 0.2, 'gamma_spatial': 1.0, 'hidden_dim': 64, 'weight_decay': 0.0001}",5,47820.026876948694,5864.274569396566,91606.39191866085,6447.47476532531,15.845020070365441,1.9767173228401864,1.7896552705453683,0.32895030091020633
SVR_CompositeKernel,"(1, 2, 12)","{'gamma_lag': 0.5, 'gamma_local': 0.5, 'gamma_macro': 0.1, 'gamma_spatial': 0.1, 'hidden_dim': 64, 'weight_decay': 0.0}",5,41054.05334112812,3478.966823610889,91637.8656846108,6735.866999621361,12.720945290972683,1.3661377006503332,1.631264058631157,0.16274213594215306
SVR_CompositeKernel,"(1, 2, 3, 12, 24)","{'gamma_lag': 0.5, 'gamma_local': 1.0, 'gamma_macro': 0.2, 'gamma_spatial': 1.0, 'hidden_dim': 64, 'weight_decay': 0.0001}",5,43163.57997493268,4360.6889114073065,91639.88368884541,4610.141331312404,13.213432475535182,1.2987961143289446,1.6148185848485497,0.2707461607508744
SVR_CompositeKernel,"(1, 2, 3, 4, 5, 6, 12)","{'gamma_lag': 1.0, 'gamma_local': 0.1, 'gamma_macro': 0.2, 'gamma_spatial': 0.1, 'hidden_dim': 64, 'weight_decay': 0.0}",5,46347.35893344317,9016.795001264902,91645.75815913723,7201.682046758542,15.917576209208747,3.3339568472410446,1.8390869659076408,0.3556033951196089
SVR_CompositeKernel,"(1, 2, 12, 24)","{'gamma_lag': 0.5, 'gamma_local': 1.0, 'gamma_macro': 0.2, 'gamma_spatial': 1.0, 'hidden_dim': 64, 'weight_decay': 0.0001}",5,42311.225259973784,2312.0584611368986,91651.13862736803,3045.3337791008375,12.875616848612847,0.8291302749451023,1.5783441149982518,0.19306475573853668
SVR_CompositeKernel,"(1, 2, 12)","{'gamma_lag': 0.5, 'gamma_local': 0.5, 'gamma_macro': 0.1, 'gamma_spatial': 0.1, 'hidden_dim': 64, 'weight_decay': 0.0001}",5,40748.604568806695,5801.360317014647,91655.94429673083,9277.206530469868,12.567845226355285,1.9820317301776686,1.6234914983549895,0.27353957491868564
SVR_CompositeKernel,"(1, 2, 3, 12, 24)","{'gamma_lag': 1.0, 'gamma_local': 1.0, 'gamma_macro': 0.1, 'gamma_spatial': 0.5, 'hidden_dim': 64, 'weight_decay': 0.0001}",5,46642.508601721944,3543.580048746941,91674.70134709078,5393.3746335940505,14.972136412735585,1.0932931346999093,1.7423338027899884,0.2470812762421786
SVR_CompositeKernel,"(1, 2, 3, 4, 5, 6, 12)","{'gamma_lag': 1.0, 'gamma_local': 0.1, 'gamma_macro': 0.2, 'gamma_spatial': 1.0, 'hidden_dim': 64, 'weight_decay': 0.0}",5,47536.09061127055,12763.66643226542,91681.36631003553,13005.948986550611,15.936185259247448,4.66646127503763,1.8842626602888384,0.49174451561557714
SVR_CompositeKernel,"(1, 2, 3, 12)","{'gamma_lag': 0.5, 'gamma_local': 0.5, 'gamma_macro': 0.1, 'gamma_spatial': 0.1, 'hidden_dim': 64, 'weight_decay': 0.0001}",5,41794.787744029905,4124.793261590861,91689.67078371151,4645.82006319346,12.906842527928854,1.2719969845303416,1.6626630187311033,0.20583116735785895
SVR_CompositeKernel,"(1, 12, 24)","{'gamma_lag': 0.5, 'gamma_local': 0.5, 'gamma_macro': 0.2, 'gamma_spatial': 0.5, 'hidden_dim': 64, 'weight_decay': 0.0001}",5,40074.332712850766,2062.3323105170302,91699.14372644541,7543.491089750523,12.112063200893848,0.6353139511574247,1.4925935134198196,0.1553029663004972
SVR_CompositeKernel,"(1, 2, 3, 12, 24)","{'gamma_lag': 1.0, 'gamma_local': 0.5, 'gamma_macro': 0.2, 'gamma_spatial': 1.0, 'hidden_dim': 64, 'weight_decay': 0.0}",5,45169.90231540533,4349.285467176363,91726.53300924934,5518.499248767861,14.507848821700444,1.480324431369671,1.6884138784451967,0.2670935985051192
SVR_CompositeKernel,"(1, 2, 3, 12)","{'gamma_lag': 0.5, 'gamma_local': 1.0, 'gamma_macro': 0.1, 'gamma_spatial': 0.5, 'hidden_dim': 64, 'weight_decay': 0.0}",5,42028.668389048325,2813.9822360519133,91727.06090898691,6509.198286156681,12.997916759624838,0.9659012308206429,1.6717569554750014,0.1645084396428404
SVR_CompositeKernel,"(1, 2, 3, 4, 5, 6, 12)","{'gamma_lag': 0.1, 'gamma_local': 1.0, 'gamma_macro': 0.2, 'gamma_spatial': 0.5, 'hidden_dim': 64, 'weight_decay': 0.0001}",5,41673.59784447633,4041.8831493088255,91733.39349055881,6023.800605612223,13.14488618001478,1.6011770314369704,1.6570746708245043,0.19539857527259744
SVR_CompositeKernel,"(1, 2, 3, 12)","{'gamma_lag': 0.5, 'gamma_local': 0.5, 'gamma_macro': 0.2, 'gamma_spatial': 1.0, 'hidden_dim': 64, 'weight_decay': 0.0001}",5,42712.44163965065,3624.14721594332,91733.48069136155,4111.297060684632,13.12875745114548,1.348200404512041,1.6982183605856414,0.18171772041565767
SVR_CompositeKernel,"(1, 2, 3, 12, 24)","{'gamma_lag': 0.5, 'gamma_local': 1.0, 'gamma_macro': 0.2, 'gamma_spatial': 1.0, 'hidden_dim': 64, 'weight_decay': 0.0}",5,42570.65729963861,3638.271673363686,91754.90859572309,7461.944687355631,13.081772382940542,1.1688255681878807,1.589820982834119,0.22907677500244414
SVR_CompositeKernel,"(1, 2, 12, 24)","{'gamma_lag': 1.0, 'gamma_local': 0.5, 'gamma_macro': 0.2, 'gamma_spatial': 1.0, 'hidden_dim': 64, 'weight_decay': 0.0001}",5,44966.744702203796,4153.3816331837,91781.42998773875,6332.066929319516,14.29596787997917,1.557644412038983,1.6794612186615374,0.2532203335222907
SVR_CompositeKernel,"(1, 2, 3, 4, 5, 6, 12, 24)","{'gamma_lag': 0.5, 'gamma_local': 1.0, 'gamma_macro': 0.1, 'gamma_spatial': 0.5, 'hidden_dim': 64, 'weight_decay': 0.0001}",5,44847.598270089286,4200.886442597944,91783.99077669537,6572.880036027102,14.22263455530889,1.457485401973988,1.675846571998123,0.25715489642390127
SVR_CompositeKernel,"(1, 2, 3, 4, 5, 6, 12, 24)","{'gamma_lag': 0.1, 'gamma_local': 1.0, 'gamma_macro': 0.1, 'gamma_spatial': 0.1, 'hidden_dim': 64, 'weight_decay': 0.0001}",5,43285.53907224348,4041.1026102676838,91790.17478848426,7306.123216185897,14.164819209097985,1.1802257933731284,1.6185715947480677,0.25785818659626886
SVR_CompositeKernel,"(1, 2, 3, 12, 24)","{'gamma_lag': 1.0, 'gamma_local': 1.0, 'gamma_macro': 0.2, 'gamma_spatial': 1.0, 'hidden_dim': 64, 'weight_decay': 0.0001}",5,46000.50814909297,5198.813583656295,91792.27271363455,6123.887341689314,14.691590971911609,2.0814843133414005,1.720527375448571,0.2966490826854907
SVR_CompositeKernel,"(1, 2, 3, 4, 5, 6, 12, 24)","{'gamma_lag': 0.5, 'gamma_local': 0.5, 'gamma_macro': 0.05, 'gamma_spatial': 0.1, 'hidden_dim': 64, 'weight_decay': 0.0}",5,44871.83954524518,5667.3053798020355,91812.82486532701,4342.7631896660705,14.272859702083153,1.8797525399978763,1.6801418873697294,0.3171670344897833
SVR_CompositeKernel,"(1, 2, 3, 12)","{'gamma_lag': 1.0, 'gamma_local': 0.5, 'gamma_macro': 0.2, 'gamma_spatial': 1.0, 'hidden_dim': 64, 'weight_decay': 0.0001}",5,44805.71538097009,4329.911682593911,91815.11996987488,6095.900063942831,14.1505659809865,1.4206941421393282,1.779709355515347,0.19101288174873796
SVR_CompositeKernel,"(1, 12)","{'gamma_lag': 1.0, 'gamma_local': 0.5, 'gamma_macro': 0.2, 'gamma_spatial': 1.0, 'hidden_dim': 64, 'weight_decay': 0.0}",5,41360.75725003543,3983.2256959904653,91818.68926412,7392.381144123512,12.478894560014954,1.5646073189247984,1.6451246486382842,0.1946753127464089
SVR_CompositeKernel,"(1, 12)","{'gamma_lag': 0.5, 'gamma_local': 1.0, 'gamma_macro': 0.2, 'gamma_spatial': 1.0, 'hidden_dim': 64, 'weight_decay': 0.0001}",5,40653.75133308532,4773.674469641845,91824.51658454398,8299.272286723655,12.25005531941458,1.6703200515844447,1.6149429984328674,0.20112507096080917
SVR_CompositeKernel,"(1, 2, 3, 4, 5, 6, 12, 24)","{'gamma_lag': 1.0, 'gamma_local': 1.0, 'gamma_macro': 0.05, 'gamma_spatial': 0.5, 'hidden_dim': 64, 'weight_decay': 0.0001}",5,48052.12167924461,5985.592309668327,91825.0896202393,6730.910042419981,15.690919538641282,1.890904517677728,1.8003343768372282,0.34322870123238486
SVR_CompositeKernel,"(1, 2, 3, 12, 24)","{'gamma_lag': 0.5, 'gamma_local': 0.5, 'gamma_macro': 0.1, 'gamma_spatial': 0.1, 'hidden_dim': 64, 'weight_decay': 0.0}",5,44691.851972611956,3237.162184761627,91831.67278878014,5472.694562317586,14.2280172112492,1.135533524111032,1.6644323822185558,0.19216813322033574
SVR_CompositeKernel,"(1, 2, 3, 4, 5, 6, 12, 24)","{'gamma_lag': 0.5, 'gamma_local': 1.0, 'gamma_macro': 0.2, 'gamma_spatial': 1.0, 'hidden_dim': 64, 'weight_decay': 0.0}",5,45314.175012400796,3350.9606641479777,91849.02879848579,5793.763402001477,14.382734633122322,0.8113747258615498,1.6919918141796537,0.23465277088056682
SVR_CompositeKernel,"(1, 2, 12, 24)","{'gamma_lag': 1.0, 'gamma_local': 1.0, 'gamma_macro': 0.1, 'gamma_spatial': 1.0, 'hidden_dim': 64, 'weight_decay': 0.0001}",5,45433.953043509064,4969.325584674951,91850.26057991294,4943.653709572433,14.544101679175634,1.7650537261015369,1.6954673802015772,0.26547726866278026
SVR_CompositeKernel,"(1, 12, 24)","{'gamma_lag': 1.0, 'gamma_local': 1.0, 'gamma_macro': 0.2, 'gamma_spatial': 1.0, 'hidden_dim': 64, 'weight_decay': 0.0}",5,42697.37210751488,2823.353879277,91871.10146224969,6285.466298120307,12.960921931630054,0.7993238072420289,1.5933773539293945,0.20722694870820813
SVR_CompositeKernel,"(1, 2, 3, 4, 5, 6, 12, 24)","{'gamma_lag': 0.5, 'gamma_local': 0.5, 'gamma_macro': 0.2, 'gamma_spatial': 1.0, 'hidden_dim': 64, 'weight_decay': 0.0}",5,46323.93663105868,6170.425752679143,91889.8231669599,8818.46469106611,14.821209553613182,2.001648855217673,1.7358793944751518,0.33589081956049627
SVR_CompositeKernel,"(1, 2, 3, 4, 5, 6, 12)","{'gamma_lag': 1.0, 'gamma_local': 1.0, 'gamma_macro': 0.05, 'gamma_spatial': 1.0, 'hidden_dim': 64, 'weight_decay': 0.0001}",5,47464.19663982781,6269.239222640298,91904.48477756744,6574.8924075671175,15.371713317686659,1.9502038546125988,1.8898286956404615,0.2974669344362761
SVR_CompositeKernel,"(1, 12)","{'gamma_lag': 1.0, 'gamma_local': 0.5, 'gamma_macro': 0.05, 'gamma_spatial': 0.1, 'hidden_dim': 64, 'weight_decay': 0.0001}",5,41545.351516882794,4727.642414091343,91927.15671488046,8660.973749126932,12.744910614849099,1.5643541229265827,1.6530659789783448,0.2277279617510083
SVR_CompositeKernel,"(1, 2, 12)","{'gamma_lag': 1.0, 'gamma_local': 0.5, 'gamma_macro': 0.1, 'gamma_spatial': 1.0, 'hidden_dim': 64, 'weight_decay': 0.0001}",5,42903.175793207905,3552.9762684804814,91930.38087960015,5600.211743646427,13.185097104737675,1.2761371329289084,1.7046669107623225,0.1670517460517852
SVR_CompositeKernel,"(1, 2, 3, 4, 5, 6, 12, 24)","{'gamma_lag': 0.5, 'gamma_local': 0.1, 'gamma_macro': 0.2, 'gamma_spatial': 0.1, 'hidden_dim': 64, 'weight_decay': 0.0001}",5,44136.103022250565,10268.834590461533,91942.6311213359,10424.453532883803,14.437104820076584,3.545265932980044,1.6582188489056957,0.4693045399132318
SVR_CompositeKernel,"(1, 2, 3, 12, 24)","{'gamma_lag': 0.5, 'gamma_local': 1.0, 'gamma_macro': 0.2, 'gamma_spatial': 0.5, 'hidden_dim': 64, 'weight_decay': 0.0}",5,43281.664440724206,1950.0839068192543,91950.52695099081,6337.5115058913625,13.494523188818135,0.26589163460480236,1.6131144177444832,0.1778702829699434
SVR_CompositeKernel,"(1, 2, 12)","{'gamma_lag': 0.5, 'gamma_local': 1.0, 'gamma_macro': 0.1, 'gamma_spatial': 1.0, 'hidden_dim': 64, 'weight_decay': 0.0}",5,42098.6221557894,2563.579507686161,91978.32946868842,6848.401929569355,12.598074397732358,0.9294235031212345,1.6743098295137504,0.15643408730015387
SVR_CompositeKernel,"(1, 2, 3, 4, 5, 6, 12)","{'gamma_lag': 0.1, 'gamma_local': 1.0, 'gamma_macro': 0.2, 'gamma_spatial': 0.5, 'hidden_dim': 64, 'weight_decay': 0.0}",5,40604.0037933142,2484.811429478153,92001.9322142767,6588.952903258017,12.611511709312946,1.0124934964497885,1.6139792367752073,0.14088571975803907
SVR_CompositeKernel,"(1, 2, 3, 4, 5, 6, 12)","{'gamma_lag': 1.0, 'gamma_local': 1.0, 'gamma_macro': 0.2, 'gamma_spatial': 1.0, 'hidden_dim': 128, 'weight_decay': 0.0}",5,49425.80437349419,7148.9885220396745,92011.36061939906,7209.938974550054,16.24760095566797,2.299937871721702,1.9649785466830607,0.31020266083607034
SVR_CompositeKernel,"(1, 2, 12, 24)","{'gamma_lag': 1.0, 'gamma_local': 1.0, 'gamma_macro': 0.2, 'gamma_spatial': 0.5, 'hidden_dim': 64, 'weight_decay': 0.0001}",5,44691.57263986323,2995.021428439905,92011.69581545376,6199.335323437487,14.208579754134883,0.8514442143105615,1.6678163503214836,0.21677239340791948
SVR_CompositeKernel,"(1, 2, 3, 4, 5, 6, 12)","{'gamma_lag': 1.0, 'gamma_local': 0.5, 'gamma_macro': 0.05, 'gamma_spatial': 0.5, 'hidden_dim': 64, 'weight_decay': 0.0001}",5,46633.592639243194,6190.825404224238,92024.1370983602,6339.0193604210635,15.138986507126077,2.156386680838796,1.8536687914781258,0.2677017442841933
SVR_CompositeKernel,"(1, 2, 3, 4, 5, 6, 12, 24)","{'gamma_lag': 1.0, 'gamma_local': 1.0, 'gamma_macro': 0.1, 'gamma_spatial': 1.0, 'hidden_dim': 64, 'weight_decay': 0.0001}",5,48610.64522569445,7852.4585593860775,92033.11279061579,8053.485461257428,16.015120340524657,2.642771988746766,1.822629885381744,0.39864355118649164
SVR_CompositeKernel,"(1, 2, 3, 4, 5, 6, 12, 24)","{'gamma_lag': 1.0, 'gamma_local': 0.5, 'gamma_macro': 0.2, 'gamma_spatial': 0.1, 'hidden_dim': 128, 'weight_decay': 0.0}",5,48183.625705516584,8423.156549052603,92037.59277461337,7526.2434735544775,15.557025404137008,2.818863869618198,1.8055642388019748,0.41049396803912064
SVR_CompositeKernel,"(1, 12)","{'gamma_lag': 0.5, 'gamma_local': 0.5, 'gamma_macro': 0.2, 'gamma_spatial': 0.1, 'hidden_dim': 64, 'weight_decay': 0.0001}",5,39908.153609516725,4326.617470323241,92043.05488652457,8530.865574650534,12.510819316412126,1.3132589339818397,1.589299851909812,0.22109918270038056
SVR_CompositeKernel,"(1, 2, 3, 4, 5, 6, 12)","{'gamma_lag': 0.5, 'gamma_local': 0.5, 'gamma_macro': 0.2, 'gamma_spatial': 0.5, 'hidden_dim': 64, 'weight_decay': 0.0}",5,44374.16531675171,4072.852466482143,92048.4033161427,5646.156237614825,13.966474505846282,1.346969171213519,1.7640720146940516,0.1965675845546669
SVR_CompositeKernel,"(1, 2, 3, 4, 5, 6, 12, 24)","{'gamma_lag': 0.1, 'gamma_local': 0.5, 'gamma_macro': 0.2, 'gamma_spatial': 0.1, 'hidden_dim': 64, 'weight_decay': 0.0001}",5,42797.96629375708,4306.480199636428,92071.9187913079,9641.269995097533,13.761545014145176,1.4056934662030243,1.5994477767531432,0.2526756544038457
SVR_CompositeKernel,"(1, 2, 3, 4, 5, 6, 12, 24)","{'gamma_lag': 0.5, 'gamma_local': 0.5, 'gamma_macro': 0.1, 'gamma_spatial': 0.1, 'hidden_dim': 64, 'weight_decay': 0.0001}",5,46516.75160634566,6608.025589961816,92085.02256099347,7873.488827670392,14.894592138326317,2.032713858926242,1.7431943654407553,0.3526430054824526
SVR_CompositeKernel,"(1, 2, 3, 4, 5, 6, 12)","{'gamma_lag': 1.0, 'gamma_local': 1.0, 'gamma_macro': 0.05, 'gamma_spatial': 0.5, 'hidden_dim': 64, 'weight_decay': 0.0001}",5,47055.68297858206,5049.448501221817,92091.41513186143,4148.143787040872,15.190276438410418,1.611439536639849,1.8711482635954237,0.23725214735619754
SVR_CompositeKernel,"(1, 12)","{'gamma_lag': 1.0, 'gamma_local': 1.0, 'gamma_macro': 0.2, 'gamma_spatial': 0.5, 'hidden_dim': 64, 'weight_decay': 0.0}",5,41104.72807229663,2068.9336063744513,92110.03324444106,3928.545242537627,12.294908469333972,0.7958536481810708,1.6329545189496746,0.12020351048129216
SVR_CompositeKernel,"(1, 2, 3, 12, 24)","{'gamma_lag': 0.5, 'gamma_local': 0.5, 'gamma_macro': 0.2, 'gamma_spatial': 0.1, 'hidden_dim': 64, 'weight_decay': 0.0}",5,42489.90119446216,4396.527197257992,92136.61437502848,7437.98922325138,13.279516310589111,1.3892675005409376,1.5895033742796703,0.26593526117170585
SVR_CompositeKernel,"(1, 2, 3, 12, 24)","{'gamma_lag': 1.0, 'gamma_local': 0.5, 'gamma_macro': 0.1, 'gamma_spatial': 0.5, 'hidden_dim': 64, 'weight_decay': 0.0001}",5,45491.7844299178,7057.313696703688,92155.23440629058,6325.089666111094,14.428146394276428,2.612807472425155,1.7015922301512816,0.3467531217561326
SVR_CompositeKernel,"(1, 2, 12)","{'gamma_lag': 1.0, 'gamma_local': 0.5, 'gamma_macro': 0.05, 'gamma_spatial': 0.1, 'hidden_dim': 64, 'weight_decay': 0.0001}",5,43793.42986509708,4978.563794093733,92156.25747984968,5880.352300622044,13.943825005945879,2.0207363793764204,1.7400548111404242,0.2180208822039963
SVR_CompositeKernel,"(1, 12)","{'gamma_lag': 0.5, 'gamma_local': 1.0, 'gamma_macro': 0.2, 'gamma_spatial': 0.5, 'hidden_dim': 64, 'weight_decay': 0.0}",5,40427.75892812854,3059.810529083152,92184.67279279552,8063.235111699257,12.30338626900226,1.0429485395441873,1.6086225846269067,0.17331728078328412
SVR_CompositeKernel,"(1, 2, 3, 4, 5, 6, 12)","{'gamma_lag': 1.0, 'gamma_local': 0.1, 'gamma_macro': 0.1, 'gamma_spatial': 0.5, 'hidden_dim': 64, 'weight_decay': 0.0}",5,45562.17917641015,8326.805523120358,92190.19319850899,6676.42594150285,15.22471423347227,3.1106128141669815,1.8079539221177208,0.3273135616391348
SVR_CompositeKernel,"(1, 12)","{'gamma_lag': 1.0, 'gamma_local': 1.0, 'gamma_macro': 0.1, 'gamma_spatial': 0.5, 'hidden_dim': 64, 'weight_decay': 0.0001}",5,42218.26569630457,3236.864668217277,92192.24251975748,8124.196481082048,13.016075450817368,0.9356154462029236,1.6777287337125533,0.1593540827673218
SVR_CompositeKernel,"(1, 2, 12, 24)","{'gamma_lag': 1.0, 'gamma_local': 1.0, 'gamma_macro': 0.2, 'gamma_spatial': 0.5, 'hidden_dim': 64, 'weight_decay': 0.0}",5,44398.410028698985,3850.661367646141,92204.68375970135,6472.809392938139,13.944376796183624,1.2095449270508216,1.6575004986722732,0.23768695384678634
SVR_CompositeKernel,"(1, 2, 3, 4, 5, 6, 12)","{'gamma_lag': 1.0, 'gamma_local': 0.5, 'gamma_macro': 0.1, 'gamma_spatial': 0.5, 'hidden_dim': 64, 'weight_decay': 0.0}",5,45861.4826202877,5707.700533171019,92209.69311542486,4414.162197215812,14.967336226539103,2.157369096019989,1.8214664724741987,0.24061677504497964
SVR_CompositeKernel,"(1, 2, 3, 12)","{'gamma_lag': 0.1, 'gamma_local': 0.5, 'gamma_macro': 0.2, 'gamma_spatial': 1.0, 'hidden_dim': 64, 'weight_decay': 0.0}",5,43013.953637418505,7504.083175020706,92259.38962822247,8230.072418593614,14.113084053488596,3.5009370458015248,1.7095559414680062,0.30856409468795304
SVR_CompositeKernel,"(1, 2, 3, 12)","{'gamma_lag': 1.0, 'gamma_local': 1.0, 'gamma_macro': 0.1, 'gamma_spatial': 1.0, 'hidden_dim': 64, 'weight_decay': 0.0001}",5,44861.709800170065,3849.7502826854075,92260.07308938762,5962.829372428714,14.092034325298908,1.2018972567788053,1.7826946789549996,0.18197431779899745
SVR_CompositeKernel,"(1, 2, 3, 4, 5, 6, 12)","{'gamma_lag': 0.5, 'gamma_local': 1.0, 'gamma_macro': 0.05, 'gamma_spatial': 1.0, 'hidden_dim': 64, 'weight_decay': 0.0001}",5,44433.70424860048,5207.443177712655,92296.14102275227,5932.706157888746,13.871913588806052,1.7336070248558326,1.7677919554264125,0.24570203250515776
SVR_CompositeKernel,"(1, 2, 3, 12, 24)","{'gamma_lag': 1.0, 'gamma_local': 0.5, 'gamma_macro': 0.2, 'gamma_spatial': 1.0, 'hidden_dim': 64, 'weight_decay': 0.0001}",5,45836.354711858694,4690.308469448645,92305.50583039768,5831.360515079091,14.69882813911369,1.7031483059293318,1.7137254191271296,0.27989294600567954
SVR_CompositeKernel,"(1, 2, 3, 12)","{'gamma_lag': 0.5, 'gamma_local': 0.5, 'gamma_macro': 0.2, 'gamma_spatial': 0.5, 'hidden_dim': 64, 'weight_decay': 0.0001}",5,41420.58365442531,4080.138075089946,92311.93662092296,4847.051137544427,12.619389589602745,1.2814116037666035,1.6469654888843142,0.19455429536018193
SVR_CompositeKernel,"(1, 12)","{'gamma_lag': 1.0, 'gamma_local': 0.5, 'gamma_macro': 0.1, 'gamma_spatial': 0.1, 'hidden_dim': 64, 'weight_decay': 0.0}",5,41024.11883414825,3589.997141223494,92316.11487487287,6934.641207963551,12.638770885159477,0.968274900391897,1.6332188632889821,0.19957881402847663
SVR_CompositeKernel,"(1, 2, 3, 12, 24)","{'gamma_lag': 1.0, 'gamma_local': 1.0, 'gamma_macro': 0.2, 'gamma_spatial': 0.1, 'hidden_dim': 128, 'weight_decay': 0.0}",5,47249.48804297761,4525.693132857117,92338.87408918251,5397.866280338873,14.72659800338686,1.4551176378989967,1.765969316928667,0.2794127908738284
SVR_CompositeKernel,"(1, 12, 24)","{'gamma_lag': 1.0, 'gamma_local': 1.0, 'gamma_macro': 0.05, 'gamma_spatial': 0.1, 'hidden_dim': 64, 'weight_decay': 0.0001}",5,45179.08856071074,3275.171126706038,92341.21312895094,7634.2509138786545,14.117196970685049,0.9820273333455152,1.6860182191168847,0.2240924093053134
SVR_CompositeKernel,"(1, 12)","{'gamma_lag': 1.0, 'gamma_local': 1.0, 'gamma_macro': 0.1, 'gamma_spatial': 1.0, 'hidden_dim': 64, 'weight_decay': 0.0}",5,42621.79415346868,2380.191173289039,92350.40224187095,6751.796440318413,13.184646856681159,0.5610250576361553,1.6950368929850437,0.152078064545387
SVR_CompositeKernel,"(1, 2, 3, 12)","{'gamma_lag': 0.5, 'gamma_local': 1.0, 'gamma_macro': 0.05, 'gamma_spatial': 0.1, 'hidden_dim': 64, 'weight_decay': 0.0001}",5,44404.60299700609,5888.699071487702,92377.37322211351,7539.190263809684,13.905992994703073,1.865839484549235,1.767869219245031,0.27656877372473126
SVR_CompositeKernel,"(1, 12, 24)","{'gamma_lag': 0.5, 'gamma_local': 0.5, 'gamma_macro': 0.2, 'gamma_spatial': 0.1, 'hidden_dim': 64, 'weight_decay': 0.0}",5,40600.70954019629,3537.774509607406,92382.52476676404,8630.580569038686,12.496451336644029,0.9369791566525199,1.5173396863095459,0.229790275796977
SVR_CompositeKernel,"(1, 2, 3, 4, 5, 6, 12)","{'gamma_lag': 1.0, 'gamma_local': 1.0, 'gamma_macro': 0.1, 'gamma_spatial': 0.1, 'hidden_dim': 128, 'weight_decay': 0.0001}",5,48247.024878206495,4980.514478052881,92425.31374631161,5179.560048252757,15.378447106657006,1.7118111723583067,1.9179262676099917,0.23240551054880837
SVR_CompositeKernel,"(1, 2, 3, 12, 24)","{'gamma_lag': 0.5, 'gamma_local': 1.0, 'gamma_macro': 0.2, 'gamma_spatial': 0.5, 'hidden_dim': 64, 'weight_decay': 0.0001}",5,43205.783887825964,2897.219351796739,92427.6992274162,6588.277887068135,13.301296286630452,0.7613710119682144,1.612580424018106,0.21168824042763357
SVR_CompositeKernel,"(1, 2, 3, 12, 24)","{'gamma_lag': 0.5, 'gamma_local': 1.0, 'gamma_macro': 0.05, 'gamma_spatial': 0.1, 'hidden_dim': 64, 'weight_decay': 0.0001}",5,44558.83824891936,3733.015006864861,92433.85654829888,6494.141563434269,13.9224970449451,1.0484838019684277,1.6649608807400287,0.24866559594326898
SVR_CompositeKernel,"(1, 2, 3, 4, 5, 6, 12)","{'gamma_lag': 0.1, 'gamma_local': 1.0, 'gamma_macro': 0.2, 'gamma_spatial': 0.1, 'hidden_dim': 64, 'weight_decay': 0.0}",5,41468.7256133964,4548.425480549135,92442.93866268723,7646.220384515902,13.199085205242477,1.5609928662011072,1.6517322399799172,0.23371678714460076
SVR_CompositeKernel,"(1, 2, 3, 12)","{'gamma_lag': 0.5, 'gamma_local': 1.0, 'gamma_macro': 0.2, 'gamma_spatial': 1.0, 'hidden_dim': 64, 'weight_decay': 0.0}",5,42365.55826955782,4289.739820026718,92443.0818736625,7671.312698542745,12.867808454534435,1.244551801580543,1.6843802842401239,0.2013938064376925
SVR_CompositeKernel,"(1, 2, 12)","{'gamma_lag': 1.0, 'gamma_local': 0.5, 'gamma_macro': 0.1, 'gamma_spatial': 0.1, 'hidden_dim': 64, 'weight_decay': 0.0001}",5,43117.11715029762,3791.002897392229,92449.20087180592,6943.576650294313,13.463621150056904,1.1497531679541064,1.7144981468946798,0.1893818520575794
SVR_CompositeKernel,"(1, 2, 3, 4, 5, 6, 12)","{'gamma_lag': 1.0, 'gamma_local': 1.0, 'gamma_macro': 0.2, 'gamma_spatial': 0.5, 'hidden_dim': 128, 'weight_decay': 0.0}",5,47530.69282481221,4509.060367866246,92454.59034522934,7681.08436844275,15.117875234791153,1.4439290020378,1.8887611258172636,0.205639017296833
SVR_CompositeKernel,"(1, 2, 3, 12)","{'gamma_lag': 1.0, 'gamma_local': 0.5, 'gamma_macro': 0.2, 'gamma_spatial': 0.5, 'hidden_dim': 64, 'weight_decay': 0.0}",5,43832.90742851828,5236.130717537577,92458.91852347602,7491.448743180669,13.936951469184816,1.7483934349442196,1.7440596815436102,0.24587800325122616
SVR_CompositeKernel,"(1, 12)","{'gamma_lag': 1.0, 'gamma_local': 1.0, 'gamma_macro': 0.2, 'gamma_spatial': 1.0, 'hidden_dim': 64, 'weight_decay': 0.0001}",5,42659.063652830926,2802.6782061064396,92473.14230358615,6042.775931891349,12.974566606478541,0.8511392577412642,1.6961595695240272,0.15941012749336778
SVR_CompositeKernel,"(1, 2, 3, 4, 5, 6, 12)","{'gamma_lag': 1.0, 'gamma_local': 0.1, 'gamma_macro': 0.1, 'gamma_spatial': 0.1, 'hidden_dim': 64, 'weight_decay': 0.0}",5,47242.70507413903,8707.699405482846,92513.08399194351,6885.918245333222,16.044433607712556,3.380016246835951,1.873341232725697,0.3367997785137341
SVR_CompositeKernel,"(1, 2, 12)","{'gamma_lag': 1.0, 'gamma_local': 1.0, 'gamma_macro': 0.05, 'gamma_spatial': 0.1, 'hidden_dim': 64, 'weight_decay': 0.0001}",5,45546.07883760275,4901.992344037848,92526.08812050034,5378.465590778743,14.34797830149552,1.6749677278154294,1.8099751931497239,0.22269902491908694
SVR_CompositeKernel,"(1, 2, 12)","{'gamma_lag': 1.0, 'gamma_local': 1.0, 'gamma_macro': 0.1, 'gamma_spatial': 0.5, 'hidden_dim': 64, 'weight_decay': 0.0001}",5,44322.62523162911,4500.977305782586,92546.48819050664,8364.128914219487,13.897656206209927,1.1464560200906027,1.7615876917816802,0.20665098510117727
SVR_CompositeKernel,"(1, 2, 12)","{'gamma_lag': 1.0, 'gamma_local': 1.0, 'gamma_macro': 0.2, 'gamma_spatial': 1.0, 'hidden_dim': 64, 'weight_decay': 0.0}",5,44403.043632192464,4114.093309817263,92547.44538588257,7820.998152631619,13.929507355122436,1.2888266592137283,1.76669727766057,0.21053344882072278
SVR_CompositeKernel,"(1, 2, 3, 4, 5, 6, 12, 24)","{'gamma_lag': 0.5, 'gamma_local': 0.5, 'gamma_macro': 0.05, 'gamma_spatial': 0.1, 'hidden_dim': 64, 'weight_decay': 0.0001}",5,46721.15222062784,5637.37513588914,92561.68700934584,4675.479894797002,15.03775579751839,1.9450798872372048,1.7475197253984494,0.31158118530209317
SVR_CompositeKernel,"(1, 2, 3, 4, 5, 6, 12)","{'gamma_lag': 1.0, 'gamma_local': 0.5, 'gamma_macro': 0.1, 'gamma_spatial': 0.5, 'hidden_dim': 64, 'weight_decay': 0.0001}",5,46566.90925099207,3790.4041219491733,92567.3919564551,5035.645047411259,15.308287915488112,1.318780169828084,1.8513636551541268,0.19136186334589075
SVR_CompositeKernel,"(1, 12, 24)","{'gamma_lag': 1.0, 'gamma_local': 0.5, 'gamma_macro': 0.1, 'gamma_spatial': 0.1, 'hidden_dim': 64, 'weight_decay': 0.0}",5,43564.925104520975,4222.108095573328,92580.93221419769,5412.219289594157,13.642077758532949,1.4802023064001997,1.6278898689017687,0.2514450840259607
SVR_CompositeKernel,"(1, 2, 3, 12)","{'gamma_lag': 1.0, 'gamma_local': 1.0, 'gamma_macro': 0.1, 'gamma_spatial': 0.5, 'hidden_dim': 64, 'weight_decay': 0.0001}",5,45008.88946242559,4208.906726964975,92618.3154713799,5485.71831034581,14.261391538751417,1.355175650831166,1.7891926437188093,0.20047875597325898
SVR_CompositeKernel,"(1, 2, 3, 4, 5, 6, 12)","{'gamma_lag': 1.0, 'gamma_local': 1.0, 'gamma_macro': 0.05, 'gamma_spatial': 0.5, 'hidden_dim': 64, 'weight_decay': 0.0}",5,47305.26911050878,5632.88813834408,92675.3647797593,7531.401881722886,15.245672638742146,1.853084720236206,1.8816878824268357,0.259783879684957
SVR_CompositeKernel,"(1, 2, 3, 12)","{'gamma_lag': 0.5, 'gamma_local': 1.0, 'gamma_macro': 0.1, 'gamma_spatial': 0.1, 'hidden_dim': 64, 'weight_decay': 0.0}",5,43598.432506466124,3642.568495288084,92678.91556850002,5438.980104508609,13.463631840520375,1.1803118133767492,1.7331778994601663,0.18326557093682427
SVR_CompositeKernel,"(1, 2, 3, 4, 5, 6, 12, 24)","{'gamma_lag': 1.0, 'gamma_local': 1.0, 'gamma_macro': 0.05, 'gamma_spatial': 0.5, 'hidden_dim': 64, 'weight_decay': 0.0}",5,48756.714311401636,3941.6484267846163,92704.16493702147,5479.388799986352,15.874212231965146,1.5549034235442152,1.818634151275771,0.24470962652643347
SVR_CompositeKernel,"(1, 2, 3, 12)","{'gamma_lag': 1.0, 'gamma_local': 1.0, 'gamma_macro': 0.2, 'gamma_spatial': 0.5, 'hidden_dim': 64, 'weight_decay': 0.0}",5,44202.101637347645,4619.4837702572395,92719.11580302528,6096.265323760721,13.79538223470134,1.4824314954837767,1.758137662976398,0.22144464930919544
SVR_CompositeKernel,"(1, 2, 3, 4, 5, 6, 12, 24)","{'gamma_lag': 1.0, 'gamma_local': 1.0, 'gamma_macro': 0.1, 'gamma_spatial': 0.5, 'hidden_dim': 64, 'weight_decay': 0.0}",5,48400.83904788478,7027.148153240497,92750.6056383695,7199.729012203327,15.823590080186284,2.480933967161592,1.8155025481283782,0.37953433064637526
SVR_CompositeKernel,"(1, 2, 12)","{'gamma_lag': 0.5, 'gamma_local': 1.0, 'gamma_macro': 0.1, 'gamma_spatial': 1.0, 'hidden_dim': 64, 'weight_decay': 0.0001}",5,42463.70189997875,4955.417300609921,92754.54952849433,6275.301275878064,13.035982253263949,1.853651820225249,1.6865347942773785,0.2092878732053383
SVR_CompositeKernel,"(1, 2, 3, 12)","{'gamma_lag': 1.0, 'gamma_local': 0.5, 'gamma_macro': 0.2, 'gamma_spatial': 1.0, 'hidden_dim': 64, 'weight_decay': 0.0}",5,44313.2898007901,5200.915703878406,92762.42066826347,4728.160305777052,13.783447971734594,1.7835251068909816,1.7606852041918255,0.22458512656605695
SVR_CompositeKernel,"(1, 2, 3, 4, 5, 6, 12)","{'gamma_lag': 0.5, 'gamma_local': 0.5, 'gamma_macro': 0.1, 'gamma_spatial': 1.0, 'hidden_dim': 64, 'weight_decay': 0.0001}",5,45192.93292809311,6992.249019390644,92762.97856017218,7300.526808762235,14.419963970772534,2.3327668298137794,1.7971304327142967,0.2986909334649143
SVR_CompositeKernel,"(1, 2, 3, 12)","{'gamma_lag': 0.5, 'gamma_local': 0.5, 'gamma_macro': 0.2, 'gamma_spatial': 0.1, 'hidden_dim': 64, 'weight_decay': 0.0001}",5,41606.11426534155,4226.669837004506,92778.99350064868,5314.936939095067,12.736963096752309,1.31570074907882,1.654091578718651,0.1992716972675712
SVR_CompositeKernel,"(1, 2, 3, 12)","{'gamma_lag': 0.5, 'gamma_local': 1.0, 'gamma_macro': 0.2, 'gamma_spatial': 0.5, 'hidden_dim': 64, 'weight_decay': 0.0001}",5,42295.99859472434,4053.25939682862,92791.694784767,8695.003944485716,12.96230078752923,1.0025148776073585,1.682612742016902,0.2027030890375273
SVR_CompositeKernel,"(1, 2, 3, 4, 5, 6, 12, 24)","{'gamma_lag': 1.0, 'gamma_local': 0.1, 'gamma_macro': 0.2, 'gamma_spatial': 0.1, 'hidden_dim': 64, 'weight_decay': 0.0}",5,45591.808450697994,12181.434808960905,92798.98211629615,12403.302688619518,15.41927961002616,3.990711959232521,1.7116837916837107,0.5323723307061742
SVR_CompositeKernel,"(1, 2, 12, 24)","{'gamma_lag': 1.0, 'gamma_local': 1.0, 'gamma_macro': 0.2, 'gamma_spatial': 0.1, 'hidden_dim': 128, 'weight_decay': 0.0}",5,46209.03247590703,4562.083564641824,92804.99191539099,5251.554472665582,14.229383132975055,1.432774990327506,1.7272559317870324,0.27782932646094277
SVR_CompositeKernel,"(1, 2, 3, 12)","{'gamma_lag': 0.5, 'gamma_local': 1.0, 'gamma_macro': 0.2, 'gamma_spatial': 0.5, 'hidden_dim': 64, 'weight_decay': 0.0}",5,42946.10179590065,3616.985025429505,92808.3981407397,7284.235854023834,13.435403793021177,0.939595335845398,1.7085253959644546,0.19285637660849672
SVR_CompositeKernel,"(1, 2, 3, 12, 24)","{'gamma_lag': 1.0, 'gamma_local': 0.5, 'gamma_macro': 0.1, 'gamma_spatial': 0.1, 'hidden_dim': 64, 'weight_decay': 0.0}",5,46547.867973621745,5952.5829440114585,92817.30598996146,6610.688256253083,15.003474781217871,2.1081103029830195,1.7410029530466677,0.3195654656385386
SVR_CompositeKernel,"(1, 12)","{'gamma_lag': 0.5, 'gamma_local': 1.0, 'gamma_macro': 0.1, 'gamma_spatial': 0.1, 'hidden_dim': 64, 'weight_decay': 0.0}",5,40266.61353103742,4204.922193746582,92818.47743037771,5581.701823396694,12.670407871663864,1.6878446720685842,1.6018333476864643,0.20510338370710354
SVR_CompositeKernel,"(1, 2, 12, 24)","{'gamma_lag': 0.5, 'gamma_local': 1.0, 'gamma_macro': 0.1, 'gamma_spatial': 0.1, 'hidden_dim': 64, 'weight_decay': 0.0001}",5,44822.28042224703,3909.746902090247,92833.57652743888,4923.506936908429,14.029580175844766,1.3620647073767234,1.6755184858835601,0.25721258297441507
SVR_CompositeKernel,"(1, 2, 3, 12, 24)","{'gamma_lag': 1.0, 'gamma_local': 0.5, 'gamma_macro': 0.2, 'gamma_spatial': 0.5, 'hidden_dim': 64, 'weight_decay': 0.0001}",5,43930.51270549887,4623.844479173675,92837.34832107526,6927.972167285139,13.888374856858352,1.3524041499196473,1.6441831734894745,0.2823336923434478
SVR_CompositeKernel,"(1, 2, 3, 12)","{'gamma_lag': 1.0, 'gamma_local': 1.0, 'gamma_macro': 0.1, 'gamma_spatial': 1.0, 'hidden_dim': 64, 'weight_decay': 0.0}",5,47076.57192637472,5931.740593967825,92848.90617556476,6697.612023500453,15.040470189190623,2.0107745621547206,1.8718615872851536,0.2646332617268038
SVR_CompositeKernel,"(1, 2, 12)","{'gamma_lag': 0.5, 'gamma_local': 0.5, 'gamma_macro': 0.2, 'gamma_spatial': 0.1, 'hidden_dim': 64, 'weight_decay': 0.0}",5,41316.10410289116,3879.924727466567,92849.18507791914,5333.4413565550185,12.612221925513264,1.4934160774563179,1.641888313048171,0.18224409385739335
SVR_CompositeKernel,"(1, 2, 3, 12, 24)","{'gamma_lag': 1.0, 'gamma_local': 1.0, 'gamma_macro': 0.05, 'gamma_spatial': 0.1, 'hidden_dim': 64, 'weight_decay': 0.0}",5,46535.2528960282,5057.162981596743,92849.28008497746,7659.945159692798,14.748473639533426,1.7037994462976174,1.7409052420393603,0.2976039516427687
SVR_CompositeKernel,"(1, 2, 3, 12, 24)","{'gamma_lag': 0.5, 'gamma_local': 0.5, 'gamma_macro': 0.1, 'gamma_spatial': 0.1, 'hidden_dim': 64, 'weight_decay': 0.0001}",5,43352.00138446003,4577.788166912261,92853.40029977389,8616.199811497558,13.42696976220878,1.5444557726889292,1.6227671435592406,0.2800071341419884
SVR_CompositeKernel,"(1, 2, 12, 24)","{'gamma_lag': 1.0, 'gamma_local': 0.5, 'gamma_macro': 0.2, 'gamma_spatial': 0.5, 'hidden_dim': 64, 'weight_decay': 0.0}",5,44658.83082394416,5585.664341210971,92861.38519820664,10137.389186858869,13.966994213984332,1.6307017764381748,1.6734579533683411,0.31670615874077623
SVR_CompositeKernel,"(1, 2, 3, 4, 5, 6, 12)","{'gamma_lag': 1.0, 'gamma_local': 0.5, 'gamma_macro': 0.2, 'gamma_spatial': 0.5, 'hidden_dim': 64, 'weight_decay': 0.0}",5,46971.923092049314,5448.104148570288,92863.44948873526,8244.838246054838,15.302308677613814,1.916965554572762,1.8677096642902888,0.24530163292853352
SVR_CompositeKernel,"(1, 2, 12, 24)","{'gamma_lag': 1.0, 'gamma_local': 1.0, 'gamma_macro': 0.2, 'gamma_spatial': 0.1, 'hidden_dim': 128, 'weight_decay': 0.0001}",5,46585.03849870678,5467.544993787497,92880.56285409613,9945.771596600465,14.247463568705905,1.6613428313973755,1.7443458586952758,0.3148415716661251
SVR_CompositeKernel,"(1, 12, 24)","{'gamma_lag': 0.5, 'gamma_local': 1.0, 'gamma_macro': 0.1, 'gamma_spatial': 0.1, 'hidden_dim': 64, 'weight_decay': 0.0001}",5,43023.42519708404,2191.731747824732,92894.18955964001,6209.606341143269,13.3445669532543,0.7644357680734344,1.6048300193120049,0.1921329913915836
SVR_CompositeKernel,"(1, 2, 12, 24)","{'gamma_lag': 0.5, 'gamma_local': 0.5, 'gamma_macro': 0.2, 'gamma_spatial': 0.1, 'hidden_dim': 64, 'weight_decay': 0.0001}",5,43297.74394885558,4291.274190883133,92902.60348804054,4709.886587821652,13.333748185390615,1.394033720373986,1.6166907832169783,0.24762501228192946
SVR_CompositeKernel,"(1, 2, 12, 24)","{'gamma_lag': 0.5, 'gamma_local': 1.0, 'gamma_macro': 0.1, 'gamma_spatial': 0.1, 'hidden_dim': 64, 'weight_decay': 0.0}",5,43912.844302721096,2931.7879089096946,92905.26864114168,5305.87289959466,13.64822839691173,0.9673513557280395,1.6385866434917848,0.21399494262716362
SVR_CompositeKernel,"(1, 2, 12, 24)","{'gamma_lag': 0.5, 'gamma_local': 0.5, 'gamma_macro': 0.1, 'gamma_spatial': 0.1, 'hidden_dim': 64, 'weight_decay': 0.0001}",5,41967.167134353745,2830.651730851522,92906.55802730798,5736.473893386827,12.937747074521884,0.7949447542699437,1.5671355758655454,0.21423944142374482
SVR_CompositeKernel,"(1, 2, 3, 12)","{'gamma_lag': 1.0, 'gamma_local': 0.5, 'gamma_macro': 0.2, 'gamma_spatial': 0.5, 'hidden_dim': 64, 'weight_decay': 0.0001}",5,44365.41970308957,4749.732003625328,92913.74732073756,6431.939955615863,14.190172563381239,1.4571909249158512,1.7641505161963238,0.22196110983285178
SVR_CompositeKernel,"(1, 2, 3, 4, 5, 6, 12, 24)","{'gamma_lag': 1.0, 'gamma_local': 0.5, 'gamma_macro': 0.2, 'gamma_spatial': 1.0, 'hidden_dim': 64, 'weight_decay': 0.0}",5,48995.630374415385,4668.049594365186,92917.37113387167,5264.013753174888,16.360359073256515,1.5886229116940767,1.8313262836387239,0.28749740759153325
SVR_CompositeKernel,"(1, 2, 3, 4, 5, 6, 12)","{'gamma_lag': 1.0, 'gamma_local': 0.5, 'gamma_macro': 0.05, 'gamma_spatial': 0.1, 'hidden_dim': 64, 'weight_decay': 0.0001}",5,47658.78707438705,7034.522428935239,92936.53820566933,7668.695146326813,15.522597235689307,2.059796239442124,1.8977228180698096,0.32299990253365046
SVR_CompositeKernel,"(1, 2, 3, 4, 5, 6, 12)","{'gamma_lag': 0.5, 'gamma_local': 1.0, 'gamma_macro': 0.2, 'gamma_spatial': 0.1, 'hidden_dim': 128, 'weight_decay': 0.0001}",5,45701.71338842829,6173.9824695033285,92941.12254730066,7053.691276514851,14.002684125596716,1.9352395610345021,1.819578048621373,0.2919744335015503
SVR_CompositeKernel,"(1, 12)","{'gamma_lag': 1.0, 'gamma_local': 0.5, 'gamma_macro': 0.2, 'gamma_spatial': 0.1, 'hidden_dim': 64, 'weight_decay': 0.0}",5,42136.540435887895,3060.0530422270276,92949.81204429478,6180.633016337126,12.930109543755341,0.9626111718865669,1.6746293587324654,0.15704899929625107
SVR_CompositeKernel,"(1, 2, 3, 4, 5, 6, 12)","{'gamma_lag': 0.5, 'gamma_local': 0.5, 'gamma_macro': 0.05, 'gamma_spatial': 0.1, 'hidden_dim': 64, 'weight_decay': 0.0001}",5,44752.305400545636,5562.106096277027,92963.78497751468,7093.802502907733,14.064690757703369,1.6769092388958027,1.7796807104928125,0.25328976788863683
SVR_CompositeKernel,"(1, 2, 12)","{'gamma_lag': 1.0, 'gamma_local': 1.0, 'gamma_macro': 0.2, 'gamma_spatial': 0.5, 'hidden_dim': 64, 'weight_decay': 0.0001}",5,43866.91522285998,3261.5406406272054,92969.48308910336,7033.472697187257,13.511228316832884,0.9940532516022376,1.7441783956152608,0.17290884821942676
SVR_CompositeKernel,"(1, 12, 24)","{'gamma_lag': 1.0, 'gamma_local': 1.0, 'gamma_macro': 0.2, 'gamma_spatial': 0.5, 'hidden_dim': 64, 'weight_decay': 0.0}",5,43662.633497643845,1815.9870722405515,92999.18442169283,5211.289922860632,13.388337461234737,0.7677533551665368,1.6273163827609913,0.17566870026102072
SVR_CompositeKernel,"(1, 2, 3, 12)","{'gamma_lag': 1.0, 'gamma_local': 1.0, 'gamma_macro': 0.1, 'gamma_spatial': 0.5, 'hidden_dim': 64, 'weight_decay': 0.0}",5,46725.810107975485,4718.20420854785,93045.02659566999,7262.336454966429,14.72040031977355,1.441143220931081,1.858663488249643,0.23322163225675205
SVR_CompositeKernel,"(1, 2, 3, 4, 5, 6, 12)","{'gamma_lag': 0.5, 'gamma_local': 1.0, 'gamma_macro': 0.1, 'gamma_spatial': 1.0, 'hidden_dim': 64, 'weight_decay': 0.0}",5,45034.51971991921,4668.742353638288,93053.43169037477,6810.189236447619,14.008683783650877,1.4910553364314432,1.792260793033692,0.23231461886151317
SVR_CompositeKernel,"(1, 12)","{'gamma_lag': 0.5, 'gamma_local': 1.0, 'gamma_macro': 0.2, 'gamma_spatial': 0.1, 'hidden_dim': 64, 'weight_decay': 0.0001}",5,40121.06257883362,3279.0370058120884,93057.93710655595,7326.351040354696,12.297547456052659,0.9493108539444259,1.5963237990405112,0.17986693598085332
SVR_CompositeKernel,"(1, 2, 12)","{'gamma_lag': 0.5, 'gamma_local': 1.0, 'gamma_macro': 0.2, 'gamma_spatial': 1.0, 'hidden_dim': 64, 'weight_decay': 0.0001}",5,43236.6387449511,5048.971071320947,93130.65937613272,6185.780798491408,13.200081012098167,1.79242413507485,1.718916625358456,0.22440007857354105
SVR_CompositeKernel,"(1, 2, 12, 24)","{'gamma_lag': 1.0, 'gamma_local': 0.5, 'gamma_macro': 0.2, 'gamma_spatial': 0.5, 'hidden_dim': 64, 'weight_decay': 0.0001}",5,44742.44991496599,3118.8077395533787,93161.13569080617,5358.310499152285,14.16851234632962,1.0070006945771748,1.6690327829819522,0.2114178464252954
SVR_CompositeKernel,"(1, 2, 3, 12)","{'gamma_lag': 1.0, 'gamma_local': 1.0, 'gamma_macro': 0.2, 'gamma_spatial': 0.1, 'hidden_dim': 128, 'weight_decay': 0.0}",5,45595.782060037556,5134.622344342415,93213.67117537031,8169.716300917211,14.277596433658706,1.6151317103170701,1.811851081651951,0.22495372650947165
SVR_CompositeKernel,"(1, 2, 3, 4, 5, 6, 12)","{'gamma_lag': 0.5, 'gamma_local': 1.0, 'gamma_macro': 0.1, 'gamma_spatial': 0.5, 'hidden_dim': 64, 'weight_decay': 0.0001}",5,45730.13169421414,4848.265777504524,93232.95220913421,7452.02701554566,14.305302925492608,1.5774483704665478,1.8195394892400376,0.23723066454438957
SVR_CompositeKernel,"(1, 2, 3, 4, 5, 6, 12)","{'gamma_lag': 1.0, 'gamma_local': 1.0, 'gamma_macro': 0.1, 'gamma_spatial': 0.1, 'hidden_dim': 128, 'weight_decay': 0.0}",5,49332.317335423744,6343.117496563281,93247.88289369762,7083.391582116858,15.691030399297636,1.823306134139246,1.9632075780308156,0.29408801003048846
SVR_CompositeKernel,"(1, 2, 3, 4, 5, 6, 12)","{'gamma_lag': 0.1, 'gamma_local': 1.0, 'gamma_macro': 0.2, 'gamma_spatial': 0.1, 'hidden_dim': 64, 'weight_decay': 0.0001}",5,40824.89119897959,5445.695210166518,93264.95163043417,8946.04423357089,13.005335516993219,1.883886959059733,1.6259184812840342,0.2602869401368405
SVR_CompositeKernel,"(1, 2, 3, 12, 24)","{'gamma_lag': 1.0, 'gamma_local': 1.0, 'gamma_macro': 0.1, 'gamma_spatial': 0.5, 'hidden_dim': 64, 'weight_decay': 0.0}",5,46472.95269584397,4344.027067711252,93286.43701559244,7062.2927482851055,14.911544794327781,1.4055800629426316,1.7365991035993589,0.26528818688708117
SVR_CompositeKernel,"(1, 2, 3, 4, 5, 6, 12)","{'gamma_lag': 1.0, 'gamma_local': 0.1, 'gamma_macro': 0.2, 'gamma_spatial': 0.1, 'hidden_dim': 64, 'weight_decay': 0.0001}",5,46531.95813359198,9821.917324927223,93340.58626723003,7975.736187895156,15.588734870675072,3.7764472112219467,1.847219794280828,0.3898788963678872
SVR_CompositeKernel,"(1, 2, 12)","{'gamma_lag': 1.0, 'gamma_local': 1.0, 'gamma_macro': 0.2, 'gamma_spatial': 1.0, 'hidden_dim': 64, 'weight_decay': 0.0001}",5,44952.3020873193,3289.516190555297,93357.14932007741,6279.151302091647,14.105472748790035,1.2423171883132917,1.7876577739833397,0.17880408715066964
SVR_CompositeKernel,"(1, 2, 3, 4, 5, 6, 12)","{'gamma_lag': 0.5, 'gamma_local': 1.0, 'gamma_macro': 0.1, 'gamma_spatial': 1.0, 'hidden_dim': 64, 'weight_decay': 0.0001}",5,46316.746293934244,5357.467183727603,93427.94535928653,8081.544205310053,14.607870198644175,1.683565155966468,1.8410060577590595,0.2396637320222605
SVR_CompositeKernel,"(1, 2, 3, 4, 5, 6, 12, 24)","{'gamma_lag': 0.5, 'gamma_local': 1.0, 'gamma_macro': 0.05, 'gamma_spatial': 0.1, 'hidden_dim': 64, 'weight_decay': 0.0}",5,47070.19961646116,3375.0746561942638,93464.82172117018,5086.504751795435,14.924250970106584,1.0365325230005331,1.755432255204503,0.22559726275597225
SVR_CompositeKernel,"(1, 2, 3, 4, 5, 6, 12)","{'gamma_lag': 1.0, 'gamma_local': 1.0, 'gamma_macro': 0.05, 'gamma_spatial': 1.0, 'hidden_dim': 64, 'weight_decay': 0.0}",5,47571.72485251913,6194.003700785447,93478.6376596924,6729.29021627802,15.240973557732833,2.182561358315136,1.8928782059361378,0.2824382017770874
SVR_CompositeKernel,"(1, 2, 3, 12, 24)","{'gamma_lag': 0.5, 'gamma_local': 1.0, 'gamma_macro': 0.1, 'gamma_spatial': 0.1, 'hidden_dim': 64, 'weight_decay': 0.0}",5,45426.735994189345,5132.694989671024,93495.41981511521,5837.743739962825,14.2913822402702,1.7613263970289563,1.700712916441896,0.30381034213496283
SVR_CompositeKernel,"(1, 2, 3, 4, 5, 6, 12, 24)","{'gamma_lag': 1.0, 'gamma_local': 0.5, 'gamma_macro': 0.2, 'gamma_spatial': 0.1, 'hidden_dim': 128, 'weight_decay': 0.0001}",5,48462.083207110976,9251.038786746682,93521.62002204145,11156.16148833414,15.717881314333017,2.9988265960887777,1.8149344275888404,0.4303207209516704
SVR_CompositeKernel,"(1, 2, 3, 12, 24)","{'gamma_lag': 1.0, 'gamma_local': 1.0, 'gamma_macro': 0.2, 'gamma_spatial': 1.0, 'hidden_dim': 64, 'weight_decay': 0.0}",5,46900.29497945011,4588.270136985974,93552.14850443696,6612.337017125342,14.99798224031787,1.7072321218370587,1.7536515399522525,0.279900421750441
SVR_CompositeKernel,"(1, 12, 24)","{'gamma_lag': 0.5, 'gamma_local': 1.0, 'gamma_macro': 0.2, 'gamma_spatial': 0.1, 'hidden_dim': 64, 'weight_decay': 0.0}",5,42418.93471203586,2668.628775822479,93560.91879395978,6579.843893084693,13.09495869387323,0.7852446429716031,1.583346379472212,0.20567566625237765
SVR_CompositeKernel,"(1, 2, 3, 12)","{'gamma_lag': 0.5, 'gamma_local': 1.0, 'gamma_macro': 0.1, 'gamma_spatial': 0.1, 'hidden_dim': 64, 'weight_decay': 0.0001}",5,44237.615275563345,2900.973147590436,93569.86972727487,4545.670954936319,13.814145174474513,0.7788636695570402,1.7582490594061233,0.160116108902046
SVR_CompositeKernel,"(1, 2, 3, 4, 5, 6, 12, 24)","{'gamma_lag': 1.0, 'gamma_local': 0.5, 'gamma_macro': 0.05, 'gamma_spatial': 0.1, 'hidden_dim': 64, 'weight_decay': 0.0}",5,49257.96302703374,6134.018201291214,93572.91445549126,7504.697118787158,16.178974790067105,1.8690045493341323,1.8435768577376614,0.33744654395782003
SVR_CompositeKernel,"(1, 2, 3, 12)","{'gamma_lag': 1.0, 'gamma_local': 1.0, 'gamma_macro': 0.05, 'gamma_spatial': 0.1, 'hidden_dim': 64, 'weight_decay': 0.0001}",5,46636.39279823909,4704.305911094895,93575.40316360588,7160.572169827777,14.682170603239893,1.3962373004232422,1.855308502039016,0.23296194953085103
SVR_CompositeKernel,"(1, 2, 12)","{'gamma_lag': 0.5, 'gamma_local': 0.5, 'gamma_macro': 0.2, 'gamma_spatial': 0.1, 'hidden_dim': 64, 'weight_decay': 0.0001}",5,40583.30828018708,3588.1916729964723,93583.49916229951,6772.214927528025,12.55937898619484,1.1318686498293486,1.614771829633175,0.18864156507691812
SVR_CompositeKernel,"(1, 2, 12, 24)","{'gamma_lag': 1.0, 'gamma_local': 1.0, 'gamma_macro': 0.2, 'gamma_spatial': 1.0, 'hidden_dim': 64, 'weight_decay': 0.0}",5,46966.366896081345,4367.240154009999,93584.41857813415,6779.004270038706,14.778998944314617,1.6442666329690538,1.7528850708212667,0.25227940364765855
SVR_CompositeKernel,"(1, 2, 3, 4, 5, 6, 12, 24)","{'gamma_lag': 1.0, 'gamma_local': 1.0, 'gamma_macro': 0.2, 'gamma_spatial': 1.0, 'hidden_dim': 64, 'weight_decay': 0.0001}",5,46408.621560994194,4235.797564695002,93593.46014830361,7347.816511888033,14.855357186904252,1.2606350379285562,1.7351372277583006,0.27096810518154024
SVR_CompositeKernel,"(1, 2, 3, 4, 5, 6, 12)","{'gamma_lag': 0.5, 'gamma_local': 1.0, 'gamma_macro': 0.05, 'gamma_spatial': 0.1, 'hidden_dim': 64, 'weight_decay': 0.0001}",5,47119.24155417375,5636.35594561148,93643.63332578128,7375.1696578206975,14.81174417864383,1.5575489211267886,1.874751308396457,0.26607702047007475
SVR_CompositeKernel,"(1, 2, 12)","{'gamma_lag': 1.0, 'gamma_local': 1.0, 'gamma_macro': 0.2, 'gamma_spatial': 0.5, 'hidden_dim': 64, 'weight_decay': 0.0}",5,43769.446619897964,4370.315309012565,93644.45437937722,6653.47048461679,13.595021072446722,1.4675848789551185,1.7411806333217137,0.21347838941953257
SVR_CompositeKernel,"(1, 12, 24)","{'gamma_lag': 1.0, 'gamma_local': 1.0, 'gamma_macro': 0.1, 'gamma_spatial': 0.1, 'hidden_dim': 64, 'weight_decay': 0.0}",5,46060.62462886196,2982.162349081963,93678.25341293942,6727.086357437572,14.39333831221136,0.7837302211756646,1.7194253900588747,0.22865921963334054
SVR_CompositeKernel,"(1, 2, 12)","{'gamma_lag': 0.5, 'gamma_local': 1.0, 'gamma_macro': 0.1, 'gamma_spatial': 0.1, 'hidden_dim': 64, 'weight_decay': 0.0001}",5,42875.829396967114,3475.8025398176023,93679.00500963486,5120.63081000497,13.430294059565705,1.0468796153506754,1.704989354120647,0.17937845586680734
SVR_CompositeKernel,"(1, 2, 3, 4, 5, 6, 12, 24)","{'gamma_lag': 1.0, 'gamma_local': 1.0, 'gamma_macro': 0.2, 'gamma_spatial': 0.5, 'hidden_dim': 64, 'weight_decay': 0.0}",5,48234.162068629535,5116.650605314752,93692.13305164405,6479.935620205442,15.674018722706995,1.8985562586907174,1.8031394400042668,0.29568871656577933
SVR_CompositeKernel,"(1, 2, 3, 4, 5, 6, 12, 24)","{'gamma_lag': 1.0, 'gamma_local': 1.0, 'gamma_macro': 0.2, 'gamma_spatial': 1.0, 'hidden_dim': 64, 'weight_decay': 0.0}",5,49537.67122041525,4296.853541140797,93695.45175686244,5177.904202053071,16.434735610177313,1.3869275741770482,1.8519376449141476,0.2837240018091187
SVR_CompositeKernel,"(1, 2, 3, 4, 5, 6, 12, 24)","{'gamma_lag': 0.5, 'gamma_local': 1.0, 'gamma_macro': 0.1, 'gamma_spatial': 0.5, 'hidden_dim': 64, 'weight_decay': 0.0}",5,46306.9825317106,5065.361181541079,93774.44615568363,6441.040389961696,14.765950156097935,1.4680260991689134,1.7338310630592813,0.3087717264537734
SVR_CompositeKernel,"(1, 2, 3, 4, 5, 6, 12, 24)","{'gamma_lag': 1.0, 'gamma_local': 0.1, 'gamma_macro': 0.2, 'gamma_spatial': 1.0, 'hidden_dim': 64, 'weight_decay': 0.0001}",5,47888.51050834396,10756.075937435635,93784.30866110505,9124.996185647207,16.0172901503852,4.067689424557649,1.7916855155932958,0.4724157279812466
SVR_CompositeKernel,"(1, 2, 3, 4, 5, 6, 12)","{'gamma_lag': 1.0, 'gamma_local': 0.1, 'gamma_macro': 0.1, 'gamma_spatial': 0.5, 'hidden_dim': 64, 'weight_decay': 0.0001}",5,46489.28167782737,8910.334672977348,93788.55637844,10004.934549206766,15.421992191779003,3.136466197953252,1.8443681163143217,0.3466870982183666
SVR_CompositeKernel,"(1, 2, 3, 4, 5, 6, 12, 24)","{'gamma_lag': 0.5, 'gamma_local': 1.0, 'gamma_macro': 0.2, 'gamma_spatial': 0.5, 'hidden_dim': 64, 'weight_decay': 0.0}",5,46259.923635469815,3575.9911111216784,93802.52664832839,5849.572713419939,14.640058812849158,1.1967563071718064,1.725805393953054,0.22871369537818267
SVR_CompositeKernel,"(1, 2, 3, 4, 5, 6, 12, 24)","{'gamma_lag': 1.0, 'gamma_local': 1.0, 'gamma_macro': 0.1, 'gamma_spatial': 0.1, 'hidden_dim': 128, 'weight_decay': 0.0}",5,51824.55832624717,7885.946009671524,93899.01409939551,7836.712768097124,16.744801398242497,2.7181177495960376,1.942727886415114,0.4105704039377333
SVR_CompositeKernel,"(1, 2, 3, 12, 24)","{'gamma_lag': 0.5, 'gamma_local': 1.0, 'gamma_macro': 0.1, 'gamma_spatial': 0.1, 'hidden_dim': 64, 'weight_decay': 0.0001}",5,45052.765534651364,5517.107758929994,93925.42308862763,8658.720332013385,13.954804184976837,1.8003740846461196,1.6839153382408718,0.2937789388484287
SVR_CompositeKernel,"(1, 2, 3, 4, 5, 6, 12)","{'gamma_lag': 0.1, 'gamma_local': 1.0, 'gamma_macro': 0.2, 'gamma_spatial': 1.0, 'hidden_dim': 64, 'weight_decay': 0.0}",5,41824.415710476904,3999.6416188426924,93931.2635118811,4650.443169247873,12.767725121037438,1.3741132300443823,1.6633919702872522,0.20063584524430025
SVR_CompositeKernel,"(1, 12, 24)","{'gamma_lag': 1.0, 'gamma_local': 0.5, 'gamma_macro': 0.2, 'gamma_spatial': 0.1, 'hidden_dim': 64, 'weight_decay': 0.0}",5,44388.437440653346,3852.5873215535703,93955.61798215166,5986.4311453010105,13.706856747674061,1.086477599869008,1.659336218772506,0.2557981159447183
SVR_CompositeKernel,"(1, 2, 3, 4, 5, 6, 12)","{'gamma_lag': 0.5, 'gamma_local': 1.0, 'gamma_macro': 0.2, 'gamma_spatial': 1.0, 'hidden_dim': 64, 'weight_decay': 0.0001}",5,45241.64110331633,5789.912703556075,93956.54604499164,5390.9988533019905,14.080624267417141,2.0567315029276956,1.801774161602682,0.2776797893466549
SVR_CompositeKernel,"(1, 2, 3, 4, 5, 6, 12)","{'gamma_lag': 0.5, 'gamma_local': 1.0, 'gamma_macro': 0.2, 'gamma_spatial': 0.5, 'hidden_dim': 64, 'weight_decay': 0.0}",5,44951.47599693523,4207.173791302356,93974.67366127747,8015.115122344411,13.99871012796524,1.1655360273356228,1.7876694602713485,0.21100265993514306
SVR_CompositeKernel,"(1, 2, 3, 12)","{'gamma_lag': 1.0, 'gamma_local': 1.0, 'gamma_macro': 0.05, 'gamma_spatial': 0.1, 'hidden_dim': 64, 'weight_decay': 0.0}",5,46355.13331827523,3379.0663983531726,93999.33445759906,5657.882464334736,14.569159508102734,1.0926976100622898,1.8441550428307374,0.19222085189183766
SVR_CompositeKernel,"(1, 2, 3, 4, 5, 6, 12, 24)","{'gamma_lag': 1.0, 'gamma_local': 1.0, 'gamma_macro': 0.2, 'gamma_spatial': 0.5, 'hidden_dim': 64, 'weight_decay': 0.0001}",5,48672.39424248867,5098.470559072457,94002.9916115767,5911.253896790779,15.906354997207078,1.5119142031129542,1.8220975355517037,0.3164405795195334
SVR_CompositeKernel,"(1, 2, 3, 4, 5, 6, 12, 24)","{'gamma_lag': 1.0, 'gamma_local': 0.5, 'gamma_macro': 0.05, 'gamma_spatial': 0.1, 'hidden_dim': 64, 'weight_decay': 0.0001}",5,49870.84747245252,9300.796167383405,94014.61044834086,9082.521375184378,16.313897085750835,3.1017326359522324,1.8736721638741503,0.46112436790989464
SVR_CompositeKernel,"(1, 2, 3, 4, 5, 6, 12, 24)","{'gamma_lag': 1.0, 'gamma_local': 1.0, 'gamma_macro': 0.1, 'gamma_spatial': 0.5, 'hidden_dim': 64, 'weight_decay': 0.0001}",5,48263.96077806123,3199.7946237834954,94015.29213716417,3289.8965904569454,15.781778975937339,0.8313116926034718,1.8012871968412392,0.23665182348859015
SVR_CompositeKernel,"(1, 2, 3, 4, 5, 6, 12)","{'gamma_lag': 1.0, 'gamma_local': 0.5, 'gamma_macro': 0.05, 'gamma_spatial': 0.1, 'hidden_dim': 64, 'weight_decay': 0.0}",5,47584.604722045064,5847.209193739581,94031.91148938831,6145.0358567425665,15.396464055343497,1.8904073348782826,1.8912581799889758,0.256763523570654
SVR_CompositeKernel,"(1, 2, 3, 12, 24)","{'gamma_lag': 0.5, 'gamma_local': 0.5, 'gamma_macro': 0.2, 'gamma_spatial': 0.1, 'hidden_dim': 64, 'weight_decay': 0.0001}",5,44086.571521134494,3695.9911293577866,94035.43101778367,4216.93765219922,13.54592711880279,1.0589419387658097,1.6470003956964927,0.2437391828908777
SVR_CompositeKernel,"(1, 2, 12, 24)","{'gamma_lag': 1.0, 'gamma_local': 0.5, 'gamma_macro': 0.1, 'gamma_spatial': 0.1, 'hidden_dim': 64, 'weight_decay': 0.0001}",5,46939.49905001063,5702.050097674904,94048.42745554874,6009.173147811629,15.00282132616822,1.988697706909474,1.7552069485277415,0.31158981718986783
SVR_CompositeKernel,"(1, 12, 24)","{'gamma_lag': 0.5, 'gamma_local': 1.0, 'gamma_macro': 0.2, 'gamma_spatial': 0.1, 'hidden_dim': 64, 'weight_decay': 0.0001}",5,43036.72554652069,4478.640361404226,94093.07018603657,6920.13426098475,13.47922977383362,1.409967101437275,1.609320744789666,0.2681035803722671
SVR_CompositeKernel,"(1, 2, 3, 4, 5, 6, 12)","{'gamma_lag': 1.0, 'gamma_local': 0.5, 'gamma_macro': 0.1, 'gamma_spatial': 1.0, 'hidden_dim': 64, 'weight_decay': 0.0001}",5,47298.23502692744,7690.976072784214,94093.67057025855,8250.45831386555,15.229666373478967,2.7264844358666385,1.880922145905285,0.32742774348389075
SVR_CompositeKernel,"(1, 2, 12)","{'gamma_lag': 0.5, 'gamma_local': 1.0, 'gamma_macro': 0.2, 'gamma_spatial': 0.1, 'hidden_dim': 64, 'weight_decay': 0.0001}",5,42211.998922902494,2103.861262726587,94105.6181277483,7040.8361244842,12.81745462829243,0.758890874702267,1.67813933420706,0.1384679367940791
SVR_CompositeKernel,"(1, 2, 3, 12)","{'gamma_lag': 1.0, 'gamma_local': 1.0, 'gamma_macro': 0.2, 'gamma_spatial': 1.0, 'hidden_dim': 64, 'weight_decay': 0.0001}",5,45992.863861429985,2879.7428565840855,94107.57738080571,5622.918874138183,14.423461732078412,1.0353037155786387,1.827747601809778,0.1571030353598935
SVR_CompositeKernel,"(1, 2, 3, 4, 5, 6, 12, 24)","{'gamma_lag': 0.5, 'gamma_local': 0.5, 'gamma_macro': 0.2, 'gamma_spatial': 0.5, 'hidden_dim': 64, 'weight_decay': 0.0001}",5,46001.93921175241,4474.41256492199,94110.12532034089,4619.558580422564,14.649707247658217,1.5216589410729915,1.7185135900226556,0.26714488617916704
SVR_CompositeKernel,"(1, 2, 3, 4, 5, 6, 12)","{'gamma_lag': 0.5, 'gamma_local': 0.5, 'gamma_macro': 0.1, 'gamma_spatial': 0.1, 'hidden_dim': 64, 'weight_decay': 0.0001}",5,46370.60398198342,7364.549499519979,94156.52847011271,7816.377378981619,14.771034120874612,2.423150585379922,1.8442431912110109,0.3185942738746618
SVR_CompositeKernel,"(1, 2, 3, 12)","{'gamma_lag': 1.0, 'gamma_local': 1.0, 'gamma_macro': 0.2, 'gamma_spatial': 0.5, 'hidden_dim': 64, 'weight_decay': 0.0001}",5,44860.25680714994,2490.2757144856237,94208.55717593835,5580.576594150701,13.889587514619382,0.8289483189904447,1.7815848790993294,0.13000917928571087
SVR_CompositeKernel,"(1, 2, 3, 12, 24)","{'gamma_lag': 1.0, 'gamma_local': 1.0, 'gamma_macro': 0.05, 'gamma_spatial': 0.1, 'hidden_dim': 64, 'weight_decay': 0.0001}",5,49654.425243144135,5429.042731256044,94222.84291508346,7162.62669178728,15.931531925456056,1.5152659652030493,1.8592732414879698,0.33141423448311874
SVR_CompositeKernel,"(1, 2, 12)","{'gamma_lag': 1.0, 'gamma_local': 0.5, 'gamma_macro': 0.1, 'gamma_spatial': 0.1, 'hidden_dim': 64, 'weight_decay': 0.0}",5,43391.94475889314,4525.210702409475,94246.87033254656,6129.5296629056365,13.442495412892828,1.6573758260271898,1.7257830933574692,0.21626824214785012
SVR_CompositeKernel,"(1, 2, 3, 4, 5, 6, 12)","{'gamma_lag': 1.0, 'gamma_local': 1.0, 'gamma_macro': 0.05, 'gamma_spatial': 0.1, 'hidden_dim': 64, 'weight_decay': 0.0}",5,48694.5807282809,6682.081001556666,94255.94192280757,6994.264583129836,15.554914850100976,2.061391985416941,1.9363701376702345,0.3000229777722106
SVR_CompositeKernel,"(1, 2, 3, 4, 5, 6, 12)","{'gamma_lag': 1.0, 'gamma_local': 0.5, 'gamma_macro': 0.2, 'gamma_spatial': 1.0, 'hidden_dim': 64, 'weight_decay': 0.0}",5,47159.257200875145,5272.189814723496,94256.11765129867,6271.746234467964,15.313170743143719,1.833069413335221,1.8749659030997747,0.24059985189690902
SVR_CompositeKernel,"(1, 2, 3, 12, 24)","{'gamma_lag': 1.0, 'gamma_local': 1.0, 'gamma_macro': 0.2, 'gamma_spatial': 0.5, 'hidden_dim': 64, 'weight_decay': 0.0}",5,47327.19191733985,3768.829327588308,94258.1776473523,4568.3792809665,15.28401312877578,1.3275716901453132,1.7678586798688418,0.2551544198210974
SVR_CompositeKernel,"(1, 2, 3, 4, 5, 6, 12)","{'gamma_lag': 1.0, 'gamma_local': 0.5, 'gamma_macro': 0.2, 'gamma_spatial': 1.0, 'hidden_dim': 64, 'weight_decay': 0.0001}",5,47851.28694329294,5726.520632189253,94300.84514978214,6951.22407314076,15.566129425528086,2.006605710181421,1.901646289518593,0.2490290374589116
SVR_CompositeKernel,"(1, 2, 3, 12, 24)","{'gamma_lag': 1.0, 'gamma_local': 0.5, 'gamma_macro': 0.1, 'gamma_spatial': 0.1, 'hidden_dim': 64, 'weight_decay': 0.0001}",5,46938.85390757866,4998.635160396904,94327.64238457949,8587.332837762327,15.02321779646645,1.3707497372301585,1.756458615768483,0.3008425259753463
SVR_CompositeKernel,"(1, 2, 12)","{'gamma_lag': 1.0, 'gamma_local': 0.5, 'gamma_macro': 0.2, 'gamma_spatial': 0.1, 'hidden_dim': 64, 'weight_decay': 0.0001}",5,44483.65397179705,4539.440204624041,94351.36078593427,8773.282508011374,13.897915313873511,1.2285135949025687,1.7706327675575708,0.23183585582973623
SVR_CompositeKernel,"(1, 2, 12, 24)","{'gamma_lag': 1.0, 'gamma_local': 1.0, 'gamma_macro': 0.05, 'gamma_spatial': 0.1, 'hidden_dim': 64, 'weight_decay': 0.0001}",5,47549.95130429776,3658.1494291338117,94358.5806914202,5921.8413817859355,15.002389755826105,1.1252095579317145,1.7760628574209967,0.25561239041382305
SVR_CompositeKernel,"(1, 2, 3, 4, 5, 6, 12)","{'gamma_lag': 1.0, 'gamma_local': 1.0, 'gamma_macro': 0.2, 'gamma_spatial': 0.1, 'hidden_dim': 128, 'weight_decay': 0.0001}",5,48820.131590578945,5695.264844108596,94369.32823159048,7178.614967722394,15.400419326335754,1.8367909868958279,1.940433425991681,0.2525718187199295
SVR_CompositeKernel,"(1, 2, 3, 12)","{'gamma_lag': 0.5, 'gamma_local': 1.0, 'gamma_macro': 0.1, 'gamma_spatial': 0.5, 'hidden_dim': 64, 'weight_decay': 0.0001}",5,44279.16601075326,4710.988700206084,94401.38088509897,8143.64929388487,13.704346889127843,1.541743582235191,1.7613346790911997,0.22377343636737435
SVR_CompositeKernel,"(1, 2, 12)","{'gamma_lag': 1.0, 'gamma_local': 1.0, 'gamma_macro': 0.1, 'gamma_spatial': 0.1, 'hidden_dim': 64, 'weight_decay': 0.0001}",5,45482.2960264314,4300.624647682335,94409.94528085513,6819.662732925216,14.127567667238793,1.3985288727485172,1.8101657765274723,0.22370347793897155
SVR_CompositeKernel,"(1, 2, 12)","{'gamma_lag': 1.0, 'gamma_local': 1.0, 'gamma_macro': 0.05, 'gamma_spatial': 0.1, 'hidden_dim': 64, 'weight_decay': 0.0}",5,45681.85540497449,4055.0976090707636,94441.69319812949,7104.930406856654,14.158187355902118,1.2447237272198926,1.8166524899868821,0.20629156149712394
SVR_CompositeKernel,"(1, 2, 3, 4, 5, 6, 12, 24)","{'gamma_lag': 0.5, 'gamma_local': 1.0, 'gamma_macro': 0.2, 'gamma_spatial': 0.1, 'hidden_dim': 128, 'weight_decay': 0.0001}",5,47764.85572739512,3596.8338006438057,94452.96589885838,5403.51214474471,14.785938849201552,1.2529316583027712,1.7841713726980237,0.25399020069895983
SVR_CompositeKernel,"(1, 2, 3, 4, 5, 6, 12)","{'gamma_lag': 0.5, 'gamma_local': 1.0, 'gamma_macro': 0.1, 'gamma_spatial': 0.5, 'hidden_dim': 64, 'weight_decay': 0.0}",5,45233.811846743905,5083.3000897000065,94461.04120405925,6282.677388326006,14.114740815941252,1.619491941018571,1.8001759128449675,0.247959533393776
SVR_CompositeKernel,"(1, 2, 3, 4, 5, 6, 12, 24)","{'gamma_lag': 1.0, 'gamma_local': 1.0, 'gamma_macro': 0.1, 'gamma_spatial': 1.0, 'hidden_dim': 64, 'weight_decay': 0.0}",5,48942.133882511334,6189.056430705594,94467.9233389692,5346.923645932157,15.951239776006338,1.9358267955396198,1.8329980682047542,0.34783974438347226
SVR_CompositeKernel,"(1, 2, 3, 4, 5, 6, 12)","{'gamma_lag': 0.5, 'gamma_local': 1.0, 'gamma_macro': 0.2, 'gamma_spatial': 0.5, 'hidden_dim': 64, 'weight_decay': 0.0001}",5,45687.7951597045,2979.4089496392653,94510.94443206105,6887.992531615415,14.314684864237805,1.026923787024389,1.8157623854216922,0.15949223237324892
SVR_CompositeKernel,"(1, 2, 3, 4, 5, 6, 12)","{'gamma_lag': 0.5, 'gamma_local': 1.0, 'gamma_macro': 0.05, 'gamma_spatial': 0.1, 'hidden_dim': 64, 'weight_decay': 0.0}",5,47886.584157986115,4249.273968295338,94528.4641412725,6236.608306608998,15.031013628363928,1.2443532460625322,1.90398292594273,0.21518873019600462
SVR_CompositeKernel,"(1, 2, 3, 4, 5, 6, 12)","{'gamma_lag': 1.0, 'gamma_local': 1.0, 'gamma_macro': 0.1, 'gamma_spatial': 0.5, 'hidden_dim': 64, 'weight_decay': 0.0001}",5,48143.419305821284,4616.6332583191925,94532.54294925832,4778.962136527611,15.439450515523959,1.4952401176404901,1.9125507429979602,0.2071085927483468
SVR_CompositeKernel,"(1, 2, 3, 12, 24)","{'gamma_lag': 0.5, 'gamma_local': 1.0, 'gamma_macro': 0.2, 'gamma_spatial': 0.1, 'hidden_dim': 64, 'weight_decay': 0.0}",5,45564.81872254111,1868.4541240854253,94569.05454434967,5602.616358817065,14.26269143301008,0.8482625199520705,1.6969316696127006,0.16807332139877645
SVR_CompositeKernel,"(1, 2, 3, 12)","{'gamma_lag': 0.5, 'gamma_local': 0.5, 'gamma_macro': 0.2, 'gamma_spatial': 0.1, 'hidden_dim': 64, 'weight_decay': 0.0}",5,43042.607940936796,4527.952209832186,94682.25499486647,7701.330155099781,13.291997417593354,1.444649893776065,1.7126394828335993,0.22196303590459654
SVR_CompositeKernel,"(1, 12, 24)","{'gamma_lag': 1.0, 'gamma_local': 1.0, 'gamma_macro': 0.1, 'gamma_spatial': 0.1, 'hidden_dim': 64, 'weight_decay': 0.0001}",5,47425.07016546202,4744.210487009669,94701.79122113639,4956.716134958268,15.009990642258055,2.0807212054222846,1.7665242852161107,0.23966238747777074
SVR_CompositeKernel,"(1, 2, 12)","{'gamma_lag': 1.0, 'gamma_local': 0.5, 'gamma_macro': 0.2, 'gamma_spatial': 0.1, 'hidden_dim': 64, 'weight_decay': 0.0}",5,44108.06828408447,2752.2419034202017,94717.960324916,5342.5479103388425,13.787385726659405,0.8831584223422276,1.7532005443781873,0.15308624545914679
SVR_CompositeKernel,"(1, 2, 3, 12)","{'gamma_lag': 1.0, 'gamma_local': 1.0, 'gamma_macro': 0.2, 'gamma_spatial': 1.0, 'hidden_dim': 64, 'weight_decay': 0.0}",5,46766.50609499008,4791.581756485008,94721.95493066368,7758.621846145527,14.897204742611814,1.342615104413465,1.861643027586122,0.24455672818257507
SVR_CompositeKernel,"(1, 2, 12, 24)","{'gamma_lag': 1.0, 'gamma_local': 0.5, 'gamma_macro': 0.2, 'gamma_spatial': 0.1, 'hidden_dim': 64, 'weight_decay': 0.0001}",5,45487.01858347506,3937.830672700835,94765.35442137871,5344.494859487591,14.318070728490685,1.3305706620493907,1.6966634185896514,0.2339741004083177
SVR_CompositeKernel,"(1, 2, 12, 24)","{'gamma_lag': 0.5, 'gamma_local': 1.0, 'gamma_macro': 0.2, 'gamma_spatial': 0.1, 'hidden_dim': 64, 'weight_decay': 0.0}",5,43750.413914576246,3025.161781592281,94776.73829644309,8011.365984365408,13.420319707163472,0.8791214125929938,1.6309638923810241,0.19715259767920784
SVR_CompositeKernel,"(1, 2, 12)","{'gamma_lag': 0.5, 'gamma_local': 1.0, 'gamma_macro': 0.2, 'gamma_spatial': 0.1, 'hidden_dim': 64, 'weight_decay': 0.0}",5,42472.45306653912,3784.920540776214,94786.36727839419,7019.524324205081,13.024439189945898,1.2106641201792117,1.6906476428980972,0.20462461312810626
SVR_CompositeKernel,"(1, 2, 3, 4, 5, 6, 12, 24)","{'gamma_lag': 0.5, 'gamma_local': 1.0, 'gamma_macro': 0.05, 'gamma_spatial': 0.1, 'hidden_dim': 64, 'weight_decay': 0.0001}",5,47809.762424266584,4510.053939005347,94803.4789657379,3499.1445030892182,15.02332319997333,1.3387355049813021,1.786971912472924,0.28450148631954386
SVR_CompositeKernel,"(1, 2, 3, 4, 5, 6, 12)","{'gamma_lag': 0.5, 'gamma_local': 0.5, 'gamma_macro': 0.2, 'gamma_spatial': 0.1, 'hidden_dim': 64, 'weight_decay': 0.0001}",5,44542.80121793509,4046.530016813575,94836.88635618126,5491.8002238735635,13.9433140644615,1.3459751525161598,1.7706613381714753,0.19529271736451786
SVR_CompositeKernel,"(1, 2, 3, 4, 5, 6, 12)","{'gamma_lag': 0.5, 'gamma_local': 0.5, 'gamma_macro': 0.2, 'gamma_spatial': 0.5, 'hidden_dim': 64, 'weight_decay': 0.0001}",5,45341.77500752905,5434.15474143678,94867.79726474511,5758.90067995864,14.106988738901,1.7747822899234669,1.803971075311044,0.25154587289469826
SVR_CompositeKernel,"(1, 2, 3, 12, 24)","{'gamma_lag': 1.0, 'gamma_local': 0.5, 'gamma_macro': 0.2, 'gamma_spatial': 0.1, 'hidden_dim': 64, 'weight_decay': 0.0001}",5,46900.615117453235,5125.488867032372,94934.84742095247,6167.0785482385545,14.991837710926315,1.8133586583623882,1.7534926670990505,0.29613373686642824
SVR_CompositeKernel,"(1, 2, 3, 4, 5, 6, 12)","{'gamma_lag': 0.5, 'gamma_local': 0.5, 'gamma_macro': 0.1, 'gamma_spatial': 0.1, 'hidden_dim': 64, 'weight_decay': 0.0}",5,46119.23423814839,7479.627898778024,95012.97809752772,8286.859319771522,14.428611437855967,2.550560022529925,1.834497671143382,0.32163935623998996
SVR_CompositeKernel,"(1, 2, 3, 4, 5, 6, 12, 24)","{'gamma_lag': 0.5, 'gamma_local': 0.5, 'gamma_macro': 0.1, 'gamma_spatial': 0.1, 'hidden_dim': 64, 'weight_decay': 0.0}",5,47817.28820108772,7339.640905098859,95112.715371048,8563.847586661876,15.20907340059515,2.439375680392003,1.79323955118032,0.3859622699359282
SVR_CompositeKernel,"(1, 2, 12, 24)","{'gamma_lag': 1.0, 'gamma_local': 1.0, 'gamma_macro': 0.05, 'gamma_spatial': 0.1, 'hidden_dim': 64, 'weight_decay': 0.0}",5,46941.325813580646,3981.239998342717,95125.58548213169,7071.828059981663,14.726933184254023,0.8529126159641579,1.7545386743487046,0.27000804915174487
SVR_CompositeKernel,"(1, 2, 3, 12)","{'gamma_lag': 1.0, 'gamma_local': 0.5, 'gamma_macro': 0.1, 'gamma_spatial': 0.1, 'hidden_dim': 64, 'weight_decay': 0.0}",5,45319.20822836947,4794.026259744383,95148.91481887542,8013.530910425976,14.252293225909716,1.3088970802475532,1.8027079391408705,0.22995545470644166
SVR_CompositeKernel,"(1, 2, 3, 4, 5, 6, 12)","{'gamma_lag': 0.5, 'gamma_local': 0.5, 'gamma_macro': 0.2, 'gamma_spatial': 0.1, 'hidden_dim': 64, 'weight_decay': 0.0}",5,45216.13389358348,5976.522729202553,95195.6818724229,6452.208341225549,14.19442431064465,1.8332125162830049,1.8001294451506022,0.27915325582032857
SVR_CompositeKernel,"(1, 12)","{'gamma_lag': 1.0, 'gamma_local': 1.0, 'gamma_macro': 0.1, 'gamma_spatial': 0.1, 'hidden_dim': 64, 'weight_decay': 0.0001}",5,44746.931644610966,5552.040200076864,95229.251369202,8690.88993333922,14.002399876027335,2.159207787059498,1.7787658620859326,0.24150796764359303
SVR_CompositeKernel,"(1, 2, 3, 4, 5, 6, 12)","{'gamma_lag': 1.0, 'gamma_local': 1.0, 'gamma_macro': 0.2, 'gamma_spatial': 0.5, 'hidden_dim': 64, 'weight_decay': 0.0001}",5,48430.499106257084,4149.531796050778,95262.6178386254,5841.8121792147485,15.589249504965688,1.3272943223195315,1.9266432100123012,0.21621920954344068
SVR_CompositeKernel,"(1, 2, 3, 12, 24)","{'gamma_lag': 1.0, 'gamma_local': 1.0, 'gamma_macro': 0.2, 'gamma_spatial': 0.5, 'hidden_dim': 64, 'weight_decay': 0.0001}",5,47196.063095680984,3230.856021806701,95276.106139955,5255.929095797866,15.076159965756688,1.0999203624069682,1.7596701512934232,0.21598362651210262
SVR_CompositeKernel,"(1, 2, 3, 4, 5, 6, 12)","{'gamma_lag': 1.0, 'gamma_local': 1.0, 'gamma_macro': 0.2, 'gamma_spatial': 1.0, 'hidden_dim': 64, 'weight_decay': 0.0}",5,50062.145558744334,5818.01175147825,95285.38223115043,6424.30278361058,16.396682694555455,2.166684770004255,1.9887069224726848,0.24755670932771268
SVR_CompositeKernel,"(1, 2, 12, 24)","{'gamma_lag': 0.5, 'gamma_local': 1.0, 'gamma_macro': 0.2, 'gamma_spatial': 0.1, 'hidden_dim': 64, 'weight_decay': 0.0001}",5,44951.213823784725,2597.534212731991,95387.48127504466,5953.749822068822,13.92324631954997,0.672550716655769,1.675603079427838,0.19507521928909713
SVR_CompositeKernel,"(1, 2, 3, 12, 24)","{'gamma_lag': 1.0, 'gamma_local': 0.5, 'gamma_macro': 0.2, 'gamma_spatial': 0.1, 'hidden_dim': 64, 'weight_decay': 0.0}",5,47357.82019203515,4515.363232219743,95520.63046673547,8291.91858089561,15.038403660137678,1.2738854181597203,1.7701339523990622,0.2807965266160713
SVR_CompositeKernel,"(1, 2, 3, 4, 5, 6, 12, 24)","{'gamma_lag': 0.5, 'gamma_local': 1.0, 'gamma_macro': 0.2, 'gamma_spatial': 1.0, 'hidden_dim': 64, 'weight_decay': 0.0001}",5,46797.85711008361,5812.512938195723,95547.82242611823,6235.373290177014,14.656851586304139,1.970600886222386,1.7535791820577864,0.3322732182983672
SVR_CompositeKernel,"(1, 12, 24)","{'gamma_lag': 1.0, 'gamma_local': 1.0, 'gamma_macro': 0.2, 'gamma_spatial': 0.1, 'hidden_dim': 64, 'weight_decay': 0.0}",5,46035.73070613662,3845.2340042271935,95583.76948373331,5660.779195488429,14.303236278055556,1.1310264617530346,1.7195895511326864,0.25081319549407527
SVR_CompositeKernel,"(1, 2, 12, 24)","{'gamma_lag': 1.0, 'gamma_local': 1.0, 'gamma_macro': 0.1, 'gamma_spatial': 0.1, 'hidden_dim': 64, 'weight_decay': 0.0}",5,46764.698924231154,3945.403248535805,95625.88172576317,6713.766592783257,14.58146334677031,1.165907124260365,1.7478207890234607,0.26391462914043756
SVR_CompositeKernel,"(1, 2, 3, 12)","{'gamma_lag': 1.0, 'gamma_local': 0.5, 'gamma_macro': 0.1, 'gamma_spatial': 0.1, 'hidden_dim': 64, 'weight_decay': 0.0001}",5,46383.58240593112,5733.035465157326,95646.10126024295,8562.365974917786,14.743707025990407,2.0409341873884306,1.8445789173945872,0.2576362649866362
SVR_CompositeKernel,"(1, 2, 3, 4, 5, 6, 12, 24)","{'gamma_lag': 0.5, 'gamma_local': 1.0, 'gamma_macro': 0.2, 'gamma_spatial': 0.5, 'hidden_dim': 64, 'weight_decay': 0.0001}",5,47129.50392485119,4059.4052015868365,95650.81328762458,7238.278231942745,14.82649327266476,1.2074952083707646,1.7617564036934183,0.26909935071972707
SVR_CompositeKernel,"(1, 12)","{'gamma_lag': 1.0, 'gamma_local': 1.0, 'gamma_macro': 0.2, 'gamma_spatial': 0.1, 'hidden_dim': 64, 'weight_decay': 0.0}",5,43015.51334679705,1384.5708026462523,95653.86274553747,7106.952744119992,13.305721231652734,0.4247106788748005,1.708851621075479,0.10616646412857716
SVR_CompositeKernel,"(1, 2, 3, 4, 5, 6, 12, 24)","{'gamma_lag': 1.0, 'gamma_local': 0.5, 'gamma_macro': 0.2, 'gamma_spatial': 0.5, 'hidden_dim': 64, 'weight_decay': 0.0}",5,49119.38328151573,8000.722036269352,95662.32439107167,7318.521834009254,16.133276252705777,2.8676813795930016,1.8407848362236479,0.3999561869542634
SVR_CompositeKernel,"(1, 2, 12)","{'gamma_lag': 1.0, 'gamma_local': 0.5, 'gamma_macro': 0.2, 'gamma_spatial': 1.0, 'hidden_dim': 64, 'weight_decay': 0.0001}",5,45090.85457544997,5162.596897574353,95720.73669190893,6402.360868805141,13.771498492630645,1.8676412830477824,1.7917473334795464,0.2255192687606078
SVR_CompositeKernel,"(1, 12)","{'gamma_lag': 1.0, 'gamma_local': 1.0, 'gamma_macro': 0.2, 'gamma_spatial': 0.1, 'hidden_dim': 64, 'weight_decay': 0.0001}",5,42441.80929129464,4323.79045892089,95736.01903205617,7402.58285317799,12.691106427043758,1.3510446583083844,1.6901488610157678,0.22639409064242988
SVR_CompositeKernel,"(1, 2, 3, 4, 5, 6, 12)","{'gamma_lag': 1.0, 'gamma_local': 1.0, 'gamma_macro': 0.1, 'gamma_spatial': 1.0, 'hidden_dim': 64, 'weight_decay': 0.0001}",5,48924.55056556476,6500.064075054433,95750.99003259635,6683.467816989456,15.811421592068182,2.0559371154043995,1.9457529174656831,0.289297113068907
SVR_CompositeKernel,"(1, 12, 24)","{'gamma_lag': 1.0, 'gamma_local': 1.0, 'gamma_macro': 0.2, 'gamma_spatial': 0.1, 'hidden_dim': 64, 'weight_decay': 0.0001}",5,46863.23470804989,4121.16986794123,95833.05017758484,4853.769541566522,14.644875194406463,0.9701369381045871,1.7505098381989312,0.2680630135618906
SVR_CompositeKernel,"(1, 2, 3, 12)","{'gamma_lag': 0.5, 'gamma_local': 1.0, 'gamma_macro': 0.2, 'gamma_spatial': 0.1, 'hidden_dim': 64, 'weight_decay': 0.0001}",5,43790.21052163052,4388.553795670903,95858.11226209316,6495.779144272374,13.189383049130218,1.2357330344880253,1.7426970878526398,0.2254145078643196
SVR_CompositeKernel,"(1, 2, 3, 4, 5, 6, 12)","{'gamma_lag': 1.0, 'gamma_local': 0.5, 'gamma_macro': 0.2, 'gamma_spatial': 0.5, 'hidden_dim': 64, 'weight_decay': 0.0001}",5,48406.96020762472,5149.517327309591,95947.34812083216,7653.377629273358,15.722910968843404,1.6838084879223467,1.9243908615152094,0.23630091180405483
SVR_CompositeKernel,"(1, 2, 3, 4, 5, 6, 12)","{'gamma_lag': 1.0, 'gamma_local': 1.0, 'gamma_macro': 0.2, 'gamma_spatial': 1.0, 'hidden_dim': 64, 'weight_decay': 0.0001}",5,49117.183548132794,6218.6115396526975,96036.79354481111,6895.200126929899,15.876999235289963,2.033355824810706,1.951582972202851,0.2694503936234063
SVR_CompositeKernel,"(1, 2, 3, 4, 5, 6, 12, 24)","{'gamma_lag': 1.0, 'gamma_local': 0.5, 'gamma_macro': 0.1, 'gamma_spatial': 0.1, 'hidden_dim': 64, 'weight_decay': 0.0}",5,50643.57563288337,6909.687314295405,96047.19832531847,6831.706459902171,16.550077571493055,1.9912222109692408,1.8968692344356246,0.3754178231109725
SVR_CompositeKernel,"(1, 2, 3, 4, 5, 6, 12)","{'gamma_lag': 0.5, 'gamma_local': 1.0, 'gamma_macro': 0.1, 'gamma_spatial': 0.1, 'hidden_dim': 64, 'weight_decay': 0.0}",5,48435.71840454932,4860.956345491881,96064.5221123551,6772.908160504206,15.305540961472124,1.4242542238277656,1.92663449926737,0.24249398034458525
SVR_CompositeKernel,"(1, 2, 3, 4, 5, 6, 12)","{'gamma_lag': 0.5, 'gamma_local': 1.0, 'gamma_macro': 0.2, 'gamma_spatial': 1.0, 'hidden_dim': 64, 'weight_decay': 0.0}",5,47535.69670891793,4647.816777203588,96130.63639003187,7046.574302782656,15.051673840925227,1.430210938022755,1.8912907529329626,0.23120049209471125
SVR_CompositeKernel,"(1, 2, 3, 12, 24)","{'gamma_lag': 1.0, 'gamma_local': 1.0, 'gamma_macro': 0.1, 'gamma_spatial': 0.1, 'hidden_dim': 64, 'weight_decay': 0.0001}",5,49604.814640022676,3111.8424477729636,96136.82906949366,5254.760050249296,15.91768470980494,0.7555991598104809,1.8505873430102973,0.2349438553956546
SVR_CompositeKernel,"(1, 2, 3, 4, 5, 6, 12)","{'gamma_lag': 1.0, 'gamma_local': 1.0, 'gamma_macro': 0.1, 'gamma_spatial': 1.0, 'hidden_dim': 64, 'weight_decay': 0.0}",5,48665.427457571575,6706.4343346635815,96239.97979180158,7212.146364268882,15.470828451076997,2.300650545974594,1.934249884042691,0.28598884571924604
SVR_CompositeKernel,"(1, 2, 3, 4, 5, 6, 12, 24)","{'gamma_lag': 1.0, 'gamma_local': 0.5, 'gamma_macro': 0.1, 'gamma_spatial': 0.1, 'hidden_dim': 64, 'weight_decay': 0.0001}",5,50453.20937411423,7046.497380350837,96274.65394548992,8290.06267699104,16.753290763926593,2.2636126602681386,1.8885673884291296,0.3683362290822742
SVR_CompositeKernel,"(1, 2, 3, 4, 5, 6, 12, 24)","{'gamma_lag': 1.0, 'gamma_local': 1.0, 'gamma_macro': 0.05, 'gamma_spatial': 0.1, 'hidden_dim': 64, 'weight_decay': 0.0001}",5,51752.45095176091,6083.092464738392,96274.7354977413,6568.916791996583,16.78205300905546,1.7120537211522888,1.9385852762090472,0.3614365598900385
SVR_CompositeKernel,"(1, 2, 3, 12, 24)","{'gamma_lag': 0.5, 'gamma_local': 1.0, 'gamma_macro': 0.2, 'gamma_spatial': 0.1, 'hidden_dim': 64, 'weight_decay': 0.0001}",5,46265.31816494827,4162.40739684678,96281.4113629217,6085.13222659485,14.421512526028124,1.4678393588888357,1.7271607854298388,0.25274809243032903
SVR_CompositeKernel,"(1, 2, 3, 4, 5, 6, 12, 24)","{'gamma_lag': 1.0, 'gamma_local': 1.0, 'gamma_macro': 0.2, 'gamma_spatial': 0.1, 'hidden_dim': 128, 'weight_decay': 0.0001}",5,52309.560066344246,4101.542510199157,96284.92113846882,6317.522467270009,16.747126586168747,1.452001343890481,1.9505776508813262,0.25487602908306234
SVR_CompositeKernel,"(1, 2, 3, 4, 5, 6, 12, 24)","{'gamma_lag': 0.5, 'gamma_local': 1.0, 'gamma_macro': 0.1, 'gamma_spatial': 0.1, 'hidden_dim': 64, 'weight_decay': 0.0001}",5,49271.8487794076,5566.531138859112,96382.20483554581,6905.897548586185,15.559546791967609,1.8089232369117512,1.845059570551135,0.3345596515740559
SVR_CompositeKernel,"(1, 2, 3, 4, 5, 6, 12)","{'gamma_lag': 1.0, 'gamma_local': 1.0, 'gamma_macro': 0.1, 'gamma_spatial': 0.5, 'hidden_dim': 64, 'weight_decay': 0.0}",5,49182.97893193735,5202.620096728489,96404.60092737895,5853.229732110122,15.901563394269264,1.795628044664236,1.9559769699554406,0.24325425399584852
SVR_CompositeKernel,"(1, 2, 3, 4, 5, 6, 12, 24)","{'gamma_lag': 1.0, 'gamma_local': 1.0, 'gamma_macro': 0.05, 'gamma_spatial': 0.1, 'hidden_dim': 64, 'weight_decay': 0.0}",5,52197.665229060374,6285.801318600979,96524.63269300236,6090.646767258509,17.081214249819958,1.9828162506234803,1.9547635035111433,0.36182922357462693
SVR_CompositeKernel,"(1, 2, 3, 4, 5, 6, 12)","{'gamma_lag': 1.0, 'gamma_local': 0.5, 'gamma_macro': 0.1, 'gamma_spatial': 0.1, 'hidden_dim': 64, 'weight_decay': 0.0}",5,48943.04871031745,5519.012767786687,96557.26383242127,6085.97022919186,15.994261043670292,1.6228928869218462,1.947456082473914,0.2629892935268151
SVR_CompositeKernel,"(1, 2, 12, 24)","{'gamma_lag': 1.0, 'gamma_local': 0.5, 'gamma_macro': 0.2, 'gamma_spatial': 0.1, 'hidden_dim': 64, 'weight_decay': 0.0}",5,47240.93665586026,5982.833914424058,96656.90213018934,7089.504677287281,14.853821848802536,2.209425033479517,1.7689582226586011,0.3327763140371199
SVR_CompositeKernel,"(1, 12, 24)","{'gamma_lag': 1.0, 'gamma_local': 0.5, 'gamma_macro': 0.2, 'gamma_spatial': 0.1, 'hidden_dim': 64, 'weight_decay': 0.0001}",5,44890.5709382972,3197.2877311243096,96734.15671154986,5608.974998161392,13.914636464932244,1.1287762549510545,1.6746828818647903,0.2174553600162538
SVR_CompositeKernel,"(1, 2, 3, 4, 5, 6, 12)","{'gamma_lag': 1.0, 'gamma_local': 1.0, 'gamma_macro': 0.2, 'gamma_spatial': 0.1, 'hidden_dim': 128, 'weight_decay': 0.0}",5,50889.02127267573,5586.672247709133,97114.38152412939,9339.167221856613,16.127759695601224,1.8955513093157157,2.021361873722479,0.23942098015594526
SVR_CompositeKernel,"(1, 2, 3, 4, 5, 6, 12)","{'gamma_lag': 1.0, 'gamma_local': 0.5, 'gamma_macro': 0.1, 'gamma_spatial': 0.1, 'hidden_dim': 64, 'weight_decay': 0.0001}",5,49664.10008104805,8212.85088633431,97120.90696905946,7427.7744555398,16.197450537606763,2.7850515950916996,1.9743504478170386,0.34612898796211855
SVR_CompositeKernel,"(1, 2, 3, 12)","{'gamma_lag': 1.0, 'gamma_local': 0.5, 'gamma_macro': 0.2, 'gamma_spatial': 0.1, 'hidden_dim': 64, 'weight_decay': 0.0}",5,45718.69703753897,5568.695532950416,97125.45875351493,6436.917858740964,14.355948093219217,1.7345456779771709,1.8172003117558013,0.24668939904356663
SVR_CompositeKernel,"(1, 2, 12, 24)","{'gamma_lag': 1.0, 'gamma_local': 1.0, 'gamma_macro': 0.1, 'gamma_spatial': 0.1, 'hidden_dim': 64, 'weight_decay': 0.0001}",5,48589.16204072775,6042.6429588621395,97151.72848920377,8926.62092063656,15.307280580518972,1.752286729908315,1.8212007956713616,0.34876446847984843
SVR_CompositeKernel,"(1, 2, 12)","{'gamma_lag': 1.0, 'gamma_local': 1.0, 'gamma_macro': 0.1, 'gamma_spatial': 0.1, 'hidden_dim': 64, 'weight_decay': 0.0}",5,46894.68000593466,3322.9005812846335,97238.52083319974,6700.105802720327,14.658852404021957,0.9483237208034323,1.8646173665992798,0.18123171500501783
SVR_CompositeKernel,"(1, 2, 3, 4, 5, 6, 12)","{'gamma_lag': 1.0, 'gamma_local': 1.0, 'gamma_macro': 0.2, 'gamma_spatial': 0.5, 'hidden_dim': 64, 'weight_decay': 0.0}",5,49020.73027166596,5245.199292933371,97365.88769164954,5879.591622365461,15.71856438339658,1.8435590913815663,1.947689788591796,0.23298651447835542
SVR_CompositeKernel,"(1, 2, 3, 4, 5, 6, 12)","{'gamma_lag': 0.5, 'gamma_local': 1.0, 'gamma_macro': 0.2, 'gamma_spatial': 0.1, 'hidden_dim': 64, 'weight_decay': 0.0}",5,48410.225877799036,5107.247306885615,97427.02609907466,6231.192064147872,15.37494276012806,1.321758184778808,1.925201798376099,0.24769482861761719
SVR_CompositeKernel,"(1, 2, 3, 4, 5, 6, 12, 24)","{'gamma_lag': 1.0, 'gamma_local': 0.5, 'gamma_macro': 0.2, 'gamma_spatial': 0.1, 'hidden_dim': 64, 'weight_decay': 0.0001}",5,49822.914315387614,6311.159542624208,97428.8816836083,7873.222921633595,16.15088041790394,1.8331756351915527,1.8645800647125121,0.34249450090757017
SVR_CompositeKernel,"(1, 2, 3, 12)","{'gamma_lag': 0.5, 'gamma_local': 1.0, 'gamma_macro': 0.2, 'gamma_spatial': 0.1, 'hidden_dim': 64, 'weight_decay': 0.0}",5,44683.32982523738,4113.660435516655,97429.00776660116,7230.729643780808,13.630641983831174,1.1622854443312398,1.7791656498005959,0.22448741605338243
SVR_CompositeKernel,"(1, 2, 12)","{'gamma_lag': 1.0, 'gamma_local': 1.0, 'gamma_macro': 0.2, 'gamma_spatial': 0.1, 'hidden_dim': 64, 'weight_decay': 0.0}",5,45861.75486952594,3903.3605280658226,97702.00344819496,7365.284598406627,14.177454227954968,0.9270517257953595,1.824313923690827,0.20476422578853526
SVR_CompositeKernel,"(1, 2, 3, 12)","{'gamma_lag': 1.0, 'gamma_local': 1.0, 'gamma_macro': 0.1, 'gamma_spatial': 0.1, 'hidden_dim': 64, 'weight_decay': 0.0}",5,48858.9413207731,3793.060213915422,97811.40010716204,7862.365416960842,15.400788971016402,0.9656295626416374,1.9433089152036644,0.20439651490405117
SVR_CompositeKernel,"(1, 2, 3, 4, 5, 6, 12, 24)","{'gamma_lag': 0.5, 'gamma_local': 0.5, 'gamma_macro': 0.2, 'gamma_spatial': 0.1, 'hidden_dim': 64, 'weight_decay': 0.0001}",5,48667.77027972648,3930.020530253305,97894.91483860805,6148.31698437342,15.341868640484005,1.1524008188768182,1.8175959431403341,0.26344715988627376
SVR_CompositeKernel,"(1, 2, 3, 12)","{'gamma_lag': 1.0, 'gamma_local': 1.0, 'gamma_macro': 0.2, 'gamma_spatial': 0.1, 'hidden_dim': 64, 'weight_decay': 0.0001}",5,48552.14502595309,3667.970753441561,97900.31918413556,6146.826907844965,15.213448462422736,1.248015975994977,1.9303182634031792,0.19424511101781558
SVR_CompositeKernel,"(1, 2, 3, 4, 5, 6, 12, 24)","{'gamma_lag': 1.0, 'gamma_local': 1.0, 'gamma_macro': 0.2, 'gamma_spatial': 0.1, 'hidden_dim': 128, 'weight_decay': 0.0}",5,53666.81486102254,5086.643244776112,97964.14902263702,6106.323951240288,17.52823613665756,1.4628317865746385,2.007030742005866,0.3222488074049389
SVR_CompositeKernel,"(1, 2, 12)","{'gamma_lag': 1.0, 'gamma_local': 1.0, 'gamma_macro': 0.2, 'gamma_spatial': 0.1, 'hidden_dim': 64, 'weight_decay': 0.0001}",5,46813.697190777355,3605.2577373913687,98075.30643618946,6709.022615073506,14.63134374059949,0.9474930904714628,1.8618805431685082,0.1942191103619678
SVR_CompositeKernel,"(1, 2, 3, 12, 24)","{'gamma_lag': 1.0, 'gamma_local': 1.0, 'gamma_macro': 0.2, 'gamma_spatial': 0.1, 'hidden_dim': 64, 'weight_decay': 0.0001}",5,50105.365680803574,2669.3369870867296,98083.74673979069,4991.5679076237875,15.919927797873587,0.7304593567206845,1.8690381164896361,0.22498951956595492
SVR_CompositeKernel,"(1, 2, 3, 12)","{'gamma_lag': 1.0, 'gamma_local': 1.0, 'gamma_macro': 0.1, 'gamma_spatial': 0.1, 'hidden_dim': 64, 'weight_decay': 0.0001}",5,48443.40940290179,3767.3322320961297,98112.87588442535,7731.780606307513,15.180776362421636,1.0847099195586993,1.9261898523152858,0.19858855746814164
SVR_CompositeKernel,"(1, 2, 12, 24)","{'gamma_lag': 1.0, 'gamma_local': 1.0, 'gamma_macro': 0.2, 'gamma_spatial': 0.1, 'hidden_dim': 64, 'weight_decay': 0.0001}",5,49059.95568044926,3553.0521820088493,98222.04705735456,6646.069211000257,15.383306042891723,0.7884930226081934,1.8318522315119563,0.25287747673492117
SVR_CompositeKernel,"(1, 2, 3, 4, 5, 6, 12, 24)","{'gamma_lag': 0.5, 'gamma_local': 1.0, 'gamma_macro': 0.1, 'gamma_spatial': 0.1, 'hidden_dim': 64, 'weight_decay': 0.0}",5,50374.719914345944,5751.705786059687,98293.71335867312,7060.552545591783,15.960887937956304,1.7086357056991508,1.8856834686464463,0.3345109108924384
SVR_CompositeKernel,"(1, 2, 3, 12, 24)","{'gamma_lag': 1.0, 'gamma_local': 1.0, 'gamma_macro': 0.1, 'gamma_spatial': 0.1, 'hidden_dim': 64, 'weight_decay': 0.0}",5,50134.7843386834,4085.3496303627817,98374.70890680433,5667.085055636367,16.080291404171213,1.3472366149709651,1.8720568179507109,0.2679583969562946
SVR_CompositeKernel,"(1, 2, 3, 4, 5, 6, 12)","{'gamma_lag': 1.0, 'gamma_local': 1.0, 'gamma_macro': 0.05, 'gamma_spatial': 0.1, 'hidden_dim': 64, 'weight_decay': 0.0001}",5,50296.584611500846,5729.583257915445,98431.02184442432,7223.432989433082,16.003979792417418,1.6293393752178966,1.9995995550491947,0.26216902758411215
SVR_CompositeKernel,"(1, 2, 3, 4, 5, 6, 12, 24)","{'gamma_lag': 1.0, 'gamma_local': 1.0, 'gamma_macro': 0.1, 'gamma_spatial': 0.1, 'hidden_dim': 64, 'weight_decay': 0.0001}",5,52166.01424142574,5592.028854789287,98500.10052091662,6740.7179454724255,16.941963708559648,1.534972472768371,1.9520675706863604,0.33703531904663764
SVR_CompositeKernel,"(1, 2, 3, 4, 5, 6, 12, 24)","{'gamma_lag': 0.5, 'gamma_local': 1.0, 'gamma_macro': 0.2, 'gamma_spatial': 0.1, 'hidden_dim': 64, 'weight_decay': 0.0001}",5,48979.363062021686,2989.3632583056456,98547.66600002417,4149.216816142784,15.494161216174813,0.6172211252602244,1.8277613612077375,0.23468299418878003
SVR_CompositeKernel,"(1, 2, 3, 12)","{'gamma_lag': 1.0, 'gamma_local': 0.5, 'gamma_macro': 0.2, 'gamma_spatial': 0.1, 'hidden_dim': 64, 'weight_decay': 0.0001}",5,47817.66233170351,4651.744804195735,98618.21226396857,5839.135652988555,15.031485892010371,1.5258832620798257,1.898794090097131,0.2005748551045799
SVR_CompositeKernel,"(1, 2, 3, 4, 5, 6, 12, 24)","{'gamma_lag': 0.5, 'gamma_local': 0.5, 'gamma_macro': 0.2, 'gamma_spatial': 0.1, 'hidden_dim': 64, 'weight_decay': 0.0}",5,48919.616521400225,7643.629761810411,98726.26873524746,7244.6730660009,15.604345920615561,2.4767086925634034,1.8365311972554152,0.4100807408488934
SVR_CompositeKernel,"(1, 2, 3, 4, 5, 6, 12)","{'gamma_lag': 1.0, 'gamma_local': 1.0, 'gamma_macro': 0.1, 'gamma_spatial': 0.1, 'hidden_dim': 64, 'weight_decay': 0.0}",5,51591.95698474702,5308.735419796411,98827.81279708735,6174.029439505902,16.554986438371092,1.38494990865862,2.0527397835613956,0.2639287148055417
SVR_CompositeKernel,"(1, 2, 3, 12, 24)","{'gamma_lag': 1.0, 'gamma_local': 1.0, 'gamma_macro': 0.2, 'gamma_spatial': 0.1, 'hidden_dim': 64, 'weight_decay': 0.0}",5,48821.56103936366,3769.3095921173776,98845.43430393406,5613.593900489288,15.327055985343879,1.160580345302545,1.8228203908709535,0.25724010109561496
SVR_CompositeKernel,"(1, 2, 3, 4, 5, 6, 12)","{'gamma_lag': 1.0, 'gamma_local': 0.5, 'gamma_macro': 0.2, 'gamma_spatial': 0.1, 'hidden_dim': 64, 'weight_decay': 0.0}",5,50317.96355982497,5641.6813431849205,98902.63287418682,5837.548048239686,16.304695532131735,1.7343134303179086,2.0018650124814954,0.2685964557966414
SVR_CompositeKernel,"(1, 2, 3, 4, 5, 6, 12, 24)","{'gamma_lag': 0.5, 'gamma_local': 1.0, 'gamma_macro': 0.2, 'gamma_spatial': 0.1, 'hidden_dim': 64, 'weight_decay': 0.0}",5,49969.92261461877,5244.418218482321,98966.87845677182,7687.96523747603,15.829431619839117,1.427516952346169,1.8698283271796434,0.3218919928082751
SVR_CompositeKernel,"(1, 2, 3, 4, 5, 6, 12)","{'gamma_lag': 1.0, 'gamma_local': 1.0, 'gamma_macro': 0.1, 'gamma_spatial': 0.1, 'hidden_dim': 64, 'weight_decay': 0.0001}",5,50272.79580941751,4860.348760365758,99006.75169197652,6398.408284173982,15.938214770527315,1.5318551737206487,1.9986285650967819,0.23154109218975802
SVR_CompositeKernel,"(1, 2, 3, 4, 5, 6, 12)","{'gamma_lag': 1.0, 'gamma_local': 0.5, 'gamma_macro': 0.2, 'gamma_spatial': 0.1, 'hidden_dim': 64, 'weight_decay': 0.0001}",5,51763.6729582979,8998.334562960204,99155.58308504599,7880.038971285898,16.695342712319444,2.9860694988508016,2.060003887800357,0.39336028803744433
SVR_CompositeKernel,"(1, 2, 3, 4, 5, 6, 12)","{'gamma_lag': 0.5, 'gamma_local': 1.0, 'gamma_macro': 0.1, 'gamma_spatial': 0.1, 'hidden_dim': 64, 'weight_decay': 0.0001}",5,48866.539979715846,4024.789732397404,99209.042777167,7016.94333281507,15.348990066508748,1.0406896700531634,1.9438517090468985,0.21604984829441193
SVR_CompositeKernel,"(1, 2, 12, 24)","{'gamma_lag': 1.0, 'gamma_local': 1.0, 'gamma_macro': 0.2, 'gamma_spatial': 0.1, 'hidden_dim': 64, 'weight_decay': 0.0}",5,50044.91724374646,3687.591630783183,99326.9833591063,4496.183028254578,15.97793767669429,1.8357755420013941,1.8615800660711437,0.19385390235996877
SVR_CompositeKernel,"(1, 2, 3, 4, 5, 6, 12, 24)","{'gamma_lag': 1.0, 'gamma_local': 0.5, 'gamma_macro': 0.2, 'gamma_spatial': 0.1, 'hidden_dim': 64, 'weight_decay': 0.0}",5,53860.97079391653,10226.62627233544,99529.87669840099,7924.913560454092,17.56294531385971,3.639560350663183,2.0164615457702877,0.47315881426891454
SVR_CompositeKernel,"(1, 2, 3, 4, 5, 6, 12, 24)","{'gamma_lag': 1.0, 'gamma_local': 1.0, 'gamma_macro': 0.1, 'gamma_spatial': 0.1, 'hidden_dim': 64, 'weight_decay': 0.0}",5,54247.013353883216,7571.256278219101,99542.17780690896,7584.350019635407,17.686771439644406,2.1367024287798726,2.035425223582206,0.4225017117372337
SVR_CompositeKernel,"(1, 2, 3, 4, 5, 6, 12, 24)","{'gamma_lag': 1.0, 'gamma_local': 1.0, 'gamma_macro': 0.2, 'gamma_spatial': 0.1, 'hidden_dim': 64, 'weight_decay': 0.0}",5,52614.84285980017,5010.713389734427,99572.53478250283,7043.039468867749,16.814947957671848,1.3974534421385365,1.9679561620265615,0.3190893992223433
SVR_CompositeKernel,"(1, 2, 3, 4, 5, 6, 12)","{'gamma_lag': 0.5, 'gamma_local': 1.0, 'gamma_macro': 0.2, 'gamma_spatial': 0.1, 'hidden_dim': 64, 'weight_decay': 0.0001}",5,48438.16866983773,6634.930525441957,100401.04159700614,8928.495135870522,14.970352488581273,2.0353992863711925,1.9309118828247556,0.32469767823490653
SVR_CompositeKernel,"(1, 2, 3, 4, 5, 6, 12)","{'gamma_lag': 1.0, 'gamma_local': 1.0, 'gamma_macro': 0.2, 'gamma_spatial': 0.1, 'hidden_dim': 64, 'weight_decay': 0.0001}",5,51864.76441902282,4770.483372308649,100683.83869448179,5234.789672499093,16.47862955137437,1.4078336361885775,2.059906090629002,0.2126039020614126
SVR_CompositeKernel,"(1, 2, 3, 12)","{'gamma_lag': 1.0, 'gamma_local': 1.0, 'gamma_macro': 0.2, 'gamma_spatial': 0.1, 'hidden_dim': 64, 'weight_decay': 0.0}",5,50258.76974560657,4939.26712365648,101415.81381274454,6966.646102762261,15.857937198754144,1.5358589711504318,1.9986143173589717,0.23810355609658856
SVR_CompositeKernel,"(1, 2, 3, 4, 5, 6, 12, 24)","{'gamma_lag': 1.0, 'gamma_local': 1.0, 'gamma_macro': 0.2, 'gamma_spatial': 0.1, 'hidden_dim': 64, 'weight_decay': 0.0001}",5,56455.48936321924,3224.0340963957756,103309.64539226447,4265.7660097054395,18.64403538029685,0.9870456514208941,2.1047090707095464,0.24602880763131846
SVR_CompositeKernel,"(1, 2, 3, 4, 5, 6, 12)","{'gamma_lag': 1.0, 'gamma_local': 1.0, 'gamma_macro': 0.2, 'gamma_spatial': 0.1, 'hidden_dim': 64, 'weight_decay': 0.0}",5,55997.26633184523,6114.449876637869,104884.1314696034,6364.576848092886,18.08837373928862,1.8568773192754593,2.2284301880951523,0.29719377760275173
